{
  "type": "FeatureCollection",
  "features": [
    {
      "type": "Feature",
      "properties": {
        "placeFips": "5553000",
        "city": "Milwaukee",
        "state": "WI",
        "boundaryType": "aldermanic-district",
        "district": "1",
        "name": "1"
      },
      "geometry": {
        "type": "Polygon",
        "coordinates": [
          [
            [
              -87.92276481822307,
              43.089348999549664
            ],
            [
              -87.92273689693204,
              43.08934878602157
            ],
            [
              -87.92193801719965,
              43.08934265900816
            ],
            [
              -87.92173465659462,
              43.08933872480355
            ],
            [
              -87.92169736572554,
              43.089338483041104
            ],
            [
              -87.92166912766473,
              43.089338299482165
            ],
            [
              -87.92166776421371,
              43.08933829078387
            ],
            [
              -87.92166250572751,
              43.08933825685727
            ],
            [
              -87.92083553039696,
              43.08933288659795
            ],
            [
              -87.91959798899062,
              43.08932468426321
            ],
            [
              -87.91840504584607,
              43.08931550335268
            ],
            [
              -87.91719178812147,
              43.089306923127836
            ],
            [
              -87.91718500470026,
              43.089629374766666
            ],
            [
              -87.91717626691158,
              43.090044944209296
            ],
            [
              -87.91715392306139,
              43.09110737640113
            ],
            [
              -87.91714477406319,
              43.09154231941548
            ],
            [
              -87.91712152145755,
              43.092678761203935
            ],
            [
              -87.91711443621253,
              43.093005793194315
            ],
            [
              -87.91750494217803,
              43.093417548088716
            ],
            [
              -87.91757989855981,
              43.093496581373465
            ],
            [
              -87.91791421860663,
              43.09384908467501
            ],
            [
              -87.91814025205593,
              43.094079057980096
            ],
            [
              -87.91837502615228,
              43.09429913365982
            ],
            [
              -87.91860697598197,
              43.09450030098389
            ],
            [
              -87.91881637498197,
              43.09466969651966
            ],
            [
              -87.91898097435853,
              43.09479552019381
            ],
            [
              -87.91707870307842,
              43.09478051070703
            ],
            [
              -87.91706916803778,
              43.09525396929527
            ],
            [
              -87.91950689385814,
              43.09527319568724
            ],
            [
              -87.91969027181418,
              43.09527463953321
            ],
            [
              -87.91951322463603,
              43.09516377800735
            ],
            [
              -87.91935211194952,
              43.095058081663474
            ],
            [
              -87.91919068422659,
              43.094947290917794
            ],
            [
              -87.91901835230661,
              43.09482325489434
            ],
            [
              -87.91928778811409,
              43.09482537822747
            ],
            [
              -87.91937320987434,
              43.09482612174361
            ],
            [
              -87.91898926668131,
              43.09452119799802
            ],
            [
              -87.92195408256798,
              43.09454452573888
            ],
            [
              -87.9250617746045,
              43.09456889418785
            ],
            [
              -87.9250353109332,
              43.09516789466598
            ],
            [
              -87.92554339030335,
              43.09517187041715
            ],
            [
              -87.9266571300332,
              43.097116381547494
            ],
            [
              -87.92541457246996,
              43.09711691525837
            ],
            [
              -87.9269461952471,
              43.09760579697859
            ],
            [
              -87.92702167114564,
              43.097734283546465
            ],
            [
              -87.92859917248714,
              43.10041961604328
            ],
            [
              -87.92505419083587,
              43.10031102051155
            ],
            [
              -87.92500635635608,
              43.10214315812639
            ],
            [
              -87.9253608337593,
              43.10228638355686
            ],
            [
              -87.9255541362397,
              43.102408003787076
            ],
            [
              -87.92576930147087,
              43.10257041141835
            ],
            [
              -87.92585995499141,
              43.1026859757224
            ],
            [
              -87.92590162863954,
              43.102778365867046
            ],
            [
              -87.92597181843907,
              43.10296619741429
            ],
            [
              -87.92603390012088,
              43.10312746402698
            ],
            [
              -87.92606302894409,
              43.103397092326006
            ],
            [
              -87.92607269683367,
              43.10357610403177
            ],
            [
              -87.92606197789948,
              43.1037591599619
            ],
            [
              -87.92606921103022,
              43.103944193555215
            ],
            [
              -87.92606159581956,
              43.10416857591369
            ],
            [
              -87.92606355564578,
              43.10429643900494
            ],
            [
              -87.92604789658473,
              43.10444613993904
            ],
            [
              -87.92603653096239,
              43.10457875852757
            ],
            [
              -87.92603639756086,
              43.10469877485221
            ],
            [
              -87.92604620068919,
              43.104785745120154
            ],
            [
              -87.92604513786156,
              43.10485272659475
            ],
            [
              -87.92605112227581,
              43.104937105136045
            ],
            [
              -87.92606548796827,
              43.10500105955857
            ],
            [
              -87.9261027369628,
              43.10509935146648
            ],
            [
              -87.92612794870612,
              43.10517099609017
            ],
            [
              -87.92616559500006,
              43.105243863185486
            ],
            [
              -87.92619810417929,
              43.10531717421839
            ],
            [
              -87.92625929982486,
              43.105412041341154
            ],
            [
              -87.9263066440478,
              43.10548798091118
            ],
            [
              -87.92637246943677,
              43.10556698463466
            ],
            [
              -87.9264492615881,
              43.10564592610461
            ],
            [
              -87.9265240494953,
              43.105711722399136
            ],
            [
              -87.92660213750459,
              43.10576932533352
            ],
            [
              -87.92669088136195,
              43.10581875275153
            ],
            [
              -87.92677601375016,
              43.10587407791935
            ],
            [
              -87.92692258233559,
              43.10596496036835
            ],
            [
              -87.92701952427639,
              43.10602766616513
            ],
            [
              -87.92713898333865,
              43.106102714628925
            ],
            [
              -87.92726180225345,
              43.10616694054029
            ],
            [
              -87.92742342766151,
              43.10626326686565
            ],
            [
              -87.927549387962,
              43.10632304746564
            ],
            [
              -87.92767675227753,
              43.106387094557235
            ],
            [
              -87.92781611787231,
              43.10644152632014
            ],
            [
              -87.92794336713911,
              43.10648027766545
            ],
            [
              -87.9280480854752,
              43.10652724578374
            ],
            [
              -87.9282705133165,
              43.106589515646675
            ],
            [
              -87.92843080659695,
              43.10661900004379
            ],
            [
              -87.9286134399876,
              43.10665130670045
            ],
            [
              -87.92875118144777,
              43.106670015221965
            ],
            [
              -87.92891890570561,
              43.106696081030854
            ],
            [
              -87.9290424780907,
              43.10670589073187
            ],
            [
              -87.92921955772701,
              43.10673042090131
            ],
            [
              -87.92940767511213,
              43.10673810990308
            ],
            [
              -87.92958940076933,
              43.106741700572684
            ],
            [
              -87.92977444242938,
              43.10676262168976
            ],
            [
              -87.92999557270136,
              43.10679996379363
            ],
            [
              -87.93021635838848,
              43.10682898274348
            ],
            [
              -87.93041390250256,
              43.106907418801164
            ],
            [
              -87.9306907647267,
              43.10713051239297
            ],
            [
              -87.93087048005957,
              43.10740092291584
            ],
            [
              -87.93094262360198,
              43.10767001412488
            ],
            [
              -87.93091624584407,
              43.10794386757163
            ],
            [
              -87.93075587296293,
              43.10819241372052
            ],
            [
              -87.93058851527783,
              43.10837304044084
            ],
            [
              -87.93045915424103,
              43.108472787137025
            ],
            [
              -87.93032952870963,
              43.108590054119624
            ],
            [
              -87.93003745300994,
              43.108840276001736
            ],
            [
              -87.92993183796919,
              43.10895355088915
            ],
            [
              -87.92980807906623,
              43.10912192216121
            ],
            [
              -87.92973668196859,
              43.109167368833496
            ],
            [
              -87.92964928215632,
              43.10922833516359
            ],
            [
              -87.92956942714018,
              43.10927475252553
            ],
            [
              -87.92946972320284,
              43.10932180011758
            ],
            [
              -87.92939003365038,
              43.10936561179698
            ],
            [
              -87.92928928887406,
              43.10942639180121
            ],
            [
              -87.92913933347565,
              43.10951135715109
            ],
            [
              -87.9290120326562,
              43.10959702538615
            ],
            [
              -87.92892732421981,
              43.10965570802041
            ],
            [
              -87.92883708943437,
              43.109726590021914
            ],
            [
              -87.92872736818981,
              43.109808974305714
            ],
            [
              -87.92860430681947,
              43.109893791805035
            ],
            [
              -87.92849897881499,
              43.109975918170356
            ],
            [
              -87.92838623066375,
              43.11006044591989
            ],
            [
              -87.92827749034446,
              43.110133147214505
            ],
            [
              -87.92817563988125,
              43.11019674342893
            ],
            [
              -87.92808859095959,
              43.11025868837219
            ],
            [
              -87.92799434725323,
              43.11031410735156
            ],
            [
              -87.92790827024677,
              43.11036836569945
            ],
            [
              -87.92774650040411,
              43.11047834989894
            ],
            [
              -87.92766493691292,
              43.110532977488916
            ],
            [
              -87.92760146043288,
              43.110569172811154
            ],
            [
              -87.92752165101652,
              43.11060921901401
            ],
            [
              -87.92742633967057,
              43.1106457538982
            ],
            [
              -87.92730645857304,
              43.11068642360101
            ],
            [
              -87.92720821543686,
              43.11071119290223
            ],
            [
              -87.92711739920385,
              43.11072821043666
            ],
            [
              -87.92701912216388,
              43.11074086084745
            ],
            [
              -87.92691777775181,
              43.11075027765316
            ],
            [
              -87.92673130877041,
              43.110756348286955
            ],
            [
              -87.9266084126255,
              43.110751223623204
            ],
            [
              -87.92650013572087,
              43.11076069655703
            ],
            [
              -87.92636978717758,
              43.110753748442775
            ],
            [
              -87.9262706503626,
              43.11074048410503
            ],
            [
              -87.9261349597942,
              43.11071950768757
            ],
            [
              -87.92600271074002,
              43.110693964659816
            ],
            [
              -87.92586396237093,
              43.11067132761132
            ],
            [
              -87.92575741660941,
              43.110662099539866
            ],
            [
              -87.92566263562863,
              43.11066176242487
            ],
            [
              -87.92557110638492,
              43.11069061102141
            ],
            [
              -87.9254758859393,
              43.110721279587544
            ],
            [
              -87.92540045369324,
              43.11074211129268
            ],
            [
              -87.92530802582878,
              43.110778668174824
            ],
            [
              -87.9252206588992,
              43.110816350046065
            ],
            [
              -87.92514352929368,
              43.1108483251007
            ],
            [
              -87.92507715948004,
              43.110899527058194
            ],
            [
              -87.92500566037573,
              43.11094534898338
            ],
            [
              -87.92493042070402,
              43.110991113473254
            ],
            [
              -87.92480867611376,
              43.11105256388137
            ],
            [
              -87.92470165394623,
              43.11109544990992
            ],
            [
              -87.92462859165131,
              43.1111173706405
            ],
            [
              -87.92452070015274,
              43.111153169496326
            ],
            [
              -87.92442897029537,
              43.1111838693449
            ],
            [
              -87.92435274381191,
              43.111207322376174
            ],
            [
              -87.92425706020987,
              43.11124854276146
            ],
            [
              -87.92414219384705,
              43.11130397331687
            ],
            [
              -87.92405935180282,
              43.11135410439379
            ],
            [
              -87.9240011228796,
              43.111403607430155
            ],
            [
              -87.92393493795953,
              43.11148491473238
            ],
            [
              -87.92390040947491,
              43.111602898083184
            ],
            [
              -87.92391360804638,
              43.11167235296137
            ],
            [
              -87.92393799730057,
              43.111737751977834
            ],
            [
              -87.92396091005507,
              43.11180316457599
            ],
            [
              -87.92399047872277,
              43.11186765676229
            ],
            [
              -87.92402569482792,
              43.11194242601796
            ],
            [
              -87.92408117420683,
              43.11203199799759
            ],
            [
              -87.92413266341565,
              43.11213016750818
            ],
            [
              -87.92417214051595,
              43.11226417152937
            ],
            [
              -87.92419834636146,
              43.11233537272714
            ],
            [
              -87.92420754397831,
              43.11243961872246
            ],
            [
              -87.92421421414835,
              43.1125266958551
            ],
            [
              -87.92422023946833,
              43.112640641158116
            ],
            [
              -87.92421907655626,
              43.112749106750385
            ],
            [
              -87.9242247060723,
              43.11288132376164
            ],
            [
              -87.9242206771357,
              43.1130515387737
            ],
            [
              -87.92423407979908,
              43.11319846755986
            ],
            [
              -87.9242335081918,
              43.113347955363935
            ],
            [
              -87.92422488276709,
              43.11346566833681
            ],
            [
              -87.92420492797667,
              43.113566041120755
            ],
            [
              -87.92416343635186,
              43.11366180345866
            ],
            [
              -87.92408434181029,
              43.113922487066034
            ],
            [
              -87.92408137200859,
              43.114020421466385
            ],
            [
              -87.92404863334545,
              43.1140722731802
            ],
            [
              -87.92401378595346,
              43.11411915561567
            ],
            [
              -87.92399074766344,
              43.11416300014099
            ],
            [
              -87.92398121197108,
              43.11419411920361
            ],
            [
              -87.92397529579809,
              43.11425873941547
            ],
            [
              -87.92395154986438,
              43.11433277628156
            ],
            [
              -87.92393473038217,
              43.11439290792501
            ],
            [
              -87.92392434268005,
              43.114460710669846
            ],
            [
              -87.92391694781001,
              43.11452641595096
            ],
            [
              -87.92389206286751,
              43.11458643829526
            ],
            [
              -87.92387295044252,
              43.11465088983809
            ],
            [
              -87.92385538980437,
              43.114712138004364
            ],
            [
              -87.92383903045375,
              43.11478530829307
            ],
            [
              -87.92381418756003,
              43.11484430488786
            ],
            [
              -87.92377787514974,
              43.11489123887473
            ],
            [
              -87.92376358649013,
              43.11493855477721
            ],
            [
              -87.92370646424823,
              43.115061936479584
            ],
            [
              -87.92365439326208,
              43.11512488813564
            ],
            [
              -87.92361942893152,
              43.11517840367062
            ],
            [
              -87.92357398243823,
              43.115240965587866
            ],
            [
              -87.92353014294764,
              43.11529761390142
            ],
            [
              -87.92348486417349,
              43.11535317432346
            ],
            [
              -87.92344531870044,
              43.11541533059606
            ],
            [
              -87.9233941217177,
              43.115472982789626
            ],
            [
              -87.92335734940282,
              43.11554275692457
            ],
            [
              -87.9233282368123,
              43.11559749118126
            ],
            [
              -87.92330182257155,
              43.115663060131375
            ],
            [
              -87.92327267436185,
              43.11571883913611
            ],
            [
              -87.923149006038,
              43.115832685464255
            ],
            [
              -87.92306673313634,
              43.11590065231952
            ],
            [
              -87.92298907568282,
              43.11595895877708
            ],
            [
              -87.92294709613144,
              43.115997237628406
            ],
            [
              -87.92290605316323,
              43.11605814810637
            ],
            [
              -87.92287693164063,
              43.116110558958795
            ],
            [
              -87.92281141615797,
              43.11621200274355
            ],
            [
              -87.92270792512385,
              43.11636668981053
            ],
            [
              -87.92256094309145,
              43.11653549883262
            ],
            [
              -87.9224145727923,
              43.116719114873845
            ],
            [
              -87.92228704871218,
              43.11685692269098
            ],
            [
              -87.9219977822093,
              43.11716565633871
            ],
            [
              -87.92192839262086,
              43.117295240618255
            ],
            [
              -87.92179005390301,
              43.1175314612821
            ],
            [
              -87.92170778174207,
              43.117678751505025
            ],
            [
              -87.92167003938448,
              43.117729827797454
            ],
            [
              -87.92162298512943,
              43.11780542682495
            ],
            [
              -87.92156884221143,
              43.11786855766841
            ],
            [
              -87.9215144861156,
              43.117941817248855
            ],
            [
              -87.92138551403318,
              43.11810929600365
            ],
            [
              -87.92121745807451,
              43.118285592027334
            ],
            [
              -87.92116632992007,
              43.118344700554935
            ],
            [
              -87.92107330227356,
              43.11844268211719
            ],
            [
              -87.92096353251138,
              43.118563753063306
            ],
            [
              -87.9209215514411,
              43.11861220796307
            ],
            [
              -87.9208857968415,
              43.118673067585995
            ],
            [
              -87.92088633918262,
              43.11871712523115
            ],
            [
              -87.92296828042173,
              43.11874385411872
            ],
            [
              -87.92412735802071,
              43.11875871979018
            ],
            [
              -87.92528502327421,
              43.118773554210605
            ],
            [
              -87.92643500378772,
              43.11878828008144
            ],
            [
              -87.9277132598805,
              43.11881131667741
            ],
            [
              -87.92774188868583,
              43.11777366828434
            ],
            [
              -87.9277655389966,
              43.116916438297935
            ],
            [
              -87.92776948505075,
              43.116773461055146
            ],
            [
              -87.92777224412409,
              43.116673451843106
            ],
            [
              -87.92730218537297,
              43.116359171893535
            ],
            [
              -87.92730708525664,
              43.11618162435423
            ],
            [
              -87.92733489697281,
              43.11517373564451
            ],
            [
              -87.93314501663467,
              43.115255142131204
            ],
            [
              -87.93317923171138,
              43.115399092323166
            ],
            [
              -87.93373978265497,
              43.117757364323374
            ],
            [
              -87.9337940215084,
              43.11798555342228
            ],
            [
              -87.93418890473693,
              43.118928088008126
            ],
            [
              -87.93483776201585,
              43.11893976894052
            ],
            [
              -87.93650134071818,
              43.11897342366214
            ],
            [
              -87.93716304508452,
              43.11898451201868
            ],
            [
              -87.93762680449308,
              43.118988643627326
            ],
            [
              -87.94005207775598,
              43.11902974917883
            ],
            [
              -87.9400365106339,
              43.11857306569017
            ],
            [
              -87.94007108649035,
              43.118374524137145
            ],
            [
              -87.93998099674967,
              43.11789256110707
            ],
            [
              -87.94009724794162,
              43.11774625786851
            ],
            [
              -87.93991232940571,
              43.11748983228744
            ],
            [
              -87.94005593878224,
              43.11701994855863
            ],
            [
              -87.93849669870333,
              43.11538072793923
            ],
            [
              -87.93887047592987,
              43.11538706290423
            ],
            [
              -87.9390277511611,
              43.115561126787334
            ],
            [
              -87.93943683183454,
              43.11539666245354
            ],
            [
              -87.94138478299232,
              43.115429650383575
            ],
            [
              -87.94340567843525,
              43.11546384008964
            ],
            [
              -87.9434353080579,
              43.1144333418179
            ],
            [
              -87.94345887285715,
              43.11361377866467
            ],
            [
              -87.94357119318511,
              43.11361561624272
            ],
            [
              -87.94358690884472,
              43.113068675411554
            ],
            [
              -87.9435896284325,
              43.1129739591971
            ],
            [
              -87.94396404347556,
              43.11298022348596
            ],
            [
              -87.94398189210996,
              43.112358938960625
            ],
            [
              -87.9445435472456,
              43.112368277408656
            ],
            [
              -87.94506943379926,
              43.11231558559694
            ],
            [
              -87.94518347552777,
              43.11229339309986
            ],
            [
              -87.94529545101217,
              43.11227160620286
            ],
            [
              -87.94578285349024,
              43.11225622821132
            ],
            [
              -87.94575152129823,
              43.113347675933795
            ],
            [
              -87.94515391152252,
              43.11333768461114
            ],
            [
              -87.94455340419553,
              43.11332764142322
            ],
            [
              -87.94455663210864,
              43.11321517692704
            ],
            [
              -87.94395757931187,
              43.11320515323725
            ],
            [
              -87.94394559745433,
              43.11362209823145
            ],
            [
              -87.94392196207731,
              43.11444468285071
            ],
            [
              -87.94389242979135,
              43.115472313173754
            ],
            [
              -87.94509703977148,
              43.11549258995758
            ],
            [
              -87.94602664738994,
              43.11550800443039
            ],
            [
              -87.94602394846366,
              43.115602032156154
            ],
            [
              -87.9459798734125,
              43.11713755064666
            ],
            [
              -87.94566160105684,
              43.11713217435589
            ],
            [
              -87.94565640571123,
              43.117313219059916
            ],
            [
              -87.9450387011792,
              43.11730278683004
            ],
            [
              -87.9450119386159,
              43.118235435970604
            ],
            [
              -87.94381348237619,
              43.11821518308426
            ],
            [
              -87.94380406310353,
              43.11854435305108
            ],
            [
              -87.94466549438648,
              43.11855891544464
            ],
            [
              -87.9446497515298,
              43.119107530318615
            ],
            [
              -87.94498433054679,
              43.11911357101831
            ],
            [
              -87.9454335190011,
              43.119120606983934
            ],
            [
              -87.94542755406482,
              43.11935133810761
            ],
            [
              -87.94541989462813,
              43.119647438941236
            ],
            [
              -87.94556912375813,
              43.11965129926717
            ],
            [
              -87.945566504812,
              43.11972577909142
            ],
            [
              -87.94552845082181,
              43.12087852610933
            ],
            [
              -87.94620862871373,
              43.1208917740922
            ],
            [
              -87.94618976779653,
              43.12154062282936
            ],
            [
              -87.9461811111735,
              43.12183829576679
            ],
            [
              -87.94617159475973,
              43.122165744919684
            ],
            [
              -87.94621247568044,
              43.12275893152443
            ],
            [
              -87.94618736391934,
              43.12372890141139
            ],
            [
              -87.94616556557114,
              43.124570753450996
            ],
            [
              -87.94601197010662,
              43.127728096837565
            ],
            [
              -87.9459997603206,
              43.12817306404605
            ],
            [
              -87.9463248583008,
              43.128904004969634
            ],
            [
              -87.94776612330537,
              43.13226142452751
            ],
            [
              -87.94842259648583,
              43.133784474335194
            ],
            [
              -87.95262105735686,
              43.143522906858706
            ],
            [
              -87.95475977470232,
              43.14848843131745
            ],
            [
              -87.94543318826123,
              43.14837135486603
            ],
            [
              -87.94513858252844,
              43.15869684135176
            ],
            [
              -87.94697314410224,
              43.16010412018674
            ],
            [
              -87.9508198797744,
              43.16303389966272
            ],
            [
              -87.9513976417209,
              43.163038259500134
            ],
            [
              -87.95749963607449,
              43.1630841302824
            ],
            [
              -87.95811429703161,
              43.16308883400241
            ],
            [
              -87.95814882081693,
              43.16226603262352
            ],
            [
              -87.96032377934085,
              43.16227540662332
            ],
            [
              -87.95753486545654,
              43.155806019378815
            ],
            [
              -87.95789449093367,
              43.155808972157516
            ],
            [
              -87.95902402181193,
              43.15581823252506
            ],
            [
              -87.9614510581865,
              43.15583810083453
            ],
            [
              -87.96519851129646,
              43.1558686728953
            ],
            [
              -87.96524131660449,
              43.1547678131618
            ],
            [
              -87.96538955511485,
              43.15095506677738
            ],
            [
              -87.96548179381024,
              43.1485824134063
            ],
            [
              -87.96548354032973,
              43.148441669326964
            ],
            [
              -87.96548601825631,
              43.14824195231308
            ],
            [
              -87.96551501931269,
              43.1473729525031
            ],
            [
              -87.96563301856997,
              43.14376395294424
            ],
            [
              -87.96567301983745,
              43.142561952835564
            ],
            [
              -87.96567701858469,
              43.14240795321879
            ],
            [
              -87.96569201845153,
              43.14194895240808
            ],
            [
              -87.96569801995302,
              43.14179695329135
            ],
            [
              -87.96569901895957,
              43.14178095345271
            ],
            [
              -87.9657010196219,
              43.14169195322928
            ],
            [
              -87.96571201918401,
              43.141376952758804
            ],
            [
              -87.96571601960663,
              43.14127295293591
            ],
            [
              -87.96574701931308,
              43.14039495340688
            ],
            [
              -87.96584301936873,
              43.13776095399469
            ],
            [
              -87.96587501991642,
              43.13688395353799
            ],
            [
              -87.96589401992122,
              43.136290954009354
            ],
            [
              -87.96595201934724,
              43.13451595478126
            ],
            [
              -87.96597201981045,
              43.133923954468216
            ],
            [
              -87.96597402009509,
              43.13378595473837
            ],
            [
              -87.96598301949626,
              43.13337295455434
            ],
            [
              -87.9659870200005,
              43.133235954007475
            ],
            [
              -87.96599101986044,
              43.133034954691446
            ],
            [
              -87.96600401991259,
              43.13243395463412
            ],
            [
              -87.96600902034942,
              43.13223395464433
            ],
            [
              -87.96619901989473,
              43.13222495435239
            ],
            [
              -87.9664560195292,
              43.132212954433946
            ],
            [
              -87.96664701984227,
              43.13220195521496
            ],
            [
              -87.96676902016955,
              43.13220195490764
            ],
            [
              -87.96696001941235,
              43.13220195476127
            ],
            [
              -87.96895501917345,
              43.1321719552053
            ],
            [
              -87.96935701933826,
              43.1321659550893
            ],
            [
              -87.96996201895726,
              43.13215895488598
            ],
            [
              -87.97070801824482,
              43.1321509547662
            ],
            [
              -87.97157501907742,
              43.13212995497972
            ],
            [
              -87.97201101859683,
              43.13212595498058
            ],
            [
              -87.97324501755566,
              43.132108955799254
            ],
            [
              -87.9740590178992,
              43.13209995527172
            ],
            [
              -87.97493301664299,
              43.132083955480155
            ],
            [
              -87.97575301678518,
              43.1320729551776
            ],
            [
              -87.9769390161777,
              43.13205495545807
            ],
            [
              -87.97825901676926,
              43.13203395549481
            ],
            [
              -87.97906001623427,
              43.13202195560317
            ],
            [
              -87.97933401576196,
              43.13201995569875
            ],
            [
              -87.97948501602804,
              43.13202695570215
            ],
            [
              -87.97968801533592,
              43.13202295479629
            ],
            [
              -87.98182601604242,
              43.13198595512929
            ],
            [
              -87.98221901592491,
              43.131976956098406
            ],
            [
              -87.9829660154864,
              43.13196095623396
            ],
            [
              -87.98315601547425,
              43.1319719558147
            ],
            [
              -87.98353901516919,
              43.131978955684026
            ],
            [
              -87.98302001567984,
              43.131523955346076
            ],
            [
              -87.98293501524554,
              43.131449956474945
            ],
            [
              -87.9825710157034,
              43.131120955991555
            ],
            [
              -87.98180201577594,
              43.130433955726005
            ],
            [
              -87.9814780153623,
              43.13014495590443
            ],
            [
              -87.9809640163271,
              43.12968595530307
            ],
            [
              -87.98096001631978,
              43.129635955886684
            ],
            [
              -87.98095142371092,
              43.12944379630441
            ],
            [
              -87.980960996531,
              43.12874336454466
            ],
            [
              -87.9809899387059,
              43.126625850939035
            ],
            [
              -87.9858878292492,
              43.126620855763406
            ],
            [
              -87.98594842895476,
              43.12478064757869
            ],
            [
              -87.98602248682552,
              43.12252984042504
            ],
            [
              -87.98609487060598,
              43.12032976187187
            ],
            [
              -87.98612792782396,
              43.11932492273563
            ],
            [
              -87.98602218902815,
              43.119325328283175
            ],
            [
              -87.98408168341597,
              43.119332752910374
            ],
            [
              -87.98361265063565,
              43.11933009669665
            ],
            [
              -87.98232914985044,
              43.11933169704964
            ],
            [
              -87.98099662740104,
              43.11933512374487
            ],
            [
              -87.98114091564763,
              43.1191881403631
            ],
            [
              -87.98118296281062,
              43.118928191631824
            ],
            [
              -87.98119510112623,
              43.117520772600756
            ],
            [
              -87.98121440804759,
              43.11567097679748
            ],
            [
              -87.98125257811073,
              43.11201331462909
            ],
            [
              -87.9824750824113,
              43.112018825604466
            ],
            [
              -87.9837203303697,
              43.112024430106445
            ],
            [
              -87.98495324960564,
              43.11202996209022
            ],
            [
              -87.9861911786323,
              43.11203551712899
            ],
            [
              -87.98625536883941,
              43.108550079952785
            ],
            [
              -87.9863084728613,
              43.10566477906754
            ],
            [
              -87.9864808407383,
              43.10470354397752
            ],
            [
              -87.9860998884728,
              43.104701571047976
            ],
            [
              -87.98524917281502,
              43.10469716205953
            ],
            [
              -87.98378163576984,
              43.1046901891136
            ],
            [
              -87.98259488912245,
              43.10468336862329
            ],
            [
              -87.98237278376428,
              43.10468355604254
            ],
            [
              -87.98135874721329,
              43.10467692020415
            ],
            [
              -87.98067793716203,
              43.104675556363745
            ],
            [
              -87.980119216853,
              43.1046704414343
            ],
            [
              -87.97905490211208,
              43.10466787113978
            ],
            [
              -87.97888728489077,
              43.10466398865759
            ],
            [
              -87.97788387116023,
              43.10466230977204
            ],
            [
              -87.97767300805799,
              43.10465761386974
            ],
            [
              -87.97654219481794,
              43.104653164850184
            ],
            [
              -87.97553168590076,
              43.104649679582394
            ],
            [
              -87.97436512493366,
              43.104645643615896
            ],
            [
              -87.97392761444739,
              43.1046441296418
            ],
            [
              -87.97319838082232,
              43.10464182383743
            ],
            [
              -87.97145769203006,
              43.10463630370846
            ],
            [
              -87.97028417207393,
              43.104632568281765
            ],
            [
              -87.96905348189952,
              43.10462863341203
            ],
            [
              -87.96784270007366,
              43.104624754389754
            ],
            [
              -87.96652684013834,
              43.10462058775423
            ],
            [
              -87.96509124485851,
              43.10461957034649
            ],
            [
              -87.96391628650525,
              43.10461872214851
            ],
            [
              -87.96273096754106,
              43.10461785733681
            ],
            [
              -87.96154637840738,
              43.104616985148155
            ],
            [
              -87.96038676979516,
              43.104616114326
            ],
            [
              -87.95990341401529,
              43.10461574714653
            ],
            [
              -87.95983536499968,
              43.1044417273326
            ],
            [
              -87.95916770986165,
              43.10273429819419
            ],
            [
              -87.95909860984911,
              43.10256688886477
            ],
            [
              -87.95838831405757,
              43.1007600299871
            ],
            [
              -87.95803407315013,
              43.09992563332901
            ],
            [
              -87.9576045148166,
              43.098945567698685
            ],
            [
              -87.95682534926516,
              43.09714281478163
            ],
            [
              -87.95683656495126,
              43.09687790093753
            ],
            [
              -87.9568988670354,
              43.0965215208884
            ],
            [
              -87.95693369314576,
              43.09529791814671
            ],
            [
              -87.95698530602847,
              43.09348438759464
            ],
            [
              -87.95703930793543,
              43.09159241796939
            ],
            [
              -87.95709165839654,
              43.08986172468376
            ],
            [
              -87.95669360345592,
              43.08985933915364
            ],
            [
              -87.95576787179468,
              43.08985378651822
            ],
            [
              -87.95386369653913,
              43.08984319100934
            ],
            [
              -87.95222672539825,
              43.08983248285934
            ],
            [
              -87.95191304753077,
              43.08983058891168
            ],
            [
              -87.95067243633277,
              43.0898230945632
            ],
            [
              -87.94947635686988,
              43.089815855299655
            ],
            [
              -87.94826581372065,
              43.0898085200207
            ],
            [
              -87.94746904266157,
              43.089804172702756
            ],
            [
              -87.94700720668814,
              43.089801649850045
            ],
            [
              -87.94575364612537,
              43.08977103133168
            ],
            [
              -87.94473138079019,
              43.08975077235669
            ],
            [
              -87.94355252244878,
              43.08972739842302
            ],
            [
              -87.94202065719296,
              43.089697010835295
            ],
            [
              -87.9409218152685,
              43.08967519828266
            ],
            [
              -87.93951606640117,
              43.08964727807293
            ],
            [
              -87.93882938132768,
              43.08963363264815
            ],
            [
              -87.9382960470637,
              43.08962303393808
            ],
            [
              -87.9370546154877,
              43.08959946629119
            ],
            [
              -87.93570526127633,
              43.089570236137746
            ],
            [
              -87.93445977915628,
              43.089543243130066
            ],
            [
              -87.93323753222803,
              43.089516744085984
            ],
            [
              -87.93206722544711,
              43.08949135693391
            ],
            [
              -87.93080133726664,
              43.089463881792824
            ],
            [
              -87.92957466298522,
              43.08943724031376
            ],
            [
              -87.92834629040803,
              43.089410555567696
            ],
            [
              -87.9270954875476,
              43.089382106321146
            ],
            [
              -87.92585283132897,
              43.08937261914547
            ],
            [
              -87.9246127398667,
              43.08936314626585
            ],
            [
              -87.92390174562895,
              43.08935770779008
            ],
            [
              -87.92338801231635,
              43.089353771902644
            ],
            [
              -87.9232292643808,
              43.08935255636333
            ],
            [
              -87.92298628215745,
              43.08935069613724
            ],
            [
              -87.92277455358973,
              43.089349073740905
            ],
            [
              -87.92276481822307,
              43.089348999549664
            ]
          ]
        ]
      }
    },
    {
      "type": "Feature",
      "properties": {
        "placeFips": "5553000",
        "city": "Milwaukee",
        "state": "WI",
        "boundaryType": "aldermanic-district",
        "district": "2",
        "name": "2"
      },
      "geometry": {
        "type": "Polygon",
        "coordinates": [
          [
            [
              -88.02543853763045,
              43.134061193131494
            ],
            [
              -88.02539331946518,
              43.13742807214692
            ],
            [
              -88.0253826682477,
              43.13788987614423
            ],
            [
              -88.02535830999444,
              43.139575965390584
            ],
            [
              -88.02533246007413,
              43.14133000957713
            ],
            [
              -88.02529781778891,
              43.14303846629358
            ],
            [
              -88.0252837363259,
              43.1439915343806
            ],
            [
              -88.0252237123979,
              43.146928883606115
            ],
            [
              -88.02518956094744,
              43.1486342523321
            ],
            [
              -88.02615446059647,
              43.14861922839406
            ],
            [
              -88.0261109261993,
              43.14842719530489
            ],
            [
              -88.0261693266731,
              43.14830089730897
            ],
            [
              -88.0261891565549,
              43.14825801400136
            ],
            [
              -88.02637264418166,
              43.147984068479104
            ],
            [
              -88.02658384568122,
              43.147753239046196
            ],
            [
              -88.02675963303044,
              43.1476012227918
            ],
            [
              -88.02697799224445,
              43.14733919047333
            ],
            [
              -88.02744213805126,
              43.146862120217314
            ],
            [
              -88.02782054084132,
              43.14641035537619
            ],
            [
              -88.02818852191723,
              43.14583050114933
            ],
            [
              -88.0282475481146,
              43.14556438646982
            ],
            [
              -88.02832964066303,
              43.14506552236861
            ],
            [
              -88.02841812984643,
              43.14484613385745
            ],
            [
              -88.02858435528091,
              43.14438778110154
            ],
            [
              -88.02875324719076,
              43.144022888244905
            ],
            [
              -88.02891872725041,
              43.14349125034424
            ],
            [
              -88.02900600088014,
              43.14299302469399
            ],
            [
              -88.02907539015362,
              43.14268134628611
            ],
            [
              -88.02910527385728,
              43.142490657623725
            ],
            [
              -88.02923134321891,
              43.141893156636755
            ],
            [
              -88.02923947250709,
              43.141641254394514
            ],
            [
              -88.0293060535211,
              43.14141643848014
            ],
            [
              -88.029500189899,
              43.14033917591471
            ],
            [
              -88.0297147342693,
              43.13951004103363
            ],
            [
              -88.02984607668097,
              43.139078355672
            ],
            [
              -88.02991231682552,
              43.13884493100835
            ],
            [
              -88.03005174622612,
              43.13825328330507
            ],
            [
              -88.03007844713643,
              43.13816670963993
            ],
            [
              -88.03024452128696,
              43.137628228997265
            ],
            [
              -88.03031853546904,
              43.13744175901489
            ],
            [
              -88.03042325481809,
              43.137114048536034
            ],
            [
              -88.03045248072203,
              43.13701876376324
            ],
            [
              -88.03064878377775,
              43.136608340382395
            ],
            [
              -88.03070826462162,
              43.136548062622246
            ],
            [
              -88.03085706705755,
              43.136313073840256
            ],
            [
              -88.03091666966444,
              43.136248965935344
            ],
            [
              -88.03098125378435,
              43.136192608419194
            ],
            [
              -88.03110395736145,
              43.13611809579231
            ],
            [
              -88.03123040531594,
              43.13608962992825
            ],
            [
              -88.03129326202772,
              43.136086884335576
            ],
            [
              -88.03136607723377,
              43.13609963763124
            ],
            [
              -88.03180009797389,
              43.13626433261877
            ],
            [
              -88.03207006096783,
              43.136383436191466
            ],
            [
              -88.03225094805546,
              43.13644096888952
            ],
            [
              -88.03234999811276,
              43.13644802501151
            ],
            [
              -88.03246580110533,
              43.13642257392379
            ],
            [
              -88.03255130528079,
              43.13639117254579
            ],
            [
              -88.03264166225432,
              43.13633847199216
            ],
            [
              -88.03275293507463,
              43.136256273251064
            ],
            [
              -88.03288946631554,
              43.136160868555336
            ],
            [
              -88.03297754116984,
              43.136097464770906
            ],
            [
              -88.03317478263804,
              43.13597369996998
            ],
            [
              -88.03325940085632,
              43.13592060360243
            ],
            [
              -88.03337330980892,
              43.13583308245576
            ],
            [
              -88.0308619999385,
              43.13399295840473
            ],
            [
              -88.03103900122161,
              43.133990958360194
            ],
            [
              -88.03221300009389,
              43.13397595855647
            ],
            [
              -88.0326049997769,
              43.133971958503324
            ],
            [
              -88.0326260000585,
              43.13397195841521
            ],
            [
              -88.03317700050115,
              43.13396495836893
            ],
            [
              -88.03483299875525,
              43.133945958651225
            ],
            [
              -88.03538499894827,
              43.13393995833086
            ],
            [
              -88.03563399981037,
              43.133938959051065
            ],
            [
              -88.0363809986616,
              43.133935957880865
            ],
            [
              -88.03663099878038,
              43.13393595869821
            ],
            [
              -88.03687799851836,
              43.13393195895275
            ],
            [
              -88.03762199823223,
              43.13392195849229
            ],
            [
              -88.037869998244,
              43.133919958334204
            ],
            [
              -88.03811199865858,
              43.13391695837671
            ],
            [
              -88.03869299797641,
              43.13391095896178
            ],
            [
              -88.03883899767139,
              43.133909958904255
            ],
            [
              -88.03908199858554,
              43.13390795826223
            ],
            [
              -88.04030399774578,
              43.13390095884704
            ],
            [
              -88.0411579977448,
              43.13389495932171
            ],
            [
              -88.0414249970778,
              43.13389395891639
            ],
            [
              -88.0415259974512,
              43.13389395893663
            ],
            [
              -88.04275299680674,
              43.13388495819949
            ],
            [
              -88.04299799748176,
              43.13388295926022
            ],
            [
              -88.04373299702922,
              43.13387595888519
            ],
            [
              -88.04397899707365,
              43.1338749591481
            ],
            [
              -88.04423599701319,
              43.13387295924105
            ],
            [
              -88.04500899694946,
              43.13386695886076
            ],
            [
              -88.04526699625127,
              43.133865958828416
            ],
            [
              -88.04527409772231,
              43.133830957624625
            ],
            [
              -88.04533019974431,
              43.13195852467125
            ],
            [
              -88.04541441371235,
              43.1302947814782
            ],
            [
              -88.04550816461985,
              43.1279884275927
            ],
            [
              -88.04531478207639,
              43.12766069230909
            ],
            [
              -88.04517009571005,
              43.12739857334907
            ],
            [
              -88.04522406041941,
              43.12727022903962
            ],
            [
              -88.04559385511305,
              43.12699041314276
            ],
            [
              -88.045101877833,
              43.126848898035796
            ],
            [
              -88.04281380074079,
              43.12519710233374
            ],
            [
              -88.04199654336324,
              43.12460720160627
            ],
            [
              -88.04058275784755,
              43.123590924468914
            ],
            [
              -88.04114199866024,
              43.123487960014074
            ],
            [
              -88.04283999786269,
              43.12320496056432
            ],
            [
              -88.04340599842064,
              43.12311096040827
            ],
            [
              -88.04339999813551,
              43.12309896110544
            ],
            [
              -88.04339299833316,
              43.122931960870396
            ],
            [
              -88.0435099982581,
              43.122864961201785
            ],
            [
              -88.04354499906613,
              43.12268596075285
            ],
            [
              -88.04401599773847,
              43.12231396107926
            ],
            [
              -88.04476499773845,
              43.12186696091852
            ],
            [
              -88.04538599771934,
              43.12155396089487
            ],
            [
              -88.04583399756088,
              43.121349961646246
            ],
            [
              -88.04614299779847,
              43.121137960671376
            ],
            [
              -88.04641699679165,
              43.1207689610691
            ],
            [
              -88.0465369978153,
              43.120395961130676
            ],
            [
              -88.04659599768813,
              43.120217961363025
            ],
            [
              -88.04665199721813,
              43.119652961450484
            ],
            [
              -88.04665199803361,
              43.119312961894686
            ],
            [
              -88.04662099749514,
              43.119316961819415
            ],
            [
              -88.04647099755327,
              43.119327962029615
            ],
            [
              -88.04619399745773,
              43.119349961245035
            ],
            [
              -88.04592999707793,
              43.11935696148257
            ],
            [
              -88.04574999709159,
              43.119362960955435
            ],
            [
              -88.04550499829523,
              43.11936396096707
            ],
            [
              -88.04477399757167,
              43.11936996178455
            ],
            [
              -88.0445299991066,
              43.119372961377024
            ],
            [
              -88.04444599859038,
              43.11937396152908
            ],
            [
              -88.04388699827689,
              43.119376961586966
            ],
            [
              -88.04352899794992,
              43.119379961554905
            ],
            [
              -88.04195799917281,
              43.11939296081887
            ],
            [
              -88.04131599917599,
              43.11939796047677
            ],
            [
              -88.04124699921445,
              43.119397961141104
            ],
            [
              -88.0410399991478,
              43.119399961789284
            ],
            [
              -88.04097199965096,
              43.11940096094609
            ],
            [
              -88.04082199937686,
              43.119401960979886
            ],
            [
              -88.04030400015384,
              43.11940596137407
            ],
            [
              -88.03851100005811,
              43.11942096084745
            ],
            [
              -88.03829999971379,
              43.11942496034775
            ],
            [
              -88.03763299951089,
              43.11943896102785
            ],
            [
              -88.03709000050108,
              43.11944396109969
            ],
            [
              -88.03623300074585,
              43.11945296086694
            ],
            [
              -88.0354640000456,
              43.119515961081035
            ],
            [
              -88.0349182967591,
              43.119561165128054
            ],
            [
              -88.03458830912803,
              43.11931414588886
            ],
            [
              -88.03405151711712,
              43.11894397418677
            ],
            [
              -88.03321090549878,
              43.11833011687362
            ],
            [
              -88.0310955761683,
              43.11671624975888
            ],
            [
              -88.02593429917262,
              43.11257614598109
            ],
            [
              -88.02460944026912,
              43.11158683368922
            ],
            [
              -88.0226631401356,
              43.11014959715389
            ],
            [
              -88.02161114945625,
              43.109331144332295
            ],
            [
              -88.01956803811497,
              43.10771459884176
            ],
            [
              -88.01764933781946,
              43.10619638710621
            ],
            [
              -88.01611871735142,
              43.104985953273676
            ],
            [
              -88.01462163088082,
              43.104987786491584
            ],
            [
              -88.01359060724059,
              43.104988912279254
            ],
            [
              -88.01298204474993,
              43.10498749003108
            ],
            [
              -88.01179449760193,
              43.10498660294168
            ],
            [
              -88.01060880800651,
              43.10499262772203
            ],
            [
              -88.00821067401962,
              43.10499555960429
            ],
            [
              -88.00648993814184,
              43.10499763501256
            ],
            [
              -88.0068695657749,
              43.103719663801584
            ],
            [
              -88.0069423173281,
              43.103033318226196
            ],
            [
              -88.00699440275139,
              43.10106926809755
            ],
            [
              -88.00704565191158,
              43.099112295626725
            ],
            [
              -88.00709552725918,
              43.09720790130704
            ],
            [
              -88.00712937593364,
              43.095396171004026
            ],
            [
              -88.00716283788616,
              43.093733585495265
            ],
            [
              -88.00719886118358,
              43.09187470898114
            ],
            [
              -88.00721810222723,
              43.09088150100328
            ],
            [
              -88.00723675914725,
              43.0899185494388
            ],
            [
              -88.00595185005739,
              43.08992196063069
            ],
            [
              -88.00476345151866,
              43.08992510081272
            ],
            [
              -88.00408173123093,
              43.089926896665645
            ],
            [
              -88.00301878975642,
              43.089929686768876
            ],
            [
              -88.0018132138833,
              43.089932842296136
            ],
            [
              -88.00062459992823,
              43.08993593907564
            ],
            [
              -87.99944798768246,
              43.089938987384365
            ],
            [
              -87.99825964776528,
              43.08994205418637
            ],
            [
              -87.99706780343423,
              43.08994511982263
            ],
            [
              -87.99583411575533,
              43.089948548851176
            ],
            [
              -87.99587107585307,
              43.08808936751376
            ],
            [
              -87.99463846547705,
              43.08809220311544
            ],
            [
              -87.99336582698649,
              43.08809511897751
            ],
            [
              -87.99208973479233,
              43.088098024486094
            ],
            [
              -87.99082383884388,
              43.088100896749296
            ],
            [
              -87.9895425221209,
              43.08810378858266
            ],
            [
              -87.98826902199163,
              43.08810664572473
            ],
            [
              -87.98697455118115,
              43.08810953807921
            ],
            [
              -87.98695521964466,
              43.08864570359362
            ],
            [
              -87.98692160102246,
              43.08997267128575
            ],
            [
              -87.98565800955235,
              43.08996044541175
            ],
            [
              -87.98321396711478,
              43.08993676257293
            ],
            [
              -87.98193134863251,
              43.08992431199177
            ],
            [
              -87.98073322578722,
              43.08991266493319
            ],
            [
              -87.97951954819678,
              43.089900856888825
            ],
            [
              -87.97833431127364,
              43.08988930983329
            ],
            [
              -87.97706039791238,
              43.08987677349712
            ],
            [
              -87.97704652232991,
              43.090466282593795
            ],
            [
              -87.97774705606781,
              43.09100196509484
            ],
            [
              -87.9787884979792,
              43.09182522340128
            ],
            [
              -87.97980526741476,
              43.09262895082426
            ],
            [
              -87.98205352086264,
              43.094406014563894
            ],
            [
              -87.98417102407758,
              43.09607960001733
            ],
            [
              -87.9854556676108,
              43.097103575604145
            ],
            [
              -87.98574872474525,
              43.097335148274325
            ],
            [
              -87.9864407153997,
              43.09788094454089
            ],
            [
              -87.98675314859261,
              43.0981273667729
            ],
            [
              -87.98673679352297,
              43.09922441662176
            ],
            [
              -87.98673218949311,
              43.09953346978094
            ],
            [
              -87.98671456975688,
              43.10071550709455
            ],
            [
              -87.98670537386785,
              43.10133263208485
            ],
            [
              -87.98669439216766,
              43.102069637646785
            ],
            [
              -87.98667838928787,
              43.10344406003121
            ],
            [
              -87.98667568054115,
              43.103686655698496
            ],
            [
              -87.98664090621855,
              43.10383513271754
            ],
            [
              -87.9864808407383,
              43.10470354397752
            ],
            [
              -87.9863084728613,
              43.10566477906754
            ],
            [
              -87.98625536883941,
              43.108550079952785
            ],
            [
              -87.9861911786323,
              43.11203551712899
            ],
            [
              -87.98495324960564,
              43.11202996209022
            ],
            [
              -87.9837203303697,
              43.112024430106445
            ],
            [
              -87.9824750824113,
              43.112018825604466
            ],
            [
              -87.98125257811073,
              43.11201331462909
            ],
            [
              -87.98121440804759,
              43.11567097679748
            ],
            [
              -87.98119510112623,
              43.117520772600756
            ],
            [
              -87.98118296281062,
              43.118928191631824
            ],
            [
              -87.98114091564763,
              43.1191881403631
            ],
            [
              -87.98099662740104,
              43.11933512374487
            ],
            [
              -87.98232914985044,
              43.11933169704964
            ],
            [
              -87.98361265063565,
              43.11933009669665
            ],
            [
              -87.98408168341597,
              43.119332752910374
            ],
            [
              -87.98602218902815,
              43.119325328283175
            ],
            [
              -87.98612792782396,
              43.11932492273563
            ],
            [
              -87.98609487060598,
              43.12032976187187
            ],
            [
              -87.98602248682552,
              43.12252984042504
            ],
            [
              -87.98594842895476,
              43.12478064757869
            ],
            [
              -87.98721965237704,
              43.124807110112336
            ],
            [
              -87.98826719211023,
              43.12482119058324
            ],
            [
              -87.98950634027581,
              43.12483784222642
            ],
            [
              -87.99055357982321,
              43.12485190354286
            ],
            [
              -87.99094532392323,
              43.12485716074665
            ],
            [
              -87.99089873806007,
              43.126688946974575
            ],
            [
              -87.99089273802565,
              43.12809180696076
            ],
            [
              -87.99088664157725,
              43.12951799676978
            ],
            [
              -87.99088543344907,
              43.13182313910494
            ],
            [
              -87.99084740013068,
              43.13398688640453
            ],
            [
              -87.99514043855336,
              43.134042933548244
            ],
            [
              -87.99580100408056,
              43.134051672501094
            ],
            [
              -87.99999302375221,
              43.134091565946065
            ],
            [
              -88.00224024625152,
              43.13411436629326
            ],
            [
              -88.00578391541018,
              43.13415023060001
            ],
            [
              -88.00726494475632,
              43.13413238363013
            ],
            [
              -88.0107216889579,
              43.13412229345364
            ],
            [
              -88.01308673202122,
              43.13411422874588
            ],
            [
              -88.01561512779884,
              43.13410555506781
            ],
            [
              -88.01691347609993,
              43.134098264016586
            ],
            [
              -88.01954498794787,
              43.134085788056275
            ],
            [
              -88.022983428482,
              43.13407280949988
            ],
            [
              -88.02476468334827,
              43.134064386317334
            ],
            [
              -88.02543853763045,
              43.134061193131494
            ]
          ]
        ]
      }
    },
    {
      "type": "Feature",
      "properties": {
        "placeFips": "5553000",
        "city": "Milwaukee",
        "state": "WI",
        "boundaryType": "aldermanic-district",
        "district": "3",
        "name": "3"
      },
      "geometry": {
        "type": "Polygon",
        "coordinates": [
          [
            [
              -87.87733600003845,
              43.05767626960543
            ],
            [
              -87.87723197701989,
              43.05778638423427
            ],
            [
              -87.87700355623237,
              43.058058154978895
            ],
            [
              -87.8768076924156,
              43.058315177685834
            ],
            [
              -87.8767391644998,
              43.058435247336234
            ],
            [
              -87.87658570420584,
              43.05870654486989
            ],
            [
              -87.8765121069882,
              43.058880630890584
            ],
            [
              -87.87638862280396,
              43.05910956226307
            ],
            [
              -87.87623292157242,
              43.059417854211404
            ],
            [
              -87.87606998445777,
              43.05970616925568
            ],
            [
              -87.8759774502788,
              43.05988942901305
            ],
            [
              -87.87586522915538,
              43.06006610782264
            ],
            [
              -87.87456266470011,
              43.06004337818148
            ],
            [
              -87.8744974704791,
              43.0601139522239
            ],
            [
              -87.87445003228436,
              43.06016530468445
            ],
            [
              -87.87437294406404,
              43.06025369160546
            ],
            [
              -87.87430042919276,
              43.060335673468785
            ],
            [
              -87.87421014259442,
              43.06041329173065
            ],
            [
              -87.87412727571012,
              43.06049306115128
            ],
            [
              -87.87401442443864,
              43.06064532497197
            ],
            [
              -87.87391485280335,
              43.06075382080345
            ],
            [
              -87.87382284898356,
              43.0608532472667
            ],
            [
              -87.87373846261099,
              43.06094041318505
            ],
            [
              -87.87365866251244,
              43.06101903931656
            ],
            [
              -87.87359686737935,
              43.06108493102142
            ],
            [
              -87.87355697906422,
              43.06112423751313
            ],
            [
              -87.8735074000916,
              43.06116668817366
            ],
            [
              -87.87343678303795,
              43.061228250217155
            ],
            [
              -87.87339008026784,
              43.061278179786676
            ],
            [
              -87.87335850253335,
              43.06130789957238
            ],
            [
              -87.87333589266494,
              43.06133339912587
            ],
            [
              -87.87330250888041,
              43.06138658796513
            ],
            [
              -87.87327067339362,
              43.06143551056797
            ],
            [
              -87.87324798613922,
              43.061466340267344
            ],
            [
              -87.8732267333049,
              43.06150144064509
            ],
            [
              -87.873202674074,
              43.061524789789715
            ],
            [
              -87.87316809859556,
              43.0615576825037
            ],
            [
              -87.87312763763188,
              43.06158734324842
            ],
            [
              -87.87308696044622,
              43.06163300016645
            ],
            [
              -87.87304029036824,
              43.06168289059325
            ],
            [
              -87.87298965104034,
              43.06175248441389
            ],
            [
              -87.87293698053263,
              43.06180872785698
            ],
            [
              -87.87290691350405,
              43.061838428057364
            ],
            [
              -87.87286036981037,
              43.06188082807116
            ],
            [
              -87.87281670615184,
              43.061929645472524
            ],
            [
              -87.8727505493595,
              43.06199751901097
            ],
            [
              -87.87269209348975,
              43.062045169115954
            ],
            [
              -87.87262469071204,
              43.062097028950255
            ],
            [
              -87.87253187805342,
              43.06216578862539
            ],
            [
              -87.8724242978076,
              43.062232317957395
            ],
            [
              -87.87235026658543,
              43.06228410945686
            ],
            [
              -87.87227237112592,
              43.06234865923417
            ],
            [
              -87.87221549326755,
              43.062393078973216
            ],
            [
              -87.8721526350368,
              43.06244225016045
            ],
            [
              -87.87208973190764,
              43.06249514386765
            ],
            [
              -87.8720402740997,
              43.0625395916058
            ],
            [
              -87.87199680666383,
              43.06257980850808
            ],
            [
              -87.87194741502056,
              43.062619986574646
            ],
            [
              -87.87189510796588,
              43.06265800839624
            ],
            [
              -87.87182462646574,
              43.06272680000629
            ],
            [
              -87.87171842695417,
              43.06281239292033
            ],
            [
              -87.87163998322582,
              43.06287046223641
            ],
            [
              -87.87152054151683,
              43.06295380902789
            ],
            [
              -87.87141741834266,
              43.06303511003993
            ],
            [
              -87.87123941253083,
              43.06319093590824
            ],
            [
              -87.87118105527702,
              43.063244822793365
            ],
            [
              -87.8711240768064,
              43.06330616063731
            ],
            [
              -87.87104628518371,
              43.06337798816369
            ],
            [
              -87.87083846425604,
              43.063508481885876
            ],
            [
              -87.87066981929655,
              43.063642386722236
            ],
            [
              -87.87046124298658,
              43.06378605825375
            ],
            [
              -87.87020127539064,
              43.063917071850064
            ],
            [
              -87.8700898821599,
              43.063974720280335
            ],
            [
              -87.86993600025568,
              43.06406923177634
            ],
            [
              -87.86983481470752,
              43.06413967396769
            ],
            [
              -87.86977967688212,
              43.064184951759465
            ],
            [
              -87.86967711510026,
              43.06425057489865
            ],
            [
              -87.86964288759988,
              43.064275812016994
            ],
            [
              -87.86956258127839,
              43.0643315002816
            ],
            [
              -87.86945419304992,
              43.06439545989003
            ],
            [
              -87.86939185264715,
              43.06443109012713
            ],
            [
              -87.86931310163011,
              43.06448357921724
            ],
            [
              -87.8692832756696,
              43.064512016983116
            ],
            [
              -87.86922260730938,
              43.06453384381377
            ],
            [
              -87.86915070479073,
              43.06451310976074
            ],
            [
              -87.8689534034799,
              43.06450559760098
            ],
            [
              -87.86884753670032,
              43.06449841454178
            ],
            [
              -87.86875633888847,
              43.06449665060128
            ],
            [
              -87.86868106135528,
              43.06451729300557
            ],
            [
              -87.86861009717913,
              43.064546455297226
            ],
            [
              -87.86857163782868,
              43.064564197516695
            ],
            [
              -87.86854046497356,
              43.06458729354394
            ],
            [
              -87.86852087668598,
              43.06462533728535
            ],
            [
              -87.86850111617217,
              43.064677164718304
            ],
            [
              -87.86848629287852,
              43.064746004301455
            ],
            [
              -87.86850720053411,
              43.06483845544745
            ],
            [
              -87.8685491160392,
              43.06489713511168
            ],
            [
              -87.86858195827163,
              43.06497589602724
            ],
            [
              -87.86859333710021,
              43.0650713057656
            ],
            [
              -87.86860081744626,
              43.0651150029399
            ],
            [
              -87.8685841689888,
              43.065153052263824
            ],
            [
              -87.86853325525132,
              43.06522687124343
            ],
            [
              -87.86851224806213,
              43.06532002527427
            ],
            [
              -87.86848359362591,
              43.06537810988814
            ],
            [
              -87.86846265681774,
              43.06540656277666
            ],
            [
              -87.8684131673137,
              43.065485667980006
            ],
            [
              -87.86838504597958,
              43.06551330545072
            ],
            [
              -87.86823284365867,
              43.0656963487135
            ],
            [
              -87.86819578400427,
              43.06573746955122
            ],
            [
              -87.86813869964985,
              43.06577386129745
            ],
            [
              -87.86810446634719,
              43.065801969431796
            ],
            [
              -87.8680504563589,
              43.065866177205976
            ],
            [
              -87.86803436786587,
              43.06590178230408
            ],
            [
              -87.86799018871325,
              43.06597262252466
            ],
            [
              -87.86797573428113,
              43.066015569972656
            ],
            [
              -87.86788796657409,
              43.06615195952814
            ],
            [
              -87.86784046422414,
              43.066244445654384
            ],
            [
              -87.86781354096199,
              43.06628028972392
            ],
            [
              -87.86780248987394,
              43.06630755463573
            ],
            [
              -87.86779225795827,
              43.06635722030848
            ],
            [
              -87.86775342823141,
              43.066425167611676
            ],
            [
              -87.86773021235096,
              43.06654382342354
            ],
            [
              -87.86771771455382,
              43.06657876192776
            ],
            [
              -87.86769695458959,
              43.06662392241279
            ],
            [
              -87.8676785536343,
              43.06667490176508
            ],
            [
              -87.867639554975,
              43.06676846301759
            ],
            [
              -87.86759553253123,
              43.06684749210919
            ],
            [
              -87.86756958594978,
              43.066883774053046
            ],
            [
              -87.86737989950596,
              43.067046196195555
            ],
            [
              -87.86728722087636,
              43.0671143870403
            ],
            [
              -87.86716691968789,
              43.06728903971924
            ],
            [
              -87.867104245251,
              43.06735528351461
            ],
            [
              -87.86700809011974,
              43.067419776496514
            ],
            [
              -87.86676928342709,
              43.06767431455696
            ],
            [
              -87.86669829104406,
              43.06777695355552
            ],
            [
              -87.86667436888514,
              43.06782562487757
            ],
            [
              -87.86663959775612,
              43.06786666660996
            ],
            [
              -87.86662364015105,
              43.06790291691118
            ],
            [
              -87.86658669857336,
              43.067937450819734
            ],
            [
              -87.8664279169162,
              43.06816616667656
            ],
            [
              -87.86634310822936,
              43.06823851147529
            ],
            [
              -87.8658507313918,
              43.068876130782805
            ],
            [
              -87.86538355626634,
              43.06933093804762
            ],
            [
              -87.86450105026246,
              43.06986309172413
            ],
            [
              -87.86410192220228,
              43.07021510642695
            ],
            [
              -87.8637841455302,
              43.070855163188746
            ],
            [
              -87.86382144283193,
              43.074183333129355
            ],
            [
              -87.8641109057536,
              43.07438744272159
            ],
            [
              -87.86648746744426,
              43.07437054775341
            ],
            [
              -87.86690586883176,
              43.07437442929528
            ],
            [
              -87.86698197719736,
              43.074426209283125
            ],
            [
              -87.86707765282586,
              43.07449457429452
            ],
            [
              -87.86710736315052,
              43.0745184568834
            ],
            [
              -87.86712909616887,
              43.07454510286261
            ],
            [
              -87.86716097867392,
              43.074573338462585
            ],
            [
              -87.86722540951045,
              43.07461882392054
            ],
            [
              -87.8672418266484,
              43.07468430241695
            ],
            [
              -87.86723052718098,
              43.07471828455282
            ],
            [
              -87.86723023629997,
              43.07481437150667
            ],
            [
              -87.86724530479462,
              43.07491784386306
            ],
            [
              -87.8672782111901,
              43.07500230162654
            ],
            [
              -87.86733864845455,
              43.07512894246889
            ],
            [
              -87.86734755759313,
              43.075163627674314
            ],
            [
              -87.86735245293917,
              43.075218831103875
            ],
            [
              -87.86734162769174,
              43.075333625661486
            ],
            [
              -87.86731864685494,
              43.075406266073905
            ],
            [
              -87.86732707098965,
              43.075439643725375
            ],
            [
              -87.86736565655598,
              43.075490819842344
            ],
            [
              -87.86743333202347,
              43.07552079076593
            ],
            [
              -87.86748291461704,
              43.07552218497935
            ],
            [
              -87.8675355011756,
              43.07551641111168
            ],
            [
              -87.86763105414276,
              43.07550048862595
            ],
            [
              -87.86767616804165,
              43.07549279530188
            ],
            [
              -87.86772156841795,
              43.07549037681124
            ],
            [
              -87.86776717121538,
              43.07549479837498
            ],
            [
              -87.8678156659646,
              43.07556084565289
            ],
            [
              -87.86786213696342,
              43.07560761308518
            ],
            [
              -87.86789833729928,
              43.07565326861513
            ],
            [
              -87.86797061093021,
              43.07575432111202
            ],
            [
              -87.86803703614821,
              43.07585098406506
            ],
            [
              -87.86808829646917,
              43.07593457444509
            ],
            [
              -87.86812478965598,
              43.076004567559
            ],
            [
              -87.86815522512273,
              43.07603713665167
            ],
            [
              -87.86819120521093,
              43.07609680177714
            ],
            [
              -87.86822980816379,
              43.07618245823789
            ],
            [
              -87.86826853886234,
              43.07625617520416
            ],
            [
              -87.86828841671091,
              43.076311434238264
            ],
            [
              -87.86831578697402,
              43.07635261904961
            ],
            [
              -87.86835505850625,
              43.07644035363953
            ],
            [
              -87.8683892109517,
              43.07652588611296
            ],
            [
              -87.86850816347943,
              43.07674559193917
            ],
            [
              -87.86859240692326,
              43.076921848502565
            ],
            [
              -87.86865200669772,
              43.07707419442447
            ],
            [
              -87.86869471248059,
              43.0771703152524
            ],
            [
              -87.86875998241554,
              43.07733222575261
            ],
            [
              -87.86882199490701,
              43.077516656854655
            ],
            [
              -87.86886029912618,
              43.07760829100269
            ],
            [
              -87.86888422087283,
              43.0776804912427
            ],
            [
              -87.8689537897317,
              43.07783884969894
            ],
            [
              -87.86902694753795,
              43.078054110418755
            ],
            [
              -87.86912245294626,
              43.07828533430667
            ],
            [
              -87.86965735481591,
              43.07906170537069
            ],
            [
              -87.86971953898139,
              43.07919670668524
            ],
            [
              -87.8695387598157,
              43.079197460487485
            ],
            [
              -87.86953758008993,
              43.07927985275168
            ],
            [
              -87.8701867814948,
              43.080592483020176
            ],
            [
              -87.87034247653622,
              43.08092488864155
            ],
            [
              -87.8704214799885,
              43.081093685151764
            ],
            [
              -87.87058710305148,
              43.081530672502296
            ],
            [
              -87.87063455549578,
              43.0816441835824
            ],
            [
              -87.87070323640525,
              43.08191844173814
            ],
            [
              -87.87157689078217,
              43.081919027644794
            ],
            [
              -87.87282280119663,
              43.08191985082371
            ],
            [
              -87.87426766317105,
              43.0819200694959
            ],
            [
              -87.87541312807505,
              43.08192060993956
            ],
            [
              -87.87656982332138,
              43.08192114857404
            ],
            [
              -87.87772963031442,
              43.081921674970104
            ],
            [
              -87.88021306846474,
              43.081927527988526
            ],
            [
              -87.88268810687843,
              43.081928395344775
            ],
            [
              -87.8839693576409,
              43.081929394918426
            ],
            [
              -87.88518769402688,
              43.08193087092745
            ],
            [
              -87.88644048257737,
              43.08193237518308
            ],
            [
              -87.88765834059846,
              43.08193380683939
            ],
            [
              -87.88888586422644,
              43.08193839162725
            ],
            [
              -87.89162570859291,
              43.08194860760247
            ],
            [
              -87.89251577044313,
              43.08195631618163
            ],
            [
              -87.89630780031408,
              43.08196951603531
            ],
            [
              -87.89754210759668,
              43.08197186551174
            ],
            [
              -87.89879948774318,
              43.081982892084326
            ],
            [
              -87.90003330254672,
              43.08199369666176
            ],
            [
              -87.90093885597202,
              43.08200161987396
            ],
            [
              -87.90127149955045,
              43.08200452817581
            ],
            [
              -87.90133598137686,
              43.07975511329415
            ],
            [
              -87.90138285579494,
              43.07837307532959
            ],
            [
              -87.90144448236485,
              43.07655583974741
            ],
            [
              -87.90146111012452,
              43.07623657362101
            ],
            [
              -87.90150628136126,
              43.074733616831445
            ],
            [
              -87.90152683439509,
              43.072927723266275
            ],
            [
              -87.90153822397585,
              43.07131470769944
            ],
            [
              -87.9015386048219,
              43.07126077421963
            ],
            [
              -87.90153962628736,
              43.07111617192522
            ],
            [
              -87.90157680010815,
              43.06929530571506
            ],
            [
              -87.90159588853992,
              43.06747049119731
            ],
            [
              -87.90159915500439,
              43.065920385402684
            ],
            [
              -87.90159975219952,
              43.06563715011995
            ],
            [
              -87.9016211778176,
              43.06382870520104
            ],
            [
              -87.90040180592776,
              43.06382057831649
            ],
            [
              -87.89918212740858,
              43.063812436290135
            ],
            [
              -87.89788897766152,
              43.06380701481304
            ],
            [
              -87.89790993387626,
              43.06200928582363
            ],
            [
              -87.89792049329381,
              43.061103201582924
            ],
            [
              -87.89792955964498,
              43.06032510679014
            ],
            [
              -87.8979309846738,
              43.06020276725809
            ],
            [
              -87.89795884136333,
              43.05916706306677
            ],
            [
              -87.89796200322574,
              43.059102941871
            ],
            [
              -87.89798170940921,
              43.05831423193504
            ],
            [
              -87.89799194049576,
              43.05793415068542
            ],
            [
              -87.89801404256903,
              43.05721504662444
            ],
            [
              -87.89801971873318,
              43.057030358276585
            ],
            [
              -87.89947868997487,
              43.056898254922764
            ],
            [
              -87.90038691159363,
              43.056818477187996
            ],
            [
              -87.90123389746496,
              43.05649334284198
            ],
            [
              -87.90181635439698,
              43.05620876106375
            ],
            [
              -87.90253651685691,
              43.055744971502534
            ],
            [
              -87.90278289286329,
              43.05555641518154
            ],
            [
              -87.90346534215135,
              43.05506352784114
            ],
            [
              -87.90432877326352,
              43.054476996526425
            ],
            [
              -87.90496821655472,
              43.05398801280915
            ],
            [
              -87.90602923924268,
              43.05328626731266
            ],
            [
              -87.90652890343577,
              43.05293198081066
            ],
            [
              -87.9075464965787,
              43.051791456463114
            ],
            [
              -87.90771133519738,
              43.051606700302635
            ],
            [
              -87.90729048848888,
              43.05137155066992
            ],
            [
              -87.90625096279629,
              43.050790692540545
            ],
            [
              -87.9059398743409,
              43.05065892684868
            ],
            [
              -87.90589777634092,
              43.05064130051019
            ],
            [
              -87.90575854933549,
              43.05059926322001
            ],
            [
              -87.90559667632235,
              43.05057286272903
            ],
            [
              -87.90468890816994,
              43.05056675871761
            ],
            [
              -87.90343185014201,
              43.05055751833432
            ],
            [
              -87.90217573505585,
              43.050548276041866
            ],
            [
              -87.90091563953483,
              43.05053898960392
            ],
            [
              -87.89965414515518,
              43.05052967506024
            ],
            [
              -87.89818007145722,
              43.050518644818155
            ],
            [
              -87.89689912852486,
              43.05050538789606
            ],
            [
              -87.89691735561503,
              43.049796791208244
            ],
            [
              -87.89691924941617,
              43.04972310984615
            ],
            [
              -87.8969615483877,
              43.0480781083904
            ],
            [
              -87.89699243480058,
              43.04687732367515
            ],
            [
              -87.89700327378335,
              43.046455722719735
            ],
            [
              -87.8970082701456,
              43.04626140574041
            ],
            [
              -87.89642732475352,
              43.04687139513085
            ],
            [
              -87.89565629119983,
              43.047680957971366
            ],
            [
              -87.89425422090828,
              43.04915300750834
            ],
            [
              -87.8937227921511,
              43.049710939090396
            ],
            [
              -87.89119149741593,
              43.05236830456219
            ],
            [
              -87.89064212214691,
              43.052923529724936
            ],
            [
              -87.89019515699644,
              43.053366691248925
            ],
            [
              -87.8891240226387,
              43.0544900527633
            ],
            [
              -87.88902494374157,
              43.054593960912825
            ],
            [
              -87.88806089450674,
              43.05407074996549
            ],
            [
              -87.8868012189844,
              43.05540639953413
            ],
            [
              -87.88666264792609,
              43.05552057624167
            ],
            [
              -87.88653385483212,
              43.05557376576438
            ],
            [
              -87.88638962150098,
              43.05561693333752
            ],
            [
              -87.88600893707574,
              43.055636131052914
            ],
            [
              -87.88540157021693,
              43.055629078151
            ],
            [
              -87.88544905816647,
              43.05551443831737
            ],
            [
              -87.88555883071942,
              43.05540007331764
            ],
            [
              -87.88576023728602,
              43.0552369721665
            ],
            [
              -87.8860117779283,
              43.05500107712298
            ],
            [
              -87.88617208528164,
              43.054802287969686
            ],
            [
              -87.88635079737718,
              43.054530113312914
            ],
            [
              -87.88645361176019,
              43.054310852095114
            ],
            [
              -87.8865195410747,
              43.05408702066062
            ],
            [
              -87.88652516436797,
              43.053924151935995
            ],
            [
              -87.88650013766063,
              43.05372966944949
            ],
            [
              -87.88643461487169,
              43.05363532204337
            ],
            [
              -87.88614508063908,
              43.0534693311949
            ],
            [
              -87.88566856004489,
              43.05355032966032
            ],
            [
              -87.8851786436392,
              43.05360169336463
            ],
            [
              -87.8847239432866,
              43.05362850096154
            ],
            [
              -87.88424932564463,
              43.053634765954534
            ],
            [
              -87.88375286460253,
              43.05367591847693
            ],
            [
              -87.88356647517912,
              43.05369764679732
            ],
            [
              -87.88273417855565,
              43.053869750383484
            ],
            [
              -87.88247216129128,
              43.05394638497995
            ],
            [
              -87.88173078380339,
              43.054312970118794
            ],
            [
              -87.88160485064564,
              43.05438308101376
            ],
            [
              -87.88072968181439,
              43.05504604743936
            ],
            [
              -87.87975324255697,
              43.05577957261537
            ],
            [
              -87.87882803712779,
              43.05645970568452
            ],
            [
              -87.87795720680501,
              43.05715815667755
            ],
            [
              -87.87743878512629,
              43.057569685883045
            ],
            [
              -87.87733600003845,
              43.05767626960543
            ]
          ]
        ]
      }
    },
    {
      "type": "Feature",
      "properties": {
        "placeFips": "5553000",
        "city": "Milwaukee",
        "state": "WI",
        "boundaryType": "aldermanic-district",
        "district": "4",
        "name": "4"
      },
      "geometry": {
        "type": "Polygon",
        "coordinates": [
          [
            [
              -87.87733600003845,
              43.05767626960543
            ],
            [
              -87.87743878512629,
              43.057569685883045
            ],
            [
              -87.87795720680501,
              43.05715815667755
            ],
            [
              -87.87882803712779,
              43.05645970568452
            ],
            [
              -87.87975324255697,
              43.05577957261537
            ],
            [
              -87.88072968181439,
              43.05504604743936
            ],
            [
              -87.88160485064564,
              43.05438308101376
            ],
            [
              -87.88173078380339,
              43.054312970118794
            ],
            [
              -87.88247216129128,
              43.05394638497995
            ],
            [
              -87.88273417855565,
              43.053869750383484
            ],
            [
              -87.88356647517912,
              43.05369764679732
            ],
            [
              -87.88375286460253,
              43.05367591847693
            ],
            [
              -87.88424932564463,
              43.053634765954534
            ],
            [
              -87.8847239432866,
              43.05362850096154
            ],
            [
              -87.8851786436392,
              43.05360169336463
            ],
            [
              -87.88566856004489,
              43.05355032966032
            ],
            [
              -87.88614508063908,
              43.0534693311949
            ],
            [
              -87.88622722731165,
              43.053516425806
            ],
            [
              -87.88643461487169,
              43.05363532204337
            ],
            [
              -87.88650013766063,
              43.05372966944949
            ],
            [
              -87.88652516436797,
              43.053924151935995
            ],
            [
              -87.8865195410747,
              43.05408702066062
            ],
            [
              -87.88645361176019,
              43.054310852095114
            ],
            [
              -87.88635079737718,
              43.054530113312914
            ],
            [
              -87.88617208528164,
              43.054802287969686
            ],
            [
              -87.8860117779283,
              43.05500107712298
            ],
            [
              -87.88576023728602,
              43.0552369721665
            ],
            [
              -87.88555883071942,
              43.05540007331764
            ],
            [
              -87.88544905816647,
              43.05551443831737
            ],
            [
              -87.88540157021693,
              43.055629078151
            ],
            [
              -87.88600893707574,
              43.055636131052914
            ],
            [
              -87.88638962150098,
              43.05561693333752
            ],
            [
              -87.88653385483212,
              43.05557376576438
            ],
            [
              -87.88666264792609,
              43.05552057624167
            ],
            [
              -87.8868012189844,
              43.05540639953413
            ],
            [
              -87.88806089450674,
              43.05407074996549
            ],
            [
              -87.88902494374157,
              43.054593960912825
            ],
            [
              -87.8891702851314,
              43.05444153608903
            ],
            [
              -87.89019515699644,
              43.053366691248925
            ],
            [
              -87.89064212214691,
              43.052923529724936
            ],
            [
              -87.89119149741593,
              43.05236830456219
            ],
            [
              -87.8937227921511,
              43.049710939090396
            ],
            [
              -87.89425422090828,
              43.04915300750834
            ],
            [
              -87.89565629119983,
              43.047680957971366
            ],
            [
              -87.89642732475352,
              43.04687139513085
            ],
            [
              -87.8970082701456,
              43.04626140574041
            ],
            [
              -87.89699243480058,
              43.04687732367515
            ],
            [
              -87.8969615483877,
              43.0480781083904
            ],
            [
              -87.89691924941617,
              43.04972310984615
            ],
            [
              -87.89691735561503,
              43.049796791208244
            ],
            [
              -87.89689912852486,
              43.05050538789606
            ],
            [
              -87.89818007145722,
              43.050518644818155
            ],
            [
              -87.89965414515518,
              43.05052967506024
            ],
            [
              -87.90091563953483,
              43.05053898960392
            ],
            [
              -87.90217573505585,
              43.050548276041866
            ],
            [
              -87.90343185014201,
              43.05055751833432
            ],
            [
              -87.90468890816994,
              43.05056675871761
            ],
            [
              -87.90559667632235,
              43.05057286272903
            ],
            [
              -87.90575854933549,
              43.05059926322001
            ],
            [
              -87.90589777634092,
              43.05064130051019
            ],
            [
              -87.9059398743409,
              43.05065892684868
            ],
            [
              -87.90625096279629,
              43.050790692540545
            ],
            [
              -87.90729048848888,
              43.05137155066992
            ],
            [
              -87.90771133519738,
              43.051606700302635
            ],
            [
              -87.90910991869357,
              43.04994909018574
            ],
            [
              -87.90952526003043,
              43.04972177508916
            ],
            [
              -87.91002303644807,
              43.04944933961908
            ],
            [
              -87.91003391568013,
              43.0494433850309
            ],
            [
              -87.91086806732902,
              43.048986839518065
            ],
            [
              -87.91113239594196,
              43.04884216493234
            ],
            [
              -87.91152163766188,
              43.048637179747935
            ],
            [
              -87.91151698100674,
              43.04863166811239
            ],
            [
              -87.91154540097236,
              43.048615728154175
            ],
            [
              -87.91187972262271,
              43.048428211976315
            ],
            [
              -87.91194105128601,
              43.048387186523726
            ],
            [
              -87.91225983218301,
              43.04817393630854
            ],
            [
              -87.91257130277334,
              43.04789000364596
            ],
            [
              -87.91291854981206,
              43.047464740728046
            ],
            [
              -87.91321591627121,
              43.04691361341098
            ],
            [
              -87.91330064866897,
              43.04667784570207
            ],
            [
              -87.91331376884287,
              43.0465889043706
            ],
            [
              -87.91332014681386,
              43.04639503799879
            ],
            [
              -87.91332604263215,
              43.04621584367377
            ],
            [
              -87.91334294799796,
              43.04570197222846
            ],
            [
              -87.91368241188329,
              43.04570159365558
            ],
            [
              -87.91423357413181,
              43.04569919916242
            ],
            [
              -87.91441204198242,
              43.04569879208794
            ],
            [
              -87.91589053690947,
              43.04570084633597
            ],
            [
              -87.91736121180678,
              43.0457028668729
            ],
            [
              -87.91891371676883,
              43.0457035829842
            ],
            [
              -87.91972764707909,
              43.045721329369606
            ],
            [
              -87.91993236971514,
              43.04572579269403
            ],
            [
              -87.92016434861489,
              43.04573084880817
            ],
            [
              -87.92123710275327,
              43.046267280526266
            ],
            [
              -87.92263488648143,
              43.04696351169376
            ],
            [
              -87.92402543141299,
              43.04765859699918
            ],
            [
              -87.92444333356465,
              43.04786835211205
            ],
            [
              -87.92471707786098,
              43.048000867244895
            ],
            [
              -87.92507420328577,
              43.04814385830403
            ],
            [
              -87.9253811417327,
              43.04824741777239
            ],
            [
              -87.92564551244848,
              43.048320581469845
            ],
            [
              -87.92585921613724,
              43.0483661473056
            ],
            [
              -87.92600958608033,
              43.04839865180117
            ],
            [
              -87.92624727116777,
              43.04844469126047
            ],
            [
              -87.92643402805581,
              43.048469044397436
            ],
            [
              -87.92667687287774,
              43.04849153949486
            ],
            [
              -87.92690406192413,
              43.048507819193624
            ],
            [
              -87.92713510086513,
              43.048521650983666
            ],
            [
              -87.92786176090341,
              43.04854101144441
            ],
            [
              -87.92864550316929,
              43.04853992530726
            ],
            [
              -87.93004700399815,
              43.04854880615587
            ],
            [
              -87.93074405397279,
              43.048551518189974
            ],
            [
              -87.9314401398067,
              43.0485576138828
            ],
            [
              -87.93270946947591,
              43.04856719703803
            ],
            [
              -87.93394081086026,
              43.04857338520618
            ],
            [
              -87.935299256919,
              43.04858192676955
            ],
            [
              -87.93777406673205,
              43.04859903595419
            ],
            [
              -87.93782874320071,
              43.044341954543604
            ],
            [
              -87.93906426444165,
              43.044342242378086
            ],
            [
              -87.93906003767917,
              43.04411096766544
            ],
            [
              -87.93906803808788,
              43.043442967557034
            ],
            [
              -87.9390710379954,
              43.04322096781001
            ],
            [
              -87.93912803800077,
              43.043219967880496
            ],
            [
              -87.93927503792634,
              43.04321996718071
            ],
            [
              -87.93930203804244,
              43.043219967640276
            ],
            [
              -87.93936103738578,
              43.043219967305085
            ],
            [
              -87.93954903774348,
              43.04321996742021
            ],
            [
              -87.94011603674417,
              43.04321996709253
            ],
            [
              -87.94030503704973,
              43.0432209682567
            ],
            [
              -87.94055403709343,
              43.043219967487005
            ],
            [
              -87.94130303777912,
              43.04321996778519
            ],
            [
              -87.94155303651351,
              43.04321996799396
            ],
            [
              -87.94181403637906,
              43.04321996781618
            ],
            [
              -87.9425970370816,
              43.043219967309575
            ],
            [
              -87.9428649837769,
              43.043227646925175
            ],
            [
              -87.94285703701946,
              43.04344196810578
            ],
            [
              -87.94285303623428,
              43.044106967801085
            ],
            [
              -87.94285203712576,
              43.044329967960415
            ],
            [
              -87.94288103644179,
              43.04433496785965
            ],
            [
              -87.94305903681892,
              43.0443349675612
            ],
            [
              -87.94368103621126,
              43.04433496826109
            ],
            [
              -87.94388903637497,
              43.044334968095754
            ],
            [
              -87.94409303670444,
              43.04433496815583
            ],
            [
              -87.94470903620946,
              43.044334968189936
            ],
            [
              -87.94491403584624,
              43.04433496773381
            ],
            [
              -87.94518903585336,
              43.04433496786809
            ],
            [
              -87.94601403575395,
              43.044334967879614
            ],
            [
              -87.94629003582509,
              43.04433596759806
            ],
            [
              -87.94658803532278,
              43.04436196757606
            ],
            [
              -87.9472150357974,
              43.044418967696814
            ],
            [
              -87.94748003568589,
              43.04446596830743
            ],
            [
              -87.94777603482926,
              43.044519968692974
            ],
            [
              -87.9477740345411,
              43.04478896830277
            ],
            [
              -87.94776803476795,
              43.04559596802381
            ],
            [
              -87.9477670358099,
              43.04586596806737
            ],
            [
              -87.94776503427843,
              43.04614696777353
            ],
            [
              -87.94776103405414,
              43.04699096740939
            ],
            [
              -87.94776103449401,
              43.047272967599675
            ],
            [
              -87.9477590348697,
              43.047545967819744
            ],
            [
              -87.94775603456746,
              43.04822996763768
            ],
            [
              -87.94775603412958,
              43.048364967639166
            ],
            [
              -87.94776189279227,
              43.0486473544782
            ],
            [
              -87.94884423516649,
              43.04865277533582
            ],
            [
              -87.95001993763049,
              43.048661411634825
            ],
            [
              -87.95127219911062,
              43.04867059769609
            ],
            [
              -87.95244513681635,
              43.04867918700232
            ],
            [
              -87.95359599374238,
              43.04868760540481
            ],
            [
              -87.95528371261976,
              43.0486999259538
            ],
            [
              -87.95551081503896,
              43.04870150659247
            ],
            [
              -87.95646282081736,
              43.04870851632781
            ],
            [
              -87.95764195732698,
              43.04871710218069
            ],
            [
              -87.95765729355273,
              43.04757218917697
            ],
            [
              -87.9576533464025,
              43.04727443332898
            ],
            [
              -87.95766430522332,
              43.04588651391303
            ],
            [
              -87.95767227960027,
              43.044544391854835
            ],
            [
              -87.95767544750183,
              43.043834180416724
            ],
            [
              -87.9576776679346,
              43.04333582270646
            ],
            [
              -87.95768512213289,
              43.041664585302414
            ],
            [
              -87.9576912010035,
              43.04030125596242
            ],
            [
              -87.95769804415065,
              43.03876673398731
            ],
            [
              -87.95738403305558,
              43.03875596972932
            ],
            [
              -87.9564620324063,
              43.03874996982345
            ],
            [
              -87.95615503372461,
              43.038748969195396
            ],
            [
              -87.95580603289308,
              43.03874596897018
            ],
            [
              -87.9547620336324,
              43.03873896984186
            ],
            [
              -87.95441403419822,
              43.03873696933585
            ],
            [
              -87.95432503415,
              43.038735969324726
            ],
            [
              -87.95406003339852,
              43.038733970124994
            ],
            [
              -87.95397203354892,
              43.038733969314606
            ],
            [
              -87.95381403431945,
              43.03873196925901
            ],
            [
              -87.95334003449152,
              43.038728968892904
            ],
            [
              -87.95318303385662,
              43.03872896960159
            ],
            [
              -87.9530930345639,
              43.038727969543324
            ],
            [
              -87.95282303391654,
              43.038725969276996
            ],
            [
              -87.95273303429931,
              43.03872596931383
            ],
            [
              -87.95248503422962,
              43.038723969154525
            ],
            [
              -87.95174103396717,
              43.03871796993001
            ],
            [
              -87.95149403404983,
              43.038716968906115
            ],
            [
              -87.95134003426166,
              43.03871496904539
            ],
            [
              -87.95088003480743,
              43.03871196940166
            ],
            [
              -87.9507270347894,
              43.03871196949561
            ],
            [
              -87.95065303447531,
              43.0387109695693
            ],
            [
              -87.95043203453251,
              43.038709969412615
            ],
            [
              -87.95035903558167,
              43.03870996882606
            ],
            [
              -87.95026203541826,
              43.038708969064054
            ],
            [
              -87.94997103494707,
              43.038705969281494
            ],
            [
              -87.94987503488738,
              43.03870596960225
            ],
            [
              -87.94974103440104,
              43.03870496935134
            ],
            [
              -87.94933903536165,
              43.03870196949497
            ],
            [
              -87.94920503572726,
              43.03870196901451
            ],
            [
              -87.94916503556425,
              43.03870096917409
            ],
            [
              -87.94904803537565,
              43.038700969032
            ],
            [
              -87.94900903532282,
              43.03870096865789
            ],
            [
              -87.94874903563978,
              43.038698968961434
            ],
            [
              -87.94797003584739,
              43.03869296903234
            ],
            [
              -87.94771103622737,
              43.03869196919235
            ],
            [
              -87.94771203585827,
              43.03845096946175
            ],
            [
              -87.94771603603759,
              43.037731969164305
            ],
            [
              -87.94771803569924,
              43.03749196895105
            ],
            [
              -87.94771903511518,
              43.03721796901001
            ],
            [
              -87.94772503584775,
              43.03639896959968
            ],
            [
              -87.94772703648522,
              43.036125969193655
            ],
            [
              -87.94772803584596,
              43.03585496949051
            ],
            [
              -87.94773403598369,
              43.03504296911206
            ],
            [
              -87.94773895792497,
              43.03487685402212
            ],
            [
              -87.94774178423764,
              43.03478147831208
            ],
            [
              -87.94638367716045,
              43.03477881641489
            ],
            [
              -87.94583330535873,
              43.03503807926923
            ],
            [
              -87.94548770449835,
              43.03517477651653
            ],
            [
              -87.94499442783399,
              43.03533946583862
            ],
            [
              -87.94446246982058,
              43.03552800230918
            ],
            [
              -87.94388411998389,
              43.03563189598316
            ],
            [
              -87.94330722108985,
              43.03569293493737
            ],
            [
              -87.94282961407366,
              43.03569858543405
            ],
            [
              -87.94235248863072,
              43.03568994995078
            ],
            [
              -87.94169179240012,
              43.03563510522636
            ],
            [
              -87.94100189417622,
              43.035579726808
            ],
            [
              -87.9402326484078,
              43.035565790853184
            ],
            [
              -87.93924846311151,
              43.0355693973812
            ],
            [
              -87.93791454340611,
              43.03561487844053
            ],
            [
              -87.93292304874895,
              43.03558970150178
            ],
            [
              -87.93293308633744,
              43.034755964820434
            ],
            [
              -87.93294608268371,
              43.03389641036891
            ],
            [
              -87.93296582203163,
              43.032819101861854
            ],
            [
              -87.9329665158894,
              43.03278123553654
            ],
            [
              -87.93297693650815,
              43.03202899128964
            ],
            [
              -87.93298425441935,
              43.031708958270066
            ],
            [
              -87.93298330244221,
              43.031434392213825
            ],
            [
              -87.93286270773372,
              43.03143149771179
            ],
            [
              -87.93242404052634,
              43.031420969259884
            ],
            [
              -87.9307670412759,
              43.031406969838635
            ],
            [
              -87.93021504162056,
              43.0314029688935
            ],
            [
              -87.92922704205527,
              43.03139696963721
            ],
            [
              -87.92626504330448,
              43.031380969304614
            ],
            [
              -87.92527804295337,
              43.03137596874292
            ],
            [
              -87.92501704272804,
              43.03137496835605
            ],
            [
              -87.92476404367119,
              43.031372968982694
            ],
            [
              -87.92322204440802,
              43.03136096894655
            ],
            [
              -87.92319404410654,
              43.03136096880951
            ],
            [
              -87.92301604393974,
              43.031358968947416
            ],
            [
              -87.92288704351743,
              43.03135796867596
            ],
            [
              -87.92270904377109,
              43.031356968736
            ],
            [
              -87.92263804466123,
              43.03135596923281
            ],
            [
              -87.9226290439358,
              43.03153396878667
            ],
            [
              -87.92262904350312,
              43.03169596892112
            ],
            [
              -87.92262604377422,
              43.03180596840988
            ],
            [
              -87.92271958465474,
              43.03211091659885
            ],
            [
              -87.92189222627272,
              43.032118935108294
            ],
            [
              -87.92068600162085,
              43.03244455751046
            ],
            [
              -87.9202643243696,
              43.032619048453775
            ],
            [
              -87.91969925886953,
              43.03285286180125
            ],
            [
              -87.91907667963652,
              43.03311048538166
            ],
            [
              -87.91863311620197,
              43.03315301446339
            ],
            [
              -87.9181848724583,
              43.033195990973375
            ],
            [
              -87.91496687730718,
              43.033072964862356
            ],
            [
              -87.91463711752974,
              43.03307447308824
            ],
            [
              -87.91420715520238,
              43.03299288437932
            ],
            [
              -87.91246520700815,
              43.03252157259949
            ],
            [
              -87.91186838119972,
              43.032286203098344
            ],
            [
              -87.91072663164259,
              43.031888485792656
            ],
            [
              -87.91059109583297,
              43.03158712727257
            ],
            [
              -87.91042132849864,
              43.03136345495056
            ],
            [
              -87.90996324751646,
              43.03116276445216
            ],
            [
              -87.90876494938087,
              43.03072246725026
            ],
            [
              -87.90749683524983,
              43.030075841124486
            ],
            [
              -87.90623956573837,
              43.02919650846385
            ],
            [
              -87.90483998327382,
              43.02805169359258
            ],
            [
              -87.90483814972184,
              43.02780834892091
            ],
            [
              -87.90483739443219,
              43.027708108494224
            ],
            [
              -87.90359668022028,
              43.02615285692944
            ],
            [
              -87.90326918609264,
              43.025617053122325
            ],
            [
              -87.90289586533663,
              43.02541190037838
            ],
            [
              -87.90265475731364,
              43.02536746045623
            ],
            [
              -87.90066675480661,
              43.02500102055921
            ],
            [
              -87.89865570263834,
              43.02463029235358
            ],
            [
              -87.89875644728343,
              43.02503591624334
            ],
            [
              -87.89864619479985,
              43.02504577642117
            ],
            [
              -87.89617284647758,
              43.025266957358845
            ],
            [
              -87.89594152909828,
              43.025915649091665
            ],
            [
              -87.8959135052683,
              43.02870529709149
            ],
            [
              -87.89578424350768,
              43.02870290412937
            ],
            [
              -87.89566579480545,
              43.02880865217481
            ],
            [
              -87.8956622317805,
              43.02891224911324
            ],
            [
              -87.8955613614936,
              43.02902052501585
            ],
            [
              -87.8954430636335,
              43.02912200118555
            ],
            [
              -87.89520209011029,
              43.02919528513234
            ],
            [
              -87.89482694777284,
              43.0293179182853
            ],
            [
              -87.89468239299374,
              43.029412426813714
            ],
            [
              -87.89436502154928,
              43.02965274720325
            ],
            [
              -87.89435878222774,
              43.02983404423834
            ],
            [
              -87.89414776225502,
              43.03006338028611
            ],
            [
              -87.89401283284381,
              43.03039130639468
            ],
            [
              -87.89390584611263,
              43.03093356017797
            ],
            [
              -87.89388489473062,
              43.031542198408154
            ],
            [
              -87.89402081446228,
              43.03221205294864
            ],
            [
              -87.89445437521557,
              43.03295869099471
            ],
            [
              -87.894637692211,
              43.0337913987759
            ],
            [
              -87.89478926887747,
              43.03451985270027
            ],
            [
              -87.89469835864638,
              43.035006603727695
            ],
            [
              -87.89469204448429,
              43.03519008832513
            ],
            [
              -87.89476514723705,
              43.035284798519484
            ],
            [
              -87.89487113309143,
              43.03528676133555
            ],
            [
              -87.8950043770211,
              43.03523632719035
            ],
            [
              -87.89501069022158,
              43.035052843475974
            ],
            [
              -87.89511163931063,
              43.03458481666957
            ],
            [
              -87.89525414718665,
              43.0343882949832
            ],
            [
              -87.89546680347136,
              43.03424908458947
            ],
            [
              -87.89574091030188,
              43.034173248913525
            ],
            [
              -87.89605779873584,
              43.03421023701138
            ],
            [
              -87.89622174770298,
              43.034253722477615
            ],
            [
              -87.89634469006486,
              43.03425599777448
            ],
            [
              -87.8964699872423,
              43.0341898568794
            ],
            [
              -87.89653468728187,
              43.03403545949775
            ],
            [
              -87.89630797368709,
              43.03372007461252
            ],
            [
              -87.89618885041948,
              43.033360001983645
            ],
            [
              -87.89624254035824,
              43.03315561133424
            ],
            [
              -87.89644865457265,
              43.032743552525545
            ],
            [
              -87.89678099267485,
              43.03247656430247
            ],
            [
              -87.89706554117275,
              43.032373604466784
            ],
            [
              -87.89716878484056,
              43.032231213328394
            ],
            [
              -87.89717374134612,
              43.03208700475006
            ],
            [
              -87.8971774586868,
              43.031978848990164
            ],
            [
              -87.8970197010822,
              43.03186770675458
            ],
            [
              -87.89674943673093,
              43.03175963494808
            ],
            [
              -87.89634914953484,
              43.03155123911886
            ],
            [
              -87.89599328881879,
              43.031276667767834
            ],
            [
              -87.89566274444041,
              43.03087887766308
            ],
            [
              -87.89553072346915,
              43.030428074255376
            ],
            [
              -87.89554524970505,
              43.030005750509176
            ],
            [
              -87.89573982598982,
              43.02965890993179
            ],
            [
              -87.89594961773719,
              43.029482419341775
            ],
            [
              -87.89610026605507,
              43.029325514359016
            ],
            [
              -87.89615272437592,
              43.02919147228792
            ],
            [
              -87.89627191693575,
              43.02915047469605
            ],
            [
              -87.89687628436978,
              43.029129256318974
            ],
            [
              -87.89716826854266,
              43.02909415535216
            ],
            [
              -87.89729186980796,
              43.02905824208851
            ],
            [
              -87.89757205250044,
              43.02923147657458
            ],
            [
              -87.89779588942925,
              43.02942080744756
            ],
            [
              -87.89796974274681,
              43.02962067354941
            ],
            [
              -87.89809593259835,
              43.02982247907788
            ],
            [
              -87.89818986935144,
              43.030052254906316
            ],
            [
              -87.89823822099918,
              43.03029315655187
            ],
            [
              -87.8982390391192,
              43.03052785395962
            ],
            [
              -87.89809939716382,
              43.031240665215364
            ],
            [
              -87.89741923526945,
              43.03412957859012
            ],
            [
              -87.89735540807598,
              43.03431628731596
            ],
            [
              -87.89719748447133,
              43.034414105953736
            ],
            [
              -87.89711277364255,
              43.034411048613606
            ],
            [
              -87.89686891274586,
              43.034337359717675
            ],
            [
              -87.8967032017697,
              43.034277910882174
            ],
            [
              -87.89652214710561,
              43.034324144966135
            ],
            [
              -87.89647226397823,
              43.03444248506176
            ],
            [
              -87.89650909005472,
              43.03452739579873
            ],
            [
              -87.89665561611187,
              43.034696938565006
            ],
            [
              -87.89680023295918,
              43.03498631227669
            ],
            [
              -87.89683291489393,
              43.035256101917206
            ],
            [
              -87.89683514265613,
              43.03551234175632
            ],
            [
              -87.89676495747413,
              43.03575556743614
            ],
            [
              -87.89674445859919,
              43.035966416365916
            ],
            [
              -87.89674890510112,
              43.03609391090003
            ],
            [
              -87.8968274680517,
              43.0362495859107
            ],
            [
              -87.89686577402853,
              43.036291422804275
            ],
            [
              -87.8969882394671,
              43.036326081389184
            ],
            [
              -87.8970362371326,
              43.03638155838631
            ],
            [
              -87.89698741071469,
              43.03660237175601
            ],
            [
              -87.89520389317953,
              43.03670046124972
            ],
            [
              -87.89514242295344,
              43.03674004065469
            ],
            [
              -87.89500585469564,
              43.03734443617361
            ],
            [
              -87.8946688615665,
              43.03734675336929
            ],
            [
              -87.89458288823438,
              43.03737195317183
            ],
            [
              -87.89439920498562,
              43.03746453303741
            ],
            [
              -87.89417107281453,
              43.03750691286569
            ],
            [
              -87.89396471483474,
              43.03743372804706
            ],
            [
              -87.89388834670774,
              43.03734518441423
            ],
            [
              -87.89389194533375,
              43.0371529736588
            ],
            [
              -87.89407437649564,
              43.03629461861092
            ],
            [
              -87.89407816087412,
              43.03602075096464
            ],
            [
              -87.89427386499773,
              43.03502624354706
            ],
            [
              -87.89426081763925,
              43.03494061634871
            ],
            [
              -87.89422409984164,
              43.034895830146276
            ],
            [
              -87.89413918767006,
              43.03485056891634
            ],
            [
              -87.89399971558078,
              43.03484362231332
            ],
            [
              -87.89390509619679,
              43.03488148562232
            ],
            [
              -87.89386102605458,
              43.03492287605432
            ],
            [
              -87.89383155619228,
              43.03497595564295
            ],
            [
              -87.89377341670134,
              43.035189008068194
            ],
            [
              -87.89362547554062,
              43.035820983953435
            ],
            [
              -87.89333925126668,
              43.03715718922876
            ],
            [
              -87.8933669351034,
              43.03741874736241
            ],
            [
              -87.89348217304574,
              43.037594045482564
            ],
            [
              -87.8937042796529,
              43.037757753820465
            ],
            [
              -87.89405893212732,
              43.03786970635986
            ],
            [
              -87.8949500256299,
              43.03791275617521
            ],
            [
              -87.89671860961688,
              43.037817996420934
            ],
            [
              -87.89662414573165,
              43.0384864915295
            ],
            [
              -87.8964130287193,
              43.03933967645852
            ],
            [
              -87.89626857097639,
              43.03981685269615
            ],
            [
              -87.89618846045204,
              43.040030277621376
            ],
            [
              -87.89604584265906,
              43.04041024057858
            ],
            [
              -87.89573373426754,
              43.041127247391316
            ],
            [
              -87.89549284476132,
              43.041592966041286
            ],
            [
              -87.89503642965198,
              43.04247534218945
            ],
            [
              -87.89462657176983,
              43.042475021182746
            ],
            [
              -87.89388459613852,
              43.04247443725533
            ],
            [
              -87.89212165676764,
              43.042473711189615
            ],
            [
              -87.89054160562519,
              43.04256244024512
            ],
            [
              -87.88892496298841,
              43.04281680440862
            ],
            [
              -87.88848509112415,
              43.042956481133494
            ],
            [
              -87.88729783266344,
              43.04334341867699
            ],
            [
              -87.88648914744321,
              43.043878970083156
            ],
            [
              -87.88602531940572,
              43.04420785054457
            ],
            [
              -87.8848832682156,
              43.04528333511015
            ],
            [
              -87.88463501943991,
              43.04552734748362
            ],
            [
              -87.88393398381369,
              43.04622637849181
            ],
            [
              -87.88178681295621,
              43.046152101025264
            ],
            [
              -87.88177835786534,
              43.04630110046762
            ],
            [
              -87.88629940419011,
              43.04646904299798
            ],
            [
              -87.88797006467912,
              43.04482210670452
            ],
            [
              -87.88955192800145,
              43.045684305657566
            ],
            [
              -87.88987918503678,
              43.04586367506808
            ],
            [
              -87.88854432743807,
              43.04717962484706
            ],
            [
              -87.88863626070976,
              43.047658327954586
            ],
            [
              -87.88939373825559,
              43.04807325879774
            ],
            [
              -87.88703815347475,
              43.05040767195118
            ],
            [
              -87.88769408011392,
              43.05084137742352
            ],
            [
              -87.88749616661413,
              43.05098692379358
            ],
            [
              -87.88767331846292,
              43.051101054626876
            ],
            [
              -87.88748442907317,
              43.05124221954124
            ],
            [
              -87.8873111964488,
              43.05112193909865
            ],
            [
              -87.88664590650791,
              43.05161802976302
            ],
            [
              -87.887146365766,
              43.05289576360715
            ],
            [
              -87.88708423042299,
              43.052981444319116
            ],
            [
              -87.88680678493209,
              43.053035607643835
            ],
            [
              -87.88670005390377,
              43.05299618493433
            ],
            [
              -87.88610264552173,
              43.05154486056471
            ],
            [
              -87.88581085420331,
              43.05158617079563
            ],
            [
              -87.88551788768405,
              43.051667109058876
            ],
            [
              -87.8854543806572,
              43.05168038393696
            ],
            [
              -87.88538728737312,
              43.051435177741375
            ],
            [
              -87.88527434976801,
              43.05113395248193
            ],
            [
              -87.88375238672106,
              43.05144182964455
            ],
            [
              -87.88354122479635,
              43.05090803350308
            ],
            [
              -87.88274221147681,
              43.051068779049196
            ],
            [
              -87.8827857763964,
              43.05119268705239
            ],
            [
              -87.88224180444607,
              43.05130403532112
            ],
            [
              -87.88218561534538,
              43.0511564170726
            ],
            [
              -87.88198567003289,
              43.05119772001963
            ],
            [
              -87.87977970199597,
              43.047774398033305
            ],
            [
              -87.87971681407953,
              43.04765272345777
            ],
            [
              -87.87968085689981,
              43.04752529920799
            ],
            [
              -87.87967272781681,
              43.04739531255554
            ],
            [
              -87.87969263211355,
              43.04726600988259
            ],
            [
              -87.88038015734797,
              43.044704586152136
            ],
            [
              -87.8802274733316,
              43.04468243634664
            ],
            [
              -87.87955421082451,
              43.047204768113446
            ],
            [
              -87.87953503261,
              43.04735005751197
            ],
            [
              -87.87954609712531,
              43.04749580109163
            ],
            [
              -87.87958715785089,
              43.0476386328371
            ],
            [
              -87.87965726011144,
              43.04777524914174
            ],
            [
              -87.88170641472273,
              43.05100745789369
            ],
            [
              -87.88189755695997,
              43.05129958604285
            ],
            [
              -87.8819232771294,
              43.051327905460425
            ],
            [
              -87.8819871315803,
              43.05144115666363
            ],
            [
              -87.88203718066518,
              43.051509257547664
            ],
            [
              -87.88207050194367,
              43.051578977399664
            ],
            [
              -87.88210535424045,
              43.05163600862073
            ],
            [
              -87.8821383733703,
              43.05167892795938
            ],
            [
              -87.8821780620087,
              43.051738734397034
            ],
            [
              -87.88224632503943,
              43.05185784667267
            ],
            [
              -87.88227816608446,
              43.051921994778674
            ],
            [
              -87.88229035863549,
              43.0519630287147
            ],
            [
              -87.88229476729869,
              43.05200716111797
            ],
            [
              -87.88229136049831,
              43.052053459429764
            ],
            [
              -87.88228046522703,
              43.052095280775156
            ],
            [
              -87.88226052659616,
              43.0521267144157
            ],
            [
              -87.8822471284778,
              43.05215822845002
            ],
            [
              -87.88221610682072,
              43.05219360496039
            ],
            [
              -87.88217995756808,
              43.052215080170974
            ],
            [
              -87.88212825889721,
              43.05225459362213
            ],
            [
              -87.88207186791945,
              43.052290151291416
            ],
            [
              -87.88196906414257,
              43.052361530757985
            ],
            [
              -87.8818785927049,
              43.05241274184141
            ],
            [
              -87.88179893581322,
              43.052464426257345
            ],
            [
              -87.88170856992328,
              43.05252984656894
            ],
            [
              -87.88163721528939,
              43.05257764159779
            ],
            [
              -87.88154298165472,
              43.052652408494524
            ],
            [
              -87.88147220398074,
              43.0527131384172
            ],
            [
              -87.88145785287696,
              43.05274354235839
            ],
            [
              -87.88146751011092,
              43.0527771490134
            ],
            [
              -87.88148590198963,
              43.05280410645939
            ],
            [
              -87.88151896430145,
              43.05283298776786
            ],
            [
              -87.88155552340541,
              43.052846810158385
            ],
            [
              -87.88159171704385,
              43.05283165716314
            ],
            [
              -87.8816511972597,
              43.0528046692808
            ],
            [
              -87.88169423881652,
              43.05277288724908
            ],
            [
              -87.8817490841382,
              43.052727024959836
            ],
            [
              -87.88183759084016,
              43.052795351593936
            ],
            [
              -87.88191734172013,
              43.05291480501321
            ],
            [
              -87.88192722822228,
              43.05303295698211
            ],
            [
              -87.88187353434513,
              43.05317044056911
            ],
            [
              -87.8817632429815,
              43.05332738757789
            ],
            [
              -87.88164075090052,
              43.053432817227886
            ],
            [
              -87.88142584851411,
              43.05358268507796
            ],
            [
              -87.88130548864301,
              43.05362660345161
            ],
            [
              -87.88117867662017,
              43.05365501448106
            ],
            [
              -87.88096228559414,
              43.053645854838415
            ],
            [
              -87.88090693228826,
              43.05362943447072
            ],
            [
              -87.88086560323559,
              43.053588479587205
            ],
            [
              -87.88086529841014,
              43.053557515328826
            ],
            [
              -87.8809767754829,
              43.05343376133621
            ],
            [
              -87.88094774767644,
              43.05338667220216
            ],
            [
              -87.88089397389271,
              43.05337963699743
            ],
            [
              -87.88085127972855,
              43.05339176465846
            ],
            [
              -87.88076295064158,
              43.053472999108436
            ],
            [
              -87.88067945891804,
              43.05354106083782
            ],
            [
              -87.88057828252886,
              43.05363662687731
            ],
            [
              -87.88052920106198,
              43.05364083921774
            ],
            [
              -87.8804797642,
              43.0536553065101
            ],
            [
              -87.88045774179375,
              43.05368567179443
            ],
            [
              -87.88044844536033,
              43.05375217637844
            ],
            [
              -87.88037680838701,
              43.0538021309911
            ],
            [
              -87.88010146147857,
              43.05401516402469
            ],
            [
              -87.88002220456232,
              43.054084429817706
            ],
            [
              -87.88005115085278,
              43.05413623336197
            ],
            [
              -87.8801120990673,
              43.054151723824816
            ],
            [
              -87.88015742744165,
              43.05413411493705
            ],
            [
              -87.88018538330174,
              43.054163199480705
            ],
            [
              -87.88019976780963,
              43.054238672840604
            ],
            [
              -87.88017703937268,
              43.05428277307791
            ],
            [
              -87.88014103842396,
              43.054318653234176
            ],
            [
              -87.88000333548968,
              43.05447167848218
            ],
            [
              -87.87991669015064,
              43.054582404836
            ],
            [
              -87.87966834067105,
              43.05484277659344
            ],
            [
              -87.87948566079456,
              43.05497353980684
            ],
            [
              -87.87888295124749,
              43.055371245344716
            ],
            [
              -87.87875490967322,
              43.055439958662824
            ],
            [
              -87.8785291446309,
              43.05553260713605
            ],
            [
              -87.87849113844001,
              43.05552695094826
            ],
            [
              -87.87850505310749,
              43.05544971996886
            ],
            [
              -87.87848345241146,
              43.0554245886251
            ],
            [
              -87.87842361951847,
              43.05540038999087
            ],
            [
              -87.87837847623982,
              43.05540614355393
            ],
            [
              -87.87834214541125,
              43.05541700683386
            ],
            [
              -87.8782763395337,
              43.05545366298725
            ],
            [
              -87.87822896850628,
              43.05548660563199
            ],
            [
              -87.87819303513615,
              43.05551676766405
            ],
            [
              -87.87815460663022,
              43.055562854524794
            ],
            [
              -87.87811689180111,
              43.05559587285734
            ],
            [
              -87.87808449499146,
              43.055624754667974
            ],
            [
              -87.87803883089661,
              43.05566292562519
            ],
            [
              -87.87800447730037,
              43.055706795017535
            ],
            [
              -87.87795226813051,
              43.05574631154613
            ],
            [
              -87.87792226382605,
              43.0557725564017
            ],
            [
              -87.87790162216326,
              43.05581962164813
            ],
            [
              -87.87786464894383,
              43.055851288649635
            ],
            [
              -87.87782532211783,
              43.055908706196576
            ],
            [
              -87.87782342449833,
              43.05597255818232
            ],
            [
              -87.87784170411693,
              43.056023788639074
            ],
            [
              -87.8778417807675,
              43.05606001093874
            ],
            [
              -87.87784735690748,
              43.05609837090523
            ],
            [
              -87.8778611019021,
              43.056269032538694
            ],
            [
              -87.8778505581256,
              43.056336180017276
            ],
            [
              -87.87782169875098,
              43.05638869452973
            ],
            [
              -87.87774219385183,
              43.05646798528629
            ],
            [
              -87.87766870399572,
              43.05652188462149
            ],
            [
              -87.87755316320273,
              43.056599188004526
            ],
            [
              -87.87745945795358,
              43.05666314618071
            ],
            [
              -87.87736223175335,
              43.05673514086839
            ],
            [
              -87.87731899864099,
              43.05677413493031
            ],
            [
              -87.87724086582486,
              43.056820867039605
            ],
            [
              -87.87714339625427,
              43.056905023077405
            ],
            [
              -87.87708955754948,
              43.05695921057316
            ],
            [
              -87.8770706422834,
              43.05698421070412
            ],
            [
              -87.87702495585994,
              43.05703351861472
            ],
            [
              -87.87697931377308,
              43.057077019389396
            ],
            [
              -87.87695680988827,
              43.05711158198872
            ],
            [
              -87.87691876790683,
              43.05712794349461
            ],
            [
              -87.87687646587902,
              43.057168823229354
            ],
            [
              -87.87684366024267,
              43.05721333080848
            ],
            [
              -87.87681583703971,
              43.05723582068945
            ],
            [
              -87.87677567665834,
              43.057255224859944
            ],
            [
              -87.87671281856788,
              43.057291282366904
            ],
            [
              -87.8765704943537,
              43.0573729300468
            ],
            [
              -87.87645818015436,
              43.05745436988904
            ],
            [
              -87.87638186585832,
              43.0575091944839
            ],
            [
              -87.87628177393573,
              43.05757501977121
            ],
            [
              -87.87621313508237,
              43.05759626188719
            ],
            [
              -87.87615348303014,
              43.05762562284538
            ],
            [
              -87.87611640162734,
              43.0576360905326
            ],
            [
              -87.87606286296827,
              43.057645634010065
            ],
            [
              -87.87599776227638,
              43.05766824054307
            ],
            [
              -87.87590254135797,
              43.05771539006475
            ],
            [
              -87.87570194850794,
              43.05784932016201
            ],
            [
              -87.87554551475397,
              43.05798444410951
            ],
            [
              -87.87547759611456,
              43.05812915553011
            ],
            [
              -87.87544785795916,
              43.05819645478399
            ],
            [
              -87.87541336029834,
              43.0582778500095
            ],
            [
              -87.87536402666582,
              43.05839425154923
            ],
            [
              -87.87534012710901,
              43.05845851907045
            ],
            [
              -87.87530522583324,
              43.058595846728345
            ],
            [
              -87.8752761658463,
              43.05874420696446
            ],
            [
              -87.87526131629492,
              43.058874539022014
            ],
            [
              -87.87521065100654,
              43.058996163487656
            ],
            [
              -87.87514983729884,
              43.0591055925106
            ],
            [
              -87.8750837400225,
              43.059200614510594
            ],
            [
              -87.87505348076178,
              43.05923930721638
            ],
            [
              -87.87502540713847,
              43.059294863098316
            ],
            [
              -87.87498598749065,
              43.05936915887701
            ],
            [
              -87.87495726113399,
              43.059418333612406
            ],
            [
              -87.87489497418538,
              43.05950765388457
            ],
            [
              -87.87485680395686,
              43.05955782540945
            ],
            [
              -87.87483045608884,
              43.05960258279883
            ],
            [
              -87.87479830809168,
              43.059645188650464
            ],
            [
              -87.87475473009575,
              43.05971604973914
            ],
            [
              -87.87470723563598,
              43.05977854170457
            ],
            [
              -87.87469417537547,
              43.059797417028484
            ],
            [
              -87.87464952008405,
              43.05986195564596
            ],
            [
              -87.87462435175398,
              43.05990693403802
            ],
            [
              -87.87460051743771,
              43.059952465926195
            ],
            [
              -87.87456266470011,
              43.06004337818148
            ],
            [
              -87.87586522915538,
              43.06006610782264
            ],
            [
              -87.8759774502788,
              43.05988942901305
            ],
            [
              -87.87606998445777,
              43.05970616925568
            ],
            [
              -87.87623292157242,
              43.059417854211404
            ],
            [
              -87.87638862280396,
              43.05910956226307
            ],
            [
              -87.8765121069882,
              43.058880630890584
            ],
            [
              -87.87658570420584,
              43.05870654486989
            ],
            [
              -87.8767391644998,
              43.058435247336234
            ],
            [
              -87.8768076924156,
              43.058315177685834
            ],
            [
              -87.87700355623237,
              43.058058154978895
            ],
            [
              -87.87723197701989,
              43.05778638423427
            ],
            [
              -87.87733600003845,
              43.05767626960543
            ]
          ]
        ]
      }
    },
    {
      "type": "Feature",
      "properties": {
        "placeFips": "5553000",
        "city": "Milwaukee",
        "state": "WI",
        "boundaryType": "aldermanic-district",
        "district": "5",
        "name": "5"
      },
      "geometry": {
        "type": "Polygon",
        "coordinates": [
          [
            [
              -88.04510571582057,
              43.148396304389514
            ],
            [
              -88.04564116796972,
              43.14839912183278
            ],
            [
              -88.04632155200156,
              43.14838722117366
            ],
            [
              -88.04658018157657,
              43.14838603621469
            ],
            [
              -88.04679643849215,
              43.14838833623222
            ],
            [
              -88.04729677965724,
              43.148342179468436
            ],
            [
              -88.04791747423138,
              43.148253054659975
            ],
            [
              -88.04839696536354,
              43.14815323269275
            ],
            [
              -88.048758752094,
              43.14805727133939
            ],
            [
              -88.04898626460628,
              43.147986681324795
            ],
            [
              -88.05016414234746,
              43.14761730334133
            ],
            [
              -88.05086893136098,
              43.14739230831405
            ],
            [
              -88.05140150675285,
              43.14723091930547
            ],
            [
              -88.05156092390551,
              43.14719801812244
            ],
            [
              -88.05200729434131,
              43.14710589745946
            ],
            [
              -88.05272620391456,
              43.14697458648624
            ],
            [
              -88.05328215303828,
              43.14696973019948
            ],
            [
              -88.05414654359694,
              43.14695775724567
            ],
            [
              -88.05475144846764,
              43.14698712694136
            ],
            [
              -88.05510116391375,
              43.146984255617106
            ],
            [
              -88.0552473697289,
              43.146989394511806
            ],
            [
              -88.05640947398422,
              43.147015706236175
            ],
            [
              -88.05672107051875,
              43.147037461060556
            ],
            [
              -88.05704551101763,
              43.14709741492526
            ],
            [
              -88.05726191457339,
              43.14715915397607
            ],
            [
              -88.05749688549055,
              43.14724943507917
            ],
            [
              -88.05765911450327,
              43.147330713886
            ],
            [
              -88.05802092601304,
              43.14755839717432
            ],
            [
              -88.05820176440848,
              43.14770054814688
            ],
            [
              -88.05831309127483,
              43.147754832175885
            ],
            [
              -88.05842282479774,
              43.147832237397516
            ],
            [
              -88.05863466045228,
              43.14794250777292
            ],
            [
              -88.05887001627222,
              43.14801967634608
            ],
            [
              -88.05900244258996,
              43.14804990209806
            ],
            [
              -88.05941116503341,
              43.14808156827917
            ],
            [
              -88.05954789555796,
              43.148082159726535
            ],
            [
              -88.06113903833683,
              43.14804309863168
            ],
            [
              -88.06260651518625,
              43.148009569152556
            ],
            [
              -88.06440216887381,
              43.1479643900448
            ],
            [
              -88.06460840128378,
              43.14128908546677
            ],
            [
              -88.06474006096583,
              43.14075135042578
            ],
            [
              -88.0649106456338,
              43.13555961548774
            ],
            [
              -88.06493639236923,
              43.134776001193
            ],
            [
              -88.0649769560404,
              43.13354138822557
            ],
            [
              -88.06505349521082,
              43.13139487750258
            ],
            [
              -88.06510371094538,
              43.129986601741315
            ],
            [
              -88.06498971020258,
              43.1301112308256
            ],
            [
              -88.06512302584879,
              43.12633988169306
            ],
            [
              -88.06514713046411,
              43.125417818038265
            ],
            [
              -88.06526334622491,
              43.12541935053072
            ],
            [
              -88.06526980704518,
              43.12541943508998
            ],
            [
              -88.06823052719315,
              43.12545845543818
            ],
            [
              -88.07023778586259,
              43.125484865421434
            ],
            [
              -88.07034265388913,
              43.122760677931964
            ],
            [
              -88.07074908525091,
              43.12238753725818
            ],
            [
              -88.07101589732996,
              43.121532240725784
            ],
            [
              -88.06842352149825,
              43.1210029674429
            ],
            [
              -88.06546732465125,
              43.12039933190988
            ],
            [
              -88.06551667021981,
              43.119096588070995
            ],
            [
              -88.06559987132971,
              43.11696966538431
            ],
            [
              -88.06570019975928,
              43.11440187123432
            ],
            [
              -88.0657360349881,
              43.11348491045018
            ],
            [
              -88.06579468389738,
              43.111988836000954
            ],
            [
              -88.0660152429993,
              43.10472837551789
            ],
            [
              -88.06602453082552,
              43.10421882215496
            ],
            [
              -88.06413205875724,
              43.10423654751323
            ],
            [
              -88.06309664547865,
              43.104239569510845
            ],
            [
              -88.06107932056328,
              43.104251030974666
            ],
            [
              -88.05990761538767,
              43.10425627565614
            ],
            [
              -88.05806860694322,
              43.10427244872207
            ],
            [
              -88.054760126088,
              43.10428634802425
            ],
            [
              -88.05288298589223,
              43.10429737102755
            ],
            [
              -88.04916852430304,
              43.1043190962569
            ],
            [
              -88.04592802414354,
              43.104341070211774
            ],
            [
              -88.04465102926811,
              43.1043478035212
            ],
            [
              -88.04341337369104,
              43.10435739206737
            ],
            [
              -88.04218163034861,
              43.10436848248703
            ],
            [
              -88.04078482589546,
              43.10437329999649
            ],
            [
              -88.04078613430346,
              43.10423610169694
            ],
            [
              -88.03819877621046,
              43.10425309272801
            ],
            [
              -88.03819720289071,
              43.10441772926639
            ],
            [
              -88.03761674809053,
              43.10442153316522
            ],
            [
              -88.03757956575645,
              43.10439435255064
            ],
            [
              -88.03690272852035,
              43.104397990408124
            ],
            [
              -88.03690420452874,
              43.104244332675385
            ],
            [
              -88.03263220907215,
              43.10426720595077
            ],
            [
              -88.0326296849468,
              43.10442087089732
            ],
            [
              -88.02751916885003,
              43.10444802480484
            ],
            [
              -88.02757083083321,
              43.10131773796786
            ],
            [
              -88.02759995354023,
              43.09955293353403
            ],
            [
              -88.02761572887148,
              43.09859711175694
            ],
            [
              -88.02764436001164,
              43.096981469203605
            ],
            [
              -88.02766336743507,
              43.095067661134905
            ],
            [
              -88.0276893364787,
              43.09331763551164
            ],
            [
              -88.02769595273928,
              43.09162044108149
            ],
            [
              -88.02771020505541,
              43.0901937643875
            ],
            [
              -88.02902364789539,
              43.0901912327517
            ],
            [
              -88.0296400586017,
              43.09019624698825
            ],
            [
              -88.029639455436,
              43.090666597817716
            ],
            [
              -88.03024970377015,
              43.09066462372157
            ],
            [
              -88.03086666302211,
              43.090670335847996
            ],
            [
              -88.03085056870628,
              43.09154217431651
            ],
            [
              -88.03146297303249,
              43.09154294922576
            ],
            [
              -88.03147196263491,
              43.09063760957351
            ],
            [
              -88.03158209935373,
              43.09063774877399
            ],
            [
              -88.03159163210776,
              43.089677451784766
            ],
            [
              -88.03282633194266,
              43.08968069440061
            ],
            [
              -88.03302376605836,
              43.08968083561862
            ],
            [
              -88.03302097108308,
              43.09017944369104
            ],
            [
              -88.0327166011657,
              43.090178666957534
            ],
            [
              -88.03270678081535,
              43.09064220584294
            ],
            [
              -88.0326998871687,
              43.091403758434836
            ],
            [
              -88.03337488072818,
              43.09140357810557
            ],
            [
              -88.0333749441999,
              43.091354106875855
            ],
            [
              -88.03356761019789,
              43.09135723868483
            ],
            [
              -88.03404056771987,
              43.09135782516328
            ],
            [
              -88.03404099562043,
              43.09131022319211
            ],
            [
              -88.03405134221491,
              43.091190729759916
            ],
            [
              -88.03409822155903,
              43.091192259853564
            ],
            [
              -88.03471219354782,
              43.09119298678244
            ],
            [
              -88.03471779415376,
              43.090957526359404
            ],
            [
              -88.0353807637426,
              43.09095770914953
            ],
            [
              -88.03538437468671,
              43.09064406212043
            ],
            [
              -88.03538944270582,
              43.09020344325137
            ],
            [
              -88.03579765053678,
              43.09020394391565
            ],
            [
              -88.03579368717878,
              43.09064434321089
            ],
            [
              -88.03661984216828,
              43.09064490031563
            ],
            [
              -88.03667390440928,
              43.09073857276392
            ],
            [
              -88.0370656283223,
              43.090827126664344
            ],
            [
              -88.03710140244418,
              43.09084540615724
            ],
            [
              -88.03710125052719,
              43.09141274641957
            ],
            [
              -88.03769970973661,
              43.091413466974025
            ],
            [
              -88.03769609455267,
              43.09185752775096
            ],
            [
              -88.03709637671273,
              43.09185680354827
            ],
            [
              -88.0370873323383,
              43.0927501369739
            ],
            [
              -88.03654893544315,
              43.09305186454349
            ],
            [
              -88.03684694392034,
              43.09333622669701
            ],
            [
              -88.03697884480947,
              43.09346759836006
            ],
            [
              -88.03711325604424,
              43.09360146677735
            ],
            [
              -88.03740967798399,
              43.09388095307725
            ],
            [
              -88.03699632926475,
              43.09411445738628
            ],
            [
              -88.03699285772919,
              43.095178008911894
            ],
            [
              -88.0374982883403,
              43.09517718939696
            ],
            [
              -88.03766579424342,
              43.095175892325344
            ],
            [
              -88.03766400430565,
              43.09538282483935
            ],
            [
              -88.03698999563078,
              43.095383631769174
            ],
            [
              -88.03698334144279,
              43.09612441508533
            ],
            [
              -88.03765759793872,
              43.09612360603392
            ],
            [
              -88.03765558215939,
              43.09635681767184
            ],
            [
              -88.03698262928422,
              43.096357624023646
            ],
            [
              -88.0369788424368,
              43.0969078817566
            ],
            [
              -88.03636009721886,
              43.09690839393145
            ],
            [
              -88.03637510709137,
              43.09517900895698
            ],
            [
              -88.03537539304497,
              43.09518061297678
            ],
            [
              -88.0348413172676,
              43.0946697775299
            ],
            [
              -88.03098022226935,
              43.09683735608859
            ],
            [
              -88.03091842730069,
              43.096866859726894
            ],
            [
              -88.03086074266493,
              43.09689021258234
            ],
            [
              -88.03075912177525,
              43.09692279446822
            ],
            [
              -88.03070730242982,
              43.096935637345624
            ],
            [
              -88.03066038951009,
              43.09694523265841
            ],
            [
              -88.0309987561599,
              43.09764664173042
            ],
            [
              -88.0309918925933,
              43.098001800134575
            ],
            [
              -88.03764085279929,
              43.097996429511724
            ],
            [
              -88.03764022549127,
              43.09806211276484
            ],
            [
              -88.04266031043035,
              43.09806238696886
            ],
            [
              -88.04264476247398,
              43.09696547035625
            ],
            [
              -88.04270281470414,
              43.090661878224225
            ],
            [
              -88.04280645893841,
              43.0905998385454
            ],
            [
              -88.04290110835392,
              43.090536193538675
            ],
            [
              -88.04306489451703,
              43.09041667727541
            ],
            [
              -88.04320696892462,
              43.09030202788566
            ],
            [
              -88.0433105127981,
              43.09021384529512
            ],
            [
              -88.04770254390182,
              43.090213447279574
            ],
            [
              -88.04770463810141,
              43.08967018729404
            ],
            [
              -88.04583177795465,
              43.089670487731084
            ],
            [
              -88.04371945861733,
              43.08967565556226
            ],
            [
              -88.04256208274425,
              43.08967732227412
            ],
            [
              -88.03948799221077,
              43.08968241274991
            ],
            [
              -88.03823553229948,
              43.089197480263714
            ],
            [
              -88.03824368177075,
              43.087729280832846
            ],
            [
              -88.03772711099445,
              43.08772708059635
            ],
            [
              -88.0377320761994,
              43.08679751689097
            ],
            [
              -88.03837649301634,
              43.08679822834986
            ],
            [
              -88.03839208190671,
              43.08592149496262
            ],
            [
              -88.03773699691135,
              43.085919540612544
            ],
            [
              -88.03773821663093,
              43.08570004635306
            ],
            [
              -88.03838495061933,
              43.08570092576181
            ],
            [
              -88.03838740353743,
              43.08525907511157
            ],
            [
              -88.03774066224058,
              43.08526105612821
            ],
            [
              -88.03774127141665,
              43.085151310782265
            ],
            [
              -88.03838815811073,
              43.085152342367316
            ],
            [
              -88.03840213945524,
              43.08411066512113
            ],
            [
              -88.0377470726067,
              43.08410871083115
            ],
            [
              -88.03774890388702,
              43.083779470323165
            ],
            [
              -88.03839790110656,
              43.08377836397948
            ],
            [
              -88.03840755051769,
              43.08313640795983
            ],
            [
              -88.03841202939057,
              43.082329806884786
            ],
            [
              -88.03890921563948,
              43.08232699124032
            ],
            [
              -88.03890843763259,
              43.0817250121134
            ],
            [
              -88.0389056367288,
              43.07955682128253
            ],
            [
              -88.0387392910356,
              43.07891373083217
            ],
            [
              -88.03791129492119,
              43.07885963785836
            ],
            [
              -88.0379092364564,
              43.07869028411047
            ],
            [
              -88.0377881119221,
              43.078686964640774
            ],
            [
              -88.03687250972744,
              43.078691727871785
            ],
            [
              -88.03687205070104,
              43.078411839845664
            ],
            [
              -88.03586127806953,
              43.07815331964479
            ],
            [
              -88.03565546757231,
              43.078041163507045
            ],
            [
              -88.03548483792946,
              43.07793868964077
            ],
            [
              -88.03538881940509,
              43.07787704630454
            ],
            [
              -88.03522982579297,
              43.07776817560441
            ],
            [
              -88.03481119944767,
              43.078082004546566
            ],
            [
              -88.0350432344223,
              43.07823914777353
            ],
            [
              -88.03542098687979,
              43.0784620685877
            ],
            [
              -88.03545244271385,
              43.07848364623736
            ],
            [
              -88.0354801613593,
              43.078515792347794
            ],
            [
              -88.03549655858787,
              43.07856651032707
            ],
            [
              -88.03549967582444,
              43.078698887193674
            ],
            [
              -88.03479450206949,
              43.07870251488364
            ],
            [
              -88.03479106811636,
              43.07845994431078
            ],
            [
              -88.03448807743757,
              43.07829510819641
            ],
            [
              -88.03426440519259,
              43.07829591040898
            ],
            [
              -88.03418567745125,
              43.07812646819631
            ],
            [
              -88.03455387982338,
              43.07788614388051
            ],
            [
              -88.03462558894522,
              43.07794797854652
            ],
            [
              -88.03505450015948,
              43.0776377773731
            ],
            [
              -88.03485555461782,
              43.077471234399816
            ],
            [
              -88.03469437999233,
              43.077321910151305
            ],
            [
              -88.03459189737589,
              43.07721850759963
            ],
            [
              -88.03444168834397,
              43.07705266698315
            ],
            [
              -88.03432433364829,
              43.076908752445355
            ],
            [
              -88.03425117547016,
              43.07681123791374
            ],
            [
              -88.03417449997951,
              43.0767012611554
            ],
            [
              -88.03412148167294,
              43.0766197454773
            ],
            [
              -88.03403316004047,
              43.07647172298167
            ],
            [
              -88.03397637259425,
              43.07636659986669
            ],
            [
              -88.03394997751286,
              43.076314396979626
            ],
            [
              -88.03386916932143,
              43.076138024945095
            ],
            [
              -88.0344532719595,
              43.076005612123026
            ],
            [
              -88.03453604848688,
              43.0761845712952
            ],
            [
              -88.03458780663689,
              43.07628763804347
            ],
            [
              -88.03465213440174,
              43.07640280734014
            ],
            [
              -88.034720329935,
              43.07651049972597
            ],
            [
              -88.03589022337933,
              43.07608793351226
            ],
            [
              -88.03580688804304,
              43.0759541944442
            ],
            [
              -88.03572749137234,
              43.07580687122026
            ],
            [
              -88.0356710381301,
              43.07567632975517
            ],
            [
              -88.03561907944521,
              43.07551921989131
            ],
            [
              -88.03774869127032,
              43.07550809122364
            ],
            [
              -88.03829405222679,
              43.07531624510274
            ],
            [
              -88.0383874119691,
              43.07515206506596
            ],
            [
              -88.03838897211998,
              43.0749970245266
            ],
            [
              -88.03770637416481,
              43.07500065629391
            ],
            [
              -88.0364783089692,
              43.07500703342838
            ],
            [
              -88.03554195050492,
              43.07501345011949
            ],
            [
              -88.03553469490753,
              43.07479255946916
            ],
            [
              -88.03552916669678,
              43.074298545336035
            ],
            [
              -88.03551486685764,
              43.07402086547097
            ],
            [
              -88.03548838811611,
              43.073758697457805
            ],
            [
              -88.03544933176481,
              43.07349723879268
            ],
            [
              -88.03540108765979,
              43.073252014410144
            ],
            [
              -88.03533176498782,
              43.07293750020284
            ],
            [
              -88.03523468095915,
              43.07249703738642
            ],
            [
              -88.03521336796221,
              43.07238432462404
            ],
            [
              -88.03519121297467,
              43.072118726726586
            ],
            [
              -88.03521058960125,
              43.07183498502547
            ],
            [
              -88.03529449142192,
              43.07149243855251
            ],
            [
              -88.0353737970983,
              43.07129698362983
            ],
            [
              -88.03543607508963,
              43.07117883868093
            ],
            [
              -88.03552986655585,
              43.07103822951786
            ],
            [
              -88.03564651266313,
              43.07089934748107
            ],
            [
              -88.03578090560744,
              43.070769980249125
            ],
            [
              -88.03619963671213,
              43.070413473303546
            ],
            [
              -88.03630284505007,
              43.07031309992426
            ],
            [
              -88.03642565666141,
              43.07017254882611
            ],
            [
              -88.03656220287799,
              43.069984939454365
            ],
            [
              -88.0366484056457,
              43.06980919305652
            ],
            [
              -88.0367007470618,
              43.06967706363856
            ],
            [
              -88.0367425698805,
              43.069544832831646
            ],
            [
              -88.03686483855287,
              43.0688333992806
            ],
            [
              -88.03883926815347,
              43.06878911789078
            ],
            [
              -88.03882559935735,
              43.06758206817631
            ],
            [
              -88.03744847892028,
              43.067602194929364
            ],
            [
              -88.03739593165461,
              43.06712270832001
            ],
            [
              -88.03634158675057,
              43.067140675233325
            ],
            [
              -88.03505505693498,
              43.06715191319287
            ],
            [
              -88.03207314105205,
              43.06720076597202
            ],
            [
              -88.03071496834123,
              43.067220386090185
            ],
            [
              -88.02971328421631,
              43.06723804878882
            ],
            [
              -88.02866550571777,
              43.067247443145234
            ],
            [
              -88.02752435861711,
              43.06728289334915
            ],
            [
              -88.0262653759015,
              43.067302397200805
            ],
            [
              -88.02500560975659,
              43.0673218969405
            ],
            [
              -88.02374361876039,
              43.067342444403494
            ],
            [
              -88.02248169414149,
              43.06736082343078
            ],
            [
              -88.02110202443339,
              43.0673830463465
            ],
            [
              -88.01969700816873,
              43.067400083263
            ],
            [
              -88.01857339248642,
              43.06741840777531
            ],
            [
              -88.01745202025235,
              43.06743852871549
            ],
            [
              -88.01619993797271,
              43.067456146117465
            ],
            [
              -88.0149502095882,
              43.06747358912405
            ],
            [
              -88.01371170448071,
              43.067490862290775
            ],
            [
              -88.01244842599304,
              43.067508467161886
            ],
            [
              -88.00992199098727,
              43.06754363157722
            ],
            [
              -88.00801380249808,
              43.06757015148079
            ],
            [
              -88.00801364563762,
              43.06761130609504
            ],
            [
              -88.0074411484341,
              43.067619256922924
            ],
            [
              -88.00744406608348,
              43.068045047114666
            ],
            [
              -88.00743641029155,
              43.06895307900979
            ],
            [
              -88.00742648781464,
              43.06947005956437
            ],
            [
              -88.00742877403495,
              43.06985899699755
            ],
            [
              -88.00741346315647,
              43.07167583306036
            ],
            [
              -88.00739811975143,
              43.07349593773916
            ],
            [
              -88.0073827901681,
              43.075320865969196
            ],
            [
              -88.00736954620285,
              43.0768291785646
            ],
            [
              -88.00735993071176,
              43.07792456302687
            ],
            [
              -88.00733682880205,
              43.080555158094526
            ],
            [
              -88.00731866522462,
              43.08262348781449
            ],
            [
              -88.00729817579004,
              43.08444812993759
            ],
            [
              -88.00727774662414,
              43.086267870973295
            ],
            [
              -88.00725739506342,
              43.08808003157532
            ],
            [
              -88.00723675914725,
              43.0899185494388
            ],
            [
              -88.00721810222723,
              43.09088150100328
            ],
            [
              -88.00719886118358,
              43.09187470898114
            ],
            [
              -88.00716283788616,
              43.093733585495265
            ],
            [
              -88.00712937593364,
              43.095396171004026
            ],
            [
              -88.00709552725918,
              43.09720790130704
            ],
            [
              -88.00704565191158,
              43.099112295626725
            ],
            [
              -88.00699440275139,
              43.10106926809755
            ],
            [
              -88.0069423173281,
              43.103033318226196
            ],
            [
              -88.0068695657749,
              43.103719663801584
            ],
            [
              -88.00648993814184,
              43.10499763501256
            ],
            [
              -88.00821067401962,
              43.10499555960429
            ],
            [
              -88.01060880800651,
              43.10499262772203
            ],
            [
              -88.01179449760193,
              43.10498660294168
            ],
            [
              -88.01298204474993,
              43.10498749003108
            ],
            [
              -88.01359060724059,
              43.104988912279254
            ],
            [
              -88.01462163088082,
              43.104987786491584
            ],
            [
              -88.01611871735142,
              43.104985953273676
            ],
            [
              -88.01764933781946,
              43.10619638710621
            ],
            [
              -88.01956803811497,
              43.10771459884176
            ],
            [
              -88.02161114945625,
              43.109331144332295
            ],
            [
              -88.0226631401356,
              43.11014959715389
            ],
            [
              -88.02460944026912,
              43.11158683368922
            ],
            [
              -88.02593429917262,
              43.11257614598109
            ],
            [
              -88.0310955761683,
              43.11671624975888
            ],
            [
              -88.03321090549878,
              43.11833011687362
            ],
            [
              -88.03405151711712,
              43.11894397418677
            ],
            [
              -88.03458830912803,
              43.11931414588886
            ],
            [
              -88.0349182967591,
              43.119561165128054
            ],
            [
              -88.0354640000456,
              43.119515961081035
            ],
            [
              -88.03623300074585,
              43.11945296086694
            ],
            [
              -88.03709000050108,
              43.11944396109969
            ],
            [
              -88.03763299951089,
              43.11943896102785
            ],
            [
              -88.03829999971379,
              43.11942496034775
            ],
            [
              -88.03851100005811,
              43.11942096084745
            ],
            [
              -88.04030400015384,
              43.11940596137407
            ],
            [
              -88.04082199937686,
              43.119401960979886
            ],
            [
              -88.04097199965096,
              43.11940096094609
            ],
            [
              -88.0410399991478,
              43.119399961789284
            ],
            [
              -88.04124699921445,
              43.119397961141104
            ],
            [
              -88.04131599917599,
              43.11939796047677
            ],
            [
              -88.04195799917281,
              43.11939296081887
            ],
            [
              -88.04352899794992,
              43.119379961554905
            ],
            [
              -88.04388699827689,
              43.119376961586966
            ],
            [
              -88.04444599859038,
              43.11937396152908
            ],
            [
              -88.0445299991066,
              43.119372961377024
            ],
            [
              -88.04477399757167,
              43.11936996178455
            ],
            [
              -88.04550499829523,
              43.11936396096707
            ],
            [
              -88.04574999709159,
              43.119362960955435
            ],
            [
              -88.04592999707793,
              43.11935696148257
            ],
            [
              -88.04619399745773,
              43.119349961245035
            ],
            [
              -88.04647099755327,
              43.119327962029615
            ],
            [
              -88.04662099749514,
              43.119316961819415
            ],
            [
              -88.04665199803361,
              43.119312961894686
            ],
            [
              -88.04665199721813,
              43.119652961450484
            ],
            [
              -88.04659599768813,
              43.120217961363025
            ],
            [
              -88.0465369978153,
              43.120395961130676
            ],
            [
              -88.04641699679165,
              43.1207689610691
            ],
            [
              -88.04614299779847,
              43.121137960671376
            ],
            [
              -88.04583399756088,
              43.121349961646246
            ],
            [
              -88.04538599771934,
              43.12155396089487
            ],
            [
              -88.04476499773845,
              43.12186696091852
            ],
            [
              -88.04401599773847,
              43.12231396107926
            ],
            [
              -88.04354499906613,
              43.12268596075285
            ],
            [
              -88.0435099982581,
              43.122864961201785
            ],
            [
              -88.04339299833316,
              43.122931960870396
            ],
            [
              -88.04339999813551,
              43.12309896110544
            ],
            [
              -88.04340599842064,
              43.12311096040827
            ],
            [
              -88.04283999786269,
              43.12320496056432
            ],
            [
              -88.04114199866024,
              43.123487960014074
            ],
            [
              -88.04058275784755,
              43.123590924468914
            ],
            [
              -88.04199654336324,
              43.12460720160627
            ],
            [
              -88.04281380074079,
              43.12519710233374
            ],
            [
              -88.045101877833,
              43.126848898035796
            ],
            [
              -88.04559385511305,
              43.12699041314276
            ],
            [
              -88.04522406041941,
              43.12727022903962
            ],
            [
              -88.04517009571005,
              43.12739857334907
            ],
            [
              -88.04531478207639,
              43.12766069230909
            ],
            [
              -88.04550816461985,
              43.1279884275927
            ],
            [
              -88.04541441371235,
              43.1302947814782
            ],
            [
              -88.04533019974431,
              43.13195852467125
            ],
            [
              -88.04527409772231,
              43.133830957624625
            ],
            [
              -88.04526699625127,
              43.133865958828416
            ],
            [
              -88.04500899694946,
              43.13386695886076
            ],
            [
              -88.04423599701319,
              43.13387295924105
            ],
            [
              -88.04397899707365,
              43.1338749591481
            ],
            [
              -88.04373299702922,
              43.13387595888519
            ],
            [
              -88.04299799748176,
              43.13388295926022
            ],
            [
              -88.04275299680674,
              43.13388495819949
            ],
            [
              -88.0415259974512,
              43.13389395893663
            ],
            [
              -88.0414249970778,
              43.13389395891639
            ],
            [
              -88.0411579977448,
              43.13389495932171
            ],
            [
              -88.04030399774578,
              43.13390095884704
            ],
            [
              -88.03908199858554,
              43.13390795826223
            ],
            [
              -88.03883899767139,
              43.133909958904255
            ],
            [
              -88.03869299797641,
              43.13391095896178
            ],
            [
              -88.03811199865858,
              43.13391695837671
            ],
            [
              -88.037869998244,
              43.133919958334204
            ],
            [
              -88.03762199823223,
              43.13392195849229
            ],
            [
              -88.03687799851836,
              43.13393195895275
            ],
            [
              -88.03663099878038,
              43.13393595869821
            ],
            [
              -88.0363809986616,
              43.133935957880865
            ],
            [
              -88.03563399981037,
              43.133938959051065
            ],
            [
              -88.03538499894827,
              43.13393995833086
            ],
            [
              -88.03483299875525,
              43.133945958651225
            ],
            [
              -88.03317700050115,
              43.13396495836893
            ],
            [
              -88.0326260000585,
              43.13397195841521
            ],
            [
              -88.0326049997769,
              43.133971958503324
            ],
            [
              -88.03221300009389,
              43.13397595855647
            ],
            [
              -88.03103900122161,
              43.133990958360194
            ],
            [
              -88.0308619999385,
              43.13399295840473
            ],
            [
              -88.03337330980892,
              43.13583308245576
            ],
            [
              -88.03325940085632,
              43.13592060360243
            ],
            [
              -88.03317478263804,
              43.13597369996998
            ],
            [
              -88.03297754116984,
              43.136097464770906
            ],
            [
              -88.03288946631554,
              43.136160868555336
            ],
            [
              -88.03275293507463,
              43.136256273251064
            ],
            [
              -88.03264166225432,
              43.13633847199216
            ],
            [
              -88.03255130528079,
              43.13639117254579
            ],
            [
              -88.03246580110533,
              43.13642257392379
            ],
            [
              -88.03234999811276,
              43.13644802501151
            ],
            [
              -88.03225094805546,
              43.13644096888952
            ],
            [
              -88.03207006096783,
              43.136383436191466
            ],
            [
              -88.03180009797389,
              43.13626433261877
            ],
            [
              -88.03136607723377,
              43.13609963763124
            ],
            [
              -88.03129326202772,
              43.136086884335576
            ],
            [
              -88.03123040531594,
              43.13608962992825
            ],
            [
              -88.03110395736145,
              43.13611809579231
            ],
            [
              -88.03098125378435,
              43.136192608419194
            ],
            [
              -88.03091666966444,
              43.136248965935344
            ],
            [
              -88.03085706705755,
              43.136313073840256
            ],
            [
              -88.03070826462162,
              43.136548062622246
            ],
            [
              -88.03064878377775,
              43.136608340382395
            ],
            [
              -88.03045248072203,
              43.13701876376324
            ],
            [
              -88.03042325481809,
              43.137114048536034
            ],
            [
              -88.03031853546904,
              43.13744175901489
            ],
            [
              -88.03024452128696,
              43.137628228997265
            ],
            [
              -88.03007844713643,
              43.13816670963993
            ],
            [
              -88.03005174622612,
              43.13825328330507
            ],
            [
              -88.02991231682552,
              43.13884493100835
            ],
            [
              -88.02984607668097,
              43.139078355672
            ],
            [
              -88.0297147342693,
              43.13951004103363
            ],
            [
              -88.029500189899,
              43.14033917591471
            ],
            [
              -88.0293060535211,
              43.14141643848014
            ],
            [
              -88.02923947250709,
              43.141641254394514
            ],
            [
              -88.02923134321891,
              43.141893156636755
            ],
            [
              -88.02910527385728,
              43.142490657623725
            ],
            [
              -88.02907539015362,
              43.14268134628611
            ],
            [
              -88.02900600088014,
              43.14299302469399
            ],
            [
              -88.02891872725041,
              43.14349125034424
            ],
            [
              -88.02875324719076,
              43.144022888244905
            ],
            [
              -88.02858435528091,
              43.14438778110154
            ],
            [
              -88.02841812984643,
              43.14484613385745
            ],
            [
              -88.02832964066303,
              43.14506552236861
            ],
            [
              -88.0282475481146,
              43.14556438646982
            ],
            [
              -88.02818852191723,
              43.14583050114933
            ],
            [
              -88.02782054084132,
              43.14641035537619
            ],
            [
              -88.02744213805126,
              43.146862120217314
            ],
            [
              -88.02697799224445,
              43.14733919047333
            ],
            [
              -88.02675963303044,
              43.1476012227918
            ],
            [
              -88.02658384568122,
              43.147753239046196
            ],
            [
              -88.02637264418166,
              43.147984068479104
            ],
            [
              -88.0261891565549,
              43.14825801400136
            ],
            [
              -88.0261693266731,
              43.14830089730897
            ],
            [
              -88.0261109261993,
              43.14842719530489
            ],
            [
              -88.02615446182557,
              43.148619228415356
            ],
            [
              -88.02847713966703,
              43.148570147055786
            ],
            [
              -88.02922356613064,
              43.148558812550505
            ],
            [
              -88.03258446026372,
              43.148500081056085
            ],
            [
              -88.03396626504608,
              43.14847544402927
            ],
            [
              -88.03511705066158,
              43.148454912000076
            ],
            [
              -88.03847859986921,
              43.14843451948332
            ],
            [
              -88.0447353507845,
              43.148398450362755
            ],
            [
              -88.04510571582057,
              43.148396304389514
            ]
          ]
        ]
      }
    },
    {
      "type": "Feature",
      "properties": {
        "placeFips": "5553000",
        "city": "Milwaukee",
        "state": "WI",
        "boundaryType": "aldermanic-district",
        "district": "6",
        "name": "6"
      },
      "geometry": {
        "type": "Polygon",
        "coordinates": [
          [
            [
              -87.92711660973805,
              43.049464360302025
            ],
            [
              -87.92713510086513,
              43.048521650983666
            ],
            [
              -87.92690406192413,
              43.048507819193624
            ],
            [
              -87.92667687287774,
              43.04849153949486
            ],
            [
              -87.92643402805581,
              43.048469044397436
            ],
            [
              -87.92624727116777,
              43.04844469126047
            ],
            [
              -87.92600958608033,
              43.04839865180117
            ],
            [
              -87.92585921613724,
              43.0483661473056
            ],
            [
              -87.92564551244848,
              43.048320581469845
            ],
            [
              -87.9253811417327,
              43.04824741777239
            ],
            [
              -87.92507420328577,
              43.04814385830403
            ],
            [
              -87.92471707786098,
              43.048000867244895
            ],
            [
              -87.92444333356465,
              43.04786835211205
            ],
            [
              -87.92402543141299,
              43.04765859699918
            ],
            [
              -87.92263488648143,
              43.04696351169376
            ],
            [
              -87.92123710275327,
              43.046267280526266
            ],
            [
              -87.92016434861489,
              43.04573084880817
            ],
            [
              -87.91993236971514,
              43.04572579269403
            ],
            [
              -87.91891371676883,
              43.0457035829842
            ],
            [
              -87.91736121180678,
              43.0457028668729
            ],
            [
              -87.91589053690947,
              43.04570084633597
            ],
            [
              -87.91441204198242,
              43.04569879208794
            ],
            [
              -87.91423357413181,
              43.04569919916242
            ],
            [
              -87.91368241188329,
              43.04570159365558
            ],
            [
              -87.91334294799796,
              43.04570197222846
            ],
            [
              -87.91332604263215,
              43.04621584367377
            ],
            [
              -87.91332014681386,
              43.04639503799879
            ],
            [
              -87.9133171192553,
              43.04648705950465
            ],
            [
              -87.91331376884287,
              43.0465889043706
            ],
            [
              -87.91330064866897,
              43.04667784570207
            ],
            [
              -87.91321591627121,
              43.04691361341098
            ],
            [
              -87.91291854981206,
              43.047464740728046
            ],
            [
              -87.91257130277334,
              43.04789000364596
            ],
            [
              -87.91225983218301,
              43.04817393630854
            ],
            [
              -87.91194105128601,
              43.048387186523726
            ],
            [
              -87.91154112810057,
              43.048617746811765
            ],
            [
              -87.91151698100674,
              43.04863166811239
            ],
            [
              -87.91120197903079,
              43.04880407929929
            ],
            [
              -87.91113239594196,
              43.04884216493234
            ],
            [
              -87.91086806732902,
              43.048986839518065
            ],
            [
              -87.91003391568013,
              43.0494433850309
            ],
            [
              -87.91002303647883,
              43.049449338719164
            ],
            [
              -87.90910991869357,
              43.04994909018574
            ],
            [
              -87.90771133519738,
              43.051606700302635
            ],
            [
              -87.9075464965787,
              43.051791456463114
            ],
            [
              -87.90652890343577,
              43.05293198081066
            ],
            [
              -87.90602923924268,
              43.05328626731266
            ],
            [
              -87.90496821655472,
              43.05398801280915
            ],
            [
              -87.90432877326352,
              43.054476996526425
            ],
            [
              -87.90346534215135,
              43.05506352784114
            ],
            [
              -87.90278289286329,
              43.05555641518154
            ],
            [
              -87.90253651685691,
              43.055744971502534
            ],
            [
              -87.90181635439698,
              43.05620876106375
            ],
            [
              -87.90123389746496,
              43.05649334284198
            ],
            [
              -87.90038691159363,
              43.056818477187996
            ],
            [
              -87.89947868997487,
              43.056898254922764
            ],
            [
              -87.89801971873318,
              43.057030358276585
            ],
            [
              -87.898011627403,
              43.0572936032546
            ],
            [
              -87.89799194049576,
              43.05793415068542
            ],
            [
              -87.89798170940921,
              43.05831423193504
            ],
            [
              -87.89796200322574,
              43.059102941871
            ],
            [
              -87.89795884136333,
              43.05916706306677
            ],
            [
              -87.8979309846738,
              43.06020276725809
            ],
            [
              -87.89792955964498,
              43.06032510679014
            ],
            [
              -87.89792049329381,
              43.061103201582924
            ],
            [
              -87.89790993387626,
              43.06200928582363
            ],
            [
              -87.89788897766152,
              43.06380701481304
            ],
            [
              -87.89918212740858,
              43.063812436290135
            ],
            [
              -87.90040180592776,
              43.06382057831649
            ],
            [
              -87.9016211778176,
              43.06382870520104
            ],
            [
              -87.90159975219952,
              43.06563715011995
            ],
            [
              -87.90159929435298,
              43.06585462634497
            ],
            [
              -87.90159588853992,
              43.06747049119731
            ],
            [
              -87.90157680010815,
              43.06929530571506
            ],
            [
              -87.90153962628736,
              43.07111617192522
            ],
            [
              -87.9015386048219,
              43.07126077421963
            ],
            [
              -87.90152683439509,
              43.072927723266275
            ],
            [
              -87.90150628136126,
              43.074733616831445
            ],
            [
              -87.90146111012452,
              43.07623657362101
            ],
            [
              -87.90144448236485,
              43.07655583974741
            ],
            [
              -87.90144189079237,
              43.07663226975468
            ],
            [
              -87.90138285579494,
              43.07837307532959
            ],
            [
              -87.90133598137686,
              43.07975511329415
            ],
            [
              -87.90127149955045,
              43.08200452817581
            ],
            [
              -87.901101509462,
              43.082003041583434
            ],
            [
              -87.90003330254672,
              43.08199369666176
            ],
            [
              -87.89879948774318,
              43.081982892084326
            ],
            [
              -87.89754210759668,
              43.08197186551174
            ],
            [
              -87.89630780031408,
              43.08196951603531
            ],
            [
              -87.89251577044313,
              43.08195631618163
            ],
            [
              -87.8917335391607,
              43.08194954169625
            ],
            [
              -87.89162570859291,
              43.08194860760247
            ],
            [
              -87.89168805823648,
              43.081978415495925
            ],
            [
              -87.89168948226768,
              43.08198645860331
            ],
            [
              -87.89169654735547,
              43.082026383174075
            ],
            [
              -87.8916959806844,
              43.08208481014546
            ],
            [
              -87.8916946426329,
              43.08216553239621
            ],
            [
              -87.89169422253741,
              43.08221970925312
            ],
            [
              -87.89170597030218,
              43.08225711289877
            ],
            [
              -87.89172349252864,
              43.082286483480985
            ],
            [
              -87.89171816027165,
              43.082315071229985
            ],
            [
              -87.89172367525629,
              43.082365107048695
            ],
            [
              -87.89175118584923,
              43.08244955873146
            ],
            [
              -87.8917791556259,
              43.082562695578524
            ],
            [
              -87.89181733376698,
              43.08267021548547
            ],
            [
              -87.89186058501612,
              43.08276026338948
            ],
            [
              -87.89190525078823,
              43.082851403620154
            ],
            [
              -87.89194199475008,
              43.08292008476219
            ],
            [
              -87.8919838472717,
              43.08300521184063
            ],
            [
              -87.89200369548362,
              43.08305976606148
            ],
            [
              -87.89201554110349,
              43.083136486966715
            ],
            [
              -87.89203680026408,
              43.083192128955936
            ],
            [
              -87.89207542845543,
              43.08328797554513
            ],
            [
              -87.89211158951943,
              43.083373645432765
            ],
            [
              -87.89215276816694,
              43.08348171604349
            ],
            [
              -87.89218126854884,
              43.0835374939684
            ],
            [
              -87.89225663208724,
              43.083701025460236
            ],
            [
              -87.89231232876824,
              43.08380830154941
            ],
            [
              -87.89235837023551,
              43.083901592118906
            ],
            [
              -87.89241516329473,
              43.084009218926695
            ],
            [
              -87.89247227012,
              43.08411758538146
            ],
            [
              -87.89253368668528,
              43.08422709417191
            ],
            [
              -87.8925689115048,
              43.08429787109673
            ],
            [
              -87.89259330700766,
              43.08438272585022
            ],
            [
              -87.89261997787747,
              43.08449159634337
            ],
            [
              -87.89263446218905,
              43.08457580015518
            ],
            [
              -87.89263488117824,
              43.08464660674729
            ],
            [
              -87.89268095804192,
              43.08473883168124
            ],
            [
              -87.89271462837137,
              43.0848127700514
            ],
            [
              -87.89274881130991,
              43.08487184066022
            ],
            [
              -87.89277303995674,
              43.08492541242004
            ],
            [
              -87.89280544640175,
              43.08499243529948
            ],
            [
              -87.89281563809101,
              43.08503299667225
            ],
            [
              -87.8928297329521,
              43.08508638431959
            ],
            [
              -87.89285826900041,
              43.08514109566906
            ],
            [
              -87.8928893741652,
              43.08520542368142
            ],
            [
              -87.89293694644913,
              43.08528953701778
            ],
            [
              -87.89295318693371,
              43.0853227744838
            ],
            [
              -87.89298016803,
              43.0853806535978
            ],
            [
              -87.89300588494284,
              43.085433188529336
            ],
            [
              -87.89304549258063,
              43.08550298481651
            ],
            [
              -87.89313262095573,
              43.08558109616029
            ],
            [
              -87.89319850997524,
              43.0856450030047
            ],
            [
              -87.89322172189124,
              43.085673521502635
            ],
            [
              -87.89325846905501,
              43.085742201303795
            ],
            [
              -87.89332116927649,
              43.0858145510728
            ],
            [
              -87.89338947927065,
              43.085892316435654
            ],
            [
              -87.89343720620192,
              43.08593675585712
            ],
            [
              -87.89356195204306,
              43.086036877037756
            ],
            [
              -87.89361201401744,
              43.086077057263466
            ],
            [
              -87.89369891484914,
              43.0861470913922
            ],
            [
              -87.89374372002949,
              43.08615004866991
            ],
            [
              -87.89381842596912,
              43.086168434021346
            ],
            [
              -87.89381877605119,
              43.08620031193673
            ],
            [
              -87.89383041602473,
              43.08624090361216
            ],
            [
              -87.89387731400997,
              43.08626727256442
            ],
            [
              -87.89390730515957,
              43.08632201235619
            ],
            [
              -87.89393204273595,
              43.08636071601752
            ],
            [
              -87.89395559966756,
              43.08639196820304
            ],
            [
              -87.89399641394883,
              43.08642671932965
            ],
            [
              -87.8940378673042,
              43.086464068363156
            ],
            [
              -87.89411031664405,
              43.086505782023494
            ],
            [
              -87.89418417572426,
              43.08654858696186
            ],
            [
              -87.89423364248331,
              43.086584564284905
            ],
            [
              -87.89432968350872,
              43.08665646622829
            ],
            [
              -87.8944314370097,
              43.086730595269245
            ],
            [
              -87.8944881832593,
              43.086765645569045
            ],
            [
              -87.89455148129882,
              43.08679916746451
            ],
            [
              -87.89461271413872,
              43.08683005150638
            ],
            [
              -87.89467131040196,
              43.0868534490075
            ],
            [
              -87.8947557420396,
              43.086883697934745
            ],
            [
              -87.89483435183153,
              43.08691490340346
            ],
            [
              -87.89490586419824,
              43.08694172376692
            ],
            [
              -87.8949597853217,
              43.08697459468611
            ],
            [
              -87.89500393560732,
              43.08699665948882
            ],
            [
              -87.89512191443998,
              43.08706259594651
            ],
            [
              -87.89515470620738,
              43.0870780762578
            ],
            [
              -87.8952079843597,
              43.08708756128435
            ],
            [
              -87.89525810659774,
              43.08710442471564
            ],
            [
              -87.89532705318298,
              43.08714665085731
            ],
            [
              -87.89540138803316,
              43.08717564817517
            ],
            [
              -87.89545111315655,
              43.08720419200956
            ],
            [
              -87.89552107236395,
              43.08723417713864
            ],
            [
              -87.89560391244927,
              43.087268644299336
            ],
            [
              -87.89571023534577,
              43.08733648418314
            ],
            [
              -87.89578091034296,
              43.08738772579227
            ],
            [
              -87.8958524090845,
              43.08745704830901
            ],
            [
              -87.895948308281,
              43.087533199920806
            ],
            [
              -87.89603632149857,
              43.087612884848355
            ],
            [
              -87.89613348143033,
              43.087694362355826
            ],
            [
              -87.89619442840915,
              43.08773374317058
            ],
            [
              -87.8962898616839,
              43.08778119124035
            ],
            [
              -87.8963852596981,
              43.08782970380677
            ],
            [
              -87.89645910132461,
              43.087856149319215
            ],
            [
              -87.89656177287674,
              43.0879037309827
            ],
            [
              -87.89664276860078,
              43.08794985199068
            ],
            [
              -87.89672991884618,
              43.08798546321558
            ],
            [
              -87.89685924029129,
              43.088016540389724
            ],
            [
              -87.89692709233267,
              43.088065608509666
            ],
            [
              -87.89697431307127,
              43.08812491872722
            ],
            [
              -87.8970526793758,
              43.0881905620901
            ],
            [
              -87.89711102200218,
              43.08822139581468
            ],
            [
              -87.89720174866648,
              43.0882793822965
            ],
            [
              -87.89727712172943,
              43.08836258565856
            ],
            [
              -87.89735159162905,
              43.08842983432651
            ],
            [
              -87.89741125850324,
              43.08848050674421
            ],
            [
              -87.8975493100413,
              43.088594928822864
            ],
            [
              -87.8975879587134,
              43.088662416714406
            ],
            [
              -87.89768564896382,
              43.08873433354911
            ],
            [
              -87.89774746847537,
              43.08878458992821
            ],
            [
              -87.8977829722241,
              43.08881064040637
            ],
            [
              -87.89785736816654,
              43.0888602799763
            ],
            [
              -87.89792965689792,
              43.08891139241617
            ],
            [
              -87.89800210011751,
              43.08895798020511
            ],
            [
              -87.89803801073805,
              43.08899031874712
            ],
            [
              -87.89810141431934,
              43.08907205596464
            ],
            [
              -87.89817939905387,
              43.089172590145665
            ],
            [
              -87.89825807363624,
              43.08923159480807
            ],
            [
              -87.8983160412703,
              43.08927902613037
            ],
            [
              -87.89843683339676,
              43.08935516712003
            ],
            [
              -87.89850383570554,
              43.08938053674766
            ],
            [
              -87.898608611537,
              43.08941055698069
            ],
            [
              -87.89874722018511,
              43.08945646817043
            ],
            [
              -87.89893498444522,
              43.0895720100841
            ],
            [
              -87.89926248084262,
              43.08977374921471
            ],
            [
              -87.89941427048035,
              43.089927654194526
            ],
            [
              -87.89953071364071,
              43.090028887511195
            ],
            [
              -87.89966296761914,
              43.09020258170513
            ],
            [
              -87.89970668798072,
              43.090355732030616
            ],
            [
              -87.89976873263618,
              43.09046711112588
            ],
            [
              -87.89987104837729,
              43.09053711956454
            ],
            [
              -87.89996108333709,
              43.09062052591533
            ],
            [
              -87.89996075896421,
              43.090728271159314
            ],
            [
              -87.89999816746095,
              43.090864406133576
            ],
            [
              -87.89999277929095,
              43.090972062413314
            ],
            [
              -87.90002136030901,
              43.09107414967911
            ],
            [
              -87.90008964031657,
              43.0912500464033
            ],
            [
              -87.90011054985668,
              43.09136486755956
            ],
            [
              -87.90018994367573,
              43.091462940097365
            ],
            [
              -87.90030613597473,
              43.09157159749679
            ],
            [
              -87.90044106782432,
              43.09167564990874
            ],
            [
              -87.90054401176144,
              43.09177663387957
            ],
            [
              -87.90066313924176,
              43.09189112412364
            ],
            [
              -87.90076886416013,
              43.092009500012445
            ],
            [
              -87.90083398217392,
              43.09212794603504
            ],
            [
              -87.90087673998241,
              43.09226002107624
            ],
            [
              -87.90088098373465,
              43.092379442020196
            ],
            [
              -87.90090279038407,
              43.09243309951149
            ],
            [
              -87.90091724594582,
              43.09250396490547
            ],
            [
              -87.90091224194238,
              43.09260047802925
            ],
            [
              -87.90091343743094,
              43.09271320913208
            ],
            [
              -87.90090924104398,
              43.092786205752375
            ],
            [
              -87.9009005650531,
              43.09289132424401
            ],
            [
              -87.90089920101332,
              43.09297848043106
            ],
            [
              -87.90094505191503,
              43.09306974116411
            ],
            [
              -87.90093771807204,
              43.09318479384299
            ],
            [
              -87.90090987737692,
              43.093306895096866
            ],
            [
              -87.90087367966323,
              43.093426365937795
            ],
            [
              -87.90086212499048,
              43.09347137325358
            ],
            [
              -87.9008296839907,
              43.09357976674654
            ],
            [
              -87.90082121913001,
              43.09367869494498
            ],
            [
              -87.9007922131245,
              43.09373636835038
            ],
            [
              -87.90074924396431,
              43.09381035957623
            ],
            [
              -87.90070575271918,
              43.093896256779765
            ],
            [
              -87.90065060538666,
              43.094026525478995
            ],
            [
              -87.90061091946639,
              43.094100108101685
            ],
            [
              -87.90058725734508,
              43.094198755884214
            ],
            [
              -87.90057731626834,
              43.09429146175012
            ],
            [
              -87.9005428355575,
              43.09436062554841
            ],
            [
              -87.90053036788161,
              43.09442851527518
            ],
            [
              -87.900514396954,
              43.09450005830917
            ],
            [
              -87.90051817433117,
              43.094586825816904
            ],
            [
              -87.90056782668044,
              43.09466577026114
            ],
            [
              -87.90058836811299,
              43.0947070205906
            ],
            [
              -87.9005881320974,
              43.094812296581246
            ],
            [
              -87.90060413778407,
              43.0949364457756
            ],
            [
              -87.90061812448633,
              43.095114080323526
            ],
            [
              -87.900727703095,
              43.095366287813086
            ],
            [
              -87.90083330667869,
              43.09548837470152
            ],
            [
              -87.90096784116365,
              43.09558792391368
            ],
            [
              -87.90108239786024,
              43.09569531472637
            ],
            [
              -87.90126405544699,
              43.095816328733896
            ],
            [
              -87.90140418630013,
              43.095916757709304
            ],
            [
              -87.90153947091046,
              43.096010903851415
            ],
            [
              -87.90160610424147,
              43.09603814210774
            ],
            [
              -87.90171960217774,
              43.09611132633177
            ],
            [
              -87.90180816697325,
              43.09618851059732
            ],
            [
              -87.90191231049917,
              43.09625483630596
            ],
            [
              -87.90199425675817,
              43.09632818223463
            ],
            [
              -87.90214252018552,
              43.09648697230744
            ],
            [
              -87.90220348043071,
              43.09654952829545
            ],
            [
              -87.90235071503075,
              43.096667046024336
            ],
            [
              -87.90248617091105,
              43.09675482347198
            ],
            [
              -87.90262204614629,
              43.09683042813382
            ],
            [
              -87.90273917580143,
              43.09688741165295
            ],
            [
              -87.90285672094208,
              43.096932221458786
            ],
            [
              -87.90294708234099,
              43.0969623139082
            ],
            [
              -87.90311648256824,
              43.09699108405061
            ],
            [
              -87.90322323642971,
              43.09702757077676
            ],
            [
              -87.90338001869685,
              43.09705888678883
            ],
            [
              -87.90345958490583,
              43.097080660586904
            ],
            [
              -87.9034910580137,
              43.09713200315398
            ],
            [
              -87.90355546247207,
              43.09719207447117
            ],
            [
              -87.90364035593929,
              43.097220036008174
            ],
            [
              -87.90372643392132,
              43.097213501579716
            ],
            [
              -87.9037993661111,
              43.09718641624436
            ],
            [
              -87.90387181344848,
              43.09717353728276
            ],
            [
              -87.90399621930929,
              43.09717989083219
            ],
            [
              -87.90411460487461,
              43.09720034330441
            ],
            [
              -87.9041909836622,
              43.097234240914915
            ],
            [
              -87.9041594954511,
              43.097264120354644
            ],
            [
              -87.90411140366315,
              43.09729369036362
            ],
            [
              -87.90409652271327,
              43.097323876575885
            ],
            [
              -87.90412612587687,
              43.09734878792096
            ],
            [
              -87.90418929911947,
              43.09736416503295
            ],
            [
              -87.90431966111457,
              43.09735844578226
            ],
            [
              -87.9045908476021,
              43.097312505299115
            ],
            [
              -87.90474439004845,
              43.09727675302629
            ],
            [
              -87.90487703397572,
              43.09728528870532
            ],
            [
              -87.90500344044415,
              43.097314013553934
            ],
            [
              -87.90517239203774,
              43.097394284168395
            ],
            [
              -87.90531831697798,
              43.097419306074315
            ],
            [
              -87.90540826053855,
              43.097461572778215
            ],
            [
              -87.90551376597236,
              43.09753458524357
            ],
            [
              -87.90559886826493,
              43.09755645581826
            ],
            [
              -87.9056601757626,
              43.09754540028378
            ],
            [
              -87.90575081258312,
              43.09756737621009
            ],
            [
              -87.90634825652728,
              43.09779642320394
            ],
            [
              -87.9064289914355,
              43.09786491711558
            ],
            [
              -87.90655941261073,
              43.097938385181436
            ],
            [
              -87.90661503059857,
              43.09801250658131
            ],
            [
              -87.90664020385239,
              43.098086070578034
            ],
            [
              -87.9070173330617,
              43.09850407389553
            ],
            [
              -87.90705256572757,
              43.09854312503566
            ],
            [
              -87.90705377205292,
              43.09854446277445
            ],
            [
              -87.90709251055164,
              43.09860604630288
            ],
            [
              -87.90707755804164,
              43.099224083886405
            ],
            [
              -87.90703219898914,
              43.10030571035279
            ],
            [
              -87.90701736282583,
              43.101712020656045
            ],
            [
              -87.90699608150427,
              43.1025915471843
            ],
            [
              -87.90699151262642,
              43.102780381090234
            ],
            [
              -87.90710888877683,
              43.10285874540522
            ],
            [
              -87.90709181529907,
              43.104008340531315
            ],
            [
              -87.90885315139106,
              43.10402931333211
            ],
            [
              -87.90958047392661,
              43.10451948907144
            ],
            [
              -87.9120217277368,
              43.104549039548864
            ],
            [
              -87.91325297319926,
              43.104565057767275
            ],
            [
              -87.91448840630626,
              43.10458228385796
            ],
            [
              -87.91564981678047,
              43.10459708187555
            ],
            [
              -87.91694761984144,
              43.10461276004888
            ],
            [
              -87.9169590098944,
              43.10413268509384
            ],
            [
              -87.91685592384704,
              43.104132210953594
            ],
            [
              -87.91687430155079,
              43.10334388659959
            ],
            [
              -87.91606774683794,
              43.10316965763503
            ],
            [
              -87.9148316330179,
              43.102698260245845
            ],
            [
              -87.91448895163735,
              43.102419538090814
            ],
            [
              -87.91387129621175,
              43.101917157527765
            ],
            [
              -87.9128063558174,
              43.10136580378199
            ],
            [
              -87.90993652904902,
              43.10084821254536
            ],
            [
              -87.90876826875731,
              43.10008808191749
            ],
            [
              -87.9081281473664,
              43.09953185861315
            ],
            [
              -87.90769103017485,
              43.09894214978748
            ],
            [
              -87.90771419216874,
              43.097190882276465
            ],
            [
              -87.90774780535834,
              43.09659357834105
            ],
            [
              -87.90784906523295,
              43.091495761875215
            ],
            [
              -87.90788380711736,
              43.08974649818693
            ],
            [
              -87.90878512965394,
              43.08975252044165
            ],
            [
              -87.9105476296534,
              43.08976427540785
            ],
            [
              -87.91430861926298,
              43.08978926985594
            ],
            [
              -87.91655925931613,
              43.08980416659565
            ],
            [
              -87.91653885799157,
              43.09110327555197
            ],
            [
              -87.9165171355557,
              43.091895232160084
            ],
            [
              -87.91700181309658,
              43.09240661321495
            ],
            [
              -87.91699233947676,
              43.09287736178494
            ],
            [
              -87.91711443621253,
              43.093005793194315
            ],
            [
              -87.91712152145755,
              43.092678761203935
            ],
            [
              -87.91714477406319,
              43.09154231941548
            ],
            [
              -87.91715392306139,
              43.09110737640113
            ],
            [
              -87.91717626691158,
              43.090044944209296
            ],
            [
              -87.91718500470026,
              43.089629374766666
            ],
            [
              -87.91719178812147,
              43.089306923127836
            ],
            [
              -87.91840504584607,
              43.08931550335268
            ],
            [
              -87.91959798899062,
              43.08932468426321
            ],
            [
              -87.92083553039696,
              43.08933288659795
            ],
            [
              -87.9216576587507,
              43.089338225044855
            ],
            [
              -87.92166776421371,
              43.08933829078387
            ],
            [
              -87.92166912766473,
              43.089338299482165
            ],
            [
              -87.92169736572554,
              43.089338483041104
            ],
            [
              -87.92173465659462,
              43.08933872480355
            ],
            [
              -87.92193801719965,
              43.08934265900816
            ],
            [
              -87.92273689693204,
              43.08934878602157
            ],
            [
              -87.92276481822307,
              43.089348999549664
            ],
            [
              -87.92277455358973,
              43.089349073740905
            ],
            [
              -87.92298628215745,
              43.08935069613724
            ],
            [
              -87.92338801231635,
              43.089353771902644
            ],
            [
              -87.92390174562895,
              43.08935770779008
            ],
            [
              -87.9246127398667,
              43.08936314626585
            ],
            [
              -87.92585283132897,
              43.08937261914547
            ],
            [
              -87.9270954875476,
              43.089382106321146
            ],
            [
              -87.92834629040803,
              43.089410555567696
            ],
            [
              -87.92957466298522,
              43.08943724031376
            ],
            [
              -87.93080133726664,
              43.089463881792824
            ],
            [
              -87.93206722544711,
              43.08949135693391
            ],
            [
              -87.93323753222803,
              43.089516744085984
            ],
            [
              -87.93445977915628,
              43.089543243130066
            ],
            [
              -87.93570526127633,
              43.089570236137746
            ],
            [
              -87.9370546154877,
              43.08959946629119
            ],
            [
              -87.9382960470637,
              43.08962303393808
            ],
            [
              -87.93882938132768,
              43.08963363264815
            ],
            [
              -87.93951606640117,
              43.08964727807293
            ],
            [
              -87.9409218152685,
              43.08967519828266
            ],
            [
              -87.94202065719296,
              43.089697010835295
            ],
            [
              -87.94355252244878,
              43.08972739842302
            ],
            [
              -87.94473138079019,
              43.08975077235669
            ],
            [
              -87.94575364612537,
              43.08977103133168
            ],
            [
              -87.94700720668814,
              43.089801649850045
            ],
            [
              -87.94701610304385,
              43.08953089451269
            ],
            [
              -87.94706464170073,
              43.08805369618986
            ],
            [
              -87.9470823808555,
              43.0875083702286
            ],
            [
              -87.94710029116489,
              43.08619418589801
            ],
            [
              -87.94712018278352,
              43.084734652801096
            ],
            [
              -87.94713692155356,
              43.08350593265225
            ],
            [
              -87.94712986594054,
              43.083500423428724
            ],
            [
              -87.9471255037274,
              43.083497018502406
            ],
            [
              -87.94700310896107,
              43.083401458925984
            ],
            [
              -87.94589671177647,
              43.08253762910734
            ],
            [
              -87.94466163902723,
              43.08156628585648
            ],
            [
              -87.94467077582406,
              43.08110041453323
            ],
            [
              -87.94429023761568,
              43.08109328381226
            ],
            [
              -87.94415389424258,
              43.081163387949594
            ],
            [
              -87.94343761492857,
              43.08059502730376
            ],
            [
              -87.94222632318846,
              43.0796338133976
            ],
            [
              -87.94112107865836,
              43.07875443352266
            ],
            [
              -87.94062871656934,
              43.07836596485533
            ],
            [
              -87.93977374680996,
              43.07768746833877
            ],
            [
              -87.938755294273,
              43.07687857896532
            ],
            [
              -87.93735245226283,
              43.07576585723366
            ],
            [
              -87.93736698533924,
              43.07507620063186
            ],
            [
              -87.93740750078504,
              43.07507682904887
            ],
            [
              -87.93861321841159,
              43.07509551443623
            ],
            [
              -87.93878091300921,
              43.07509810850192
            ],
            [
              -87.93861794333125,
              43.074998695727146
            ],
            [
              -87.93863934050017,
              43.07327409454572
            ],
            [
              -87.93866996755246,
              43.071459956873106
            ],
            [
              -87.93866377408398,
              43.07145983202346
            ],
            [
              -87.93742388701625,
              43.07143485618323
            ],
            [
              -87.93678472364859,
              43.07142140360422
            ],
            [
              -87.93560190891756,
              43.07141147918086
            ],
            [
              -87.93439883883036,
              43.071395752155
            ],
            [
              -87.93319841495065,
              43.07138004967234
            ],
            [
              -87.93218962711565,
              43.07136684431537
            ],
            [
              -87.93183108745751,
              43.07138689575268
            ],
            [
              -87.93133673336845,
              43.07131414108304
            ],
            [
              -87.93103197402894,
              43.071287127773374
            ],
            [
              -87.9306882886176,
              43.07126428405304
            ],
            [
              -87.93040333410269,
              43.07126400418761
            ],
            [
              -87.92923044906033,
              43.07124193009592
            ],
            [
              -87.92754583494666,
              43.07122547728748
            ],
            [
              -87.92675662124324,
              43.07122526201897
            ],
            [
              -87.92600394342713,
              43.071219804186846
            ],
            [
              -87.92536914379089,
              43.071215193083944
            ],
            [
              -87.92476194562042,
              43.07121078218867
            ],
            [
              -87.92398674411683,
              43.07120514947151
            ],
            [
              -87.92259960402734,
              43.07119504929278
            ],
            [
              -87.92167792664154,
              43.071188331850394
            ],
            [
              -87.92141924678768,
              43.07118644485171
            ],
            [
              -87.92067865411994,
              43.07118042254569
            ],
            [
              -87.92064990747791,
              43.07117214509655
            ],
            [
              -87.92065083733863,
              43.07097813081988
            ],
            [
              -87.92065243828203,
              43.0706442637382
            ],
            [
              -87.92066702072007,
              43.067603081261346
            ],
            [
              -87.9206864103534,
              43.0639503635936
            ],
            [
              -87.92069280921416,
              43.063041053237505
            ],
            [
              -87.92069932828639,
              43.06211494722635
            ],
            [
              -87.92070373586955,
              43.06148901259716
            ],
            [
              -87.92070251903172,
              43.06122301160368
            ],
            [
              -87.92076291788385,
              43.06082560342403
            ],
            [
              -87.92093465707654,
              43.06032774040125
            ],
            [
              -87.92094098072133,
              43.060320174317866
            ],
            [
              -87.92113956985301,
              43.060082621591555
            ],
            [
              -87.92125770188126,
              43.05994131050126
            ],
            [
              -87.92145172848315,
              43.059669809947856
            ],
            [
              -87.92163745821665,
              43.05955096919345
            ],
            [
              -87.92187967475523,
              43.05940283614248
            ],
            [
              -87.9220918843457,
              43.0592371647167
            ],
            [
              -87.92241984032033,
              43.05903981212595
            ],
            [
              -87.92260907812347,
              43.058873728197284
            ],
            [
              -87.92362338173588,
              43.05812856015596
            ],
            [
              -87.92393459439376,
              43.05782941761685
            ],
            [
              -87.92424103924805,
              43.057475219642406
            ],
            [
              -87.92429765966936,
              43.05737636782882
            ],
            [
              -87.92439866810184,
              43.05719954635691
            ],
            [
              -87.92454469816825,
              43.05687793843776
            ],
            [
              -87.9246341737295,
              43.056529665264435
            ],
            [
              -87.92463587175388,
              43.05652210911426
            ],
            [
              -87.92481477311937,
              43.055726480428056
            ],
            [
              -87.92501264777802,
              43.054704529874506
            ],
            [
              -87.92525538141331,
              43.05324635355653
            ],
            [
              -87.92535264721748,
              43.05259586466035
            ],
            [
              -87.9253762636609,
              43.05182366958017
            ],
            [
              -87.92539117522564,
              43.05118570151076
            ],
            [
              -87.92539181248043,
              43.051158408072155
            ],
            [
              -87.92546122023121,
              43.05061322736035
            ],
            [
              -87.92555261624845,
              43.04991403061977
            ],
            [
              -87.92568664630056,
              43.04999222843605
            ],
            [
              -87.92600491029499,
              43.050177915027646
            ],
            [
              -87.92624337259238,
              43.05034337010149
            ],
            [
              -87.92638881437398,
              43.050471984835404
            ],
            [
              -87.92656908001052,
              43.05066406107226
            ],
            [
              -87.92678642610305,
              43.050870765489925
            ],
            [
              -87.92709699345536,
              43.05129837388616
            ],
            [
              -87.9271085207953,
              43.04990351950239
            ],
            [
              -87.92711660973805,
              43.049464360302025
            ]
          ]
        ]
      }
    },
    {
      "type": "Feature",
      "properties": {
        "placeFips": "5553000",
        "city": "Milwaukee",
        "state": "WI",
        "boundaryType": "aldermanic-district",
        "district": "7",
        "name": "7"
      },
      "geometry": {
        "type": "Polygon",
        "coordinates": [
          [
            [
              -87.98014975594403,
              43.07164877390209
            ],
            [
              -87.97978363141463,
              43.07164540879832
            ],
            [
              -87.97981496767686,
              43.069802985752986
            ],
            [
              -87.97984586790012,
              43.06798593240368
            ],
            [
              -87.979378194594,
              43.067982830169306
            ],
            [
              -87.97867080314573,
              43.06797813486639
            ],
            [
              -87.97747912791831,
              43.067970214397924
            ],
            [
              -87.97620290399271,
              43.06796129658316
            ],
            [
              -87.97494215981118,
              43.06795244646431
            ],
            [
              -87.97371217263212,
              43.06794380436788
            ],
            [
              -87.97241313204742,
              43.06793465631947
            ],
            [
              -87.9711973335748,
              43.06792608688365
            ],
            [
              -87.9699558683354,
              43.06791731736064
            ],
            [
              -87.96877319231145,
              43.06790895301492
            ],
            [
              -87.96747006558424,
              43.06789972143183
            ],
            [
              -87.96744414989053,
              43.06971376326625
            ],
            [
              -87.96741797336932,
              43.07154642923579
            ],
            [
              -87.96573692893713,
              43.07154130600321
            ],
            [
              -87.96447488204316,
              43.07154391902707
            ],
            [
              -87.96331399376574,
              43.07154631607774
            ],
            [
              -87.96214270166752,
              43.071548720183
            ],
            [
              -87.9609490172557,
              43.07155116012363
            ],
            [
              -87.959755599536,
              43.07155357971688
            ],
            [
              -87.95856729877111,
              43.07155597958105
            ],
            [
              -87.9573599527733,
              43.07155840949775
            ],
            [
              -87.95618762523144,
              43.071560703080074
            ],
            [
              -87.95512829568256,
              43.0715626317686
            ],
            [
              -87.9542194422811,
              43.07156427672144
            ],
            [
              -87.95412833632082,
              43.07156444162144
            ],
            [
              -87.95394793127637,
              43.0715647667875
            ],
            [
              -87.9529477504835,
              43.07156639119707
            ],
            [
              -87.95272089519987,
              43.07156798905315
            ],
            [
              -87.95251690493687,
              43.07156994582753
            ],
            [
              -87.95104671885584,
              43.07156996770784
            ],
            [
              -87.95076424516228,
              43.071570469698734
            ],
            [
              -87.95043422368427,
              43.07157105607505
            ],
            [
              -87.94982274554843,
              43.07157213876625
            ],
            [
              -87.94858998847384,
              43.07157431382108
            ],
            [
              -87.94734080277033,
              43.07157650229532
            ],
            [
              -87.94609881951071,
              43.07153223830124
            ],
            [
              -87.94486400143496,
              43.07152039877465
            ],
            [
              -87.94362997820373,
              43.07150855480198
            ],
            [
              -87.94239495609344,
              43.07149668476576
            ],
            [
              -87.94115854949305,
              43.07148478705611
            ],
            [
              -87.93991763701236,
              43.07147283840988
            ],
            [
              -87.93905874081256,
              43.07146455359351
            ],
            [
              -87.93867107850454,
              43.07146081261424
            ],
            [
              -87.93864045148472,
              43.07327495028701
            ],
            [
              -87.93861905434676,
              43.07499955146856
            ],
            [
              -87.93878202402878,
              43.07509896424176
            ],
            [
              -87.93861432942884,
              43.075096370177704
            ],
            [
              -87.93740861178506,
              43.07507768480209
            ],
            [
              -87.93736809633872,
              43.075077056385474
            ],
            [
              -87.9373573435382,
              43.075587312296385
            ],
            [
              -87.93735356327457,
              43.07576671298739
            ],
            [
              -87.93875640532454,
              43.07687943470524
            ],
            [
              -87.9397748578904,
              43.07768832406869
            ],
            [
              -87.94062982767403,
              43.07836682057685
            ],
            [
              -87.94112218977698,
              43.07875528923937
            ],
            [
              -87.9422274343385,
              43.079634669103484
            ],
            [
              -87.94343872611302,
              43.0805958829977
            ],
            [
              -87.94415389424258,
              43.081163387949594
            ],
            [
              -87.94429023761568,
              43.08109328381226
            ],
            [
              -87.94467077582406,
              43.08110041453323
            ],
            [
              -87.94466520545443,
              43.08138447105419
            ],
            [
              -87.94466163902723,
              43.08156628585648
            ],
            [
              -87.94589671177647,
              43.08253762910734
            ],
            [
              -87.9471255037274,
              43.083497018502406
            ],
            [
              -87.94712986594054,
              43.083500423428724
            ],
            [
              -87.94713692155356,
              43.08350593265225
            ],
            [
              -87.94712018278352,
              43.084734652801096
            ],
            [
              -87.94710029116489,
              43.08619418589801
            ],
            [
              -87.9470823808555,
              43.0875083702286
            ],
            [
              -87.94706464170073,
              43.08805369618986
            ],
            [
              -87.94701610304385,
              43.08953089451269
            ],
            [
              -87.94700720668814,
              43.089801649850045
            ],
            [
              -87.94826581372065,
              43.0898085200207
            ],
            [
              -87.94947635686988,
              43.089815855299655
            ],
            [
              -87.95067243633277,
              43.0898230945632
            ],
            [
              -87.95191304753077,
              43.08983058891168
            ],
            [
              -87.95222672539825,
              43.08983248285934
            ],
            [
              -87.95386369653913,
              43.08984319100934
            ],
            [
              -87.95576787179468,
              43.08985378651822
            ],
            [
              -87.95709165839654,
              43.08986172468376
            ],
            [
              -87.95703930793543,
              43.09159241796939
            ],
            [
              -87.95698530602847,
              43.09348438759464
            ],
            [
              -87.95693369314576,
              43.09529791814671
            ],
            [
              -87.9568988670354,
              43.0965215208884
            ],
            [
              -87.95683656495126,
              43.09687790093753
            ],
            [
              -87.95682534926516,
              43.09714281478163
            ],
            [
              -87.9576045148166,
              43.098945567698685
            ],
            [
              -87.95803407315013,
              43.09992563332901
            ],
            [
              -87.95838831405757,
              43.1007600299871
            ],
            [
              -87.95909860984911,
              43.10256688886477
            ],
            [
              -87.95917321687897,
              43.10256693472174
            ],
            [
              -87.95916770986165,
              43.10273429819419
            ],
            [
              -87.95983536499968,
              43.1044417273326
            ],
            [
              -87.95990341401529,
              43.10461574714653
            ],
            [
              -87.96038676979516,
              43.104616114326
            ],
            [
              -87.96154637840738,
              43.104616985148155
            ],
            [
              -87.96273096754106,
              43.10461785733681
            ],
            [
              -87.96391628650525,
              43.10461872214851
            ],
            [
              -87.96509124485851,
              43.10461957034649
            ],
            [
              -87.96652684013834,
              43.10462058775423
            ],
            [
              -87.96784270007366,
              43.104624754389754
            ],
            [
              -87.96905348189952,
              43.10462863341203
            ],
            [
              -87.97028417207393,
              43.104632568281765
            ],
            [
              -87.97145769203006,
              43.10463630370846
            ],
            [
              -87.97319838082232,
              43.10464182383743
            ],
            [
              -87.97392761444739,
              43.1046441296418
            ],
            [
              -87.97436512493366,
              43.104645643615896
            ],
            [
              -87.97553168590076,
              43.104649679582394
            ],
            [
              -87.97654219481794,
              43.104653164850184
            ],
            [
              -87.97767300805799,
              43.10465761386974
            ],
            [
              -87.97788387116023,
              43.10466230977204
            ],
            [
              -87.97888728489077,
              43.10466398865759
            ],
            [
              -87.97905490211208,
              43.10466787113978
            ],
            [
              -87.980119216853,
              43.1046704414343
            ],
            [
              -87.98067793716203,
              43.104675556363745
            ],
            [
              -87.98135874721329,
              43.10467692020415
            ],
            [
              -87.98237278376428,
              43.10468355604254
            ],
            [
              -87.98259488912245,
              43.10468336862329
            ],
            [
              -87.98378163576984,
              43.1046901891136
            ],
            [
              -87.98524917281502,
              43.10469716205953
            ],
            [
              -87.98601050595435,
              43.10470110853131
            ],
            [
              -87.9860998884728,
              43.104701571047976
            ],
            [
              -87.9864808407383,
              43.10470354397752
            ],
            [
              -87.98664090621855,
              43.10383513271754
            ],
            [
              -87.98667568054115,
              43.103686655698496
            ],
            [
              -87.98667838928787,
              43.10344406003121
            ],
            [
              -87.98669439216766,
              43.102069637646785
            ],
            [
              -87.98670537386785,
              43.10133263208485
            ],
            [
              -87.98671456975688,
              43.10071550709455
            ],
            [
              -87.98673218949311,
              43.09953346978094
            ],
            [
              -87.98673679352297,
              43.09922441662176
            ],
            [
              -87.98675314859261,
              43.0981273667729
            ],
            [
              -87.98574872474525,
              43.097335148274325
            ],
            [
              -87.9854556676108,
              43.097103575604145
            ],
            [
              -87.98417102407758,
              43.09607960001733
            ],
            [
              -87.98205352086264,
              43.094406014563894
            ],
            [
              -87.97980526741476,
              43.09262895082426
            ],
            [
              -87.9787884979792,
              43.09182522340128
            ],
            [
              -87.97774705606781,
              43.09100196509484
            ],
            [
              -87.97704652232991,
              43.090466282593795
            ],
            [
              -87.97706039791238,
              43.08987677349712
            ],
            [
              -87.97833431127364,
              43.08988930983329
            ],
            [
              -87.97951954819678,
              43.089900856888825
            ],
            [
              -87.98073322578722,
              43.08991266493319
            ],
            [
              -87.98193134863251,
              43.08992431199177
            ],
            [
              -87.98321396711478,
              43.08993676257293
            ],
            [
              -87.98565800955235,
              43.08996044541175
            ],
            [
              -87.98692160102246,
              43.08997267128575
            ],
            [
              -87.98697455118115,
              43.08810953807921
            ],
            [
              -87.98702777412763,
              43.086287973978976
            ],
            [
              -87.98708075690676,
              43.08447442727889
            ],
            [
              -87.98711825822946,
              43.08319073737401
            ],
            [
              -87.98713353958131,
              43.08266764530033
            ],
            [
              -87.98718125998657,
              43.08085711238889
            ],
            [
              -87.98723906165122,
              43.078638674728126
            ],
            [
              -87.98731334109827,
              43.075787525191025
            ],
            [
              -87.98732446428261,
              43.07536052297225
            ],
            [
              -87.98735948167783,
              43.07351238137044
            ],
            [
              -87.98739411447494,
              43.0716842537018
            ],
            [
              -87.98626652931279,
              43.07170481111358
            ],
            [
              -87.98514134119682,
              43.07169452598546
            ],
            [
              -87.984198829633,
              43.071685906871856
            ],
            [
              -87.98326191996917,
              43.071677326143345
            ],
            [
              -87.98208185154476,
              43.07166650768568
            ],
            [
              -87.98093465176969,
              43.07165598310237
            ],
            [
              -87.98014975594403,
              43.07164877390209
            ]
          ]
        ]
      }
    },
    {
      "type": "Feature",
      "properties": {
        "placeFips": "5553000",
        "city": "Milwaukee",
        "state": "WI",
        "boundaryType": "aldermanic-district",
        "district": "8",
        "name": "8"
      },
      "geometry": {
        "type": "Polygon",
        "coordinates": [
          [
            [
              -87.94850067245477,
              42.988563251945976
            ],
            [
              -87.94823275287013,
              42.98856609178657
            ],
            [
              -87.94817617148824,
              42.989586792657
            ],
            [
              -87.94818249612811,
              42.99034123740795
            ],
            [
              -87.94822206273318,
              42.991103761767874
            ],
            [
              -87.94824729372458,
              42.991539826857654
            ],
            [
              -87.94828892241912,
              42.99228010206613
            ],
            [
              -87.94827146431376,
              42.99372594498126
            ],
            [
              -87.94687149670061,
              42.99333250963973
            ],
            [
              -87.94570718589982,
              42.99311729331028
            ],
            [
              -87.94480280050895,
              42.993010740095855
            ],
            [
              -87.9437152171794,
              42.99298919120473
            ],
            [
              -87.94234362631751,
              42.99306532180191
            ],
            [
              -87.93842670171014,
              42.993361584627806
            ],
            [
              -87.9383863426475,
              42.99571638162517
            ],
            [
              -87.93836737475215,
              42.99671706850842
            ],
            [
              -87.93835022921719,
              42.997600558585866
            ],
            [
              -87.9383188260827,
              42.999349022680086
            ],
            [
              -87.93828624160308,
              43.00119048799428
            ],
            [
              -87.93825112378565,
              43.00301380425944
            ],
            [
              -87.93824246665245,
              43.00332639996495
            ],
            [
              -87.93820155986327,
              43.0048035301044
            ],
            [
              -87.93815099764055,
              43.00662932384406
            ],
            [
              -87.93814858542025,
              43.00671648259537
            ],
            [
              -87.93814539914607,
              43.00683160857336
            ],
            [
              -87.93809984201967,
              43.00847653900269
            ],
            [
              -87.93809468773574,
              43.00866282369646
            ],
            [
              -87.93808560234413,
              43.00899114318764
            ],
            [
              -87.93805000915938,
              43.01027740788109
            ],
            [
              -87.93862926100543,
              43.01028563698026
            ],
            [
              -87.93648001168256,
              43.01235921871327
            ],
            [
              -87.93792968617004,
              43.01236031822446
            ],
            [
              -87.93816727288596,
              43.01238475525002
            ],
            [
              -87.93814434688014,
              43.01418346107326
            ],
            [
              -87.93813459222208,
              43.01494934481646
            ],
            [
              -87.93812104018124,
              43.01601232824802
            ],
            [
              -87.93810342654324,
              43.01703486297417
            ],
            [
              -87.93809791022453,
              43.01910374866339
            ],
            [
              -87.93809504453286,
              43.02017514047031
            ],
            [
              -87.938092541415,
              43.02111630959234
            ],
            [
              -87.93809234844703,
              43.02118839461522
            ],
            [
              -87.9380881567189,
              43.02275894138071
            ],
            [
              -87.93779421352625,
              43.02277025822867
            ],
            [
              -87.93680834461988,
              43.02280820986834
            ],
            [
              -87.93554042328037,
              43.02286861225578
            ],
            [
              -87.9342859275096,
              43.02292836573349
            ],
            [
              -87.93299228779425,
              43.02298996696283
            ],
            [
              -87.93056509594166,
              43.02310138934118
            ],
            [
              -87.92927267748485,
              43.023167005498024
            ],
            [
              -87.92842146586082,
              43.02319022771373
            ],
            [
              -87.92808810727392,
              43.02320257495748
            ],
            [
              -87.92673939002597,
              43.02320698988332
            ],
            [
              -87.92583800296501,
              43.023209933181306
            ],
            [
              -87.92534370816776,
              43.02321154360207
            ],
            [
              -87.92533136238313,
              43.0242331467645
            ],
            [
              -87.92533328872148,
              43.025330362384885
            ],
            [
              -87.9239344814111,
              43.02532274784084
            ],
            [
              -87.92322414880202,
              43.02531887488108
            ],
            [
              -87.92253234165746,
              43.02531509838444
            ],
            [
              -87.92193176806933,
              43.025851225944606
            ],
            [
              -87.92200804430699,
              43.026054969776084
            ],
            [
              -87.92211504451421,
              43.02635196990514
            ],
            [
              -87.92225804446085,
              43.0267529695453
            ],
            [
              -87.92245704549052,
              43.02734496966851
            ],
            [
              -87.92262204429916,
              43.02781996972131
            ],
            [
              -87.92274904396673,
              43.02839896898897
            ],
            [
              -87.92280604464669,
              43.02876696952445
            ],
            [
              -87.92283804489735,
              43.02899296931016
            ],
            [
              -87.92286504382487,
              43.02955096849936
            ],
            [
              -87.92289204423666,
              43.030310969238684
            ],
            [
              -87.92289134974173,
              43.03038873077115
            ],
            [
              -87.92289004397722,
              43.030534969056205
            ],
            [
              -87.92288704351743,
              43.03135796867596
            ],
            [
              -87.92298066717882,
              43.0313588834951
            ],
            [
              -87.92319404410654,
              43.03136096880951
            ],
            [
              -87.92322204440802,
              43.03136096894655
            ],
            [
              -87.92476404367119,
              43.031372968982694
            ],
            [
              -87.92501704272804,
              43.03137496835605
            ],
            [
              -87.92527804295337,
              43.03137596874292
            ],
            [
              -87.92626504330448,
              43.031380969304614
            ],
            [
              -87.92922704205527,
              43.03139696963721
            ],
            [
              -87.93021504162056,
              43.0314029688935
            ],
            [
              -87.9307670412759,
              43.031406969838635
            ],
            [
              -87.93242404052634,
              43.031420969259884
            ],
            [
              -87.93294332168568,
              43.03143343284968
            ],
            [
              -87.93298330244221,
              43.031434392213825
            ],
            [
              -87.93298425441935,
              43.031708958270066
            ],
            [
              -87.93297693650815,
              43.03202899128964
            ],
            [
              -87.9329665158894,
              43.03278123553654
            ],
            [
              -87.93296582203163,
              43.032819101861854
            ],
            [
              -87.93294608268371,
              43.03389641036891
            ],
            [
              -87.93293308633744,
              43.034755964820434
            ],
            [
              -87.93292304874895,
              43.03558970150178
            ],
            [
              -87.93791454340611,
              43.03561487844053
            ],
            [
              -87.93924846311151,
              43.0355693973812
            ],
            [
              -87.9402326484078,
              43.035565790853184
            ],
            [
              -87.94100189417622,
              43.035579726808
            ],
            [
              -87.94169179240012,
              43.03563510522636
            ],
            [
              -87.94235248863072,
              43.03568994995078
            ],
            [
              -87.94282961407366,
              43.03569858543405
            ],
            [
              -87.94330722108985,
              43.03569293493737
            ],
            [
              -87.94388411998389,
              43.03563189598316
            ],
            [
              -87.94446246982058,
              43.03552800230918
            ],
            [
              -87.94499442783399,
              43.03533946583862
            ],
            [
              -87.94548770449835,
              43.03517477651653
            ],
            [
              -87.94583330535873,
              43.03503807926923
            ],
            [
              -87.94638367716045,
              43.03477881641489
            ],
            [
              -87.94774178423764,
              43.03478147831208
            ],
            [
              -87.94774288205414,
              43.03469038900092
            ],
            [
              -87.94774910171027,
              43.03417430204665
            ],
            [
              -87.94775396691175,
              43.03401946212368
            ],
            [
              -87.94867336939816,
              43.03373142172748
            ],
            [
              -87.9487309057365,
              43.03370825891836
            ],
            [
              -87.94948732922734,
              43.033403726529514
            ],
            [
              -87.95051748947523,
              43.03298705272448
            ],
            [
              -87.95094443862335,
              43.032829046647855
            ],
            [
              -87.95183079814029,
              43.032544838302016
            ],
            [
              -87.9529888215134,
              43.03229410196468
            ],
            [
              -87.95406543785829,
              43.03221204356783
            ],
            [
              -87.95774384607655,
              43.03216397130272
            ],
            [
              -87.95773803353467,
              43.03208997073842
            ],
            [
              -87.95773903324512,
              43.03195997015297
            ],
            [
              -87.95773939742907,
              43.0319188717639
            ],
            [
              -87.95774003373731,
              43.03184697072478
            ],
            [
              -87.95774203417243,
              43.03155697061964
            ],
            [
              -87.95774303411586,
              43.03147697038146
            ],
            [
              -87.95774203329832,
              43.031391970988615
            ],
            [
              -87.95773803302696,
              43.03113697108692
            ],
            [
              -87.95773803382617,
              43.03105197077878
            ],
            [
              -87.95773803375295,
              43.03104197142808
            ],
            [
              -87.95773803368806,
              43.03102697105213
            ],
            [
              -87.95773803332703,
              43.03100297080619
            ],
            [
              -87.95773803411937,
              43.03096897123145
            ],
            [
              -87.95773403354725,
              43.03050097121096
            ],
            [
              -87.95772303373934,
              43.02909697105001
            ],
            [
              -87.95772003468498,
              43.028629971339626
            ],
            [
              -87.9577160340201,
              43.02813797189702
            ],
            [
              -87.95771503428425,
              43.02799297099206
            ],
            [
              -87.95771403403913,
              43.02790597171799
            ],
            [
              -87.95770103391115,
              43.026081971556174
            ],
            [
              -87.95769703388748,
              43.025445972349495
            ],
            [
              -87.95769603396323,
              43.02540397150556
            ],
            [
              -87.95769603395023,
              43.02529197154604
            ],
            [
              -87.95769503461527,
              43.02527797160267
            ],
            [
              -87.95769503466403,
              43.02523697200414
            ],
            [
              -87.95769503402985,
              43.025203971875776
            ],
            [
              -87.95769503470716,
              43.02513997242504
            ],
            [
              -87.95769503509398,
              43.025112971926866
            ],
            [
              -87.95769503442487,
              43.02490697172795
            ],
            [
              -87.95769303416074,
              43.02474297249944
            ],
            [
              -87.95769303437102,
              43.024619971899455
            ],
            [
              -87.95769203426005,
              43.02453797183395
            ],
            [
              -87.95769203379756,
              43.024488971840775
            ],
            [
              -87.95769003445808,
              43.024361972484414
            ],
            [
              -87.95768803420093,
              43.024294971935134
            ],
            [
              -87.95768703384805,
              43.024213972248944
            ],
            [
              -87.9616987263022,
              43.024171752907336
            ],
            [
              -87.96235239747942,
              43.02416486027407
            ],
            [
              -87.96235155069687,
              43.02388967369024
            ],
            [
              -87.962350135169,
              43.023430898733984
            ],
            [
              -87.96234373163236,
              43.02135327824945
            ],
            [
              -87.96164888471715,
              43.02139709974585
            ],
            [
              -87.9616801651039,
              43.020629518437865
            ],
            [
              -87.96171311195418,
              43.01982116821947
            ],
            [
              -87.96174658897782,
              43.01899971172012
            ],
            [
              -87.96178006075505,
              43.018178422572475
            ],
            [
              -87.96179959628515,
              43.01769900244296
            ],
            [
              -87.96183303599696,
              43.01687837538574
            ],
            [
              -87.96339178822362,
              43.01687196679675
            ],
            [
              -87.96478452897256,
              43.01686431337493
            ],
            [
              -87.96614857997403,
              43.016856799353704
            ],
            [
              -87.96679978127653,
              43.01685286290383
            ],
            [
              -87.96749889536146,
              43.016849342956185
            ],
            [
              -87.9674902809012,
              43.0159401980036
            ],
            [
              -87.96751129315048,
              43.01431237571608
            ],
            [
              -87.96670438384977,
              43.01431905305174
            ],
            [
              -87.96655527795608,
              43.01323467762485
            ],
            [
              -87.96269262920457,
              43.01325403831427
            ],
            [
              -87.9627192964446,
              43.01231245824637
            ],
            [
              -87.966412963801,
              43.0122605007183
            ],
            [
              -87.96635942125607,
              43.01170814372182
            ],
            [
              -87.96634347174846,
              43.01147892614891
            ],
            [
              -87.96632831893157,
              43.01115321504695
            ],
            [
              -87.96632239050436,
              43.010628599832394
            ],
            [
              -87.96632841025463,
              43.0101631886801
            ],
            [
              -87.96406571193972,
              43.01020007899953
            ],
            [
              -87.96274390675963,
              43.01021399465705
            ],
            [
              -87.96274843483674,
              43.00979229425719
            ],
            [
              -87.96098684943699,
              43.00981637084574
            ],
            [
              -87.96110424504192,
              43.004753994055065
            ],
            [
              -87.96112748237901,
              43.00296210413134
            ],
            [
              -87.96167387141867,
              43.00295545612547
            ],
            [
              -87.96650882789005,
              43.002893235279245
            ],
            [
              -87.96771306275161,
              43.002881810230114
            ],
            [
              -87.96827304388306,
              43.002896419520184
            ],
            [
              -87.96850492537055,
              43.002902467633206
            ],
            [
              -87.96852708839084,
              43.00079654641843
            ],
            [
              -87.974795074475,
              43.002915894882875
            ],
            [
              -87.9751663381257,
              43.00289748003178
            ],
            [
              -87.96775558066366,
              43.00036991946465
            ],
            [
              -87.9677550340739,
              42.999747975997096
            ],
            [
              -87.96776303369974,
              42.99895497659256
            ],
            [
              -87.96777203417449,
              42.99800897689909
            ],
            [
              -87.96777803428823,
              42.99742997709444
            ],
            [
              -87.96777803392928,
              42.99736697702319
            ],
            [
              -87.96778103443287,
              42.99718097767972
            ],
            [
              -87.96778303482903,
              42.99711897688162
            ],
            [
              -87.96778403453847,
              42.99708597702197
            ],
            [
              -87.96778703437506,
              42.99682397688352
            ],
            [
              -87.96779803400803,
              42.99594197730492
            ],
            [
              -87.9678020345759,
              42.99564797680898
            ],
            [
              -87.96804203361745,
              42.99564697706903
            ],
            [
              -87.96876403364497,
              42.99564697760701
            ],
            [
              -87.96900503356748,
              42.995646977021735
            ],
            [
              -87.96925203330711,
              42.99564597742639
            ],
            [
              -87.96999603408096,
              42.99564497763141
            ],
            [
              -87.97024403471714,
              42.99564497705754
            ],
            [
              -87.9702520333475,
              42.99528197724782
            ],
            [
              -87.97027703444222,
              42.99419597803565
            ],
            [
              -87.97028603363984,
              42.9938339775709
            ],
            [
              -87.97029103379346,
              42.99347197768229
            ],
            [
              -87.97030803445682,
              42.99238897800226
            ],
            [
              -87.97031503374049,
              42.992027978192134
            ],
            [
              -87.9703210345505,
              42.991664977742616
            ],
            [
              -87.97033803435562,
              42.99057597825235
            ],
            [
              -87.97034503453895,
              42.99021297852696
            ],
            [
              -87.97035103399641,
              42.98984197841753
            ],
            [
              -87.97036803468438,
              42.988729978634225
            ],
            [
              -87.97037256037558,
              42.98849076017052
            ],
            [
              -87.97037488416301,
              42.98836792436037
            ],
            [
              -87.9703239887131,
              42.98836757140083
            ],
            [
              -87.9691366351079,
              42.988359333800865
            ],
            [
              -87.96899460269326,
              42.98835834753061
            ],
            [
              -87.96788625872465,
              42.98834960421868
            ],
            [
              -87.96662296866525,
              42.98836356190139
            ],
            [
              -87.96541705175117,
              42.98837687640618
            ],
            [
              -87.96418664073323,
              42.9883904468674
            ],
            [
              -87.96297335813388,
              42.988403819540665
            ],
            [
              -87.96175822477403,
              42.98841719647852
            ],
            [
              -87.96052771153245,
              42.98843072820178
            ],
            [
              -87.95930479655166,
              42.988444166106014
            ],
            [
              -87.95809603668211,
              42.98845869894685
            ],
            [
              -87.9568295923292,
              42.98847258473533
            ],
            [
              -87.95572895522727,
              42.98848508515273
            ],
            [
              -87.95559865493703,
              42.98848606357604
            ],
            [
              -87.95453989598133,
              42.98849844448793
            ],
            [
              -87.9543889590933,
              42.9884992975243
            ],
            [
              -87.95343344594788,
              42.988510864823844
            ],
            [
              -87.95315622926293,
              42.9885127671608
            ],
            [
              -87.95232785877295,
              42.98852181319808
            ],
            [
              -87.95210918438671,
              42.98852651701974
            ],
            [
              -87.95184440883399,
              42.98852709167859
            ],
            [
              -87.95066378209265,
              42.98854190510044
            ],
            [
              -87.9494641015039,
              42.98855303510389
            ],
            [
              -87.94850067245477,
              42.988563251945976
            ]
          ]
        ]
      }
    },
    {
      "type": "Feature",
      "properties": {
        "placeFips": "5553000",
        "city": "Milwaukee",
        "state": "WI",
        "boundaryType": "aldermanic-district",
        "district": "9",
        "name": "9"
      },
      "geometry": {
        "type": "MultiPolygon",
        "coordinates": [
          [
            [
              [
                -88.06335239341475,
                43.19212840232561
              ],
              [
                -88.06338063252626,
                43.1907386356213
              ],
              [
                -88.06340777254663,
                43.1898757592793
              ],
              [
                -88.063488911832,
                43.18419921457805
              ],
              [
                -88.0636204909105,
                43.17897640073703
              ],
              [
                -88.06367123808464,
                43.17694506872719
              ],
              [
                -88.06370992152092,
                43.17538063865111
              ],
              [
                -88.06381841016552,
                43.17130459457774
              ],
              [
                -88.06394689195378,
                43.16647665025283
              ],
              [
                -88.06405462396886,
                43.16246314232959
              ],
              [
                -88.06410007274694,
                43.16092458901077
              ],
              [
                -88.06410046605443,
                43.16091125535917
              ],
              [
                -88.0641022617074,
                43.16085048001994
              ],
              [
                -88.0641022972035,
                43.160849283090315
              ],
              [
                -88.06401651390883,
                43.16079403466462
              ],
              [
                -88.06400966276533,
                43.16007794940014
              ],
              [
                -88.06401020721866,
                43.159457633012444
              ],
              [
                -88.0640114273355,
                43.15917911658575
              ],
              [
                -88.06401163623133,
                43.15913137818763
              ],
              [
                -88.0640118526254,
                43.15908173556919
              ],
              [
                -88.06401274415394,
                43.15887850686029
              ],
              [
                -88.06401683860479,
                43.1580596727215
              ],
              [
                -88.06401780238734,
                43.15786700241923
              ],
              [
                -88.06417841590104,
                43.157544461771735
              ],
              [
                -88.06419767921356,
                43.15750577741395
              ],
              [
                -88.06421022936779,
                43.15706702993221
              ],
              [
                -88.06421680067172,
                43.156837322364396
              ],
              [
                -88.06422169918834,
                43.15666603409323
              ],
              [
                -88.0642270795204,
                43.15631903806255
              ],
              [
                -88.06424404550589,
                43.15522490424077
              ],
              [
                -88.06450356354257,
                43.148268804508845
              ],
              [
                -88.06451503689743,
                43.14796123587238
              ],
              [
                -88.06440216887381,
                43.1479643900448
              ],
              [
                -88.06260651518625,
                43.148009569152556
              ],
              [
                -88.06113903833683,
                43.14804309863168
              ],
              [
                -88.05954789555796,
                43.148082159726535
              ],
              [
                -88.05941116503341,
                43.14808156827917
              ],
              [
                -88.05900244258996,
                43.14804990209806
              ],
              [
                -88.05887001627222,
                43.14801967634608
              ],
              [
                -88.05863466045228,
                43.14794250777292
              ],
              [
                -88.05842282479774,
                43.147832237397516
              ],
              [
                -88.05831309127483,
                43.147754832175885
              ],
              [
                -88.05820176440848,
                43.14770054814688
              ],
              [
                -88.05802092601304,
                43.14755839717432
              ],
              [
                -88.05765911450327,
                43.147330713886
              ],
              [
                -88.05749688549055,
                43.14724943507917
              ],
              [
                -88.05726191457339,
                43.14715915397607
              ],
              [
                -88.05704551101763,
                43.14709741492526
              ],
              [
                -88.05672107051875,
                43.147037461060556
              ],
              [
                -88.05640947398422,
                43.147015706236175
              ],
              [
                -88.0552473697289,
                43.146989394511806
              ],
              [
                -88.05510116391375,
                43.146984255617106
              ],
              [
                -88.05475144846764,
                43.14698712694136
              ],
              [
                -88.05414654359694,
                43.14695775724567
              ],
              [
                -88.05328215303828,
                43.14696973019948
              ],
              [
                -88.05272620391456,
                43.14697458648624
              ],
              [
                -88.05200729434131,
                43.14710589745946
              ],
              [
                -88.05156092390551,
                43.14719801812244
              ],
              [
                -88.05140150675285,
                43.14723091930547
              ],
              [
                -88.05086893136098,
                43.14739230831405
              ],
              [
                -88.05016414234746,
                43.14761730334133
              ],
              [
                -88.04898626460628,
                43.147986681324795
              ],
              [
                -88.048758752094,
                43.14805727133939
              ],
              [
                -88.04839696536354,
                43.14815323269275
              ],
              [
                -88.04791747423138,
                43.148253054659975
              ],
              [
                -88.04729677965724,
                43.148342179468436
              ],
              [
                -88.04679643849215,
                43.14838833623222
              ],
              [
                -88.04658018157657,
                43.14838603621469
              ],
              [
                -88.04632155200156,
                43.14838722117366
              ],
              [
                -88.04564116796972,
                43.14839912183278
              ],
              [
                -88.04510571582057,
                43.148396304389514
              ],
              [
                -88.0447353507845,
                43.148398450362755
              ],
              [
                -88.04395559748079,
                43.14840296452317
              ],
              [
                -88.03847859986921,
                43.14843451948332
              ],
              [
                -88.03511705066158,
                43.148454912000076
              ],
              [
                -88.03396626504608,
                43.14847544402927
              ],
              [
                -88.03258446026372,
                43.148500081056085
              ],
              [
                -88.02922356613064,
                43.148558812550505
              ],
              [
                -88.02847713966703,
                43.148570147055786
              ],
              [
                -88.02615446182557,
                43.148619228415356
              ],
              [
                -88.02572710430132,
                43.148625883274875
              ],
              [
                -88.02518956094744,
                43.1486342523321
              ],
              [
                -88.0252237123979,
                43.146928883606115
              ],
              [
                -88.0252837363259,
                43.1439915343806
              ],
              [
                -88.02529781778891,
                43.14303846629358
              ],
              [
                -88.02533246007413,
                43.14133000957713
              ],
              [
                -88.02535830999444,
                43.139575965390584
              ],
              [
                -88.0253826682477,
                43.13788987614423
              ],
              [
                -88.02539331946518,
                43.13742807214692
              ],
              [
                -88.02543853763045,
                43.134061193131494
              ],
              [
                -88.02424146915823,
                43.134066863762925
              ],
              [
                -88.022983428482,
                43.13407280949988
              ],
              [
                -88.01954498794787,
                43.134085788056275
              ],
              [
                -88.01691347609993,
                43.134098264016586
              ],
              [
                -88.01561512779884,
                43.13410555506781
              ],
              [
                -88.01308673202122,
                43.13411422874588
              ],
              [
                -88.0107216889579,
                43.13412229345364
              ],
              [
                -88.00726494475632,
                43.13413238363013
              ],
              [
                -88.00578391541018,
                43.13415023060001
              ],
              [
                -88.00224024625152,
                43.13411436629326
              ],
              [
                -87.99999302375221,
                43.134091565946065
              ],
              [
                -87.99580100408056,
                43.134051672501094
              ],
              [
                -87.99514043855336,
                43.134042933548244
              ],
              [
                -87.99084740013068,
                43.13398688640453
              ],
              [
                -87.99088543344907,
                43.13182313910494
              ],
              [
                -87.99088664157725,
                43.12951799676978
              ],
              [
                -87.99089273802565,
                43.12809180696076
              ],
              [
                -87.99089873806007,
                43.126688946974575
              ],
              [
                -87.99094532392323,
                43.12485716074665
              ],
              [
                -87.9902163810946,
                43.12484737653381
              ],
              [
                -87.98950634027581,
                43.12483784222642
              ],
              [
                -87.98826719211023,
                43.12482119058324
              ],
              [
                -87.98721965237704,
                43.124807110112336
              ],
              [
                -87.98594842895476,
                43.12478064757869
              ],
              [
                -87.9858878292492,
                43.126620855763406
              ],
              [
                -87.9809899387059,
                43.126625850939035
              ],
              [
                -87.980960996531,
                43.12874336454466
              ],
              [
                -87.98095142371092,
                43.12944379630441
              ],
              [
                -87.98096001631978,
                43.129635955886684
              ],
              [
                -87.9809640163271,
                43.12968595530307
              ],
              [
                -87.9814780153623,
                43.13014495590443
              ],
              [
                -87.98180201577594,
                43.130433955726005
              ],
              [
                -87.9825710157034,
                43.131120955991555
              ],
              [
                -87.98293501524554,
                43.131449956474945
              ],
              [
                -87.98302001567984,
                43.131523955346076
              ],
              [
                -87.98353901516919,
                43.131978955684026
              ],
              [
                -87.98315601547425,
                43.1319719558147
              ],
              [
                -87.9829660154864,
                43.13196095623396
              ],
              [
                -87.98221901592491,
                43.131976956098406
              ],
              [
                -87.98182601604242,
                43.13198595512929
              ],
              [
                -87.97968801533592,
                43.13202295479629
              ],
              [
                -87.97948501602804,
                43.13202695570215
              ],
              [
                -87.97933401576196,
                43.13201995569875
              ],
              [
                -87.97906001623427,
                43.13202195560317
              ],
              [
                -87.97825901676926,
                43.13203395549481
              ],
              [
                -87.9769390161777,
                43.13205495545807
              ],
              [
                -87.97575301678518,
                43.1320729551776
              ],
              [
                -87.97493301664299,
                43.132083955480155
              ],
              [
                -87.9740590178992,
                43.13209995527172
              ],
              [
                -87.97324501755566,
                43.132108955799254
              ],
              [
                -87.97201101859683,
                43.13212595498058
              ],
              [
                -87.97157501907742,
                43.13212995497972
              ],
              [
                -87.97070801824482,
                43.1321509547662
              ],
              [
                -87.96996201895726,
                43.13215895488598
              ],
              [
                -87.96935701933826,
                43.1321659550893
              ],
              [
                -87.96895501917345,
                43.1321719552053
              ],
              [
                -87.96696001941235,
                43.13220195476127
              ],
              [
                -87.96676902016955,
                43.13220195490764
              ],
              [
                -87.96664701984227,
                43.13220195521496
              ],
              [
                -87.9664560195292,
                43.132212954433946
              ],
              [
                -87.96619901989473,
                43.13222495435239
              ],
              [
                -87.96600902034942,
                43.13223395464433
              ],
              [
                -87.96600401991259,
                43.13243395463412
              ],
              [
                -87.96599101986044,
                43.133034954691446
              ],
              [
                -87.9659870200005,
                43.133235954007475
              ],
              [
                -87.96598301949626,
                43.13337295455434
              ],
              [
                -87.96597402009509,
                43.13378595473837
              ],
              [
                -87.96597201981045,
                43.133923954468216
              ],
              [
                -87.96595201934724,
                43.13451595478126
              ],
              [
                -87.96589401992122,
                43.136290954009354
              ],
              [
                -87.96587501991642,
                43.13688395353799
              ],
              [
                -87.96584301936873,
                43.13776095399469
              ],
              [
                -87.96574701931308,
                43.14039495340688
              ],
              [
                -87.96571601960663,
                43.14127295293591
              ],
              [
                -87.96571201918401,
                43.141376952758804
              ],
              [
                -87.9657010196219,
                43.14169195322928
              ],
              [
                -87.96569901895957,
                43.14178095345271
              ],
              [
                -87.96569801995302,
                43.14179695329135
              ],
              [
                -87.96569201845153,
                43.14194895240808
              ],
              [
                -87.96567701858469,
                43.14240795321879
              ],
              [
                -87.96567301983745,
                43.142561952835564
              ],
              [
                -87.96563301856997,
                43.14376395294424
              ],
              [
                -87.96551501931269,
                43.1473729525031
              ],
              [
                -87.96548601825631,
                43.14824195231308
              ],
              [
                -87.96548563851208,
                43.148272579818475
              ],
              [
                -87.96548179381024,
                43.1485824134063
              ],
              [
                -87.96729210366843,
                43.14858089106444
              ],
              [
                -87.96997637959642,
                43.1485785842961
              ],
              [
                -87.9723070521426,
                43.148576527346215
              ],
              [
                -87.97556415802022,
                43.148573572170775
              ],
              [
                -87.97555906307558,
                43.14869197369557
              ],
              [
                -87.9754659120522,
                43.150856501744435
              ],
              [
                -87.97538863452908,
                43.15265209043192
              ],
              [
                -87.97525006184055,
                43.15585556701602
              ],
              [
                -87.97515215863952,
                43.15600373977589
              ],
              [
                -87.97502765497953,
                43.159042726856235
              ],
              [
                -87.97488649902324,
                43.162487855856085
              ],
              [
                -87.97486005697279,
                43.16313315407623
              ],
              [
                -87.97791640841868,
                43.16312017194478
              ],
              [
                -87.97902172393567,
                43.16311740057062
              ],
              [
                -87.98255861272251,
                43.16310029782891
              ],
              [
                -87.98484214223201,
                43.16308693429436
              ],
              [
                -87.98927759748139,
                43.16314000749963
              ],
              [
                -87.99175019708215,
                43.163167481871064
              ],
              [
                -87.99475913681232,
                43.163200845901166
              ],
              [
                -87.99475622311112,
                43.16335133890388
              ],
              [
                -87.99461551137969,
                43.17048687426052
              ],
              [
                -87.99475966299488,
                43.170487815089835
              ],
              [
                -87.99468442779909,
                43.174135748097875
              ],
              [
                -87.99454697211607,
                43.174130703134395
              ],
              [
                -87.99447801567798,
                43.17777361030507
              ],
              [
                -87.99447475173623,
                43.177980773577424
              ],
              [
                -87.9944538061355,
                43.17915649062948
              ],
              [
                -87.99443788056313,
                43.1796964982517
              ],
              [
                -87.99417628103289,
                43.19237046535101
              ],
              [
                -87.99417200723296,
                43.192552737496094
              ],
              [
                -87.9961099627931,
                43.19255340290095
              ],
              [
                -88.00387471361232,
                43.192555728184296
              ],
              [
                -88.01386615647051,
                43.19253860837175
              ],
              [
                -88.02373417124039,
                43.19247865510042
              ],
              [
                -88.02890951804585,
                43.192436020928405
              ],
              [
                -88.03374025239702,
                43.19239777332041
              ],
              [
                -88.03823276200703,
                43.19234909589322
              ],
              [
                -88.04376609410842,
                43.19228883722254
              ],
              [
                -88.05368325530735,
                43.19217306820595
              ],
              [
                -88.05675546600538,
                43.192155181092794
              ],
              [
                -88.06335239341475,
                43.19212840232561
              ]
            ]
          ],
          [
            [
              [
                -88.06338515812503,
                43.194770254336554
              ],
              [
                -88.0673497533697,
                43.194733923720754
              ],
              [
                -88.06456962124494,
                43.19212202999048
              ],
              [
                -88.06335239341475,
                43.19212840232561
              ],
              [
                -88.06338515812503,
                43.194770254336554
              ]
            ]
          ]
        ]
      }
    },
    {
      "type": "Feature",
      "properties": {
        "placeFips": "5553000",
        "city": "Milwaukee",
        "state": "WI",
        "boundaryType": "aldermanic-district",
        "district": "10",
        "name": "10"
      },
      "geometry": {
        "type": "Polygon",
        "coordinates": [
          [
            [
              -87.97984586790012,
              43.06798593240368
            ],
            [
              -87.97981496767686,
              43.069802985752986
            ],
            [
              -87.97978363141463,
              43.07164540879832
            ],
            [
              -87.9800203943863,
              43.07164758506483
            ],
            [
              -87.98093465176969,
              43.07165598310237
            ],
            [
              -87.98208185154476,
              43.07166650768568
            ],
            [
              -87.98326191996917,
              43.071677326143345
            ],
            [
              -87.984198829633,
              43.071685906871856
            ],
            [
              -87.98514134119682,
              43.07169452598546
            ],
            [
              -87.98626652931279,
              43.07170481111358
            ],
            [
              -87.98739411447494,
              43.0716842537018
            ],
            [
              -87.98735948167783,
              43.07351238137044
            ],
            [
              -87.98732446428261,
              43.07536052297225
            ],
            [
              -87.98731334109827,
              43.075787525191025
            ],
            [
              -87.98731036420246,
              43.07590175188782
            ],
            [
              -87.98723906165122,
              43.078638674728126
            ],
            [
              -87.98718125998657,
              43.08085711238889
            ],
            [
              -87.98713353958131,
              43.08266764530033
            ],
            [
              -87.98712632997578,
              43.08291442253304
            ],
            [
              -87.98708075690676,
              43.08447442727889
            ],
            [
              -87.98702777412763,
              43.086287973978976
            ],
            [
              -87.98697455118115,
              43.08810953807921
            ],
            [
              -87.98741665364706,
              43.08810855231932
            ],
            [
              -87.98826902199163,
              43.08810664572473
            ],
            [
              -87.9895425221209,
              43.08810378858266
            ],
            [
              -87.99082383884388,
              43.088100896749296
            ],
            [
              -87.99208973479233,
              43.088098024486094
            ],
            [
              -87.99336582698649,
              43.08809511897751
            ],
            [
              -87.99463846547705,
              43.08809220311544
            ],
            [
              -87.99587107585307,
              43.08808936751376
            ],
            [
              -87.99583411575533,
              43.089948548851176
            ],
            [
              -87.99706780343423,
              43.08994511982263
            ],
            [
              -87.99825964776528,
              43.08994205418637
            ],
            [
              -87.99944798768246,
              43.089938987384365
            ],
            [
              -88.00062459992823,
              43.08993593907564
            ],
            [
              -88.0018132138833,
              43.089932842296136
            ],
            [
              -88.00301878975642,
              43.089929686768876
            ],
            [
              -88.00408173123093,
              43.089926896665645
            ],
            [
              -88.00476345151866,
              43.08992510081272
            ],
            [
              -88.00595185005739,
              43.08992196063069
            ],
            [
              -88.00723675914725,
              43.0899185494388
            ],
            [
              -88.00725739506342,
              43.08808003157532
            ],
            [
              -88.00727774662414,
              43.086267870973295
            ],
            [
              -88.00729817579004,
              43.08444812993759
            ],
            [
              -88.00731866522462,
              43.08262348781449
            ],
            [
              -88.00733682880205,
              43.080555158094526
            ],
            [
              -88.00735993071176,
              43.07792456302687
            ],
            [
              -88.00736954620285,
              43.0768291785646
            ],
            [
              -88.0073827901681,
              43.075320865969196
            ],
            [
              -88.00739811975143,
              43.07349593773916
            ],
            [
              -88.00741346315647,
              43.07167583306036
            ],
            [
              -88.00742877403495,
              43.06985899699755
            ],
            [
              -88.00742648781464,
              43.06947005956437
            ],
            [
              -88.00623931490432,
              43.06947330129341
            ],
            [
              -88.00517528883337,
              43.06947047441838
            ],
            [
              -88.00409528827609,
              43.06946759416331
            ],
            [
              -88.00297269253585,
              43.06946458989854
            ],
            [
              -88.0024118006022,
              43.06946518917275
            ],
            [
              -88.00243233871531,
              43.06803716972616
            ],
            [
              -88.00184029603246,
              43.06803693269139
            ],
            [
              -88.00106147559801,
              43.06804078103297
            ],
            [
              -88.00069368779828,
              43.068042596050276
            ],
            [
              -87.99964766030232,
              43.068039900517746
            ],
            [
              -87.99855706138807,
              43.06803707333993
            ],
            [
              -87.99742929088691,
              43.068034142194946
            ],
            [
              -87.99619866536045,
              43.06803443291219
            ],
            [
              -87.99481271607524,
              43.06803474807641
            ],
            [
              -87.99352597592207,
              43.068035027238246
            ],
            [
              -87.99353656103156,
              43.066187084436656
            ],
            [
              -87.99210127535714,
              43.066182491240625
            ],
            [
              -87.99208698045422,
              43.06758174216169
            ],
            [
              -87.99085206345083,
              43.0675777769596
            ],
            [
              -87.98972940877194,
              43.0675741600513
            ],
            [
              -87.98932525372987,
              43.067572856126844
            ],
            [
              -87.98932480122643,
              43.067616755603844
            ],
            [
              -87.98916763319174,
              43.06761624609418
            ],
            [
              -87.98917995726457,
              43.066190559023184
            ],
            [
              -87.9892010913524,
              43.06435406940057
            ],
            [
              -87.98863976720736,
              43.06435225371611
            ],
            [
              -87.98750595455155,
              43.064348577654194
            ],
            [
              -87.98752403838171,
              43.062534782518895
            ],
            [
              -87.98754423226883,
              43.06070344365596
            ],
            [
              -87.98754990513599,
              43.058863308840664
            ],
            [
              -87.98755527693028,
              43.05711918010959
            ],
            [
              -87.98756053087355,
              43.05541507937407
            ],
            [
              -87.98756465451456,
              43.05296686406612
            ],
            [
              -87.98755869507053,
              43.05160767125691
            ],
            [
              -87.98755158814205,
              43.049986823427695
            ],
            [
              -87.98754175031131,
              43.04780061506885
            ],
            [
              -87.98743694734802,
              43.047062962768
            ],
            [
              -87.9874229610368,
              43.04436956654617
            ],
            [
              -87.98741006401279,
              43.04428189316961
            ],
            [
              -87.98752805942335,
              43.04421629398315
            ],
            [
              -87.98752729591449,
              43.04388330216325
            ],
            [
              -87.98752700419293,
              43.04369709207028
            ],
            [
              -87.98752679576239,
              43.04356185848566
            ],
            [
              -87.98752506642572,
              43.04245078958211
            ],
            [
              -87.98752257644557,
              43.04221952905273
            ],
            [
              -87.98752438263513,
              43.04201313605863
            ],
            [
              -87.98752388329618,
              43.04169077301632
            ],
            [
              -87.98751588443238,
              43.0402398226641
            ],
            [
              -87.98618922477372,
              43.040241364688676
            ],
            [
              -87.9855523598145,
              43.04024209775511
            ],
            [
              -87.984879051154,
              43.04024286830665
            ],
            [
              -87.98407451502433,
              43.040243788634854
            ],
            [
              -87.98407272179436,
              43.03964655074666
            ],
            [
              -87.98415968045535,
              43.039637410033954
            ],
            [
              -87.98442430900018,
              43.03963711012668
            ],
            [
              -87.98442307018317,
              43.03922591618357
            ],
            [
              -87.98461009684176,
              43.039225699582374
            ],
            [
              -87.98460877468813,
              43.03878670522465
            ],
            [
              -87.98415896580646,
              43.038787222860414
            ],
            [
              -87.9842465081458,
              43.0384029988289
            ],
            [
              -87.98479513607202,
              43.038402372390436
            ],
            [
              -87.98479389247149,
              43.03768900604965
            ],
            [
              -87.9849817196199,
              43.03768879140499
            ],
            [
              -87.98498076425535,
              43.03714004844217
            ],
            [
              -87.9853544854747,
              43.03713961914318
            ],
            [
              -87.98535424542598,
              43.037002435419446
            ],
            [
              -87.98601636360895,
              43.03700167152973
            ],
            [
              -87.98750824359671,
              43.03699993783689
            ],
            [
              -87.9875073027441,
              43.03647435725152
            ],
            [
              -87.98805334346108,
              43.036445632053656
            ],
            [
              -87.9880543878892,
              43.037028483431364
            ],
            [
              -87.98872766317699,
              43.037029836228754
            ],
            [
              -87.98872654706183,
              43.03641021561575
            ],
            [
              -87.98994496494795,
              43.036346104863256
            ],
            [
              -87.98994596779289,
              43.03689509188141
            ],
            [
              -87.99106808593876,
              43.03689732767049
            ],
            [
              -87.99106783192926,
              43.03676014213561
            ],
            [
              -87.99174109930873,
              43.03676148059917
            ],
            [
              -87.99174015962583,
              43.03625162216741
            ],
            [
              -87.99218895071218,
              43.03622799604479
            ],
            [
              -87.99337078593332,
              43.03616577418271
            ],
            [
              -87.99337170801145,
              43.03665495284644
            ],
            [
              -87.99451626552258,
              43.03665720140118
            ],
            [
              -87.99451562031749,
              43.03631697368354
            ],
            [
              -87.99500186633958,
              43.03631792787007
            ],
            [
              -87.99499998489433,
              43.03651873934319
            ],
            [
              -87.99518927491908,
              43.03652132862313
            ],
            [
              -87.99518841335683,
              43.036070051148506
            ],
            [
              -87.99554701594055,
              43.03605116292615
            ],
            [
              -87.99554537559827,
              43.03540861125637
            ],
            [
              -87.99599438542555,
              43.0354079989051
            ],
            [
              -87.99599470306998,
              43.03548482348347
            ],
            [
              -87.99652565346237,
              43.03548410028835
            ],
            [
              -87.99652582049471,
              43.035525251812174
            ],
            [
              -87.9968063438136,
              43.03552486767199
            ],
            [
              -87.99680494433359,
              43.03518374535684
            ],
            [
              -87.996771289928,
              43.035142634916475
            ],
            [
              -87.99676689878791,
              43.03407261792901
            ],
            [
              -87.99739159975937,
              43.03409088880443
            ],
            [
              -87.99866017250773,
              43.03409908099712
            ],
            [
              -87.99977758040292,
              43.034108398112394
            ],
            [
              -88.00086440518916,
              43.034110134036496
            ],
            [
              -88.00132414346176,
              43.03411721795046
            ],
            [
              -88.00132932180409,
              43.034842726551425
            ],
            [
              -88.00132985395014,
              43.03524212574907
            ],
            [
              -88.00169420296145,
              43.035244558193895
            ],
            [
              -88.00167073398873,
              43.03535964328102
            ],
            [
              -88.0016731631768,
              43.03572072666523
            ],
            [
              -88.0024364190538,
              43.03567854017449
            ],
            [
              -88.00362128455852,
              43.03561299264267
            ],
            [
              -88.00412158801178,
              43.035585909175346
            ],
            [
              -88.00482851342515,
              43.03550776800733
            ],
            [
              -88.00603999031327,
              43.03537326389292
            ],
            [
              -88.00729612925575,
              43.03523379211073
            ],
            [
              -88.00865944706328,
              43.035082388101934
            ],
            [
              -88.00966263972823,
              43.03497265318817
            ],
            [
              -88.0103834166188,
              43.03498913128849
            ],
            [
              -88.010625862977,
              43.03503890111454
            ],
            [
              -88.01110719227398,
              43.03513817517584
            ],
            [
              -88.01137808107244,
              43.035193324732184
            ],
            [
              -88.01292116637288,
              43.03562492947312
            ],
            [
              -88.01431936177222,
              43.0360240232261
            ],
            [
              -88.01613157557591,
              43.036004249037994
            ],
            [
              -88.01731240864197,
              43.032684322826235
            ],
            [
              -88.01731644529457,
              43.03173821237869
            ],
            [
              -88.0162329069249,
              43.031757353290025
            ],
            [
              -88.01623466759987,
              43.031345797640434
            ],
            [
              -88.01732065586619,
              43.031326621211115
            ],
            [
              -88.02357168570367,
              43.031175300947965
            ],
            [
              -88.02358644493806,
              43.03158711874599
            ],
            [
              -88.02360661365336,
              43.03366489377257
            ],
            [
              -88.02363010670285,
              43.035920667205204
            ],
            [
              -88.02185828197358,
              43.03593525313907
            ],
            [
              -88.02189275919275,
              43.03851043556615
            ],
            [
              -88.02190065261395,
              43.038930276606955
            ],
            [
              -88.02568829096468,
              43.038833189197035
            ],
            [
              -88.02717870507878,
              43.03879495271732
            ],
            [
              -88.03148757357394,
              43.03878005420899
            ],
            [
              -88.03148455829847,
              43.03835596291887
            ],
            [
              -88.03146403215675,
              43.035471426307666
            ],
            [
              -88.03348258904153,
              43.03520411571655
            ],
            [
              -88.0341169378072,
              43.035145729296595
            ],
            [
              -88.03662398865802,
              43.035007502667554
            ],
            [
              -88.03728720355171,
              43.034972743134816
            ],
            [
              -88.04226018094744,
              43.03471432312448
            ],
            [
              -88.0470408499498,
              43.0350810924933
            ],
            [
              -88.04712467021413,
              43.03458598506919
            ],
            [
              -88.04718561641383,
              43.034122501704246
            ],
            [
              -88.04721545892502,
              43.033865418276946
            ],
            [
              -88.04717350042107,
              43.03100748312093
            ],
            [
              -88.0459085684206,
              43.03101050734731
            ],
            [
              -88.0455817507098,
              43.02959087632978
            ],
            [
              -88.0453318831162,
              43.0285054574996
            ],
            [
              -88.045198742687,
              43.02792709388755
            ],
            [
              -88.04490420541548,
              43.026647556037574
            ],
            [
              -88.04365164480772,
              43.02620098007274
            ],
            [
              -88.04298803779389,
              43.026003939302825
            ],
            [
              -88.04247376933827,
              43.02586297030381
            ],
            [
              -88.04191417911817,
              43.02573947166756
            ],
            [
              -88.0417113458006,
              43.02569652124486
            ],
            [
              -88.04117565859822,
              43.02560552594519
            ],
            [
              -88.04090599457895,
              43.025560134185994
            ],
            [
              -88.04020813434865,
              43.0254478660008
            ],
            [
              -88.03975903753467,
              43.025385339233765
            ],
            [
              -88.03931891330684,
              43.02533134108092
            ],
            [
              -88.03866878439696,
              43.025256053490416
            ],
            [
              -88.03806300822684,
              43.025198019534564
            ],
            [
              -88.03789399453979,
              43.02518551803308
            ],
            [
              -88.03742412117673,
              43.02516283515031
            ],
            [
              -88.03720167165396,
              43.02515678554953
            ],
            [
              -88.03648103176684,
              43.02513492253161
            ],
            [
              -88.03613910793383,
              43.02512848859421
            ],
            [
              -88.03376152899416,
              43.02508540414989
            ],
            [
              -88.03211807351771,
              43.02506144440041
            ],
            [
              -88.0316135243337,
              43.02504888556689
            ],
            [
              -88.03023192252371,
              43.025025366152185
            ],
            [
              -88.02961689904993,
              43.02501584847566
            ],
            [
              -88.02926206146539,
              43.025009374426304
            ],
            [
              -88.02829499129737,
              43.0249908359106
            ],
            [
              -88.02730758700291,
              43.02497301595743
            ],
            [
              -88.02602941164432,
              43.024950318715554
            ],
            [
              -88.02519729287881,
              43.02493143686791
            ],
            [
              -88.02519154142017,
              43.02428321106465
            ],
            [
              -88.0242958297678,
              43.02429726728209
            ],
            [
              -88.02429176394858,
              43.02383825243958
            ],
            [
              -88.02358575043766,
              43.023849261166944
            ],
            [
              -88.0172728446262,
              43.02394791046837
            ],
            [
              -88.01376892282576,
              43.02404542770767
            ],
            [
              -88.00859767056885,
              43.0241832069184
            ],
            [
              -88.00859953834646,
              43.02404587725546
            ],
            [
              -88.00724303735272,
              43.02408014198174
            ],
            [
              -88.00723955545143,
              43.02422092892302
            ],
            [
              -88.00379984034717,
              43.02419611714588
            ],
            [
              -88.00239504695865,
              43.024185960443944
            ],
            [
              -88.00000051478804,
              43.024168599540026
            ],
            [
              -87.99864201084014,
              43.02415280676651
            ],
            [
              -87.99741267370239,
              43.02414918380468
            ],
            [
              -87.99741208611813,
              43.02428293003669
            ],
            [
              -87.99635594980161,
              43.0242623146155
            ],
            [
              -87.9924428495445,
              43.0241770984335
            ],
            [
              -87.98651188335809,
              43.02405020943877
            ],
            [
              -87.98454253709073,
              43.024011715643574
            ],
            [
              -87.98424607718063,
              43.02401193181046
            ],
            [
              -87.98386827471042,
              43.02402154637297
            ],
            [
              -87.98341159958433,
              43.02404611838373
            ],
            [
              -87.98313453569742,
              43.02406798808535
            ],
            [
              -87.98285860413198,
              43.024095039379446
            ],
            [
              -87.98259842140953,
              43.02412541751172
            ],
            [
              -87.98242789682524,
              43.02412575724691
            ],
            [
              -87.98242112032199,
              43.022919008574185
            ],
            [
              -87.98239740802134,
              43.018388934448176
            ],
            [
              -87.98029019338523,
              43.01877891825509
            ],
            [
              -87.97917771886489,
              43.01897572446014
            ],
            [
              -87.97809625523792,
              43.01916542606004
            ],
            [
              -87.97606295341295,
              43.01953968145447
            ],
            [
              -87.97490212199507,
              43.01973660887822
            ],
            [
              -87.97370716981649,
              43.01994248872232
            ],
            [
              -87.97256366474284,
              43.02013727928278
            ],
            [
              -87.97136393797273,
              43.02036123114452
            ],
            [
              -87.9700515644027,
              43.02061817636761
            ],
            [
              -87.96960359269231,
              43.02069085105133
            ],
            [
              -87.96946792203269,
              43.02097311560514
            ],
            [
              -87.96938696976713,
              43.02341254534403
            ],
            [
              -87.9693986228399,
              43.02378338660504
            ],
            [
              -87.9693992312142,
              43.02415450415346
            ],
            [
              -87.96654776616718,
              43.024159484955334
            ],
            [
              -87.96549133192921,
              43.02416257467524
            ],
            [
              -87.96346523818788,
              43.02416362716244
            ],
            [
              -87.96235239747942,
              43.02416486027407
            ],
            [
              -87.9616987263022,
              43.024171752907336
            ],
            [
              -87.95768703384805,
              43.024213972248944
            ],
            [
              -87.95768803420093,
              43.024294971935134
            ],
            [
              -87.95769003445808,
              43.024361972484414
            ],
            [
              -87.95769203379756,
              43.024488971840775
            ],
            [
              -87.95769203426005,
              43.02453797183395
            ],
            [
              -87.95769303437102,
              43.024619971899455
            ],
            [
              -87.95769303416074,
              43.02474297249944
            ],
            [
              -87.95769503442487,
              43.02490697172795
            ],
            [
              -87.95769503509398,
              43.025112971926866
            ],
            [
              -87.95769503470716,
              43.02513997242504
            ],
            [
              -87.95769503402985,
              43.025203971875776
            ],
            [
              -87.95769503466403,
              43.02523697200414
            ],
            [
              -87.95769503461527,
              43.02527797160267
            ],
            [
              -87.95769603395023,
              43.02529197154604
            ],
            [
              -87.95769603396323,
              43.02540397150556
            ],
            [
              -87.95769703388748,
              43.025445972349495
            ],
            [
              -87.95770103391115,
              43.026081971556174
            ],
            [
              -87.95771403403913,
              43.02790597171799
            ],
            [
              -87.95771503428425,
              43.02799297099206
            ],
            [
              -87.9577160340201,
              43.02813797189702
            ],
            [
              -87.95772003468498,
              43.028629971339626
            ],
            [
              -87.95772303373934,
              43.02909697105001
            ],
            [
              -87.95773403354725,
              43.03050097121096
            ],
            [
              -87.95773803411937,
              43.03096897123145
            ],
            [
              -87.95773803332703,
              43.03100297080619
            ],
            [
              -87.95773803368806,
              43.03102697105213
            ],
            [
              -87.95773803375295,
              43.03104197142808
            ],
            [
              -87.95773803382617,
              43.03105197077878
            ],
            [
              -87.95773803302696,
              43.03113697108692
            ],
            [
              -87.95774203329832,
              43.031391970988615
            ],
            [
              -87.95774303411586,
              43.03147697038146
            ],
            [
              -87.95774203417243,
              43.03155697061964
            ],
            [
              -87.95774003373731,
              43.03184697072478
            ],
            [
              -87.95773903324512,
              43.03195997015297
            ],
            [
              -87.95773803353467,
              43.03208997073842
            ],
            [
              -87.95774384607655,
              43.03216397130272
            ],
            [
              -87.95406543785829,
              43.03221204356783
            ],
            [
              -87.9529888215134,
              43.03229410196468
            ],
            [
              -87.95183079814029,
              43.032544838302016
            ],
            [
              -87.95094443862335,
              43.032829046647855
            ],
            [
              -87.95051748947523,
              43.03298705272448
            ],
            [
              -87.94948732922734,
              43.033403726529514
            ],
            [
              -87.9487309057365,
              43.03370825891836
            ],
            [
              -87.94867336939816,
              43.03373142172748
            ],
            [
              -87.94775396691175,
              43.03401946212368
            ],
            [
              -87.94774910171027,
              43.03417430204665
            ],
            [
              -87.94774178423764,
              43.03478147831208
            ],
            [
              -87.94773895792497,
              43.03487685402212
            ],
            [
              -87.94773403598369,
              43.03504296911206
            ],
            [
              -87.94772803584596,
              43.03585496949051
            ],
            [
              -87.94772703648522,
              43.036125969193655
            ],
            [
              -87.94772503584775,
              43.03639896959968
            ],
            [
              -87.94771903511518,
              43.03721796901001
            ],
            [
              -87.94771803569924,
              43.03749196895105
            ],
            [
              -87.94771603603759,
              43.037731969164305
            ],
            [
              -87.94771203585827,
              43.03845096946175
            ],
            [
              -87.94771103622737,
              43.03869196919235
            ],
            [
              -87.94797003584739,
              43.03869296903234
            ],
            [
              -87.94874903563978,
              43.038698968961434
            ],
            [
              -87.94900903532282,
              43.03870096865789
            ],
            [
              -87.94904803537565,
              43.038700969032
            ],
            [
              -87.94916503556425,
              43.03870096917409
            ],
            [
              -87.94920503572726,
              43.03870196901451
            ],
            [
              -87.94933903536165,
              43.03870196949497
            ],
            [
              -87.94974103440104,
              43.03870496935134
            ],
            [
              -87.94987503488738,
              43.03870596960225
            ],
            [
              -87.94997103494707,
              43.038705969281494
            ],
            [
              -87.95026203541826,
              43.038708969064054
            ],
            [
              -87.95035903558167,
              43.03870996882606
            ],
            [
              -87.95043203453251,
              43.038709969412615
            ],
            [
              -87.95065303447531,
              43.0387109695693
            ],
            [
              -87.9507270347894,
              43.03871196949561
            ],
            [
              -87.95088003480743,
              43.03871196940166
            ],
            [
              -87.95134003426166,
              43.03871496904539
            ],
            [
              -87.95149403404983,
              43.038716968906115
            ],
            [
              -87.95174103396717,
              43.03871796993001
            ],
            [
              -87.95248503422962,
              43.038723969154525
            ],
            [
              -87.95273303429931,
              43.03872596931383
            ],
            [
              -87.95282303391654,
              43.038725969276996
            ],
            [
              -87.9530930345639,
              43.038727969543324
            ],
            [
              -87.95318303385662,
              43.03872896960159
            ],
            [
              -87.95334003449152,
              43.038728968892904
            ],
            [
              -87.95381403431945,
              43.03873196925901
            ],
            [
              -87.95397203354892,
              43.038733969314606
            ],
            [
              -87.95406003339852,
              43.038733970124994
            ],
            [
              -87.95432503415,
              43.038735969324726
            ],
            [
              -87.95441403419822,
              43.03873696933585
            ],
            [
              -87.9547620336324,
              43.03873896984186
            ],
            [
              -87.95580603289308,
              43.03874596897018
            ],
            [
              -87.95615503372461,
              43.038748969195396
            ],
            [
              -87.9564620324063,
              43.03874996982345
            ],
            [
              -87.95738403305558,
              43.03875596972932
            ],
            [
              -87.95769804415065,
              43.03876673398731
            ],
            [
              -87.95901797482087,
              43.038760338334555
            ],
            [
              -87.96075011091513,
              43.03875192450612
            ],
            [
              -87.96121174995197,
              43.03876681825897
            ],
            [
              -87.9617016395257,
              43.03878435699938
            ],
            [
              -87.96272969749023,
              43.03881725346906
            ],
            [
              -87.96510194210411,
              43.038815980109646
            ],
            [
              -87.96515839503626,
              43.03888478879648
            ],
            [
              -87.96521623315351,
              43.038955284447596
            ],
            [
              -87.96529894163059,
              43.039056094405815
            ],
            [
              -87.96545096808859,
              43.039157124694235
            ],
            [
              -87.96568498253303,
              43.03926480394476
            ],
            [
              -87.96602110852571,
              43.03942895793006
            ],
            [
              -87.96638739414695,
              43.03959363689188
            ],
            [
              -87.96668788117145,
              43.03972996631183
            ],
            [
              -87.9669214121463,
              43.03985992992761
            ],
            [
              -87.96708738322711,
              43.039994517060705
            ],
            [
              -87.96730971569274,
              43.04020715189844
            ],
            [
              -87.96743472579305,
              43.040418516319754
            ],
            [
              -87.96712226496145,
              43.042284097062094
            ],
            [
              -87.96698392826283,
              43.043023657141866
            ],
            [
              -87.9669401055309,
              43.04316044352567
            ],
            [
              -87.96670946308586,
              43.04368591244173
            ],
            [
              -87.96665948696035,
              43.04378363862664
            ],
            [
              -87.96652202272864,
              43.04401826959624
            ],
            [
              -87.9663566956984,
              43.044223678196026
            ],
            [
              -87.96621213825175,
              43.04440074418261
            ],
            [
              -87.9659672289308,
              43.0446407540673
            ],
            [
              -87.9656634926009,
              43.0448870070813
            ],
            [
              -87.9653814542331,
              43.04508340791889
            ],
            [
              -87.96498665905547,
              43.04531690745417
            ],
            [
              -87.96547363675286,
              43.045935115644134
            ],
            [
              -87.96545437371826,
              43.04684224874829
            ],
            [
              -87.9654131783273,
              43.048782659203006
            ],
            [
              -87.96709695886165,
              43.04879335528133
            ],
            [
              -87.96811627646665,
              43.04879501296998
            ],
            [
              -87.96913006963092,
              43.04880071473959
            ],
            [
              -87.97023706581318,
              43.048803992388414
            ],
            [
              -87.97135665904639,
              43.048807295824034
            ],
            [
              -87.97197931575498,
              43.04880927404729
            ],
            [
              -87.97190985398962,
              43.049171566426146
            ],
            [
              -87.97186287113638,
              43.04939511510069
            ],
            [
              -87.97189657694848,
              43.049680012357925
            ],
            [
              -87.97185294259462,
              43.05262704943863
            ],
            [
              -87.97245090613256,
              43.05290304536081
            ],
            [
              -87.97244329443143,
              43.05518054543218
            ],
            [
              -87.97244210703015,
              43.05550691259952
            ],
            [
              -87.9724362886732,
              43.05710571992138
            ],
            [
              -87.9735655268144,
              43.057110228870336
            ],
            [
              -87.97470860693002,
              43.05711478493973
            ],
            [
              -87.97614315204967,
              43.05712048598256
            ],
            [
              -87.97757686060005,
              43.05713056885364
            ],
            [
              -87.97877755457563,
              43.057136764158685
            ],
            [
              -87.97876841858266,
              43.059293982132274
            ],
            [
              -87.9787523402315,
              43.06066301078053
            ],
            [
              -87.97873172481397,
              43.06247763599857
            ],
            [
              -87.97871958278458,
              43.06354667981308
            ],
            [
              -87.97988804434468,
              43.06415789237577
            ],
            [
              -87.98018347894501,
              43.06431242979346
            ],
            [
              -87.97988641529795,
              43.064310542842264
            ],
            [
              -87.97986696218774,
              43.06613219137184
            ],
            [
              -87.97984948236206,
              43.06766825878648
            ],
            [
              -87.97984586790012,
              43.06798593240368
            ]
          ]
        ]
      }
    },
    {
      "type": "Feature",
      "properties": {
        "placeFips": "5553000",
        "city": "Milwaukee",
        "state": "WI",
        "boundaryType": "aldermanic-district",
        "district": "11",
        "name": "11"
      },
      "geometry": {
        "type": "Polygon",
        "coordinates": [
          [
            [
              -87.97037256037558,
              42.98849076017052
            ],
            [
              -87.97036803468438,
              42.988729978634225
            ],
            [
              -87.97035103399641,
              42.98984197841753
            ],
            [
              -87.97034503453895,
              42.99021297852696
            ],
            [
              -87.97033803435562,
              42.99057597825235
            ],
            [
              -87.9703210345505,
              42.991664977742616
            ],
            [
              -87.97031503374049,
              42.992027978192134
            ],
            [
              -87.97030803445682,
              42.99238897800226
            ],
            [
              -87.97029103379346,
              42.99347197768229
            ],
            [
              -87.97028603363984,
              42.9938339775709
            ],
            [
              -87.97027703444222,
              42.99419597803565
            ],
            [
              -87.9702520333475,
              42.99528197724782
            ],
            [
              -87.97024403471714,
              42.99564497705754
            ],
            [
              -87.96999603408096,
              42.99564497763141
            ],
            [
              -87.96925203330711,
              42.99564597742639
            ],
            [
              -87.96900503356748,
              42.995646977021735
            ],
            [
              -87.96876403364497,
              42.99564697760701
            ],
            [
              -87.96804203361745,
              42.99564697706903
            ],
            [
              -87.9678020345759,
              42.99564797680898
            ],
            [
              -87.96779803400803,
              42.99594197730492
            ],
            [
              -87.96778703437506,
              42.99682397688352
            ],
            [
              -87.96778403453847,
              42.99708597702197
            ],
            [
              -87.96778303482903,
              42.99711897688162
            ],
            [
              -87.96778103443287,
              42.99718097767972
            ],
            [
              -87.96777803392928,
              42.99736697702319
            ],
            [
              -87.96777803428823,
              42.99742997709444
            ],
            [
              -87.96777203417449,
              42.99800897689909
            ],
            [
              -87.96776303369974,
              42.99895497659256
            ],
            [
              -87.9677550340739,
              42.999747975997096
            ],
            [
              -87.96775558066366,
              43.00036991946465
            ],
            [
              -87.9751663381257,
              43.00289748003178
            ],
            [
              -87.974795074475,
              43.002915894882875
            ],
            [
              -87.97746950522914,
              43.003823516429925
            ],
            [
              -87.9775662108223,
              43.00384734530258
            ],
            [
              -87.97756777110767,
              43.00370544142844
            ],
            [
              -87.97756946406018,
              43.00355150202619
            ],
            [
              -87.97561150275837,
              43.0028930624632
            ],
            [
              -87.9765790434984,
              43.00289257286975
            ],
            [
              -87.97699820205823,
              43.002889981919225
            ],
            [
              -87.97756732585795,
              43.00288771427973
            ],
            [
              -87.97763086137088,
              43.00109694475361
            ],
            [
              -87.9776230280897,
              43.00031339879089
            ],
            [
              -87.97762973572547,
              43.000080969629096
            ],
            [
              -87.97763184330134,
              42.99980245813973
            ],
            [
              -87.97763628583475,
              42.99955274380544
            ],
            [
              -87.9776411532655,
              42.99927895093454
            ],
            [
              -87.9783988495618,
              42.99929290288891
            ],
            [
              -87.97874594156359,
              42.99928523617199
            ],
            [
              -87.97917494466033,
              42.999292749180945
            ],
            [
              -87.98104022089912,
              42.99929236158832
            ],
            [
              -87.98132940158958,
              42.99929472790376
            ],
            [
              -87.98161866773064,
              42.99929223258444
            ],
            [
              -87.98259657362419,
              42.99929200926262
            ],
            [
              -87.98292491509885,
              42.99928823882567
            ],
            [
              -87.98323401205485,
              42.99929355619297
            ],
            [
              -87.98453356010445,
              42.99929155096742
            ],
            [
              -87.98460747556987,
              42.99929364024071
            ],
            [
              -87.9847520137018,
              42.999089575156205
            ],
            [
              -87.98498466566816,
              42.99865189503986
            ],
            [
              -87.98508815543218,
              42.99849351320947
            ],
            [
              -87.98525631034703,
              42.998295102499085
            ],
            [
              -87.98543675177928,
              42.998129781137614
            ],
            [
              -87.98568038551892,
              42.99795562644766
            ],
            [
              -87.98594240920386,
              42.997812010869666
            ],
            [
              -87.98626194450462,
              42.997682132073884
            ],
            [
              -87.9865964809764,
              42.99758859825191
            ],
            [
              -87.98692733356543,
              42.99753245134343
            ],
            [
              -87.98726194787952,
              42.99750910404744
            ],
            [
              -87.98758144409395,
              42.99751111916068
            ],
            [
              -87.98757685418963,
              42.99776020838334
            ],
            [
              -87.98825248978443,
              42.997756763669265
            ],
            [
              -87.98830941059298,
              42.99776874716453
            ],
            [
              -87.9882872099868,
              42.99874402581862
            ],
            [
              -87.9888157837403,
              42.998740725093775
            ],
            [
              -87.98892049099125,
              42.998753996342735
            ],
            [
              -87.98903944404482,
              42.998769489837535
            ],
            [
              -87.98953585782914,
              42.99876639086943
            ],
            [
              -87.98953394856042,
              42.99887611688424
            ],
            [
              -87.99011840894208,
              42.99887246281837
            ],
            [
              -87.99013910428779,
              42.99889697979493
            ],
            [
              -87.99126054349342,
              42.99888996014959
            ],
            [
              -87.99237456137826,
              42.99888297838051
            ],
            [
              -87.99339865240962,
              42.99887654853557
            ],
            [
              -87.99446907472866,
              42.99887826059083
            ],
            [
              -87.99502231711254,
              42.998874778465705
            ],
            [
              -87.99502288805765,
              42.998841875509804
            ],
            [
              -87.99575592119699,
              42.99883799154136
            ],
            [
              -87.99580358601001,
              42.9987971013612
            ],
            [
              -87.9975200512694,
              42.998785669094715
            ],
            [
              -87.99751586426366,
              42.99904729927559
            ],
            [
              -87.99813262681351,
              42.99904333141358
            ],
            [
              -87.99813554972573,
              42.99886060733788
            ],
            [
              -87.99907768986512,
              42.99885453624318
            ],
            [
              -88.00005457634745,
              42.99884823791422
            ],
            [
              -88.00005236422548,
              42.99902259763383
            ],
            [
              -88.00128331102302,
              42.999014375287565
            ],
            [
              -88.00190268492777,
              42.999010233483126
            ],
            [
              -88.00192330500722,
              42.99738000659694
            ],
            [
              -88.00193245020425,
              42.99557088322324
            ],
            [
              -88.00198321446143,
              42.99374945213206
            ],
            [
              -88.00199916189723,
              42.991935989948686
            ],
            [
              -88.00203469513868,
              42.99031142557971
            ],
            [
              -88.00205511450396,
              42.98927470602056
            ],
            [
              -88.0020710550534,
              42.98831760135046
            ],
            [
              -88.00336860254782,
              42.98830743362831
            ],
            [
              -88.00516395258104,
              42.98829374638375
            ],
            [
              -88.00570344489616,
              42.988287964625876
            ],
            [
              -88.00764478240059,
              42.98827379915507
            ],
            [
              -88.00917900766419,
              42.98826826850902
            ],
            [
              -88.01260023794141,
              42.98825585838729
            ],
            [
              -88.01529694484829,
              42.98824775686805
            ],
            [
              -88.01755555686537,
              42.988237701803335
            ],
            [
              -88.02241240214971,
              42.9882187489695
            ],
            [
              -88.0242090353941,
              42.98821168501238
            ],
            [
              -88.02746368546269,
              42.98819882020374
            ],
            [
              -88.02906542221828,
              42.98818678597749
            ],
            [
              -88.0310302927185,
              42.98816418398953
            ],
            [
              -88.03362079659354,
              42.98813895456927
            ],
            [
              -88.03481010985469,
              42.98812735707694
            ],
            [
              -88.03622320677121,
              42.98811354862123
            ],
            [
              -88.03729422034102,
              42.988103079832314
            ],
            [
              -88.03744103667853,
              42.982804505482854
            ],
            [
              -88.0374637105988,
              42.981986220205926
            ],
            [
              -88.03749319770442,
              42.98092187853014
            ],
            [
              -88.03768070811061,
              42.973629432844646
            ],
            [
              -88.03393488641987,
              42.97364797694075
            ],
            [
              -88.03270456252415,
              42.97365655480038
            ],
            [
              -88.03143610473286,
              42.97366538508151
            ],
            [
              -88.03023385868782,
              42.97367374200558
            ],
            [
              -88.0290305194472,
              42.97368209515456
            ],
            [
              -88.02774645505059,
              42.97369104927999
            ],
            [
              -88.024022145405,
              42.97370567267349
            ],
            [
              -88.01913250202456,
              42.97372468052861
            ],
            [
              -88.01785168975776,
              42.973729620291245
            ],
            [
              -88.01630291011337,
              42.97373418338986
            ],
            [
              -88.01476935682423,
              42.97373898155471
            ],
            [
              -88.01479151195845,
              42.97279302695742
            ],
            [
              -88.01480124761538,
              42.97237732975101
            ],
            [
              -88.01464591946927,
              42.97237806297209
            ],
            [
              -88.01463983951284,
              42.97198410510319
            ],
            [
              -88.01469941042791,
              42.971954059424185
            ],
            [
              -88.01469190749064,
              42.97114298020553
            ],
            [
              -88.01468820754461,
              42.970364004178954
            ],
            [
              -88.01477635992161,
              42.97031690932947
            ],
            [
              -88.01476783258589,
              42.969858619940815
            ],
            [
              -88.01302621126608,
              42.96987543024049
            ],
            [
              -88.00807450086953,
              42.96994127671843
            ],
            [
              -87.99895732716085,
              42.9700316667885
            ],
            [
              -87.99799435775796,
              42.970639547855775
            ],
            [
              -87.99412755868799,
              42.97307162327794
            ],
            [
              -87.99343473446187,
              42.97350679951156
            ],
            [
              -87.99287535744214,
              42.973858147794374
            ],
            [
              -87.99006037246905,
              42.97388055553996
            ],
            [
              -87.99012137452755,
              42.97214805141545
            ],
            [
              -87.99012455709513,
              42.972105811967744
            ],
            [
              -87.99269931169404,
              42.97208582926958
            ],
            [
              -87.99277294046438,
              42.970240078402554
            ],
            [
              -87.9913868953768,
              42.97024531681051
            ],
            [
              -87.99138844403996,
              42.97011460209747
            ],
            [
              -87.99072280828675,
              42.97012191453115
            ],
            [
              -87.99051374783294,
              42.97005322899267
            ],
            [
              -87.99026743815172,
              42.96996864285056
            ],
            [
              -87.99010565818162,
              42.96990480661974
            ],
            [
              -87.98994222341182,
              42.969824897600866
            ],
            [
              -87.98976658115237,
              42.96971749319546
            ],
            [
              -87.9895948418224,
              42.969583098279486
            ],
            [
              -87.98823785618009,
              42.96959713351118
            ],
            [
              -87.98815266141708,
              42.96959724132684
            ],
            [
              -87.98815695551177,
              42.96928885751456
            ],
            [
              -87.98819159195479,
              42.968374121563116
            ],
            [
              -87.98820455611201,
              42.96803175899369
            ],
            [
              -87.98825762832043,
              42.96663010680255
            ],
            [
              -87.98637165372264,
              42.966632866828974
            ],
            [
              -87.98593384004602,
              42.966635080639286
            ],
            [
              -87.98377639625623,
              42.96663965162697
            ],
            [
              -87.98329645405641,
              42.966640665980194
            ],
            [
              -87.98325714790361,
              42.96754641789609
            ],
            [
              -87.9826967182081,
              42.96755134713546
            ],
            [
              -87.97955395534683,
              42.96756025140063
            ],
            [
              -87.97846473075097,
              42.96755988961512
            ],
            [
              -87.97830007198506,
              42.96756383387294
            ],
            [
              -87.978327888171,
              42.96665071383958
            ],
            [
              -87.97769447058357,
              42.96665315622285
            ],
            [
              -87.9775988595538,
              42.969773264686175
            ],
            [
              -87.97756646010693,
              42.970830459613396
            ],
            [
              -87.97730551720642,
              42.97083071571693
            ],
            [
              -87.9740721087193,
              42.97083383514415
            ],
            [
              -87.9740607526242,
              42.971278580369734
            ],
            [
              -87.97403872516672,
              42.97214075703681
            ],
            [
              -87.9740181906097,
              42.972944772286866
            ],
            [
              -87.97484860708221,
              42.97293744071562
            ],
            [
              -87.97484399867757,
              42.9730058305852
            ],
            [
              -87.9748245818467,
              42.97375766298725
            ],
            [
              -87.97482158882073,
              42.97390751389707
            ],
            [
              -87.97439027313753,
              42.97390980810235
            ],
            [
              -87.97332616635822,
              42.97390780571425
            ],
            [
              -87.9733269226437,
              42.97375617609073
            ],
            [
              -87.9733455378552,
              42.972999143619816
            ],
            [
              -87.9731963772887,
              42.97299912160887
            ],
            [
              -87.9731867226459,
              42.97339139639933
            ],
            [
              -87.97238313343783,
              42.973392772019544
            ],
            [
              -87.97238530195263,
              42.973905469946004
            ],
            [
              -87.9707045565456,
              42.97390444416746
            ],
            [
              -87.97039403605964,
              42.973904124631495
            ],
            [
              -87.97039361689262,
              42.97448460133881
            ],
            [
              -87.97017650077687,
              42.97448472146104
            ],
            [
              -87.97015776941613,
              42.97499694350621
            ],
            [
              -87.97068372043265,
              42.97499679219745
            ],
            [
              -87.97066698323212,
              42.97587429998598
            ],
            [
              -87.9708648573086,
              42.97584963990017
            ],
            [
              -87.97108009555285,
              42.97583294443711
            ],
            [
              -87.97133636073907,
              42.97582655056253
            ],
            [
              -87.97155413834842,
              42.97583255401841
            ],
            [
              -87.97181440141638,
              42.97585363030212
            ],
            [
              -87.9720392883121,
              42.975884327699426
            ],
            [
              -87.97227332831505,
              42.975929071233494
            ],
            [
              -87.97244425344377,
              42.975970425519726
            ],
            [
              -87.97260628263318,
              42.976016795622236
            ],
            [
              -87.9727867536882,
              42.97607486288507
            ],
            [
              -87.9728457595738,
              42.976005490111554
            ],
            [
              -87.97291968838174,
              42.97592559267719
            ],
            [
              -87.97299939643413,
              42.97584677444034
            ],
            [
              -87.97311138784046,
              42.97574669371723
            ],
            [
              -87.97317733648563,
              42.97569273255014
            ],
            [
              -87.9735800435748,
              42.97602167987885
            ],
            [
              -87.97345826963777,
              42.97612670465214
            ],
            [
              -87.97350660245579,
              42.976166282912175
            ],
            [
              -87.97331599551089,
              42.97633061833583
            ],
            [
              -87.97347090353264,
              42.976455749473764
            ],
            [
              -87.97358105030771,
              42.97656534671835
            ],
            [
              -87.97368105413719,
              42.97671268714869
            ],
            [
              -87.97373351291296,
              42.976810235189724
            ],
            [
              -87.97377455563064,
              42.976910980521595
            ],
            [
              -87.9738002188897,
              42.97699879470946
            ],
            [
              -87.97382068831465,
              42.977117089221906
            ],
            [
              -87.97382555075777,
              42.97722980792991
            ],
            [
              -87.97382904221466,
              42.97815580528815
            ],
            [
              -87.97381899481974,
              42.978226894887676
            ],
            [
              -87.97379331968531,
              42.978347141300915
            ],
            [
              -87.97376820421003,
              42.978426117441984
            ],
            [
              -87.9737488578782,
              42.97847365012656
            ],
            [
              -87.97367126238235,
              42.978628982778005
            ],
            [
              -87.97556079011792,
              42.978633358284426
            ],
            [
              -87.97560892100351,
              42.97571918649296
            ],
            [
              -87.9768206456294,
              42.97572193026974
            ],
            [
              -87.97807465136606,
              42.97572475838309
            ],
            [
              -87.97804357373556,
              42.97754207208767
            ],
            [
              -87.97933197687371,
              42.977540521291324
            ],
            [
              -87.97990052114726,
              42.9775396116237
            ],
            [
              -87.97994784657273,
              42.97680794359535
            ],
            [
              -87.97995240801954,
              42.97647502248872
            ],
            [
              -87.98054531910125,
              42.976472959300075
            ],
            [
              -87.9805357088656,
              42.97702818524676
            ],
            [
              -87.98114333256287,
              42.97702727461116
            ],
            [
              -87.98113927782269,
              42.97753838813141
            ],
            [
              -87.9811063446716,
              42.97956246857411
            ],
            [
              -87.98109037857715,
              42.980679048894004
            ],
            [
              -87.98015345458667,
              42.980672767618756
            ],
            [
              -87.98014524167908,
              42.981153897003125
            ],
            [
              -87.98013783222642,
              42.981610291833576
            ],
            [
              -87.97910104727796,
              42.98223760180821
            ],
            [
              -87.97795057966054,
              42.98294688890329
            ],
            [
              -87.97739309504293,
              42.98328533638997
            ],
            [
              -87.9770333550736,
              42.98296329856868
            ],
            [
              -87.97680218438701,
              42.983102490994966
            ],
            [
              -87.9759982843717,
              42.98355105401149
            ],
            [
              -87.9759352963376,
              42.98362446714858
            ],
            [
              -87.97576191277321,
              42.983728862048885
            ],
            [
              -87.97612593061201,
              42.9840552185672
            ],
            [
              -87.97544635958218,
              42.98446335340952
            ],
            [
              -87.97418150856271,
              42.985222391108216
            ],
            [
              -87.97293123368746,
              42.98598105406769
            ],
            [
              -87.9727328154115,
              42.98610362266555
            ],
            [
              -87.97193830749917,
              42.986583530838516
            ],
            [
              -87.97167013987563,
              42.98674453869529
            ],
            [
              -87.97141696008637,
              42.98689755468856
            ],
            [
              -87.97140407536386,
              42.98752205006643
            ],
            [
              -87.97110472558035,
              42.98752141272992
            ],
            [
              -87.9711140694289,
              42.987080610877854
            ],
            [
              -87.97081119182378,
              42.98726366202047
            ],
            [
              -87.97079823327176,
              42.98787465204737
            ],
            [
              -87.97038711057407,
              42.98787377185736
            ],
            [
              -87.97039471214764,
              42.987515367930094
            ],
            [
              -87.97053071243499,
              42.987433177207585
            ],
            [
              -87.97027620139133,
              42.98743262296533
            ],
            [
              -87.96990274220752,
              42.987099573958055
            ],
            [
              -87.97183799213913,
              42.98592921727498
            ],
            [
              -87.971433526833,
              42.98556950292548
            ],
            [
              -87.97061677969467,
              42.98606447988326
            ],
            [
              -87.96916708049808,
              42.98606813687901
            ],
            [
              -87.96916466315704,
              42.98618610500848
            ],
            [
              -87.96858535906415,
              42.98618756140272
            ],
            [
              -87.96859503171963,
              42.98571568530924
            ],
            [
              -87.96794097392537,
              42.98571732401035
            ],
            [
              -87.96795042455965,
              42.98539140171793
            ],
            [
              -87.96796511019663,
              42.98488488033707
            ],
            [
              -87.96803420910419,
              42.981178717089584
            ],
            [
              -87.96810173887461,
              42.978615754320934
            ],
            [
              -87.97061594972506,
              42.978625687857004
            ],
            [
              -87.97066385815793,
              42.97610017910616
            ],
            [
              -87.97055351822954,
              42.976100246854514
            ],
            [
              -87.97057036285155,
              42.975079142385056
            ],
            [
              -87.9699445102,
              42.97507931817765
            ],
            [
              -87.96994920883719,
              42.974955841297415
            ],
            [
              -87.96996623129837,
              42.97448483209377
            ],
            [
              -87.96887776084328,
              42.97448540970003
            ],
            [
              -87.96887958813494,
              42.9744163705154
            ],
            [
              -87.96830552603414,
              42.9744157498958
            ],
            [
              -87.9682140314756,
              42.97441276857556
            ],
            [
              -87.96822749766724,
              42.97390171928803
            ],
            [
              -87.96824967900918,
              42.97270676772159
            ],
            [
              -87.96732964673954,
              42.97270877397701
            ],
            [
              -87.96731566480868,
              42.97342539186504
            ],
            [
              -87.9677585636145,
              42.97342503012821
            ],
            [
              -87.96775019479963,
              42.973902748574325
            ],
            [
              -87.96618612219078,
              42.97390556363058
            ],
            [
              -87.96483775771277,
              42.973907967619276
            ],
            [
              -87.96479991833779,
              42.97518639374664
            ],
            [
              -87.96013813930692,
              42.9751946408177
            ],
            [
              -87.9601351546563,
              42.97540218151002
            ],
            [
              -87.96012096538009,
              42.976389047683455
            ],
            [
              -87.9582698437414,
              42.976394869983885
            ],
            [
              -87.95826691851482,
              42.976758096792175
            ],
            [
              -87.95824789833084,
              42.977836721814626
            ],
            [
              -87.95764901756651,
              42.9778321043228
            ],
            [
              -87.95761065433679,
              42.97939964175601
            ],
            [
              -87.9576018522837,
              42.97980955770485
            ],
            [
              -87.95708485697244,
              42.979813210372306
            ],
            [
              -87.9570859965054,
              42.97975835265531
            ],
            [
              -87.956976669576,
              42.97975912880647
            ],
            [
              -87.95696153438999,
              42.98047050665467
            ],
            [
              -87.95634133449384,
              42.980474795506574
            ],
            [
              -87.95633541315999,
              42.980763364895154
            ],
            [
              -87.95572217680531,
              42.98076756141541
            ],
            [
              -87.95572336172755,
              42.980560823852656
            ],
            [
              -87.95510764603901,
              42.98056506243766
            ],
            [
              -87.95510924772525,
              42.98048279146889
            ],
            [
              -87.95449793489631,
              42.98048701056182
            ],
            [
              -87.95450076845049,
              42.980322500670525
            ],
            [
              -87.95388389461714,
              42.980326777454735
            ],
            [
              -87.95387745745607,
              42.98069852981645
            ],
            [
              -87.95326861658681,
              42.980701882809704
            ],
            [
              -87.95323791884991,
              42.98113038502538
            ],
            [
              -87.95323055928394,
              42.98123312405444
            ],
            [
              -87.95300475069455,
              42.98123461200654
            ],
            [
              -87.95099625185135,
              42.981249125540124
            ],
            [
              -87.94991893483838,
              42.98125493663239
            ],
            [
              -87.94836144277895,
              42.98126515704408
            ],
            [
              -87.94832882763251,
              42.98311592531161
            ],
            [
              -87.94829635372069,
              42.984958465806734
            ],
            [
              -87.94826616615232,
              42.98667150684667
            ],
            [
              -87.94824298113436,
              42.987986153735456
            ],
            [
              -87.94823275287013,
              42.98856609178657
            ],
            [
              -87.9494641015039,
              42.98855303510389
            ],
            [
              -87.95066378209265,
              42.98854190510044
            ],
            [
              -87.95184440883399,
              42.98852709167859
            ],
            [
              -87.95210918438671,
              42.98852651701974
            ],
            [
              -87.95232785877295,
              42.98852181319808
            ],
            [
              -87.95315622926293,
              42.9885127671608
            ],
            [
              -87.95343344594788,
              42.988510864823844
            ],
            [
              -87.9543889590933,
              42.9884992975243
            ],
            [
              -87.95453989598133,
              42.98849844448793
            ],
            [
              -87.95559865493703,
              42.98848606357604
            ],
            [
              -87.95572895522727,
              42.98848508515273
            ],
            [
              -87.9568295923292,
              42.98847258473533
            ],
            [
              -87.95809603668211,
              42.98845869894685
            ],
            [
              -87.95930479655166,
              42.988444166106014
            ],
            [
              -87.96052771153245,
              42.98843072820178
            ],
            [
              -87.96175822477403,
              42.98841719647852
            ],
            [
              -87.96297335813388,
              42.988403819540665
            ],
            [
              -87.96418664073323,
              42.9883904468674
            ],
            [
              -87.96541705175117,
              42.98837687640618
            ],
            [
              -87.96662296866525,
              42.98836356190139
            ],
            [
              -87.96788625872465,
              42.98834960421868
            ],
            [
              -87.96899460269326,
              42.98835834753061
            ],
            [
              -87.9691366351079,
              42.988359333800865
            ],
            [
              -87.9703239887131,
              42.98836757140083
            ],
            [
              -87.97037488416301,
              42.98836792436037
            ],
            [
              -87.97037256037558,
              42.98849076017052
            ]
          ],
          [
            [
              -87.97225637058288,
              42.98787775774192
            ],
            [
              -87.97164614740178,
              42.987876461141575
            ],
            [
              -87.97166443441903,
              42.98701364184047
            ],
            [
              -87.97227253523204,
              42.98701498974909
            ],
            [
              -87.97225637058288,
              42.98787775774192
            ]
          ],
          [
            [
              -87.9831262002124,
              42.97210117980228
            ],
            [
              -87.98318380817459,
              42.97035795878233
            ],
            [
              -87.98456655970038,
              42.97028088822094
            ],
            [
              -87.98525057194642,
              42.97027936668027
            ],
            [
              -87.9860367630367,
              42.970277611066955
            ],
            [
              -87.98811973361593,
              42.97027484323287
            ],
            [
              -87.98811174802712,
              42.97048592144136
            ],
            [
              -87.98682916091123,
              42.97049043583761
            ],
            [
              -87.9856328895505,
              42.970494630945254
            ],
            [
              -87.98557855169722,
              42.97049482139488
            ],
            [
              -87.98557623968857,
              42.970563402607496
            ],
            [
              -87.98504202496576,
              42.97056527378338
            ],
            [
              -87.98504458051279,
              42.97049668788814
            ],
            [
              -87.98444143506606,
              42.97049849915297
            ],
            [
              -87.98439289423725,
              42.97049896301598
            ],
            [
              -87.98438618001084,
              42.970712265346876
            ],
            [
              -87.98381909308844,
              42.970713424840625
            ],
            [
              -87.98377890553948,
              42.97209976355428
            ],
            [
              -87.98373459987715,
              42.973399417669945
            ],
            [
              -87.98397086572908,
              42.97339910110818
            ],
            [
              -87.98395784309443,
              42.97390315776441
            ],
            [
              -87.984472858193,
              42.97390262164999
            ],
            [
              -87.98502848284406,
              42.9739015449402
            ],
            [
              -87.98496054158743,
              42.978699022478715
            ],
            [
              -87.98602916834027,
              42.978052332086385
            ],
            [
              -87.9860225326824,
              42.97889054530113
            ],
            [
              -87.98544344115726,
              42.9788941432546
            ],
            [
              -87.9854406077351,
              42.97907727732689
            ],
            [
              -87.98470770718097,
              42.9795146414196
            ],
            [
              -87.98437446829583,
              42.9795163571652
            ],
            [
              -87.9843602268306,
              42.97976922566793
            ],
            [
              -87.98419321045444,
              42.979767776826655
            ],
            [
              -87.98419205562327,
              42.97982402170788
            ],
            [
              -87.98397722501632,
              42.97982215698969
            ],
            [
              -87.98397042075098,
              42.98018381452368
            ],
            [
              -87.9841846489281,
              42.98018565143146
            ],
            [
              -87.98417618611188,
              42.98059854920545
            ],
            [
              -87.98246020700996,
              42.98061455294218
            ],
            [
              -87.98259226096071,
              42.98075981333468
            ],
            [
              -87.9822442855242,
              42.98096666602464
            ],
            [
              -87.98187491519093,
              42.98056619123809
            ],
            [
              -87.98270812976126,
              42.9800529936869
            ],
            [
              -87.98358992313757,
              42.97952805999913
            ],
            [
              -87.98361089725344,
              42.977535415979055
            ],
            [
              -87.98363885533782,
              42.9757124942832
            ],
            [
              -87.98366225421724,
              42.97390359971826
            ],
            [
              -87.98307233466439,
              42.97390447935261
            ],
            [
              -87.9831262002124,
              42.97210117980228
            ]
          ]
        ]
      }
    },
    {
      "type": "Feature",
      "properties": {
        "placeFips": "5553000",
        "city": "Milwaukee",
        "state": "WI",
        "boundaryType": "aldermanic-district",
        "district": "12",
        "name": "12"
      },
      "geometry": {
        "type": "Polygon",
        "coordinates": [
          [
            [
              -87.91119320327346,
              43.00863024172896
            ],
            [
              -87.91117777940156,
              43.0091260027844
            ],
            [
              -87.91113972945186,
              43.01106099862683
            ],
            [
              -87.91099443309129,
              43.0110591478265
            ],
            [
              -87.90981300625906,
              43.01104409495421
            ],
            [
              -87.90961305055359,
              43.010673970997196
            ],
            [
              -87.90933205047477,
              43.01014697100738
            ],
            [
              -87.90908305109828,
              43.00966697193268
            ],
            [
              -87.90904004976717,
              43.00958597115855
            ],
            [
              -87.90885452798248,
              43.009231937603985
            ],
            [
              -87.90833967015726,
              43.00827307217617
            ],
            [
              -87.90666981750758,
              43.00908391809859
            ],
            [
              -87.9042396586041,
              43.01365439350867
            ],
            [
              -87.90407504550286,
              43.014008295677705
            ],
            [
              -87.9044060563407,
              43.0141261547309
            ],
            [
              -87.90290904511762,
              43.01705401544301
            ],
            [
              -87.90279399878571,
              43.017206136190076
            ],
            [
              -87.90294835449139,
              43.01766105489326
            ],
            [
              -87.9031160701134,
              43.01772650329302
            ],
            [
              -87.90761818461503,
              43.017778311952895
            ],
            [
              -87.90770466739693,
              43.018044910538094
            ],
            [
              -87.90343474502356,
              43.01803636297728
            ],
            [
              -87.90342119128587,
              43.01812185035882
            ],
            [
              -87.90453747288713,
              43.01933497755879
            ],
            [
              -87.90744625769088,
              43.0193885750052
            ],
            [
              -87.90744940811229,
              43.0196068761758
            ],
            [
              -87.90474125649749,
              43.01958815368885
            ],
            [
              -87.90543460256707,
              43.02043493370653
            ],
            [
              -87.90591191186716,
              43.02138685513939
            ],
            [
              -87.90600746252937,
              43.02138861573032
            ],
            [
              -87.9059495894275,
              43.02161228757186
            ],
            [
              -87.90588502483737,
              43.0218618177056
            ],
            [
              -87.905813326319,
              43.022094331094195
            ],
            [
              -87.90579870857626,
              43.02221097900709
            ],
            [
              -87.90593755638125,
              43.02215803365358
            ],
            [
              -87.90568914815256,
              43.022794828704704
            ],
            [
              -87.90545723205932,
              43.02349852279011
            ],
            [
              -87.90482659185444,
              43.024140405653974
            ],
            [
              -87.90450720306586,
              43.02436324365574
            ],
            [
              -87.90430799725695,
              43.02454473221661
            ],
            [
              -87.9040498134824,
              43.02471424005803
            ],
            [
              -87.90382718752065,
              43.025145807815846
            ],
            [
              -87.90383549674948,
              43.02532134829919
            ],
            [
              -87.90382785892712,
              43.02555970460479
            ],
            [
              -87.90402953434588,
              43.026173369020015
            ],
            [
              -87.90445824017715,
              43.02666051584437
            ],
            [
              -87.90480091521214,
              43.02705894108451
            ],
            [
              -87.90511463765387,
              43.02741412677956
            ],
            [
              -87.90535837781532,
              43.027690076113444
            ],
            [
              -87.90510829942383,
              43.027864523588256
            ],
            [
              -87.90483998204725,
              43.02805169356996
            ],
            [
              -87.90623956573837,
              43.02919650846385
            ],
            [
              -87.90749683524983,
              43.030075841124486
            ],
            [
              -87.90876494938087,
              43.03072246725026
            ],
            [
              -87.90996324751646,
              43.03116276445216
            ],
            [
              -87.91042132849864,
              43.03136345495056
            ],
            [
              -87.91059109583297,
              43.03158712727257
            ],
            [
              -87.91072663164259,
              43.031888485792656
            ],
            [
              -87.91186838119972,
              43.032286203098344
            ],
            [
              -87.91246520700815,
              43.03252157259949
            ],
            [
              -87.91420715520238,
              43.03299288437932
            ],
            [
              -87.91463711752974,
              43.03307447308824
            ],
            [
              -87.91496687730718,
              43.033072964862356
            ],
            [
              -87.9181848724583,
              43.033195990973375
            ],
            [
              -87.91863311620197,
              43.03315301446339
            ],
            [
              -87.91907667963652,
              43.03311048538166
            ],
            [
              -87.91969925886953,
              43.03285286180125
            ],
            [
              -87.9202643243696,
              43.032619048453775
            ],
            [
              -87.92068600162085,
              43.03244455751046
            ],
            [
              -87.92189222627272,
              43.032118935108294
            ],
            [
              -87.92271958465474,
              43.03211091659885
            ],
            [
              -87.92262604377422,
              43.03180596840988
            ],
            [
              -87.92262904350312,
              43.03169596892112
            ],
            [
              -87.9226290439358,
              43.03153396878667
            ],
            [
              -87.92263804466123,
              43.03135596923281
            ],
            [
              -87.92270904377109,
              43.031356968736
            ],
            [
              -87.92288704351743,
              43.03135796867596
            ],
            [
              -87.92289004397722,
              43.030534969056205
            ],
            [
              -87.92289204423666,
              43.030310969238684
            ],
            [
              -87.92286504382487,
              43.02955096849936
            ],
            [
              -87.92283804489735,
              43.02899296931016
            ],
            [
              -87.92280604464669,
              43.02876696952445
            ],
            [
              -87.92274904396673,
              43.02839896898897
            ],
            [
              -87.92262204429916,
              43.02781996972131
            ],
            [
              -87.92245704549052,
              43.02734496966851
            ],
            [
              -87.92225804446085,
              43.0267529695453
            ],
            [
              -87.92211504451421,
              43.02635196990514
            ],
            [
              -87.92200804430699,
              43.026054969776084
            ],
            [
              -87.92193176806933,
              43.025851225944606
            ],
            [
              -87.92253234165746,
              43.02531509838444
            ],
            [
              -87.92332801088973,
              43.02531944089939
            ],
            [
              -87.9239344814111,
              43.02532274784084
            ],
            [
              -87.92533328872148,
              43.025330362384885
            ],
            [
              -87.92533136238313,
              43.0242331467645
            ],
            [
              -87.92534370816776,
              43.02321154360207
            ],
            [
              -87.92583800296501,
              43.023209933181306
            ],
            [
              -87.92596931486456,
              43.02320950487269
            ],
            [
              -87.92673939002597,
              43.02320698988332
            ],
            [
              -87.92808810727392,
              43.02320257495748
            ],
            [
              -87.92842146586082,
              43.02319022771373
            ],
            [
              -87.92927267748485,
              43.023167005498024
            ],
            [
              -87.93056509594166,
              43.02310138934118
            ],
            [
              -87.93299228779425,
              43.02298996696283
            ],
            [
              -87.9342859275096,
              43.02292836573349
            ],
            [
              -87.93554042328037,
              43.02286861225578
            ],
            [
              -87.93680834461988,
              43.02280820986834
            ],
            [
              -87.93779421352625,
              43.02277025822867
            ],
            [
              -87.9380881567189,
              43.02275894138071
            ],
            [
              -87.93808862910734,
              43.02258186805067
            ],
            [
              -87.93809234844703,
              43.02118839461522
            ],
            [
              -87.938092541415,
              43.02111630959234
            ],
            [
              -87.93809504453286,
              43.02017514047031
            ],
            [
              -87.93809791022453,
              43.01910374866339
            ],
            [
              -87.93810342654324,
              43.01703486297417
            ],
            [
              -87.93812104018124,
              43.01601232824802
            ],
            [
              -87.93813459222208,
              43.01494934481646
            ],
            [
              -87.93814434688014,
              43.01418346107326
            ],
            [
              -87.93816727288596,
              43.01238475525002
            ],
            [
              -87.93792968617004,
              43.01236031822446
            ],
            [
              -87.93648001168256,
              43.01235921871327
            ],
            [
              -87.93862926100543,
              43.01028563698026
            ],
            [
              -87.93805000915938,
              43.01027740788109
            ],
            [
              -87.93809468773574,
              43.00866282369646
            ],
            [
              -87.93809984201967,
              43.00847653900269
            ],
            [
              -87.93814539914607,
              43.00683160857336
            ],
            [
              -87.93814858542025,
              43.00671648259537
            ],
            [
              -87.93815099764055,
              43.00662932384406
            ],
            [
              -87.93820155986327,
              43.0048035301044
            ],
            [
              -87.93824246665245,
              43.00332639996495
            ],
            [
              -87.93825112378565,
              43.00301380425944
            ],
            [
              -87.93828624160308,
              43.00119048799428
            ],
            [
              -87.9383188260827,
              42.999349022680086
            ],
            [
              -87.93835022921719,
              42.997600558585866
            ],
            [
              -87.93836737475215,
              42.99671706850842
            ],
            [
              -87.9383863426475,
              42.99571638162517
            ],
            [
              -87.93842670171014,
              42.993361584627806
            ],
            [
              -87.9346861906848,
              42.99361727985171
            ],
            [
              -87.9337171313677,
              42.99369709028853
            ],
            [
              -87.93260943992013,
              42.99377038499966
            ],
            [
              -87.93139292281604,
              42.99385086475721
            ],
            [
              -87.93003621981704,
              42.99394060558893
            ],
            [
              -87.93003210363597,
              42.994041458772635
            ],
            [
              -87.92998308377318,
              42.995567036238036
            ],
            [
              -87.92961022524005,
              42.99556039349348
            ],
            [
              -87.92862584580827,
              42.99554285001682
            ],
            [
              -87.92740114393115,
              42.99554606977892
            ],
            [
              -87.92619047431903,
              42.99554924165986
            ],
            [
              -87.92497827222799,
              42.995552405965434
            ],
            [
              -87.92494241507683,
              42.99735838288613
            ],
            [
              -87.92494618352289,
              42.997401568559084
            ],
            [
              -87.92494082216086,
              42.99743860929677
            ],
            [
              -87.92493687559256,
              42.99763725213685
            ],
            [
              -87.92490581616435,
              42.99920178192278
            ],
            [
              -87.92486487406374,
              43.00126304461901
            ],
            [
              -87.92365564885772,
              43.00126252151838
            ],
            [
              -87.92245106380052,
              43.00126197855438
            ],
            [
              -87.92124205237099,
              43.001261421968366
            ],
            [
              -87.92003131588157,
              43.00126085695235
            ],
            [
              -87.91880715212308,
              43.00126026628127
            ],
            [
              -87.91879768320216,
              43.001784492531215
            ],
            [
              -87.91787977690642,
              43.001789798100745
            ],
            [
              -87.91718976430288,
              43.001792550749855
            ],
            [
              -87.91697367410333,
              43.001594390944085
            ],
            [
              -87.91633514934531,
              43.00102160297544
            ],
            [
              -87.91600591862722,
              43.00072745822565
            ],
            [
              -87.91554118567043,
              43.00031299805243
            ],
            [
              -87.91528704956987,
              43.000082974001245
            ],
            [
              -87.91454504997343,
              42.99941897343981
            ],
            [
              -87.91429804946625,
              42.99919797347101
            ],
            [
              -87.91427104945579,
              42.99917397382715
            ],
            [
              -87.91419004958182,
              42.9991019739571
            ],
            [
              -87.91416404951217,
              42.99907797373563
            ],
            [
              -87.9138770496488,
              42.99882097346072
            ],
            [
              -87.91378104935364,
              42.99873497383454
            ],
            [
              -87.91359404984814,
              42.99853997373915
            ],
            [
              -87.91340104979578,
              42.99832097375205
            ],
            [
              -87.91321805072702,
              42.99809797355706
            ],
            [
              -87.91311305035165,
              42.99795597374132
            ],
            [
              -87.91300005024692,
              42.99780297444473
            ],
            [
              -87.91289605112537,
              42.997638973718736
            ],
            [
              -87.91284704978118,
              42.997560973790435
            ],
            [
              -87.91284247608115,
              42.99755378598715
            ],
            [
              -87.91270005093293,
              42.9973299743097
            ],
            [
              -87.91265674067827,
              42.99726191554288
            ],
            [
              -87.91260133783646,
              42.99755405222199
            ],
            [
              -87.91233675127977,
              42.99797456838421
            ],
            [
              -87.91178681699063,
              42.9991664773882
            ],
            [
              -87.91161749838793,
              43.00039760354714
            ],
            [
              -87.91150706250156,
              43.00183281338155
            ],
            [
              -87.91139260261262,
              43.002352722092304
            ],
            [
              -87.91133023440234,
              43.00286804520087
            ],
            [
              -87.91194171811682,
              43.00286545506839
            ],
            [
              -87.91401704902204,
              43.00521597269992
            ],
            [
              -87.91395578062156,
              43.00649194492898
            ],
            [
              -87.91384951024772,
              43.007753276134366
            ],
            [
              -87.91339573096367,
              43.008096795338325
            ],
            [
              -87.9112020344532,
              43.00835220542872
            ],
            [
              -87.91119320327346,
              43.00863024172896
            ]
          ]
        ]
      }
    },
    {
      "type": "Feature",
      "properties": {
        "placeFips": "5553000",
        "city": "Milwaukee",
        "state": "WI",
        "boundaryType": "aldermanic-district",
        "district": "13",
        "name": "13"
      },
      "geometry": {
        "type": "Polygon",
        "coordinates": [
          [
            [
              -87.94827146431376,
              42.99372594498126
            ],
            [
              -87.94828892241912,
              42.99228010206613
            ],
            [
              -87.94824729372458,
              42.991539826857654
            ],
            [
              -87.94822206273318,
              42.991103761767874
            ],
            [
              -87.94818249612811,
              42.99034123740795
            ],
            [
              -87.94817617148824,
              42.989586792657
            ],
            [
              -87.94823275287013,
              42.98856609178657
            ],
            [
              -87.94823875414147,
              42.988225817667306
            ],
            [
              -87.94826616615232,
              42.98667150684667
            ],
            [
              -87.94829635372069,
              42.984958465806734
            ],
            [
              -87.94832882763251,
              42.98311592531161
            ],
            [
              -87.94836144277895,
              42.98126515704408
            ],
            [
              -87.94991893483838,
              42.98125493663239
            ],
            [
              -87.95099625185135,
              42.981249125540124
            ],
            [
              -87.95300475069455,
              42.98123461200654
            ],
            [
              -87.95323055928394,
              42.98123312405444
            ],
            [
              -87.95326861658681,
              42.980701882809704
            ],
            [
              -87.95328524284645,
              42.979418096547704
            ],
            [
              -87.95330545917045,
              42.978530002776544
            ],
            [
              -87.95391504785415,
              42.978526416715724
            ],
            [
              -87.95392325706361,
              42.97798323057984
            ],
            [
              -87.95413102635551,
              42.977828799624255
            ],
            [
              -87.9532044749708,
              42.97715683718478
            ],
            [
              -87.9547566517535,
              42.976008782295786
            ],
            [
              -87.95596343357805,
              42.975117833428186
            ],
            [
              -87.95607843278913,
              42.97499226104702
            ],
            [
              -87.95387386882105,
              42.97502722783736
            ],
            [
              -87.95389167713621,
              42.97392666042158
            ],
            [
              -87.9533101360783,
              42.97392768049912
            ],
            [
              -87.95251749963691,
              42.97393064745766
            ],
            [
              -87.94845488394324,
              42.97393604724592
            ],
            [
              -87.94846394730607,
              42.97345756301697
            ],
            [
              -87.94855110226379,
              42.968856056252065
            ],
            [
              -87.94859290127238,
              42.96664928404871
            ],
            [
              -87.94861576021145,
              42.96537707857332
            ],
            [
              -87.9486281446666,
              42.964823768531495
            ],
            [
              -87.9486427311132,
              42.963976197194846
            ],
            [
              -87.94865940609112,
              42.962947839060064
            ],
            [
              -87.94866447944894,
              42.96266533468811
            ],
            [
              -87.94866798057626,
              42.96247038402346
            ],
            [
              -87.94867377412396,
              42.96202709342545
            ],
            [
              -87.94868656565839,
              42.96143592462233
            ],
            [
              -87.94872298772842,
              42.95940847717702
            ],
            [
              -87.94876142845281,
              42.957581731288236
            ],
            [
              -87.94879889017136,
              42.955766106258835
            ],
            [
              -87.9488733570698,
              42.952156386569015
            ],
            [
              -87.94891837917068,
              42.95031263603457
            ],
            [
              -87.94898152851678,
              42.94772637907499
            ],
            [
              -87.94905152019138,
              42.94485962313154
            ],
            [
              -87.94908915765848,
              42.94368633434429
            ],
            [
              -87.95383998110573,
              42.9436907599046
            ],
            [
              -87.95681692921977,
              42.943692354682746
            ],
            [
              -87.95718838564765,
              42.94369326329231
            ],
            [
              -87.95717770079759,
              42.944228366066014
            ],
            [
              -87.95805986175573,
              42.94422840485323
            ],
            [
              -87.95804657886592,
              42.94487086270532
            ],
            [
              -87.95893634431764,
              42.94487189935887
            ],
            [
              -87.96017228326762,
              42.9448765636295
            ],
            [
              -87.96020685050503,
              42.943696704054624
            ],
            [
              -87.96021897486872,
              42.943279016992285
            ],
            [
              -87.96146843345672,
              42.94328221061705
            ],
            [
              -87.96147270408588,
              42.94315122247949
            ],
            [
              -87.9616078989632,
              42.943151565045135
            ],
            [
              -87.96168923527279,
              42.94309499769621
            ],
            [
              -87.96198127828725,
              42.94328451726309
            ],
            [
              -87.96229125799641,
              42.943095334997025
            ],
            [
              -87.96237070910183,
              42.943153491795265
            ],
            [
              -87.962764101951,
              42.94315448426929
            ],
            [
              -87.96276051217889,
              42.943285499934916
            ],
            [
              -87.96332831865583,
              42.943286940132715
            ],
            [
              -87.96327519055174,
              42.94488254410233
            ],
            [
              -87.96389052250092,
              42.94488404519717
            ],
            [
              -87.96450083839976,
              42.94488552233897
            ],
            [
              -87.96452102330043,
              42.943679590775886
            ],
            [
              -87.96456633760963,
              42.94246245523323
            ],
            [
              -87.96467140914004,
              42.93884568178844
            ],
            [
              -87.96467709452962,
              42.9383642792594
            ],
            [
              -87.96405261337912,
              42.93836601276552
            ],
            [
              -87.9640684285895,
              42.93763783501494
            ],
            [
              -87.9630883885534,
              42.93763631874329
            ],
            [
              -87.96034560420755,
              42.93763202140325
            ],
            [
              -87.95912146115806,
              42.93763007992832
            ],
            [
              -87.95786336037442,
              42.937628426400416
            ],
            [
              -87.95546581887457,
              42.93762524137174
            ],
            [
              -87.95256988993192,
              42.937621325257524
            ],
            [
              -87.95130865050737,
              42.9376186933115
            ],
            [
              -87.94924237063572,
              42.93761673484259
            ],
            [
              -87.949275225378,
              42.93610844466444
            ],
            [
              -87.94931252068858,
              42.933949267071
            ],
            [
              -87.94933691368068,
              42.93267409573421
            ],
            [
              -87.94938094234207,
              42.93037203146389
            ],
            [
              -87.94762002907831,
              42.93036021475593
            ],
            [
              -87.94439483531343,
              42.93033849718271
            ],
            [
              -87.94014866806846,
              42.93030893859444
            ],
            [
              -87.94019751756001,
              42.92896626983667
            ],
            [
              -87.94024233490155,
              42.927884639956154
            ],
            [
              -87.94025044240978,
              42.92754864588646
            ],
            [
              -87.94030385952252,
              42.92598506246764
            ],
            [
              -87.94038824341048,
              42.92361935827133
            ],
            [
              -87.94049631045348,
              42.920899442566984
            ],
            [
              -87.9392195471144,
              42.920890874823094
            ],
            [
              -87.93559239991649,
              42.92084392438022
            ],
            [
              -87.93059731482843,
              42.92083264577413
            ],
            [
              -87.93050214345836,
              42.92380307361777
            ],
            [
              -87.93044353903949,
              42.92519617030603
            ],
            [
              -87.9302532037077,
              42.93026651467965
            ],
            [
              -87.92994906691446,
              42.93026600341861
            ],
            [
              -87.92765958757026,
              42.930244276018634
            ],
            [
              -87.92429036437252,
              42.93021688742183
            ],
            [
              -87.91978066222265,
              42.930177269399145
            ],
            [
              -87.91481848117725,
              42.93015466796034
            ],
            [
              -87.91159523353564,
              42.930139871441476
            ],
            [
              -87.90997730400194,
              42.930132788695815
            ],
            [
              -87.90542611474868,
              42.930104652238654
            ],
            [
              -87.90001679701273,
              42.93007019300427
            ],
            [
              -87.89032135312725,
              42.93003526036883
            ],
            [
              -87.89067741789455,
              42.922694796177275
            ],
            [
              -87.88913262819797,
              42.92268811222319
            ],
            [
              -87.88808877377642,
              42.92887157205073
            ],
            [
              -87.88788551293487,
              42.93003362486618
            ],
            [
              -87.88565455787715,
              42.942302190101195
            ],
            [
              -87.88571032688576,
              42.942308521079624
            ],
            [
              -87.88327027305463,
              42.95640573954548
            ],
            [
              -87.8832503404951,
              42.959127666543665
            ],
            [
              -87.88558900771818,
              42.95913870409671
            ],
            [
              -87.88726379229985,
              42.95914655369893
            ],
            [
              -87.88968172258151,
              42.95915781941963
            ],
            [
              -87.88967345035249,
              42.95976140066441
            ],
            [
              -87.88966599411121,
              42.96033043329264
            ],
            [
              -87.88965373915795,
              42.961282855897785
            ],
            [
              -87.88964155038833,
              42.962741451052246
            ],
            [
              -87.88961547560189,
              42.96427737909814
            ],
            [
              -87.89361071106028,
              42.9659618307909
            ],
            [
              -87.89405521378588,
              42.96614922407772
            ],
            [
              -87.89467788828,
              42.966441718594744
            ],
            [
              -87.89589612501797,
              42.96694984186047
            ],
            [
              -87.89712397179609,
              42.9674619521547
            ],
            [
              -87.89800444247652,
              42.967829165859484
            ],
            [
              -87.89840019069575,
              42.967994214171554
            ],
            [
              -87.89961126900312,
              42.968514355396096
            ],
            [
              -87.90078220503354,
              42.969107220458774
            ],
            [
              -87.9014985185322,
              42.96947687406408
            ],
            [
              -87.90259487609676,
              42.97009090812358
            ],
            [
              -87.90370138210993,
              42.970811659347916
            ],
            [
              -87.90403101930677,
              42.971030222613976
            ],
            [
              -87.90428436881247,
              42.971213393252846
            ],
            [
              -87.90455696203583,
              42.97144939864075
            ],
            [
              -87.90487746425407,
              42.971870252170305
            ],
            [
              -87.90493064172732,
              42.97193059671001
            ],
            [
              -87.90515423994123,
              42.97236266872954
            ],
            [
              -87.90530643525582,
              42.972809519021546
            ],
            [
              -87.9055842067154,
              42.973753765551976
            ],
            [
              -87.90768680937792,
              42.97375818267186
            ],
            [
              -87.90944839044685,
              42.97376185270755
            ],
            [
              -87.90952319744792,
              42.97376200791154
            ],
            [
              -87.90953033026216,
              42.973762023058185
            ],
            [
              -87.90952744313874,
              42.974191534334736
            ],
            [
              -87.90951847872898,
              42.97552547941319
            ],
            [
              -87.90951238050617,
              42.97651279992557
            ],
            [
              -87.90950575892282,
              42.97740413984817
            ],
            [
              -87.90950462895543,
              42.97757161858423
            ],
            [
              -87.90950301899869,
              42.97790625214292
            ],
            [
              -87.90949939303584,
              42.978348594905185
            ],
            [
              -87.9094935949328,
              42.97920760692749
            ],
            [
              -87.90948189960235,
              42.981038245977565
            ],
            [
              -87.91072133591206,
              42.9810404221334
            ],
            [
              -87.91194786088194,
              42.98104257069863
            ],
            [
              -87.91318961887185,
              42.981044723880416
            ],
            [
              -87.91439879603507,
              42.98104681176473
            ],
            [
              -87.9155792667924,
              42.98104883176237
            ],
            [
              -87.91558342391663,
              42.98144629432678
            ],
            [
              -87.9155927096761,
              42.98233393388173
            ],
            [
              -87.9163666543281,
              42.982174540045186
            ],
            [
              -87.91698910847407,
              42.982022784653836
            ],
            [
              -87.91758563995872,
              42.98187278735981
            ],
            [
              -87.91840859720845,
              42.98172192881281
            ],
            [
              -87.91922760707459,
              42.98160958866872
            ],
            [
              -87.91993444003053,
              42.98152854682642
            ],
            [
              -87.92165400735166,
              42.98132831554701
            ],
            [
              -87.92302243718645,
              42.981173582496545
            ],
            [
              -87.92411060881682,
              42.98104853172249
            ],
            [
              -87.92529870022605,
              42.9810578936414
            ],
            [
              -87.92651503832059,
              42.98105705232797
            ],
            [
              -87.92772557780796,
              42.98105619844018
            ],
            [
              -87.92894749223495,
              42.981055372494566
            ],
            [
              -87.9303185967717,
              42.9810538431227
            ],
            [
              -87.9316196518638,
              42.98106775114853
            ],
            [
              -87.9316559974442,
              42.98106813933016
            ],
            [
              -87.93166282985962,
              42.981068212433804
            ],
            [
              -87.93162478366763,
              42.98288632442866
            ],
            [
              -87.9315865260778,
              42.98471447707822
            ],
            [
              -87.93276674947816,
              42.98472640502252
            ],
            [
              -87.93384937438061,
              42.984737343998475
            ],
            [
              -87.93499751939174,
              42.9847489254276
            ],
            [
              -87.93617424960699,
              42.984760787748215
            ],
            [
              -87.93736838833031,
              42.98477280994166
            ],
            [
              -87.93862433267537,
              42.98478050254103
            ],
            [
              -87.93861961658229,
              42.98492406272408
            ],
            [
              -87.93856488247297,
              42.986590273352405
            ],
            [
              -87.93850524106195,
              42.988398624132785
            ],
            [
              -87.93845792817143,
              42.991310041221055
            ],
            [
              -87.93846057459507,
              42.991548800951286
            ],
            [
              -87.93842670171014,
              42.993361584627806
            ],
            [
              -87.94234362631751,
              42.99306532180191
            ],
            [
              -87.9437152171794,
              42.99298919120473
            ],
            [
              -87.94480280050895,
              42.993010740095855
            ],
            [
              -87.94570718589982,
              42.99311729331028
            ],
            [
              -87.94687149670061,
              42.99333250963973
            ],
            [
              -87.94827146431376,
              42.99372594498126
            ]
          ]
        ]
      }
    },
    {
      "type": "Feature",
      "properties": {
        "placeFips": "5553000",
        "city": "Milwaukee",
        "state": "WI",
        "boundaryType": "aldermanic-district",
        "district": "14",
        "name": "14"
      },
      "geometry": {
        "type": "Polygon",
        "coordinates": [
          [
            [
              -87.91395578062156,
              43.00649194492898
            ],
            [
              -87.91401704902204,
              43.00521597269992
            ],
            [
              -87.91194171811682,
              43.00286545506839
            ],
            [
              -87.91133023440234,
              43.00286804520087
            ],
            [
              -87.91139260261262,
              43.002352722092304
            ],
            [
              -87.91150706250156,
              43.00183281338155
            ],
            [
              -87.91161749838793,
              43.00039760354714
            ],
            [
              -87.91178681699063,
              42.9991664773882
            ],
            [
              -87.91233675127977,
              42.99797456838421
            ],
            [
              -87.91260133783646,
              42.99755405222199
            ],
            [
              -87.91265674067827,
              42.99726191554288
            ],
            [
              -87.91270005093293,
              42.9973299743097
            ],
            [
              -87.91282218543545,
              42.99752190140168
            ],
            [
              -87.91284704978118,
              42.997560973790435
            ],
            [
              -87.91289605112537,
              42.997638973718736
            ],
            [
              -87.91300005024692,
              42.99780297444473
            ],
            [
              -87.91311305035165,
              42.99795597374132
            ],
            [
              -87.91321805072702,
              42.99809797355706
            ],
            [
              -87.91340104979578,
              42.99832097375205
            ],
            [
              -87.91359404984814,
              42.99853997373915
            ],
            [
              -87.91378104935364,
              42.99873497383454
            ],
            [
              -87.9138770496488,
              42.99882097346072
            ],
            [
              -87.91416404951217,
              42.99907797373563
            ],
            [
              -87.91419004958182,
              42.9991019739571
            ],
            [
              -87.91427104945579,
              42.99917397382715
            ],
            [
              -87.91429804946625,
              42.99919797347101
            ],
            [
              -87.91454504997343,
              42.99941897343981
            ],
            [
              -87.91528704956987,
              43.000082974001245
            ],
            [
              -87.91543710955438,
              43.00021879685797
            ],
            [
              -87.91554118567043,
              43.00031299805243
            ],
            [
              -87.91600591862722,
              43.00072745822565
            ],
            [
              -87.91633514934531,
              43.00102160297544
            ],
            [
              -87.91697367410333,
              43.001594390944085
            ],
            [
              -87.91718976430288,
              43.001792550749855
            ],
            [
              -87.91723642398419,
              43.00179236432079
            ],
            [
              -87.91787977690642,
              43.001789798100745
            ],
            [
              -87.91867896485637,
              43.00178517934254
            ],
            [
              -87.91879768320216,
              43.001784492531215
            ],
            [
              -87.91880715212308,
              43.00126026628127
            ],
            [
              -87.92003131588157,
              43.00126085695235
            ],
            [
              -87.92124205237099,
              43.001261421968366
            ],
            [
              -87.92245106380052,
              43.00126197855438
            ],
            [
              -87.92365564885772,
              43.00126252151838
            ],
            [
              -87.92486487406374,
              43.00126304461901
            ],
            [
              -87.92490581616435,
              42.99920178192278
            ],
            [
              -87.92493687559256,
              42.99763725213685
            ],
            [
              -87.92494082216086,
              42.99743860929677
            ],
            [
              -87.92494618352289,
              42.997401568559084
            ],
            [
              -87.92494241507683,
              42.99735838288613
            ],
            [
              -87.92497827222799,
              42.995552405965434
            ],
            [
              -87.92619047431903,
              42.99554924165986
            ],
            [
              -87.92740114393115,
              42.99554606977892
            ],
            [
              -87.92862584580827,
              42.99554285001682
            ],
            [
              -87.92961022524005,
              42.99556039349348
            ],
            [
              -87.92998308377318,
              42.995567036238036
            ],
            [
              -87.93003210363597,
              42.994041458772635
            ],
            [
              -87.93003621981704,
              42.99394060558893
            ],
            [
              -87.93139292281604,
              42.99385086475721
            ],
            [
              -87.93260943992013,
              42.99377038499966
            ],
            [
              -87.9337171313677,
              42.99369709028853
            ],
            [
              -87.9346861906848,
              42.99361727985171
            ],
            [
              -87.93842670171014,
              42.993361584627806
            ],
            [
              -87.93846057459507,
              42.991548800951286
            ],
            [
              -87.93845792817143,
              42.991310041221055
            ],
            [
              -87.93850524106195,
              42.988398624132785
            ],
            [
              -87.93856488247297,
              42.986590273352405
            ],
            [
              -87.93861961658229,
              42.98492406272408
            ],
            [
              -87.93862433267537,
              42.98478050254103
            ],
            [
              -87.93736838833031,
              42.98477280994166
            ],
            [
              -87.93617424960699,
              42.984760787748215
            ],
            [
              -87.93499751939174,
              42.9847489254276
            ],
            [
              -87.93384937438061,
              42.984737343998475
            ],
            [
              -87.93276674947816,
              42.98472640502252
            ],
            [
              -87.9315865260778,
              42.98471447707822
            ],
            [
              -87.93162478366763,
              42.98288632442866
            ],
            [
              -87.93165991605285,
              42.98120743012226
            ],
            [
              -87.93166282985962,
              42.981068212433804
            ],
            [
              -87.9316559974442,
              42.98106813933016
            ],
            [
              -87.9316196518638,
              42.98106775114853
            ],
            [
              -87.9303185967717,
              42.9810538431227
            ],
            [
              -87.92894749223495,
              42.981055372494566
            ],
            [
              -87.92772557780796,
              42.98105619844018
            ],
            [
              -87.92651503832059,
              42.98105705232797
            ],
            [
              -87.92529870022605,
              42.9810578936414
            ],
            [
              -87.92411060881682,
              42.98104853172249
            ],
            [
              -87.92302243718645,
              42.981173582496545
            ],
            [
              -87.92165400735166,
              42.98132831554701
            ],
            [
              -87.91993444003053,
              42.98152854682642
            ],
            [
              -87.91922760707459,
              42.98160958866872
            ],
            [
              -87.91840859720845,
              42.98172192881281
            ],
            [
              -87.91758563995872,
              42.98187278735981
            ],
            [
              -87.91698910847407,
              42.982022784653836
            ],
            [
              -87.9163666543281,
              42.982174540045186
            ],
            [
              -87.9155927096761,
              42.98233393388173
            ],
            [
              -87.91558342391663,
              42.98144629432678
            ],
            [
              -87.9155792667924,
              42.98104883176237
            ],
            [
              -87.91439879603507,
              42.98104681176473
            ],
            [
              -87.91318961887185,
              42.981044723880416
            ],
            [
              -87.91194786088194,
              42.98104257069863
            ],
            [
              -87.91072133591206,
              42.9810404221334
            ],
            [
              -87.90948189960235,
              42.981038245977565
            ],
            [
              -87.9094935949328,
              42.97920760692749
            ],
            [
              -87.90949939303584,
              42.978348594905185
            ],
            [
              -87.90950301899869,
              42.97790625214292
            ],
            [
              -87.90950462895543,
              42.97757161858423
            ],
            [
              -87.90950575892282,
              42.97740413984817
            ],
            [
              -87.90951238050617,
              42.97651279992557
            ],
            [
              -87.90951847872898,
              42.97552547941319
            ],
            [
              -87.90953033026216,
              42.973762023058185
            ],
            [
              -87.90952319744792,
              42.97376200791154
            ],
            [
              -87.90944839044685,
              42.97376185270755
            ],
            [
              -87.90768680937792,
              42.97375818267186
            ],
            [
              -87.9055842067154,
              42.973753765551976
            ],
            [
              -87.90530643525582,
              42.972809519021546
            ],
            [
              -87.90515423994123,
              42.97236266872954
            ],
            [
              -87.90493064172732,
              42.97193059671001
            ],
            [
              -87.90487746425407,
              42.971870252170305
            ],
            [
              -87.90455696203583,
              42.97144939864075
            ],
            [
              -87.90428436881247,
              42.971213393252846
            ],
            [
              -87.90403101930677,
              42.971030222613976
            ],
            [
              -87.90370138210993,
              42.970811659347916
            ],
            [
              -87.90259487609676,
              42.97009090812358
            ],
            [
              -87.9014985185322,
              42.96947687406408
            ],
            [
              -87.90078220503354,
              42.969107220458774
            ],
            [
              -87.89961126900312,
              42.968514355396096
            ],
            [
              -87.89840019069575,
              42.967994214171554
            ],
            [
              -87.89800444247652,
              42.967829165859484
            ],
            [
              -87.89712397179609,
              42.9674619521547
            ],
            [
              -87.89589612501797,
              42.96694984186047
            ],
            [
              -87.89467788828,
              42.966441718594744
            ],
            [
              -87.89405521378588,
              42.96614922407772
            ],
            [
              -87.89405358377414,
              42.96645457360505
            ],
            [
              -87.89403033728344,
              42.96985791810799
            ],
            [
              -87.89402240428612,
              42.970896083406075
            ],
            [
              -87.89401667709679,
              42.97185935050738
            ],
            [
              -87.89401700666158,
              42.97278990229871
            ],
            [
              -87.89400697002638,
              42.97328299545672
            ],
            [
              -87.89182148430297,
              42.97328725763915
            ],
            [
              -87.89182498856997,
              42.97278662228741
            ],
            [
              -87.89183152227358,
              42.97185493664011
            ],
            [
              -87.89183637713555,
              42.971443353331054
            ],
            [
              -87.89290905459893,
              42.97144513016277
            ],
            [
              -87.89291310142868,
              42.970821913795874
            ],
            [
              -87.89184884615975,
              42.970782889344456
            ],
            [
              -87.89073711437129,
              42.97074066239972
            ],
            [
              -87.89073671599236,
              42.970790405214274
            ],
            [
              -87.8895528141683,
              42.97074871435071
            ],
            [
              -87.88954955767583,
              42.97115279150321
            ],
            [
              -87.89073300116291,
              42.971156348631986
            ],
            [
              -87.89072940789202,
              42.9717681008196
            ],
            [
              -87.89072826564433,
              42.97185269161232
            ],
            [
              -87.88953884182625,
              42.97190618285358
            ],
            [
              -87.8895398628449,
              42.971770243021446
            ],
            [
              -87.88929867784482,
              42.97176671020567
            ],
            [
              -87.88929751992296,
              42.97191109123609
            ],
            [
              -87.88928548447,
              42.973275965655844
            ],
            [
              -87.88838801166689,
              42.97326650946141
            ],
            [
              -87.88838893758977,
              42.971907395618544
            ],
            [
              -87.88712805517969,
              42.97190167109279
            ],
            [
              -87.8865106545926,
              42.971898861246544
            ],
            [
              -87.88650994738214,
              42.97280633741318
            ],
            [
              -87.88633156223435,
              42.97280561054227
            ],
            [
              -87.8863173921904,
              42.97371242101089
            ],
            [
              -87.88649196075286,
              42.97371362521068
            ],
            [
              -87.88647885666225,
              42.97461345337631
            ],
            [
              -87.88646103187723,
              42.97643116344571
            ],
            [
              -87.88645903447488,
              42.976614139420526
            ],
            [
              -87.88709389254551,
              42.976619381495134
            ],
            [
              -87.88707781385153,
              42.978292359952995
            ],
            [
              -87.8870729988753,
              42.97873280893019
            ],
            [
              -87.88827062458549,
              42.97873930479946
            ],
            [
              -87.88883302716586,
              42.978741013896034
            ],
            [
              -87.88882690695245,
              42.97917048779399
            ],
            [
              -87.88881885780083,
              42.98009078254803
            ],
            [
              -87.88880675858573,
              42.980584364290635
            ],
            [
              -87.88687691678265,
              42.980574595135735
            ],
            [
              -87.886877761404,
              42.980541656230486
            ],
            [
              -87.88672021045585,
              42.980540860589336
            ],
            [
              -87.886719543531,
              42.98057380100054
            ],
            [
              -87.88320221741887,
              42.98055938526324
            ],
            [
              -87.88302102995411,
              42.98055498416822
            ],
            [
              -87.88274577305823,
              42.98055358000867
            ],
            [
              -87.88247286013072,
              42.98020008023879
            ],
            [
              -87.88196983432387,
              42.98042997957225
            ],
            [
              -87.88203540104023,
              42.980505472593926
            ],
            [
              -87.8802223773878,
              42.9804947305897
            ],
            [
              -87.88022194571933,
              42.9805362578458
            ],
            [
              -87.87971257819763,
              42.98053328679133
            ],
            [
              -87.87935291976088,
              42.980529630485336
            ],
            [
              -87.87464304009046,
              42.98050357628984
            ],
            [
              -87.87459992740975,
              42.980934965805055
            ],
            [
              -87.87455996169098,
              42.98266188926907
            ],
            [
              -87.87451781823285,
              42.984472449528
            ],
            [
              -87.87449991883337,
              42.985045982778246
            ],
            [
              -87.8713983574355,
              42.986757578345326
            ],
            [
              -87.87091392332967,
              42.986507240001444
            ],
            [
              -87.87013507934023,
              42.985851591353935
            ],
            [
              -87.86976310434187,
              42.986104341929114
            ],
            [
              -87.86877041114346,
              42.986701175967625
            ],
            [
              -87.8688488132345,
              42.98676806769938
            ],
            [
              -87.86888605208412,
              42.98679537373835
            ],
            [
              -87.86893270115424,
              42.986823949505094
            ],
            [
              -87.86897619761984,
              42.98683833130171
            ],
            [
              -87.86902761655583,
              42.98685584860584
            ],
            [
              -87.86908762803883,
              42.98689823980556
            ],
            [
              -87.86914944209686,
              42.9869289441708
            ],
            [
              -87.86930842242744,
              42.987002519585594
            ],
            [
              -87.869427570429,
              42.98706660575905
            ],
            [
              -87.8694635982675,
              42.98709241930426
            ],
            [
              -87.8695049998484,
              42.987101835983964
            ],
            [
              -87.86961283041344,
              42.987168538068865
            ],
            [
              -87.8696944775906,
              42.987205514954894
            ],
            [
              -87.86985690140509,
              42.98728278218481
            ],
            [
              -87.86990492994809,
              42.987309383446814
            ],
            [
              -87.86996063817818,
              42.98734553959875
            ],
            [
              -87.87005165053495,
              42.98740731270375
            ],
            [
              -87.87015700070445,
              42.987471726447886
            ],
            [
              -87.87020524970772,
              42.98749330164436
            ],
            [
              -87.87026076697174,
              42.98752758737179
            ],
            [
              -87.87032467036053,
              42.98756511985003
            ],
            [
              -87.87044881434576,
              42.98762820540605
            ],
            [
              -87.87049045888733,
              42.98764793313617
            ],
            [
              -87.87058024819352,
              42.98769037303171
            ],
            [
              -87.87071094067991,
              42.98777094136319
            ],
            [
              -87.87078711870201,
              42.987814057015854
            ],
            [
              -87.87084709568008,
              42.98784762372103
            ],
            [
              -87.87093971981902,
              42.98789892853242
            ],
            [
              -87.8709878813722,
              42.98792074307335
            ],
            [
              -87.87103975629852,
              42.98794564919713
            ],
            [
              -87.87109215516506,
              42.98797259749378
            ],
            [
              -87.87118145818498,
              42.98801673688804
            ],
            [
              -87.87130198113736,
              42.98808785160099
            ],
            [
              -87.87140479915446,
              42.98814200977588
            ],
            [
              -87.8715371356589,
              42.988208509157204
            ],
            [
              -87.8716502908816,
              42.9882571887078
            ],
            [
              -87.87183925915537,
              42.98834657735298
            ],
            [
              -87.87200808466976,
              42.98843399265496
            ],
            [
              -87.8720689389399,
              42.988563175157786
            ],
            [
              -87.87221097890469,
              42.988692419742755
            ],
            [
              -87.87226015396304,
              42.98874803860088
            ],
            [
              -87.87242279123586,
              42.98885439051928
            ],
            [
              -87.87250662144194,
              42.988892335490824
            ],
            [
              -87.87267912748709,
              42.98899399399021
            ],
            [
              -87.87284633031997,
              42.98908297324205
            ],
            [
              -87.87302373041221,
              42.98916340766748
            ],
            [
              -87.87313502072057,
              42.989243508909745
            ],
            [
              -87.8733343537791,
              42.989376737843955
            ],
            [
              -87.87340631074842,
              42.98941445982328
            ],
            [
              -87.87345517651043,
              42.98943283223491
            ],
            [
              -87.87354746532276,
              42.98950095215498
            ],
            [
              -87.87365037752507,
              42.9895596213632
            ],
            [
              -87.87384887240422,
              42.9897039095212
            ],
            [
              -87.87405707788531,
              42.98980965948259
            ],
            [
              -87.87414811774526,
              42.989868105110176
            ],
            [
              -87.87427574791981,
              42.9899563415336
            ],
            [
              -87.87452876160717,
              42.99013194705241
            ],
            [
              -87.87464025725917,
              42.990228608544804
            ],
            [
              -87.87469567898198,
              42.99028639174681
            ],
            [
              -87.874719436267,
              42.99034357976341
            ],
            [
              -87.87471223790523,
              42.99037981890958
            ],
            [
              -87.87463606883713,
              42.99046385700275
            ],
            [
              -87.87461399117205,
              42.99048932088222
            ],
            [
              -87.87459990163859,
              42.99052124386459
            ],
            [
              -87.87459750095805,
              42.990552029445716
            ],
            [
              -87.87460444378709,
              42.99058015876132
            ],
            [
              -87.87462336215705,
              42.99061073092833
            ],
            [
              -87.87465143760329,
              42.99063574920367
            ],
            [
              -87.87539065291232,
              42.990997020624256
            ],
            [
              -87.87543008188032,
              42.991002122721
            ],
            [
              -87.87547884967198,
              42.99102340723402
            ],
            [
              -87.87552543363412,
              42.99105046705429
            ],
            [
              -87.87559171058975,
              42.99108080550545
            ],
            [
              -87.87564326176287,
              42.99107886019988
            ],
            [
              -87.87567197613157,
              42.99105029834214
            ],
            [
              -87.87569845730982,
              42.99102896875669
            ],
            [
              -87.87575640424105,
              42.991014044691326
            ],
            [
              -87.87579933501915,
              42.991032309567366
            ],
            [
              -87.87583653086467,
              42.99104464470441
            ],
            [
              -87.87588970998645,
              42.991052912311
            ],
            [
              -87.8759811380394,
              42.99109365580356
            ],
            [
              -87.87626287130377,
              42.99123395447032
            ],
            [
              -87.87643622038198,
              42.991317220658146
            ],
            [
              -87.87661733528327,
              42.99140499634821
            ],
            [
              -87.87669056504431,
              42.99145258485378
            ],
            [
              -87.87683245416281,
              42.991529442560825
            ],
            [
              -87.87708904032468,
              42.991668100244645
            ],
            [
              -87.87720859152661,
              42.99173951352786
            ],
            [
              -87.87751268628354,
              42.99193580060878
            ],
            [
              -87.87795030350475,
              42.99220383326514
            ],
            [
              -87.87824714322839,
              42.992416445239016
            ],
            [
              -87.87836200273347,
              42.992530624124775
            ],
            [
              -87.87853497153071,
              42.99268226645246
            ],
            [
              -87.87868993257364,
              42.992839387476444
            ],
            [
              -87.87875828909678,
              42.99291563484016
            ],
            [
              -87.87880229769043,
              42.99296010807714
            ],
            [
              -87.87889294244803,
              42.99303018548469
            ],
            [
              -87.8789444098998,
              42.99308789084585
            ],
            [
              -87.87899537843923,
              42.99315670863045
            ],
            [
              -87.87902994400005,
              42.99318791074676
            ],
            [
              -87.87908364458977,
              42.993238382800236
            ],
            [
              -87.87911840933418,
              42.99326376613697
            ],
            [
              -87.87915876222684,
              42.99329943996699
            ],
            [
              -87.87918135085074,
              42.99333332424939
            ],
            [
              -87.87922865882761,
              42.99339677518244
            ],
            [
              -87.87925499127566,
              42.993429671287615
            ],
            [
              -87.87928348426101,
              42.993477398919836
            ],
            [
              -87.8792565204233,
              42.9935174871174
            ],
            [
              -87.87921731557418,
              42.99355027264099
            ],
            [
              -87.87917647930868,
              42.99358588760054
            ],
            [
              -87.87917527069123,
              42.99362078184388
            ],
            [
              -87.87919963642388,
              42.99366052446991
            ],
            [
              -87.87928166826318,
              42.99370334454865
            ],
            [
              -87.87934227256775,
              42.99368792525101
            ],
            [
              -87.87941815508101,
              42.9936542377585
            ],
            [
              -87.87961153549024,
              42.99353426111155
            ],
            [
              -87.87972119897285,
              42.9934899651669
            ],
            [
              -87.87994863268194,
              42.993644275095946
            ],
            [
              -87.88001253169463,
              42.993707261820134
            ],
            [
              -87.88014149439785,
              42.99378755870878
            ],
            [
              -87.88030639498237,
              42.99392635723
            ],
            [
              -87.88037517687448,
              42.99397839593707
            ],
            [
              -87.88046056585057,
              42.994064566288394
            ],
            [
              -87.88060955408255,
              42.994268778647026
            ],
            [
              -87.8807109476024,
              42.99437660034525
            ],
            [
              -87.88076217945613,
              42.99441507260384
            ],
            [
              -87.88089145904257,
              42.99461991099139
            ],
            [
              -87.8810403382033,
              42.99482292396288
            ],
            [
              -87.88115263729581,
              42.99496294610763
            ],
            [
              -87.88124221482862,
              42.99510646050017
            ],
            [
              -87.88131162538643,
              42.995183891086334
            ],
            [
              -87.88144120255389,
              42.9952938621818
            ],
            [
              -87.88155701540492,
              42.99547955572868
            ],
            [
              -87.88157716407783,
              42.995512649297495
            ],
            [
              -87.88162420554647,
              42.9955638891546
            ],
            [
              -87.88164095241127,
              42.99559014320658
            ],
            [
              -87.88174744204956,
              42.99571757490254
            ],
            [
              -87.88185927633599,
              42.99581733192888
            ],
            [
              -87.88195185068463,
              42.99587323414479
            ],
            [
              -87.88198984113737,
              42.99591591176367
            ],
            [
              -87.88203861215881,
              42.99593933562881
            ],
            [
              -87.88211709339937,
              42.996012526981026
            ],
            [
              -87.88223800322132,
              42.996131289824135
            ],
            [
              -87.88236869396003,
              42.996286527553664
            ],
            [
              -87.88253599585968,
              42.99655700041306
            ],
            [
              -87.88259630894655,
              42.99665051862468
            ],
            [
              -87.88272185681241,
              42.9966981191828
            ],
            [
              -87.8825823213403,
              42.99697144695656
            ],
            [
              -87.88250331920894,
              42.99712620296533
            ],
            [
              -87.8823324027903,
              42.99737876320313
            ],
            [
              -87.8827045587973,
              42.997737454797196
            ],
            [
              -87.8830984641962,
              42.99762486976148
            ],
            [
              -87.88355323196572,
              42.997633909645224
            ],
            [
              -87.88372418330194,
              42.997652011675186
            ],
            [
              -87.88385976768743,
              42.99768911107276
            ],
            [
              -87.8841569235695,
              42.99782721551926
            ],
            [
              -87.88451959007735,
              42.99805130515067
            ],
            [
              -87.88469667977955,
              42.99817598652665
            ],
            [
              -87.88488917576537,
              42.99833228641376
            ],
            [
              -87.88503128252349,
              42.99846925659734
            ],
            [
              -87.88602291238573,
              42.999463274061775
            ],
            [
              -87.88653224249418,
              42.99997381675943
            ],
            [
              -87.8872781844196,
              43.00071646358765
            ],
            [
              -87.88758873711875,
              43.000503698294594
            ],
            [
              -87.88764956380926,
              43.00047812712219
            ],
            [
              -87.88779502358975,
              43.00058847675833
            ],
            [
              -87.88775076292376,
              43.00063900332582
            ],
            [
              -87.88685534454008,
              43.0012588023314
            ],
            [
              -87.8867628776161,
              43.001191583131245
            ],
            [
              -87.88673584137203,
              43.00121255613879
            ],
            [
              -87.88682448117864,
              43.00128103595163
            ],
            [
              -87.88668130493639,
              43.00138637990176
            ],
            [
              -87.88791541920298,
              43.00230365008265
            ],
            [
              -87.88732016687611,
              43.00273397944337
            ],
            [
              -87.88738740669166,
              43.00278287026964
            ],
            [
              -87.88454807642965,
              43.00481836063892
            ],
            [
              -87.88766761494541,
              43.00808102839147
            ],
            [
              -87.89157412570708,
              43.00714835095957
            ],
            [
              -87.89378116321733,
              43.01212626829448
            ],
            [
              -87.89119920808602,
              43.0144014269851
            ],
            [
              -87.89122102756694,
              43.01447862725137
            ],
            [
              -87.89133224804293,
              43.014488883525416
            ],
            [
              -87.89384877963835,
              43.01227876200086
            ],
            [
              -87.8954635875733,
              43.0159053488935
            ],
            [
              -87.89305301054388,
              43.01802267197897
            ],
            [
              -87.89302876185353,
              43.01806051243571
            ],
            [
              -87.89303402306065,
              43.01810434507098
            ],
            [
              -87.89375312887881,
              43.01951268481398
            ],
            [
              -87.89377924311248,
              43.019539164928
            ],
            [
              -87.89381796744762,
              43.01955190368777
            ],
            [
              -87.89385943770057,
              43.019549363086
            ],
            [
              -87.8938967190091,
              43.01953039798693
            ],
            [
              -87.89618118394971,
              43.01750591438723
            ],
            [
              -87.89659755205349,
              43.01843457721217
            ],
            [
              -87.89427132175285,
              43.020483149933
            ],
            [
              -87.89425310072264,
              43.02051194021231
            ],
            [
              -87.89425696693745,
              43.02054391764778
            ],
            [
              -87.89465978971556,
              43.02134482326199
            ],
            [
              -87.89470276001387,
              43.02136413712842
            ],
            [
              -87.89476324354614,
              43.02134730430586
            ],
            [
              -87.89701019552427,
              43.019354894131084
            ],
            [
              -87.89735255138649,
              43.02011844194182
            ],
            [
              -87.89420562513821,
              43.02288054832187
            ],
            [
              -87.89418479340324,
              43.022909218190236
            ],
            [
              -87.89418382750158,
              43.02294891122429
            ],
            [
              -87.89461756228985,
              43.02507273037261
            ],
            [
              -87.89571804413653,
              43.025045252671084
            ],
            [
              -87.89617284647758,
              43.025266957358845
            ],
            [
              -87.89649891081463,
              43.02523780195516
            ],
            [
              -87.89864619479985,
              43.02504577642117
            ],
            [
              -87.89875644728343,
              43.02503591624334
            ],
            [
              -87.89865570263834,
              43.02463029235358
            ],
            [
              -87.90066675480661,
              43.02500102055921
            ],
            [
              -87.90265475731364,
              43.02536746045623
            ],
            [
              -87.90289586533663,
              43.02541190037838
            ],
            [
              -87.90326918609264,
              43.025617053122325
            ],
            [
              -87.90359668022028,
              43.02615285692944
            ],
            [
              -87.90483739443219,
              43.027708108494224
            ],
            [
              -87.90483814972184,
              43.02780834892091
            ],
            [
              -87.90483998204725,
              43.02805169356996
            ],
            [
              -87.90535837781532,
              43.027690076113444
            ],
            [
              -87.90511463765387,
              43.02741412677956
            ],
            [
              -87.90480091521214,
              43.02705894108451
            ],
            [
              -87.90445824017715,
              43.02666051584437
            ],
            [
              -87.90402953434588,
              43.026173369020015
            ],
            [
              -87.90382785892712,
              43.02555970460479
            ],
            [
              -87.90383549674948,
              43.02532134829919
            ],
            [
              -87.90382718752065,
              43.025145807815846
            ],
            [
              -87.9040498134824,
              43.02471424005803
            ],
            [
              -87.90430799725695,
              43.02454473221661
            ],
            [
              -87.90450720306586,
              43.02436324365574
            ],
            [
              -87.90482659185444,
              43.024140405653974
            ],
            [
              -87.90545723205932,
              43.02349852279011
            ],
            [
              -87.90568914815256,
              43.022794828704704
            ],
            [
              -87.90593755638125,
              43.02215803365358
            ],
            [
              -87.90579870857626,
              43.02221097900709
            ],
            [
              -87.905813326319,
              43.022094331094195
            ],
            [
              -87.90588502483737,
              43.0218618177056
            ],
            [
              -87.9059495894275,
              43.02161228757186
            ],
            [
              -87.90600746252937,
              43.02138861573032
            ],
            [
              -87.90591191186716,
              43.02138685513939
            ],
            [
              -87.90543460256707,
              43.02043493370653
            ],
            [
              -87.90474125649749,
              43.01958815368885
            ],
            [
              -87.90744940811229,
              43.0196068761758
            ],
            [
              -87.90744625769088,
              43.0193885750052
            ],
            [
              -87.90453747288713,
              43.01933497755879
            ],
            [
              -87.90342119128587,
              43.01812185035882
            ],
            [
              -87.90343474502356,
              43.01803636297728
            ],
            [
              -87.90770466739693,
              43.018044910538094
            ],
            [
              -87.90761818461503,
              43.017778311952895
            ],
            [
              -87.9031160701134,
              43.01772650329302
            ],
            [
              -87.90294835449139,
              43.01766105489326
            ],
            [
              -87.90279399878571,
              43.017206136190076
            ],
            [
              -87.90290904511762,
              43.01705401544301
            ],
            [
              -87.9044060563407,
              43.0141261547309
            ],
            [
              -87.90407504550286,
              43.014008295677705
            ],
            [
              -87.9042396586041,
              43.01365439350867
            ],
            [
              -87.90666981750758,
              43.00908391809859
            ],
            [
              -87.90833967015726,
              43.00827307217617
            ],
            [
              -87.90885452798248,
              43.009231937603985
            ],
            [
              -87.90904004976717,
              43.00958597115855
            ],
            [
              -87.90908305109828,
              43.00966697193268
            ],
            [
              -87.90933205047477,
              43.01014697100738
            ],
            [
              -87.90961305055359,
              43.010673970997196
            ],
            [
              -87.90981300625906,
              43.01104409495421
            ],
            [
              -87.91099443309129,
              43.0110591478265
            ],
            [
              -87.91113972945186,
              43.01106099862683
            ],
            [
              -87.91117777940156,
              43.0091260027844
            ],
            [
              -87.91119320327346,
              43.00863024172896
            ],
            [
              -87.9112020344532,
              43.00835220542872
            ],
            [
              -87.91339573096367,
              43.008096795338325
            ],
            [
              -87.91384951024772,
              43.007753276134366
            ],
            [
              -87.91395578062156,
              43.00649194492898
            ]
          ]
        ]
      }
    },
    {
      "type": "Feature",
      "properties": {
        "placeFips": "5553000",
        "city": "Milwaukee",
        "state": "WI",
        "boundaryType": "aldermanic-district",
        "district": "15",
        "name": "15"
      },
      "geometry": {
        "type": "Polygon",
        "coordinates": [
          [
            [
              -87.95412833632082,
              43.07156444162144
            ],
            [
              -87.95512829568256,
              43.0715626317686
            ],
            [
              -87.95618762523144,
              43.071560703080074
            ],
            [
              -87.9573599527733,
              43.07155840949775
            ],
            [
              -87.95856729877111,
              43.07155597958105
            ],
            [
              -87.959755599536,
              43.07155357971688
            ],
            [
              -87.9609490172557,
              43.07155116012363
            ],
            [
              -87.96214270166752,
              43.071548720183
            ],
            [
              -87.96331399376574,
              43.07154631607774
            ],
            [
              -87.96447488204316,
              43.07154391902707
            ],
            [
              -87.96573692893713,
              43.07154130600321
            ],
            [
              -87.96741797336932,
              43.07154642923579
            ],
            [
              -87.96744414989053,
              43.06971376326625
            ],
            [
              -87.96747006558424,
              43.06789972143183
            ],
            [
              -87.96877319231145,
              43.06790895301492
            ],
            [
              -87.9699558683354,
              43.06791731736064
            ],
            [
              -87.9711973335748,
              43.06792608688365
            ],
            [
              -87.97241313204742,
              43.06793465631947
            ],
            [
              -87.97371217263212,
              43.06794380436788
            ],
            [
              -87.97494215981118,
              43.06795244646431
            ],
            [
              -87.97620290399271,
              43.06796129658316
            ],
            [
              -87.97747912791831,
              43.067970214397924
            ],
            [
              -87.97867080314573,
              43.06797813486639
            ],
            [
              -87.97984586790012,
              43.06798593240368
            ],
            [
              -87.97986696218774,
              43.06613219137184
            ],
            [
              -87.97988641529795,
              43.064310542842264
            ],
            [
              -87.98018347894501,
              43.06431242979346
            ],
            [
              -87.97988804434468,
              43.06415789237577
            ],
            [
              -87.97871958278458,
              43.06354667981308
            ],
            [
              -87.97873172481397,
              43.06247763599857
            ],
            [
              -87.9787523402315,
              43.06066301078053
            ],
            [
              -87.97876841858266,
              43.059293982132274
            ],
            [
              -87.97877755457563,
              43.057136764158685
            ],
            [
              -87.97757686060005,
              43.05713056885364
            ],
            [
              -87.97614315204967,
              43.05712048598256
            ],
            [
              -87.97470860693002,
              43.05711478493973
            ],
            [
              -87.9735655268144,
              43.057110228870336
            ],
            [
              -87.9724362886732,
              43.05710571992138
            ],
            [
              -87.97244210703015,
              43.05550691259952
            ],
            [
              -87.97244329443143,
              43.05518054543218
            ],
            [
              -87.97245090613256,
              43.05290304536081
            ],
            [
              -87.97185294259462,
              43.05262704943863
            ],
            [
              -87.97189657694848,
              43.049680012357925
            ],
            [
              -87.97186287113638,
              43.04939511510069
            ],
            [
              -87.97190985398962,
              43.049171566426146
            ],
            [
              -87.97197931575498,
              43.04880927404729
            ],
            [
              -87.97135665904639,
              43.048807295824034
            ],
            [
              -87.97023706581318,
              43.048803992388414
            ],
            [
              -87.96913006963092,
              43.04880071473959
            ],
            [
              -87.96811627646665,
              43.04879501296998
            ],
            [
              -87.96709695886165,
              43.04879335528133
            ],
            [
              -87.9654131783273,
              43.048782659203006
            ],
            [
              -87.96545437371826,
              43.04684224874829
            ],
            [
              -87.96547363675286,
              43.045935115644134
            ],
            [
              -87.96498665905547,
              43.04531690745417
            ],
            [
              -87.9653814542331,
              43.04508340791889
            ],
            [
              -87.9656634926009,
              43.0448870070813
            ],
            [
              -87.9659672289308,
              43.0446407540673
            ],
            [
              -87.96621213825175,
              43.04440074418261
            ],
            [
              -87.9663566956984,
              43.044223678196026
            ],
            [
              -87.96652202272864,
              43.04401826959624
            ],
            [
              -87.96665948696035,
              43.04378363862664
            ],
            [
              -87.96670946308586,
              43.04368591244173
            ],
            [
              -87.9669401055309,
              43.04316044352567
            ],
            [
              -87.96698392826283,
              43.043023657141866
            ],
            [
              -87.96712226496145,
              43.042284097062094
            ],
            [
              -87.96743472579305,
              43.040418516319754
            ],
            [
              -87.96730971569274,
              43.04020715189844
            ],
            [
              -87.96708738322711,
              43.039994517060705
            ],
            [
              -87.9669214121463,
              43.03985992992761
            ],
            [
              -87.96668788117145,
              43.03972996631183
            ],
            [
              -87.96638739414695,
              43.03959363689188
            ],
            [
              -87.96602110852571,
              43.03942895793006
            ],
            [
              -87.96568498253303,
              43.03926480394476
            ],
            [
              -87.96545096808859,
              43.039157124694235
            ],
            [
              -87.96529894163059,
              43.039056094405815
            ],
            [
              -87.96515839503626,
              43.03888478879648
            ],
            [
              -87.96510194210411,
              43.038815980109646
            ],
            [
              -87.96272969749023,
              43.03881725346906
            ],
            [
              -87.9617016395257,
              43.03878435699938
            ],
            [
              -87.96121174995197,
              43.03876681825897
            ],
            [
              -87.96075011091513,
              43.03875192450612
            ],
            [
              -87.95901797482087,
              43.038760338334555
            ],
            [
              -87.95769804415065,
              43.03876673398731
            ],
            [
              -87.9576912010035,
              43.04030125596242
            ],
            [
              -87.95768512213289,
              43.041664585302414
            ],
            [
              -87.9576776679346,
              43.04333582270646
            ],
            [
              -87.95767544750183,
              43.043834180416724
            ],
            [
              -87.95767227960027,
              43.044544391854835
            ],
            [
              -87.95766430522332,
              43.04588651391303
            ],
            [
              -87.9576533464025,
              43.04727443332898
            ],
            [
              -87.95765729355273,
              43.04757218917697
            ],
            [
              -87.95764195732698,
              43.04871710218069
            ],
            [
              -87.95646282081736,
              43.04870851632781
            ],
            [
              -87.95551081503896,
              43.04870150659247
            ],
            [
              -87.95528371261976,
              43.0486999259538
            ],
            [
              -87.95359599374238,
              43.04868760540481
            ],
            [
              -87.95244513681635,
              43.04867918700232
            ],
            [
              -87.95127219911062,
              43.04867059769609
            ],
            [
              -87.95001993763049,
              43.048661411634825
            ],
            [
              -87.94884423516649,
              43.04865277533582
            ],
            [
              -87.94776189279227,
              43.0486473544782
            ],
            [
              -87.94775603412958,
              43.048364967639166
            ],
            [
              -87.94775603456746,
              43.04822996763768
            ],
            [
              -87.9477590348697,
              43.047545967819744
            ],
            [
              -87.94776103449401,
              43.047272967599675
            ],
            [
              -87.94776103405414,
              43.04699096740939
            ],
            [
              -87.94776503427843,
              43.04614696777353
            ],
            [
              -87.9477670358099,
              43.04586596806737
            ],
            [
              -87.94776803476795,
              43.04559596802381
            ],
            [
              -87.9477740345411,
              43.04478896830277
            ],
            [
              -87.94777603482926,
              43.044519968692974
            ],
            [
              -87.94748003568589,
              43.04446596830743
            ],
            [
              -87.9472150357974,
              43.044418967696814
            ],
            [
              -87.94658803532278,
              43.04436196757606
            ],
            [
              -87.94629003582509,
              43.04433596759806
            ],
            [
              -87.94601403575395,
              43.044334967879614
            ],
            [
              -87.94518903585336,
              43.04433496786809
            ],
            [
              -87.94491403584624,
              43.04433496773381
            ],
            [
              -87.94470903620946,
              43.044334968189936
            ],
            [
              -87.94409303670444,
              43.04433496815583
            ],
            [
              -87.94388903637497,
              43.044334968095754
            ],
            [
              -87.94368103621126,
              43.04433496826109
            ],
            [
              -87.94305903681892,
              43.0443349675612
            ],
            [
              -87.94288103644179,
              43.04433496785965
            ],
            [
              -87.94285203712576,
              43.044329967960415
            ],
            [
              -87.94285303623428,
              43.044106967801085
            ],
            [
              -87.94285703701946,
              43.04344196810578
            ],
            [
              -87.9428649837769,
              43.043227646925175
            ],
            [
              -87.9425970370816,
              43.043219967309575
            ],
            [
              -87.94181403637906,
              43.04321996781618
            ],
            [
              -87.94155303651351,
              43.04321996799396
            ],
            [
              -87.94130303777912,
              43.04321996778519
            ],
            [
              -87.94055403709343,
              43.043219967487005
            ],
            [
              -87.94030503704973,
              43.0432209682567
            ],
            [
              -87.94011603674417,
              43.04321996709253
            ],
            [
              -87.93954903774348,
              43.04321996742021
            ],
            [
              -87.93936103738578,
              43.043219967305085
            ],
            [
              -87.93930203804244,
              43.043219967640276
            ],
            [
              -87.93927503792634,
              43.04321996718071
            ],
            [
              -87.93912803800077,
              43.043219967880496
            ],
            [
              -87.9390710379954,
              43.04322096781001
            ],
            [
              -87.93906803808788,
              43.043442967557034
            ],
            [
              -87.93906003767917,
              43.04411096766544
            ],
            [
              -87.93906426444165,
              43.044342242378086
            ],
            [
              -87.93782874320071,
              43.044341954543604
            ],
            [
              -87.93777406673205,
              43.04859903595419
            ],
            [
              -87.935299256919,
              43.04858192676955
            ],
            [
              -87.93394081086026,
              43.04857338520618
            ],
            [
              -87.93270946947591,
              43.04856719703803
            ],
            [
              -87.9314401398067,
              43.0485576138828
            ],
            [
              -87.93074405397279,
              43.048551518189974
            ],
            [
              -87.93004700399815,
              43.04854880615587
            ],
            [
              -87.92864550316929,
              43.04853992530726
            ],
            [
              -87.92786176090341,
              43.04854101144441
            ],
            [
              -87.92713510086513,
              43.048521650983666
            ],
            [
              -87.92711772012976,
              43.04946521615739
            ],
            [
              -87.92710963119488,
              43.04990437535782
            ],
            [
              -87.92709810388,
              43.05129922974161
            ],
            [
              -87.92678753651559,
              43.05087162134845
            ],
            [
              -87.92657019041629,
              43.0506649169329
            ],
            [
              -87.92638992477373,
              43.050472840697815
            ],
            [
              -87.92624448298776,
              43.050344225965326
            ],
            [
              -87.92600602068407,
              43.05017877089383
            ],
            [
              -87.9256877566818,
              43.04999308430539
            ],
            [
              -87.9255537266264,
              43.04991488649038
            ],
            [
              -87.92546233062058,
              43.05061408323182
            ],
            [
              -87.92544693889373,
              43.0507349796666
            ],
            [
              -87.9253929228787,
              43.05115926394425
            ],
            [
              -87.9253922856244,
              43.051186557382884
            ],
            [
              -87.92537737407099,
              43.05182452545241
            ],
            [
              -87.92535375764126,
              43.05259672053277
            ],
            [
              -87.92525649184752,
              43.05324720942985
            ],
            [
              -87.92501375823534,
              43.05470538575013
            ],
            [
              -87.92481588359239,
              43.05572733630555
            ],
            [
              -87.92463698223884,
              43.05652296499341
            ],
            [
              -87.92463528421455,
              43.056530521143614
            ],
            [
              -87.92454580865838,
              43.05687879431783
            ],
            [
              -87.92439977859574,
              43.05720040223835
            ],
            [
              -87.92429877016504,
              43.05737722371125
            ],
            [
              -87.92424214974476,
              43.05747607552536
            ],
            [
              -87.9239357048926,
              43.05783027350283
            ],
            [
              -87.9236244922358,
              43.058129416044885
            ],
            [
              -87.92261018862276,
              43.058874584096095
            ],
            [
              -87.92242095082003,
              43.05904066802664
            ],
            [
              -87.92209299484433,
              43.05923802062053
            ],
            [
              -87.92188078525389,
              43.05940369204838
            ],
            [
              -87.92163856871463,
              43.05955182510171
            ],
            [
              -87.92145283898068,
              43.059670665857944
            ],
            [
              -87.921258812381,
              43.0599421664132
            ],
            [
              -87.92114068035364,
              43.06008347750465
            ],
            [
              -87.92094209122357,
              43.06032103023287
            ],
            [
              -87.92093576757885,
              43.06032859631631
            ],
            [
              -87.9207640283927,
              43.060826459340724
            ],
            [
              -87.92070362954694,
              43.06122386752095
            ],
            [
              -87.9207048463896,
              43.06148986851441
            ],
            [
              -87.92070043881775,
              43.06211580314359
            ],
            [
              -87.92069391976221,
              43.06304190915476
            ],
            [
              -87.92068752091782,
              43.06395121951084
            ],
            [
              -87.9206681313505,
              43.067603937178596
            ],
            [
              -87.92065354896741,
              43.07064511965534
            ],
            [
              -87.92065194803006,
              43.07097898673703
            ],
            [
              -87.92065101817283,
              43.07117300101371
            ],
            [
              -87.9206797648154,
              43.071181278462575
            ],
            [
              -87.92142035749363,
              43.07118730076138
            ],
            [
              -87.9216790373511,
              43.071189187757504
            ],
            [
              -87.92260071474992,
              43.07119590519088
            ],
            [
              -87.92398785485899,
              43.07120600535605
            ],
            [
              -87.92476305637352,
              43.0712116380657
            ],
            [
              -87.92537025455256,
              43.07121604895499
            ],
            [
              -87.92600505419774,
              43.0712206600517
            ],
            [
              -87.9267577320245,
              43.07122611787648
            ],
            [
              -87.92754694573894,
              43.071226333137254
            ],
            [
              -87.92923155987644,
              43.071242785929314
            ],
            [
              -87.9304044449356,
              43.07126486000952
            ],
            [
              -87.93068939945452,
              43.07126513987219
            ],
            [
              -87.93103308487106,
              43.07128798358917
            ],
            [
              -87.93133784421539,
              43.071314996895815
            ],
            [
              -87.93183219831262,
              43.07138775156062
            ],
            [
              -87.93219073797545,
              43.071367700119815
            ],
            [
              -87.93319952582475,
              43.0713809054669
            ],
            [
              -87.93439994972157,
              43.07139660793787
            ],
            [
              -87.9356030198258,
              43.07141233495199
            ],
            [
              -87.93678583457356,
              43.07142225936376
            ],
            [
              -87.9374249979504,
              43.07143571193659
            ],
            [
              -87.93808807104541,
              43.07144907029425
            ],
            [
              -87.93867107850454,
              43.07146081261424
            ],
            [
              -87.93991763701236,
              43.07147283840988
            ],
            [
              -87.94115854949305,
              43.07148478705611
            ],
            [
              -87.94239495609344,
              43.07149668476576
            ],
            [
              -87.94362997820373,
              43.07150855480198
            ],
            [
              -87.94486400143496,
              43.07152039877465
            ],
            [
              -87.94609881951071,
              43.07153223830124
            ],
            [
              -87.94734080277033,
              43.07157650229532
            ],
            [
              -87.94858998847384,
              43.07157431382108
            ],
            [
              -87.94982274554843,
              43.07157213876625
            ],
            [
              -87.95076424516228,
              43.071570469698734
            ],
            [
              -87.95104671885584,
              43.07156996770784
            ],
            [
              -87.95253603601158,
              43.07156810844945
            ],
            [
              -87.95272089519987,
              43.07156798905315
            ],
            [
              -87.9529477504835,
              43.07156639119707
            ],
            [
              -87.95394793127637,
              43.0715647667875
            ],
            [
              -87.95412833632082,
              43.07156444162144
            ]
          ]
        ]
      }
    }
  ]
}
