{
  "type": "FeatureCollection",
  "features": [
    {
      "type": "Feature",
      "properties": {
        "placeFips": "5553000",
        "city": "Milwaukee",
        "state": "WI",
        "boundaryType": "ward",
        "district": "1",
        "name": "1"
      },
      "geometry": {
        "type": "Polygon",
        "coordinates": [
          [
            [
              -88.06385682386656,
              43.16969115477128
            ],
            [
              -88.06405462396886,
              43.16246314232959
            ],
            [
              -88.05534938336189,
              43.162666398508996
            ],
            [
              -88.04999569591729,
              43.16277054296119
            ],
            [
              -88.04445887652214,
              43.162933506589084
            ],
            [
              -88.04430026633082,
              43.17115166264697
            ],
            [
              -88.04422058025848,
              43.1763693109422
            ],
            [
              -88.04420946724102,
              43.17684422362469
            ],
            [
              -88.0441572554736,
              43.17749123911377
            ],
            [
              -88.04416458884822,
              43.178616684816
            ],
            [
              -88.04322236956608,
              43.17862106437668
            ],
            [
              -88.04250757672826,
              43.17856507817488
            ],
            [
              -88.04137108651958,
              43.17839339528444
            ],
            [
              -88.03789353913848,
              43.177755742122585
            ],
            [
              -88.03732917026473,
              43.17768346745691
            ],
            [
              -88.03650510787568,
              43.177605208682735
            ],
            [
              -88.03590607079595,
              43.1775805436228
            ],
            [
              -88.0353746938038,
              43.17762034844838
            ],
            [
              -88.02848810107955,
              43.17767242223091
            ],
            [
              -88.0284605099261,
              43.178430188661345
            ],
            [
              -88.02847204934015,
              43.178568788078216
            ],
            [
              -88.02851390784654,
              43.17871437510969
            ],
            [
              -88.02873986753737,
              43.17909810700479
            ],
            [
              -88.02877185272665,
              43.17920828750894
            ],
            [
              -88.02878137213625,
              43.179348733780316
            ],
            [
              -88.0286754447558,
              43.181799321947175
            ],
            [
              -88.02863506874526,
              43.181930730352484
            ],
            [
              -88.02857395586587,
              43.182045963500855
            ],
            [
              -88.02848789903442,
              43.18215801528896
            ],
            [
              -88.02836685924755,
              43.18227042257061
            ],
            [
              -88.02761192007397,
              43.18283677286842
            ],
            [
              -88.0274750019916,
              43.182990831904704
            ],
            [
              -88.02738254474818,
              43.18321856536787
            ],
            [
              -88.02683032035821,
              43.18310232690048
            ],
            [
              -88.02626485753267,
              43.18295149602126
            ],
            [
              -88.02546232288678,
              43.182685476548876
            ],
            [
              -88.0251051277811,
              43.182587260594616
            ],
            [
              -88.02452207386222,
              43.18250381595076
            ],
            [
              -88.0241521059721,
              43.182492201899926
            ],
            [
              -88.0240692400725,
              43.184959083586186
            ],
            [
              -88.02373408925662,
              43.192481414326636
            ],
            [
              -88.03374871622118,
              43.19239855050092
            ],
            [
              -88.05369320462596,
              43.19217704857796
            ],
            [
              -88.0633524885247,
              43.192126568931094
            ],
            [
              -88.06349029040774,
              43.184112654788315
            ],
            [
              -88.06385682386656,
              43.16969115477128
            ]
          ]
        ]
      }
    },
    {
      "type": "Feature",
      "properties": {
        "placeFips": "5553000",
        "city": "Milwaukee",
        "state": "WI",
        "boundaryType": "ward",
        "district": "2",
        "name": "2"
      },
      "geometry": {
        "type": "Polygon",
        "coordinates": [
          [
            [
              -88.02459761085967,
              43.177709013975225
            ],
            [
              -88.02434125909457,
              43.177711420462956
            ],
            [
              -88.0241521059721,
              43.182492201899926
            ],
            [
              -88.02452207386222,
              43.18250381595076
            ],
            [
              -88.0251051277811,
              43.182587260594616
            ],
            [
              -88.02546232288678,
              43.182685476548876
            ],
            [
              -88.02626485753267,
              43.18295149602126
            ],
            [
              -88.02683032035821,
              43.18310232690048
            ],
            [
              -88.02738254474818,
              43.18321856536787
            ],
            [
              -88.0274750019916,
              43.182990831904704
            ],
            [
              -88.02761192007397,
              43.18283677286842
            ],
            [
              -88.02836685924755,
              43.18227042257061
            ],
            [
              -88.02848789903442,
              43.18215801528896
            ],
            [
              -88.02857395586587,
              43.182045963500855
            ],
            [
              -88.02863506874526,
              43.181930730352484
            ],
            [
              -88.0286754447558,
              43.181799321947175
            ],
            [
              -88.02878137213625,
              43.179348733780316
            ],
            [
              -88.02877185272665,
              43.17920828750894
            ],
            [
              -88.02873986753737,
              43.17909810700479
            ],
            [
              -88.02851390784654,
              43.17871437510969
            ],
            [
              -88.02847204934015,
              43.178568788078216
            ],
            [
              -88.0284605099261,
              43.178430188661345
            ],
            [
              -88.02848810107955,
              43.17767242223091
            ],
            [
              -88.02459761085967,
              43.177709013975225
            ]
          ]
        ]
      }
    },
    {
      "type": "Feature",
      "properties": {
        "placeFips": "5553000",
        "city": "Milwaukee",
        "state": "WI",
        "boundaryType": "ward",
        "district": "3",
        "name": "3"
      },
      "geometry": {
        "type": "Polygon",
        "coordinates": [
          [
            [
              -88.0241521059721,
              43.182492201899926
            ],
            [
              -88.02434125909457,
              43.177711420462956
            ],
            [
              -88.00545440579015,
              43.17787298817768
            ],
            [
              -88.00468570254826,
              43.17962700812193
            ],
            [
              -88.00456968908696,
              43.179951381025845
            ],
            [
              -88.00444261353596,
              43.180665354199114
            ],
            [
              -88.00435679474221,
              43.18176650856386
            ],
            [
              -88.00436096708901,
              43.18253817578335
            ],
            [
              -88.00427968577256,
              43.18439557752946
            ],
            [
              -88.00422818765581,
              43.18859672384373
            ],
            [
              -88.00416482255247,
              43.18921104049268
            ],
            [
              -88.00398593980876,
              43.19038992833728
            ],
            [
              -88.00387472310504,
              43.19255570133819
            ],
            [
              -88.00389623637304,
              43.19255568819171
            ],
            [
              -88.00387471238236,
              43.192555728162766
            ],
            [
              -88.01389235217195,
              43.192531073670224
            ],
            [
              -88.02373408925662,
              43.192481414326636
            ],
            [
              -88.0240692400725,
              43.184959083586186
            ],
            [
              -88.0241521059721,
              43.182492201899926
            ]
          ]
        ]
      }
    },
    {
      "type": "Feature",
      "properties": {
        "placeFips": "5553000",
        "city": "Milwaukee",
        "state": "WI",
        "boundaryType": "ward",
        "district": "4",
        "name": "4"
      },
      "geometry": {
        "type": "Polygon",
        "coordinates": [
          [
            [
              -88.00545440581956,
              43.177872987277794
            ],
            [
              -88.00569656914506,
              43.17724382637493
            ],
            [
              -88.00586776313476,
              43.17670035531385
            ],
            [
              -88.00596004880641,
              43.176135699639914
            ],
            [
              -88.00598063011337,
              43.175817015593765
            ],
            [
              -88.00598026077623,
              43.17552174575225
            ],
            [
              -88.00594820730844,
              43.17517037952269
            ],
            [
              -88.00582369807722,
              43.17457528154129
            ],
            [
              -88.00565641040492,
              43.17401401955321
            ],
            [
              -88.00553094864061,
              43.173707561572705
            ],
            [
              -88.00514514898914,
              43.17288103450807
            ],
            [
              -88.00493007499487,
              43.17246739388052
            ],
            [
              -88.00481801833435,
              43.17218423643918
            ],
            [
              -88.00467047739821,
              43.17173524965405
            ],
            [
              -88.0045740420242,
              43.17129227280511
            ],
            [
              -88.0045340201029,
              43.170899801991126
            ],
            [
              -88.00453570392597,
              43.170589657877684
            ],
            [
              -88.00464921350182,
              43.165179665412325
            ],
            [
              -88.00466763507815,
              43.163296382608095
            ],
            [
              -87.99643844782905,
              43.1631963215351
            ],
            [
              -87.9947591860158,
              43.16320084586689
            ],
            [
              -87.99434716218003,
              43.18507862460975
            ],
            [
              -87.99417200726256,
              43.19255273659622
            ],
            [
              -88.00387471241179,
              43.19255572726284
            ],
            [
              -88.0039859398382,
              43.19038992743739
            ],
            [
              -88.00416482258188,
              43.18921103959278
            ],
            [
              -88.00422818768524,
              43.188596722943835
            ],
            [
              -88.00427968580198,
              43.18439557662951
            ],
            [
              -88.00436096711846,
              43.18253817488346
            ],
            [
              -88.00435679477162,
              43.18176650766395
            ],
            [
              -88.00444261356537,
              43.18066535329922
            ],
            [
              -88.0045696891164,
              43.17995138012597
            ],
            [
              -88.00468570257767,
              43.17962700722204
            ],
            [
              -88.00545440581956,
              43.177872987277794
            ]
          ]
        ]
      }
    },
    {
      "type": "Feature",
      "properties": {
        "placeFips": "5553000",
        "city": "Milwaukee",
        "state": "WI",
        "boundaryType": "ward",
        "district": "5",
        "name": "5"
      },
      "geometry": {
        "type": "Polygon",
        "coordinates": [
          [
            [
              -88.00553506367216,
              43.1560504594561
            ],
            [
              -88.00499686824979,
              43.15606414879319
            ],
            [
              -88.00466763504875,
              43.16329638350802
            ],
            [
              -88.00464921350182,
              43.165179665412325
            ],
            [
              -88.0045340201029,
              43.170899801991126
            ],
            [
              -88.0045740420242,
              43.17129227280511
            ],
            [
              -88.00467047739821,
              43.17173524965405
            ],
            [
              -88.00481801833435,
              43.17218423643918
            ],
            [
              -88.00493007499487,
              43.17246739388052
            ],
            [
              -88.00514514898914,
              43.17288103450807
            ],
            [
              -88.00553094864061,
              43.173707561572705
            ],
            [
              -88.00565641040492,
              43.17401401955321
            ],
            [
              -88.00582369807722,
              43.17457528154129
            ],
            [
              -88.00594820730844,
              43.17517037952269
            ],
            [
              -88.00598026077623,
              43.17552174575225
            ],
            [
              -88.00598063011337,
              43.175817015593765
            ],
            [
              -88.00596004880641,
              43.176135699639914
            ],
            [
              -88.00586776313476,
              43.17670035531385
            ],
            [
              -88.00569656914506,
              43.17724382637493
            ],
            [
              -88.00545440579015,
              43.17787298817768
            ],
            [
              -88.02434125909457,
              43.177711420462956
            ],
            [
              -88.02445046516654,
              43.170309144769455
            ],
            [
              -88.02451450889876,
              43.16316943228852
            ],
            [
              -88.02485292857875,
              43.15591979024829
            ],
            [
              -88.01992051138458,
              43.155913909164354
            ],
            [
              -88.01493458220861,
              43.1559661454286
            ],
            [
              -88.00915198731788,
              43.155973860942694
            ],
            [
              -88.00553506367216,
              43.1560504594561
            ]
          ]
        ]
      }
    },
    {
      "type": "Feature",
      "properties": {
        "placeFips": "5553000",
        "city": "Milwaukee",
        "state": "WI",
        "boundaryType": "ward",
        "district": "6",
        "name": "6"
      },
      "geometry": {
        "type": "Polygon",
        "coordinates": [
          [
            [
              -88.025424256818,
              43.163158441075765
            ],
            [
              -88.02451450889876,
              43.16316943228852
            ],
            [
              -88.02445046516654,
              43.170309144769455
            ],
            [
              -88.02434125909457,
              43.177711420462956
            ],
            [
              -88.0353746938038,
              43.17762034844838
            ],
            [
              -88.03605827140791,
              43.1775800350056
            ],
            [
              -88.03650510787568,
              43.177605208682735
            ],
            [
              -88.03732917026473,
              43.17768346745691
            ],
            [
              -88.03789353913848,
              43.177755742122585
            ],
            [
              -88.04137108651958,
              43.17839339528444
            ],
            [
              -88.04250757672826,
              43.17856507817488
            ],
            [
              -88.04322236956608,
              43.17862106437668
            ],
            [
              -88.04416458884822,
              43.178616684816
            ],
            [
              -88.0441572554736,
              43.17749123911377
            ],
            [
              -88.04420946724102,
              43.17684422362469
            ],
            [
              -88.04372288397552,
              43.176841851550414
            ],
            [
              -88.04365779911404,
              43.17682631251678
            ],
            [
              -88.04355064317598,
              43.176759517833325
            ],
            [
              -88.04288284178638,
              43.17604625216721
            ],
            [
              -88.03870779877045,
              43.17144182783027
            ],
            [
              -88.03631414408851,
              43.168831042322886
            ],
            [
              -88.03700185159619,
              43.16846850005704
            ],
            [
              -88.03912758095505,
              43.16741827674122
            ],
            [
              -88.03966690274594,
              43.167088659188536
            ],
            [
              -88.04102605033982,
              43.16609213411922
            ],
            [
              -88.04111844584135,
              43.16600835965703
            ],
            [
              -88.04120650209207,
              43.16589071200906
            ],
            [
              -88.04126013870739,
              43.1657671278031
            ],
            [
              -88.04128047989887,
              43.16564731477249
            ],
            [
              -88.04127117896297,
              43.16525024265755
            ],
            [
              -88.0424160999391,
              43.1652289224182
            ],
            [
              -88.04244940562266,
              43.162994721086996
            ],
            [
              -88.03427837431984,
              43.16304944718222
            ],
            [
              -88.025424256818,
              43.163158441075765
            ]
          ]
        ]
      }
    },
    {
      "type": "Feature",
      "properties": {
        "placeFips": "5553000",
        "city": "Milwaukee",
        "state": "WI",
        "boundaryType": "ward",
        "district": "7",
        "name": "7"
      },
      "geometry": {
        "type": "Polygon",
        "coordinates": [
          [
            [
              -88.04420946724102,
              43.17684422362469
            ],
            [
              -88.04430026633082,
              43.17115166264697
            ],
            [
              -88.04445887652214,
              43.162933506589084
            ],
            [
              -88.04244940562266,
              43.162994721086996
            ],
            [
              -88.0424160999391,
              43.1652289224182
            ],
            [
              -88.04127117896297,
              43.16525024265755
            ],
            [
              -88.04128047989887,
              43.16564731477249
            ],
            [
              -88.04126013870739,
              43.1657671278031
            ],
            [
              -88.04120650209207,
              43.16589071200906
            ],
            [
              -88.04111844584135,
              43.16600835965703
            ],
            [
              -88.04102605033982,
              43.16609213411922
            ],
            [
              -88.03966690274594,
              43.167088659188536
            ],
            [
              -88.03912758095505,
              43.16741827674122
            ],
            [
              -88.03700185159619,
              43.16846850005704
            ],
            [
              -88.03631414408851,
              43.168831042322886
            ],
            [
              -88.03870779877045,
              43.17144182783027
            ],
            [
              -88.04288284178638,
              43.17604625216721
            ],
            [
              -88.04355064317598,
              43.176759517833325
            ],
            [
              -88.04365779911404,
              43.17682631251678
            ],
            [
              -88.04372288397552,
              43.176841851550414
            ],
            [
              -88.04420946724102,
              43.17684422362469
            ]
          ]
        ]
      }
    },
    {
      "type": "Feature",
      "properties": {
        "placeFips": "5553000",
        "city": "Milwaukee",
        "state": "WI",
        "boundaryType": "ward",
        "district": "8",
        "name": "8"
      },
      "geometry": {
        "type": "Polygon",
        "coordinates": [
          [
            [
              -88.04445887652214,
              43.162933506589084
            ],
            [
              -88.04999569591729,
              43.16277054296119
            ],
            [
              -88.05534938336189,
              43.162666398508996
            ],
            [
              -88.06405462396886,
              43.16246314232959
            ],
            [
              -88.06451266480916,
              43.14795983776264
            ],
            [
              -88.06440343352334,
              43.14792344775963
            ],
            [
              -88.06440216887381,
              43.1479643900448
            ],
            [
              -88.05954789555796,
              43.148082159726535
            ],
            [
              -88.05900244258996,
              43.14804990209806
            ],
            [
              -88.05863466045228,
              43.14794250777292
            ],
            [
              -88.05842282479774,
              43.147832237397516
            ],
            [
              -88.05831309127483,
              43.147754832175885
            ],
            [
              -88.05820176440848,
              43.14770054814688
            ],
            [
              -88.05802092601304,
              43.14755839717432
            ],
            [
              -88.05765911450327,
              43.147330713886
            ],
            [
              -88.05749688549055,
              43.14724943507917
            ],
            [
              -88.05726191457339,
              43.14715915397607
            ],
            [
              -88.05704551101763,
              43.14709741492526
            ],
            [
              -88.05672107051875,
              43.147037461060556
            ],
            [
              -88.05640947398422,
              43.147015706236175
            ],
            [
              -88.05475144846764,
              43.14698712694136
            ],
            [
              -88.05414654359694,
              43.14695775724567
            ],
            [
              -88.05272620391456,
              43.14697458648624
            ],
            [
              -88.05140150675285,
              43.14723091930547
            ],
            [
              -88.048758752094,
              43.14805727133939
            ],
            [
              -88.04839696536354,
              43.14815323269275
            ],
            [
              -88.04791747423138,
              43.148253054659975
            ],
            [
              -88.04729677965724,
              43.148342179468436
            ],
            [
              -88.04679643849215,
              43.14838833623222
            ],
            [
              -88.03511705066158,
              43.148454912000076
            ],
            [
              -88.02518956094744,
              43.1486342523321
            ],
            [
              -88.02451450889876,
              43.16316943228852
            ],
            [
              -88.03427837431984,
              43.16304944718222
            ],
            [
              -88.04244940562266,
              43.162994721086996
            ],
            [
              -88.04445887652214,
              43.162933506589084
            ]
          ]
        ]
      }
    },
    {
      "type": "Feature",
      "properties": {
        "placeFips": "5553000",
        "city": "Milwaukee",
        "state": "WI",
        "boundaryType": "ward",
        "district": "9",
        "name": "9"
      },
      "geometry": {
        "type": "Polygon",
        "coordinates": [
          [
            [
              -88.01815396395389,
              43.148669612778804
            ],
            [
              -88.01786951039372,
              43.14867103300812
            ],
            [
              -88.01790938526158,
              43.147570445710365
            ],
            [
              -88.01797518848798,
              43.1440623246151
            ],
            [
              -88.01797858452474,
              43.14350870717039
            ],
            [
              -88.01794397395571,
              43.14324421906641
            ],
            [
              -88.01789677259106,
              43.143063026049255
            ],
            [
              -88.01779256972534,
              43.142790028972854
            ],
            [
              -88.01766558756562,
              43.142558475729224
            ],
            [
              -88.01750820478381,
              43.14233924208869
            ],
            [
              -88.01725071095646,
              43.14206464143337
            ],
            [
              -88.01650779807426,
              43.14137330173206
            ],
            [
              -88.01320031671803,
              43.14322300589139
            ],
            [
              -88.01047025463582,
              43.1432384843189
            ],
            [
              -88.01045437765757,
              43.14410335432149
            ],
            [
              -88.00820347995457,
              43.1441154061516
            ],
            [
              -88.00822056512558,
              43.14325145388731
            ],
            [
              -88.00552818094164,
              43.14326567460607
            ],
            [
              -88.00546844765962,
              43.14601596281014
            ],
            [
              -88.00538755803247,
              43.14872582758072
            ],
            [
              -88.00499686824979,
              43.15606414879319
            ],
            [
              -88.00915198731788,
              43.155973860942694
            ],
            [
              -88.01493458220861,
              43.1559661454286
            ],
            [
              -88.01992051138458,
              43.155913909164354
            ],
            [
              -88.02485292857875,
              43.15591979024829
            ],
            [
              -88.02518956094744,
              43.1486342523321
            ],
            [
              -88.01815396395389,
              43.148669612778804
            ]
          ]
        ]
      }
    },
    {
      "type": "Feature",
      "properties": {
        "placeFips": "5553000",
        "city": "Milwaukee",
        "state": "WI",
        "boundaryType": "ward",
        "district": "10",
        "name": "10"
      },
      "geometry": {
        "type": "Polygon",
        "coordinates": [
          [
            [
              -88.02543849663867,
              43.134064248419286
            ],
            [
              -88.01561512779884,
              43.13410555506781
            ],
            [
              -88.01559992661781,
              43.135124264798144
            ],
            [
              -88.01659650155804,
              43.138802877930424
            ],
            [
              -88.01663825315381,
              43.139209586234465
            ],
            [
              -88.01662183466063,
              43.13933903372902
            ],
            [
              -88.0165605125196,
              43.139534801685
            ],
            [
              -88.01648145799682,
              43.13971236958059
            ],
            [
              -88.016391939253,
              43.13983607071754
            ],
            [
              -88.01603908939865,
              43.14017268729157
            ],
            [
              -88.01593664074194,
              43.14024614217955
            ],
            [
              -88.0155624353894,
              43.14044278787462
            ],
            [
              -88.01650779807426,
              43.14137330173206
            ],
            [
              -88.0174116553295,
              43.142227107874646
            ],
            [
              -88.01759480296006,
              43.14245308848147
            ],
            [
              -88.01772979988104,
              43.14266701164537
            ],
            [
              -88.01785134401537,
              43.142928714148425
            ],
            [
              -88.01789677259106,
              43.143063026049255
            ],
            [
              -88.01794397395571,
              43.14324421906641
            ],
            [
              -88.01797858452474,
              43.14350870717039
            ],
            [
              -88.01790938526158,
              43.147570445710365
            ],
            [
              -88.01786951039372,
              43.14867103300812
            ],
            [
              -88.02518956094744,
              43.1486342523321
            ],
            [
              -88.02533246007413,
              43.14133000957713
            ],
            [
              -88.02543849663867,
              43.134064248419286
            ]
          ]
        ]
      }
    },
    {
      "type": "Feature",
      "properties": {
        "placeFips": "5553000",
        "city": "Milwaukee",
        "state": "WI",
        "boundaryType": "ward",
        "district": "11",
        "name": "11"
      },
      "geometry": {
        "type": "Polygon",
        "coordinates": [
          [
            [
              -88.01561296802426,
              43.13425032207557
            ],
            [
              -88.01561512779884,
              43.13410555506781
            ],
            [
              -88.00726494475632,
              43.13413238363013
            ],
            [
              -88.00578391541018,
              43.13415023060001
            ],
            [
              -88.00552818094164,
              43.14326567460607
            ],
            [
              -88.00822056512558,
              43.14325145388731
            ],
            [
              -88.00820347995457,
              43.1441154061516
            ],
            [
              -88.01045437765757,
              43.14410335432149
            ],
            [
              -88.01047025463582,
              43.1432384843189
            ],
            [
              -88.01320031671803,
              43.14322300589139
            ],
            [
              -88.01650779807426,
              43.14137330173206
            ],
            [
              -88.0155624353894,
              43.14044278787462
            ],
            [
              -88.01593664074194,
              43.14024614217955
            ],
            [
              -88.01603908939865,
              43.14017268729157
            ],
            [
              -88.016391939253,
              43.13983607071754
            ],
            [
              -88.01648145799682,
              43.13971236958059
            ],
            [
              -88.0165605125196,
              43.139534801685
            ],
            [
              -88.01662183466063,
              43.13933903372902
            ],
            [
              -88.01663825315381,
              43.139209586234465
            ],
            [
              -88.01659650155804,
              43.138802877930424
            ],
            [
              -88.01559992661781,
              43.135124264798144
            ],
            [
              -88.01561296802426,
              43.13425032207557
            ]
          ]
        ]
      }
    },
    {
      "type": "Feature",
      "properties": {
        "placeFips": "5553000",
        "city": "Milwaukee",
        "state": "WI",
        "boundaryType": "ward",
        "district": "12",
        "name": "12"
      },
      "geometry": {
        "type": "Polygon",
        "coordinates": [
          [
            [
              -88.00577447599751,
              43.134481237678536
            ],
            [
              -88.00578391541018,
              43.13415023060001
            ],
            [
              -87.985740145518,
              43.133936734677114
            ],
            [
              -87.99083001174108,
              43.13849095472555
            ],
            [
              -87.99159101212423,
              43.13908295530162
            ],
            [
              -87.99227901073488,
              43.139534955546246
            ],
            [
              -87.99287501153799,
              43.13988395527902
            ],
            [
              -87.99378801099044,
              43.140336954720674
            ],
            [
              -88.00362100703894,
              43.144973954829034
            ],
            [
              -88.00428000693182,
              43.14530995445707
            ],
            [
              -88.00473700752826,
              43.14556595493605
            ],
            [
              -88.00546844765962,
              43.14601596281014
            ],
            [
              -88.00552818094164,
              43.14326567460607
            ],
            [
              -88.00577447599751,
              43.134481237678536
            ]
          ]
        ]
      }
    },
    {
      "type": "Feature",
      "properties": {
        "placeFips": "5553000",
        "city": "Milwaukee",
        "state": "WI",
        "boundaryType": "ward",
        "district": "13",
        "name": "13"
      },
      "geometry": {
        "type": "Polygon",
        "coordinates": [
          [
            [
              -88.00499686824979,
              43.15606414879319
            ],
            [
              -88.00538755803247,
              43.14872582758072
            ],
            [
              -88.00546844765962,
              43.14601596281014
            ],
            [
              -88.00473700752826,
              43.14556595493605
            ],
            [
              -88.00428000693182,
              43.14530995445707
            ],
            [
              -88.00362100703894,
              43.144973954829034
            ],
            [
              -87.99378801099044,
              43.140336954720674
            ],
            [
              -87.99287501153799,
              43.13988395527902
            ],
            [
              -87.99255901198019,
              43.1397049551639
            ],
            [
              -87.99194201246122,
              43.139321955431264
            ],
            [
              -87.99159101212423,
              43.13908295530162
            ],
            [
              -87.99083001174108,
              43.13849095472555
            ],
            [
              -87.985740145518,
              43.133936734677114
            ],
            [
              -87.98455824749865,
              43.133938453056665
            ],
            [
              -87.98445564675767,
              43.139153945485866
            ],
            [
              -87.98434865213827,
              43.14265888215855
            ],
            [
              -87.98559574145601,
              43.14263129004054
            ],
            [
              -87.98551347557134,
              43.1463103037097
            ],
            [
              -87.98542703851366,
              43.148542006290285
            ],
            [
              -87.98528130412814,
              43.15166996534445
            ],
            [
              -87.98517724188275,
              43.154804040656224
            ],
            [
              -87.9887010108061,
              43.157158952375795
            ],
            [
              -87.99265576327767,
              43.15719832509079
            ],
            [
              -87.99287508256657,
              43.15718215296164
            ],
            [
              -87.99315192152605,
              43.15708016565868
            ],
            [
              -87.99478811257896,
              43.15611380956411
            ],
            [
              -87.99494584357744,
              43.1560297562991
            ],
            [
              -87.99508170666742,
              43.15598685325869
            ],
            [
              -88.00159485320893,
              43.15605306719155
            ],
            [
              -88.00499686824979,
              43.15606414879319
            ]
          ]
        ]
      }
    },
    {
      "type": "Feature",
      "properties": {
        "placeFips": "5553000",
        "city": "Milwaukee",
        "state": "WI",
        "boundaryType": "ward",
        "district": "14",
        "name": "14"
      },
      "geometry": {
        "type": "Polygon",
        "coordinates": [
          [
            [
              -87.98600401100047,
              43.15536095233787
            ],
            [
              -87.98517724188275,
              43.154804040656224
            ],
            [
              -87.98483372673482,
              43.16309049425155
            ],
            [
              -87.9947591860158,
              43.16320084586689
            ],
            [
              -87.99643844782905,
              43.1631963215351
            ],
            [
              -88.00466763504875,
              43.16329638350802
            ],
            [
              -88.00499686824979,
              43.15606414879319
            ],
            [
              -88.00159485320893,
              43.15605306719155
            ],
            [
              -87.99508170666742,
              43.15598685325869
            ],
            [
              -87.99494584357744,
              43.1560297562991
            ],
            [
              -87.99478811257896,
              43.15611380956411
            ],
            [
              -87.99315192152605,
              43.15708016565868
            ],
            [
              -87.99287508256657,
              43.15718215296164
            ],
            [
              -87.99265576327767,
              43.15719832509079
            ],
            [
              -87.9887010108061,
              43.157158952375795
            ],
            [
              -87.98600401100047,
              43.15536095233787
            ]
          ]
        ]
      }
    },
    {
      "type": "Feature",
      "properties": {
        "placeFips": "5553000",
        "city": "Milwaukee",
        "state": "WI",
        "boundaryType": "ward",
        "district": "15",
        "name": "15"
      },
      "geometry": {
        "type": "Polygon",
        "coordinates": [
          [
            [
              -87.98518841404218,
              43.15446757119771
            ],
            [
              -87.98528130412814,
              43.15166996534445
            ],
            [
              -87.98542703851366,
              43.148542006290285
            ],
            [
              -87.97546777542203,
              43.148573661505
            ],
            [
              -87.97486012236706,
              43.16313233225303
            ],
            [
              -87.98483372673482,
              43.16309049425155
            ],
            [
              -87.98510401393291,
              43.15680037486416
            ],
            [
              -87.98518841404218,
              43.15446757119771
            ]
          ]
        ]
      }
    },
    {
      "type": "Feature",
      "properties": {
        "placeFips": "5553000",
        "city": "Milwaukee",
        "state": "WI",
        "boundaryType": "ward",
        "district": "16",
        "name": "16"
      },
      "geometry": {
        "type": "Polygon",
        "coordinates": [
          [
            [
              -87.98543256605745,
              43.14839928925115
            ],
            [
              -87.98551347557134,
              43.1463103037097
            ],
            [
              -87.98559574145601,
              43.14263129004054
            ],
            [
              -87.98434865213827,
              43.14265888215855
            ],
            [
              -87.98445564675767,
              43.139153945485866
            ],
            [
              -87.98455824749865,
              43.133938453056665
            ],
            [
              -87.985740145518,
              43.133936734677114
            ],
            [
              -87.98353901516919,
              43.131978955684026
            ],
            [
              -87.9829660154864,
              43.13196095623396
            ],
            [
              -87.97948501602804,
              43.13202695570215
            ],
            [
              -87.9769390161777,
              43.13205495545807
            ],
            [
              -87.97696301713533,
              43.13243895545779
            ],
            [
              -87.9769780172435,
              43.13248395505862
            ],
            [
              -87.97697801702502,
              43.1326819556461
            ],
            [
              -87.97689001662413,
              43.132835955621495
            ],
            [
              -87.97677701660406,
              43.132945955079606
            ],
            [
              -87.97647966172819,
              43.133155098749135
            ],
            [
              -87.97576683327671,
              43.13316709420702
            ],
            [
              -87.9757481636945,
              43.13394175404437
            ],
            [
              -87.97587272518952,
              43.13410277903668
            ],
            [
              -87.97566016563218,
              43.14126289801127
            ],
            [
              -87.97486632492921,
              43.141263161074924
            ],
            [
              -87.97477001666698,
              43.14442395322125
            ],
            [
              -87.97528501569928,
              43.14527295297612
            ],
            [
              -87.97545401562753,
              43.14565995303937
            ],
            [
              -87.97574401566499,
              43.14608595255471
            ],
            [
              -87.97629201527968,
              43.14711695275151
            ],
            [
              -87.97652901633805,
              43.14753095279923
            ],
            [
              -87.9765351579577,
              43.14857016626635
            ],
            [
              -87.98542703851366,
              43.148542006290285
            ],
            [
              -87.98543256605745,
              43.14839928925115
            ]
          ]
        ]
      }
    },
    {
      "type": "Feature",
      "properties": {
        "placeFips": "5553000",
        "city": "Milwaukee",
        "state": "WI",
        "boundaryType": "ward",
        "district": "17",
        "name": "17"
      },
      "geometry": {
        "type": "Polygon",
        "coordinates": [
          [
            [
              -87.97556415799039,
              43.1485735730707
            ],
            [
              -87.97653515918682,
              43.14857016628819
            ],
            [
              -87.97652901633805,
              43.14753095279923
            ],
            [
              -87.97629201527968,
              43.14711695275151
            ],
            [
              -87.97574401566499,
              43.14608595255471
            ],
            [
              -87.97545401562753,
              43.14565995303937
            ],
            [
              -87.97528501569928,
              43.14527295297612
            ],
            [
              -87.97477001666698,
              43.14442395322125
            ],
            [
              -87.97486632492921,
              43.141263161074924
            ],
            [
              -87.97566016563218,
              43.14126289801127
            ],
            [
              -87.97587272518952,
              43.13410277903668
            ],
            [
              -87.9757481636945,
              43.13394175404437
            ],
            [
              -87.97576683327671,
              43.13316709420702
            ],
            [
              -87.97647966172819,
              43.133155098749135
            ],
            [
              -87.97677701660406,
              43.132945955079606
            ],
            [
              -87.97689001662413,
              43.132835955621495
            ],
            [
              -87.97697801702502,
              43.1326819556461
            ],
            [
              -87.9769780172435,
              43.13248395505862
            ],
            [
              -87.97696301713533,
              43.13243895545779
            ],
            [
              -87.9769390161777,
              43.13205495545807
            ],
            [
              -87.96664701984227,
              43.13220195521496
            ],
            [
              -87.96601552768297,
              43.13223274006303
            ],
            [
              -87.96597825988728,
              43.13393187804763
            ],
            [
              -87.96548179381024,
              43.1485824134063
            ],
            [
              -87.97556415799039,
              43.1485735730707
            ]
          ]
        ]
      }
    },
    {
      "type": "Feature",
      "properties": {
        "placeFips": "5553000",
        "city": "Milwaukee",
        "state": "WI",
        "boundaryType": "ward",
        "district": "18",
        "name": "18"
      },
      "geometry": {
        "type": "Polygon",
        "coordinates": [
          [
            [
              -87.95516479131088,
              43.14359489523814
            ],
            [
              -87.95515331339804,
              43.143547855120104
            ],
            [
              -87.95262316159638,
              43.143521982131084
            ],
            [
              -87.95474645571382,
              43.14848800573826
            ],
            [
              -87.94543367865187,
              43.14837125386033
            ],
            [
              -87.94513794290899,
              43.1587199384562
            ],
            [
              -87.95080415160311,
              43.163033694166764
            ],
            [
              -87.95810979632877,
              43.16308802128156
            ],
            [
              -87.95814156458098,
              43.162264750011474
            ],
            [
              -87.96032302510898,
              43.16227441885746
            ],
            [
              -87.9575305433033,
              43.15580554748673
            ],
            [
              -87.96519860091249,
              43.15586823508876
            ],
            [
              -87.96548179381024,
              43.1485824134063
            ],
            [
              -87.9642377979045,
              43.14857468842975
            ],
            [
              -87.96434440525991,
              43.14492581821681
            ],
            [
              -87.95630451163416,
              43.144867778178565
            ],
            [
              -87.9555030880847,
              43.14498126556981
            ],
            [
              -87.95516479131088,
              43.14359489523814
            ]
          ]
        ]
      }
    },
    {
      "type": "Feature",
      "properties": {
        "placeFips": "5553000",
        "city": "Milwaukee",
        "state": "WI",
        "boundaryType": "ward",
        "district": "19",
        "name": "19"
      },
      "geometry": {
        "type": "Polygon",
        "coordinates": [
          [
            [
              -87.96548179381024,
              43.1485824134063
            ],
            [
              -87.96597825988728,
              43.13393187804763
            ],
            [
              -87.9608891057469,
              43.13389164064082
            ],
            [
              -87.95824590245043,
              43.13389651118963
            ],
            [
              -87.95684275974753,
              43.133917108989316
            ],
            [
              -87.95639736931363,
              43.134060461784806
            ],
            [
              -87.95583031729998,
              43.134357891069676
            ],
            [
              -87.9552376967148,
              43.13481218694722
            ],
            [
              -87.95484689646023,
              43.135076795408885
            ],
            [
              -87.9544366115646,
              43.13525468059605
            ],
            [
              -87.95407053637526,
              43.1353329499793
            ],
            [
              -87.95340548653326,
              43.13539390052333
            ],
            [
              -87.95219591318389,
              43.13538287335943
            ],
            [
              -87.95201354670479,
              43.13533546145708
            ],
            [
              -87.95189056138499,
              43.13527780979327
            ],
            [
              -87.95178725630083,
              43.135179265085945
            ],
            [
              -87.95174381664972,
              43.135054716761026
            ],
            [
              -87.9517604144927,
              43.13382568247176
            ],
            [
              -87.948417026636,
              43.133784482926465
            ],
            [
              -87.95262316159638,
              43.143521982131084
            ],
            [
              -87.95515331339804,
              43.143547855120104
            ],
            [
              -87.9555030880847,
              43.14498126556981
            ],
            [
              -87.95630451163416,
              43.144867778178565
            ],
            [
              -87.96434440525991,
              43.14492581821681
            ],
            [
              -87.9642377979045,
              43.14857468842975
            ],
            [
              -87.96548179381024,
              43.1485824134063
            ]
          ]
        ]
      }
    },
    {
      "type": "Feature",
      "properties": {
        "placeFips": "5553000",
        "city": "Milwaukee",
        "state": "WI",
        "boundaryType": "ward",
        "district": "20",
        "name": "20"
      },
      "geometry": {
        "type": "Polygon",
        "coordinates": [
          [
            [
              -87.95869340758448,
              43.11935493491834
            ],
            [
              -87.95869740570464,
              43.119174395627034
            ],
            [
              -87.95261156627501,
              43.11910908931024
            ],
            [
              -87.95159316042333,
              43.11924537447246
            ],
            [
              -87.95059304179915,
              43.11927783944347
            ],
            [
              -87.94956031346975,
              43.119221062467865
            ],
            [
              -87.9490336967812,
              43.11917040756805
            ],
            [
              -87.9454327726504,
              43.11912076009312
            ],
            [
              -87.94541284818975,
              43.11964084304312
            ],
            [
              -87.94556218594742,
              43.11964308095683
            ],
            [
              -87.94552195422087,
              43.12087736075483
            ],
            [
              -87.94620890657939,
              43.120890602238994
            ],
            [
              -87.94599999385174,
              43.128173613921575
            ],
            [
              -87.948417026636,
              43.133784482926465
            ],
            [
              -87.9517604144927,
              43.13382568247176
            ],
            [
              -87.95174381664972,
              43.135054716761026
            ],
            [
              -87.95178725630083,
              43.135179265085945
            ],
            [
              -87.95189056138499,
              43.13527780979327
            ],
            [
              -87.95201354670479,
              43.13533546145708
            ],
            [
              -87.95219591318389,
              43.13538287335943
            ],
            [
              -87.95340548653326,
              43.13539390052333
            ],
            [
              -87.95302721905094,
              43.133841295940364
            ],
            [
              -87.95244856845255,
              43.131354950991884
            ],
            [
              -87.95230103712751,
              43.13000541693457
            ],
            [
              -87.95208119902495,
              43.12767910234178
            ],
            [
              -87.95188977838141,
              43.126511153532135
            ],
            [
              -87.95854733622126,
              43.126555286498956
            ],
            [
              -87.95869340758448,
              43.11935493491834
            ]
          ]
        ]
      }
    },
    {
      "type": "Feature",
      "properties": {
        "placeFips": "5553000",
        "city": "Milwaukee",
        "state": "WI",
        "boundaryType": "ward",
        "district": "21",
        "name": "21"
      },
      "geometry": {
        "type": "Polygon",
        "coordinates": [
          [
            [
              -87.96600776526252,
              43.132583316864206
            ],
            [
              -87.96606771080319,
              43.12974580258155
            ],
            [
              -87.96551603911362,
              43.1298230864605
            ],
            [
              -87.96520444345359,
              43.12991013954585
            ],
            [
              -87.96497840227707,
              43.130004901579696
            ],
            [
              -87.96475595488371,
              43.13011782511527
            ],
            [
              -87.96393503787792,
              43.13068158579578
            ],
            [
              -87.96360963744505,
              43.130871751476136
            ],
            [
              -87.96343562381026,
              43.1309540616377
            ],
            [
              -87.9630545135006,
              43.131096422309504
            ],
            [
              -87.96260357978188,
              43.13121290737809
            ],
            [
              -87.96245970616789,
              43.13085297796855
            ],
            [
              -87.96239664869108,
              43.13060094964121
            ],
            [
              -87.96239033586278,
              43.13036032416884
            ],
            [
              -87.96245995791743,
              43.12733092450895
            ],
            [
              -87.962405054147,
              43.127143147075316
            ],
            [
              -87.96214428316077,
              43.12658715703383
            ],
            [
              -87.95188977838141,
              43.126511153532135
            ],
            [
              -87.95208119902495,
              43.12767910234178
            ],
            [
              -87.95230103712751,
              43.13000541693457
            ],
            [
              -87.95244856845255,
              43.131354950991884
            ],
            [
              -87.95302721905094,
              43.133841295940364
            ],
            [
              -87.95340548653326,
              43.13539390052333
            ],
            [
              -87.95407053637526,
              43.1353329499793
            ],
            [
              -87.9544366115646,
              43.13525468059605
            ],
            [
              -87.95484689646023,
              43.135076795408885
            ],
            [
              -87.9552376967148,
              43.13481218694722
            ],
            [
              -87.95583031729998,
              43.134357891069676
            ],
            [
              -87.95639736931363,
              43.134060461784806
            ],
            [
              -87.95684275974753,
              43.133917108989316
            ],
            [
              -87.95824590245043,
              43.13389651118963
            ],
            [
              -87.9608891057469,
              43.13389164064082
            ],
            [
              -87.96597825988728,
              43.13393187804763
            ],
            [
              -87.96600776526252,
              43.132583316864206
            ]
          ]
        ]
      }
    },
    {
      "type": "Feature",
      "properties": {
        "placeFips": "5553000",
        "city": "Milwaukee",
        "state": "WI",
        "boundaryType": "ward",
        "district": "22",
        "name": "22"
      },
      "geometry": {
        "type": "Polygon",
        "coordinates": [
          [
            [
              -87.96760248672436,
              43.11929899246677
            ],
            [
              -87.96467873417718,
              43.11928668014989
            ],
            [
              -87.96349542956241,
              43.11919596288038
            ],
            [
              -87.96230609415463,
              43.119202936217874
            ],
            [
              -87.95869740570464,
              43.119174395627034
            ],
            [
              -87.95854733622126,
              43.126555286498956
            ],
            [
              -87.96613428938947,
              43.12662236096267
            ],
            [
              -87.96617677902876,
              43.125650188162304
            ],
            [
              -87.96628872765349,
              43.124797715507206
            ],
            [
              -87.96645462497797,
              43.12307519561888
            ],
            [
              -87.9665461737185,
              43.12260144827464
            ],
            [
              -87.96677014959143,
              43.12207005537668
            ],
            [
              -87.96736485341474,
              43.12042389227237
            ],
            [
              -87.96753284473981,
              43.119767924538834
            ],
            [
              -87.96760248672436,
              43.11929899246677
            ]
          ]
        ]
      }
    },
    {
      "type": "Feature",
      "properties": {
        "placeFips": "5553000",
        "city": "Milwaukee",
        "state": "WI",
        "boundaryType": "ward",
        "district": "23",
        "name": "23"
      },
      "geometry": {
        "type": "Polygon",
        "coordinates": [
          [
            [
              -87.9664560195292,
              43.132212954433946
            ],
            [
              -87.97906001623427,
              43.13202195560317
            ],
            [
              -87.97948501602804,
              43.13202695570215
            ],
            [
              -87.9829660154864,
              43.13196095623396
            ],
            [
              -87.98353901516919,
              43.131978955684026
            ],
            [
              -87.9809640163271,
              43.12968595530307
            ],
            [
              -87.98095142371092,
              43.12944379630441
            ],
            [
              -87.9809899387059,
              43.126625850939035
            ],
            [
              -87.9858878292492,
              43.126620855763406
            ],
            [
              -87.98612792782396,
              43.11932492273563
            ],
            [
              -87.97623827184259,
              43.11933834142282
            ],
            [
              -87.96760248672436,
              43.11929899246677
            ],
            [
              -87.96753284473981,
              43.119767924538834
            ],
            [
              -87.96736485341474,
              43.12042389227237
            ],
            [
              -87.96677014959143,
              43.12207005537668
            ],
            [
              -87.9665461737185,
              43.12260144827464
            ],
            [
              -87.96645462497797,
              43.12307519561888
            ],
            [
              -87.96628872765349,
              43.124797715507206
            ],
            [
              -87.96617677902876,
              43.125650188162304
            ],
            [
              -87.96613493204673,
              43.12660845003213
            ],
            [
              -87.96611374340952,
              43.1266221802945
            ],
            [
              -87.96214428316077,
              43.12658715703383
            ],
            [
              -87.962405054147,
              43.127143147075316
            ],
            [
              -87.96245995791743,
              43.12733092450895
            ],
            [
              -87.96239033586278,
              43.13036032416884
            ],
            [
              -87.96239664869108,
              43.13060094964121
            ],
            [
              -87.96245970616789,
              43.13085297796855
            ],
            [
              -87.96260357978188,
              43.13121290737809
            ],
            [
              -87.9630545135006,
              43.131096422309504
            ],
            [
              -87.96343562381026,
              43.1309540616377
            ],
            [
              -87.96360963744505,
              43.130871751476136
            ],
            [
              -87.96393503787792,
              43.13068158579578
            ],
            [
              -87.96475595488371,
              43.13011782511527
            ],
            [
              -87.96497840227707,
              43.130004901579696
            ],
            [
              -87.96520444345359,
              43.12991013954585
            ],
            [
              -87.96551603911362,
              43.1298230864605
            ],
            [
              -87.96606771080319,
              43.12974580258155
            ],
            [
              -87.96601552768297,
              43.13223274006303
            ],
            [
              -87.9664560195292,
              43.132212954433946
            ]
          ]
        ]
      }
    },
    {
      "type": "Feature",
      "properties": {
        "placeFips": "5553000",
        "city": "Milwaukee",
        "state": "WI",
        "boundaryType": "ward",
        "district": "24",
        "name": "24"
      },
      "geometry": {
        "type": "Polygon",
        "coordinates": [
          [
            [
              -87.98721965237704,
              43.124807110112336
            ],
            [
              -87.98594842895476,
              43.12478064757869
            ],
            [
              -87.9858878292492,
              43.126620855763406
            ],
            [
              -87.9809899387059,
              43.126625850939035
            ],
            [
              -87.98095142371092,
              43.12944379630441
            ],
            [
              -87.9809640163271,
              43.12968595530307
            ],
            [
              -87.985740145518,
              43.133936734677114
            ],
            [
              -87.99084740013068,
              43.13398688640453
            ],
            [
              -87.99088543344907,
              43.13182313910494
            ],
            [
              -87.99089873806007,
              43.126688946974575
            ],
            [
              -87.99094532392323,
              43.12485716074665
            ],
            [
              -87.98721965237704,
              43.124807110112336
            ]
          ]
        ]
      }
    },
    {
      "type": "Feature",
      "properties": {
        "placeFips": "5553000",
        "city": "Milwaukee",
        "state": "WI",
        "boundaryType": "ward",
        "district": "25",
        "name": "25"
      },
      "geometry": {
        "type": "Polygon",
        "coordinates": [
          [
            [
              -87.99604684083675,
              43.11958936919587
            ],
            [
              -87.99604877110123,
              43.11948754402082
            ],
            [
              -87.98612792782396,
              43.11932492273563
            ],
            [
              -87.98594842895476,
              43.12478064757869
            ],
            [
              -87.99594567305279,
              43.12492413460244
            ],
            [
              -87.99604684083675,
              43.11958936919587
            ]
          ]
        ]
      }
    },
    {
      "type": "Feature",
      "properties": {
        "placeFips": "5553000",
        "city": "Milwaukee",
        "state": "WI",
        "boundaryType": "ward",
        "district": "26",
        "name": "26"
      },
      "geometry": {
        "type": "Polygon",
        "coordinates": [
          [
            [
              -88.00589479481518,
              43.1295299395615
            ],
            [
              -88.00595516724485,
              43.12686819472867
            ],
            [
              -88.0059671227003,
              43.125034838228004
            ],
            [
              -87.99094532392323,
              43.12485716074665
            ],
            [
              -87.99089873806007,
              43.126688946974575
            ],
            [
              -87.99088543344907,
              43.13182313910494
            ],
            [
              -87.99084740013068,
              43.13398688640453
            ],
            [
              -87.99580100408056,
              43.134051672501094
            ],
            [
              -88.00578391541018,
              43.13415023060001
            ],
            [
              -88.00589479481518,
              43.1295299395615
            ]
          ]
        ]
      }
    },
    {
      "type": "Feature",
      "properties": {
        "placeFips": "5553000",
        "city": "Milwaukee",
        "state": "WI",
        "boundaryType": "ward",
        "district": "27",
        "name": "27"
      },
      "geometry": {
        "type": "Polygon",
        "coordinates": [
          [
            [
              -88.00620017121837,
              43.11985406127827
            ],
            [
              -88.00599352736343,
              43.11985543451358
            ],
            [
              -88.00595516724485,
              43.12686819472867
            ],
            [
              -88.00589496095749,
              43.12952123543741
            ],
            [
              -88.00731000763943,
              43.129301957264886
            ],
            [
              -88.01575595925729,
              43.12785492376543
            ],
            [
              -88.01578943837714,
              43.12502154635573
            ],
            [
              -88.0158372269065,
              43.123347873357226
            ],
            [
              -88.01582668768707,
              43.12329109590941
            ],
            [
              -88.01578503899195,
              43.12324070865925
            ],
            [
              -88.0156741722972,
              43.12320933940613
            ],
            [
              -88.01455376320331,
              43.12320344394726
            ],
            [
              -88.01091117014798,
              43.12321636566461
            ],
            [
              -88.01093557589618,
              43.12046461029377
            ],
            [
              -88.01091395494382,
              43.12039762427249
            ],
            [
              -88.01065183218006,
              43.120068655355894
            ],
            [
              -88.01058780343384,
              43.12004689820096
            ],
            [
              -88.0097753024129,
              43.120043400607706
            ],
            [
              -88.0097813547753,
              43.119571475396775
            ],
            [
              -88.00834723383798,
              43.119575545328146
            ],
            [
              -88.00774591938168,
              43.11963370040207
            ],
            [
              -88.00669900303795,
              43.11981538992265
            ],
            [
              -88.00620017121837,
              43.11985406127827
            ]
          ]
        ]
      }
    },
    {
      "type": "Feature",
      "properties": {
        "placeFips": "5553000",
        "city": "Milwaukee",
        "state": "WI",
        "boundaryType": "ward",
        "district": "28",
        "name": "28"
      },
      "geometry": {
        "type": "Polygon",
        "coordinates": [
          [
            [
              -88.01561512779884,
              43.13410555506781
            ],
            [
              -88.02543853763045,
              43.134061193131494
            ],
            [
              -88.02555318900916,
              43.130487543288815
            ],
            [
              -88.02329400314916,
              43.128800958593594
            ],
            [
              -88.02256400422723,
              43.12821395804867
            ],
            [
              -88.02093500527724,
              43.126950958898355
            ],
            [
              -88.01575595925729,
              43.12785492376543
            ],
            [
              -88.01561512779884,
              43.13410555506781
            ]
          ]
        ]
      }
    },
    {
      "type": "Feature",
      "properties": {
        "placeFips": "5553000",
        "city": "Milwaukee",
        "state": "WI",
        "boundaryType": "ward",
        "district": "29",
        "name": "29"
      },
      "geometry": {
        "type": "Polygon",
        "coordinates": [
          [
            [
              -88.0059671227003,
              43.125034838228004
            ],
            [
              -88.00599352736343,
              43.11985543451358
            ],
            [
              -88.00537520964589,
              43.11982992407247
            ],
            [
              -88.00375093409846,
              43.11955702176722
            ],
            [
              -87.99604877110123,
              43.11948754402082
            ],
            [
              -87.99594567305279,
              43.12492413460244
            ],
            [
              -88.0059671227003,
              43.125034838228004
            ]
          ]
        ]
      }
    },
    {
      "type": "Feature",
      "properties": {
        "placeFips": "5553000",
        "city": "Milwaukee",
        "state": "WI",
        "boundaryType": "ward",
        "district": "30",
        "name": "30"
      },
      "geometry": {
        "type": "Polygon",
        "coordinates": [
          [
            [
              -88.02585816932346,
              43.12034379834165
            ],
            [
              -88.02588417853804,
              43.11951485622552
            ],
            [
              -88.0159178611686,
              43.119568974428894
            ],
            [
              -88.0097813547753,
              43.119571475396775
            ],
            [
              -88.0097753024129,
              43.120043400607706
            ],
            [
              -88.01058780343384,
              43.12004689820096
            ],
            [
              -88.01065183218006,
              43.120068655355894
            ],
            [
              -88.01091395494382,
              43.12039762427249
            ],
            [
              -88.01093557589618,
              43.12046461029377
            ],
            [
              -88.01091117014798,
              43.12321636566461
            ],
            [
              -88.0156741722972,
              43.12320933940613
            ],
            [
              -88.01578503899195,
              43.12324070865925
            ],
            [
              -88.01582668768707,
              43.12329109590941
            ],
            [
              -88.0158372269065,
              43.123347873357226
            ],
            [
              -88.01578943837714,
              43.12502154635573
            ],
            [
              -88.01575595925729,
              43.12785492376543
            ],
            [
              -88.02093500527724,
              43.126950958898355
            ],
            [
              -88.02256400422723,
              43.12821395804867
            ],
            [
              -88.02329400314916,
              43.128800958593594
            ],
            [
              -88.02555318900916,
              43.130487543288815
            ],
            [
              -88.02585816932346,
              43.12034379834165
            ]
          ]
        ]
      }
    },
    {
      "type": "Feature",
      "properties": {
        "placeFips": "5553000",
        "city": "Milwaukee",
        "state": "WI",
        "boundaryType": "ward",
        "district": "31",
        "name": "31"
      },
      "geometry": {
        "type": "Polygon",
        "coordinates": [
          [
            [
              -88.02667655156037,
              43.11951003400354
            ],
            [
              -88.02588417853804,
              43.11951485622552
            ],
            [
              -88.02567552757895,
              43.126151735366015
            ],
            [
              -88.03564799982962,
              43.12442395971756
            ],
            [
              -88.04340599842064,
              43.12311096040827
            ],
            [
              -88.04339299833316,
              43.122931960870396
            ],
            [
              -88.0435099982581,
              43.122864961201785
            ],
            [
              -88.04354499906613,
              43.12268596075285
            ],
            [
              -88.04401599773847,
              43.12231396107926
            ],
            [
              -88.04476499773845,
              43.12186696091852
            ],
            [
              -88.04538599771934,
              43.12155396089487
            ],
            [
              -88.04583399756088,
              43.121349961646246
            ],
            [
              -88.04614299779847,
              43.121137960671376
            ],
            [
              -88.04641699679165,
              43.1207689610691
            ],
            [
              -88.04659599768813,
              43.120217961363025
            ],
            [
              -88.04665199721813,
              43.119652961450484
            ],
            [
              -88.04664781365666,
              43.11932242903552
            ],
            [
              -88.04619950604025,
              43.11935797035865
            ],
            [
              -88.04575593504879,
              43.11937118635564
            ],
            [
              -88.03851668088018,
              43.119428513206316
            ],
            [
              -88.03623893687899,
              43.119461356930074
            ],
            [
              -88.03492916153178,
              43.11956929786353
            ],
            [
              -88.03461722486021,
              43.11958186271995
            ],
            [
              -88.03411770813173,
              43.119576277410395
            ],
            [
              -88.03370265623451,
              43.11955070617722
            ],
            [
              -88.03292445905856,
              43.11946812572798
            ],
            [
              -88.02667655156037,
              43.11951003400354
            ]
          ]
        ]
      }
    },
    {
      "type": "Feature",
      "properties": {
        "placeFips": "5553000",
        "city": "Milwaukee",
        "state": "WI",
        "boundaryType": "ward",
        "district": "32",
        "name": "32"
      },
      "geometry": {
        "type": "Polygon",
        "coordinates": [
          [
            [
              -88.03550488073928,
              43.13394762594213
            ],
            [
              -88.04527281911703,
              43.13387367351566
            ],
            [
              -88.04550816461985,
              43.1279884275927
            ],
            [
              -88.04517009573885,
              43.12739857244916
            ],
            [
              -88.04522406039062,
              43.127270229939526
            ],
            [
              -88.04559385634168,
              43.12699041316384
            ],
            [
              -88.04510187903288,
              43.126848898956794
            ],
            [
              -88.04057289911802,
              43.12358376494552
            ],
            [
              -88.02567552757895,
              43.126151735366015
            ],
            [
              -88.02550703737282,
              43.13214833600045
            ],
            [
              -88.02543853763045,
              43.134061193131494
            ],
            [
              -88.02533246007413,
              43.14133000957713
            ],
            [
              -88.02518956094744,
              43.1486342523321
            ],
            [
              -88.02557328763278,
              43.148408673727765
            ],
            [
              -88.02654500036572,
              43.14777395532779
            ],
            [
              -88.02755499982848,
              43.14674395532767
            ],
            [
              -88.02936100102347,
              43.14130295690047
            ],
            [
              -88.03163900086862,
              43.13590995806166
            ],
            [
              -88.03252600049453,
              43.13637095789846
            ],
            [
              -88.03299300055929,
              43.13611495751634
            ],
            [
              -88.03337300028838,
              43.1358329582569
            ],
            [
              -88.03086203776763,
              43.134001432824554
            ],
            [
              -88.03550488073928,
              43.13394762594213
            ]
          ]
        ]
      }
    },
    {
      "type": "Feature",
      "properties": {
        "placeFips": "5553000",
        "city": "Milwaukee",
        "state": "WI",
        "boundaryType": "ward",
        "district": "33",
        "name": "33"
      },
      "geometry": {
        "type": "Polygon",
        "coordinates": [
          [
            [
              -88.06451266480916,
              43.14795983776264
            ],
            [
              -88.06524346364289,
              43.125421458215314
            ],
            [
              -88.06545599151488,
              43.120656172235
            ],
            [
              -88.06559987007275,
              43.116969666263394
            ],
            [
              -88.05568592988783,
              43.11711115736138
            ],
            [
              -88.05496934880425,
              43.11714347138407
            ],
            [
              -88.05444245410851,
              43.11719700164541
            ],
            [
              -88.0539968432589,
              43.11726345297339
            ],
            [
              -88.05301442779334,
              43.117444730339216
            ],
            [
              -88.0524953603962,
              43.11757329216617
            ],
            [
              -88.05190453672604,
              43.11774261174683
            ],
            [
              -88.05125157287438,
              43.11796748509239
            ],
            [
              -88.04872380494669,
              43.118906019846946
            ],
            [
              -88.04839544891648,
              43.11900274611488
            ],
            [
              -88.04784062463317,
              43.119136830270286
            ],
            [
              -88.0472598325085,
              43.119238251608685
            ],
            [
              -88.04664781365666,
              43.11932242903552
            ],
            [
              -88.04665199721813,
              43.119652961450484
            ],
            [
              -88.04659599768813,
              43.120217961363025
            ],
            [
              -88.04641699679165,
              43.1207689610691
            ],
            [
              -88.04614299779847,
              43.121137960671376
            ],
            [
              -88.04583399756088,
              43.121349961646246
            ],
            [
              -88.04538599771934,
              43.12155396089487
            ],
            [
              -88.04476499773845,
              43.12186696091852
            ],
            [
              -88.04401599773847,
              43.12231396107926
            ],
            [
              -88.04354499906613,
              43.12268596075285
            ],
            [
              -88.0435099982581,
              43.122864961201785
            ],
            [
              -88.04339299833316,
              43.122931960870396
            ],
            [
              -88.04340599842064,
              43.12311096040827
            ],
            [
              -88.04057289911802,
              43.12358376494552
            ],
            [
              -88.04510187903288,
              43.126848898956794
            ],
            [
              -88.04559385634168,
              43.12699041316384
            ],
            [
              -88.04522406039062,
              43.127270229939526
            ],
            [
              -88.04517009573885,
              43.12739857244916
            ],
            [
              -88.04550816461985,
              43.1279884275927
            ],
            [
              -88.04527281911703,
              43.13387367351566
            ],
            [
              -88.04514286090756,
              43.14456580938421
            ],
            [
              -88.0476319943982,
              43.145860957109534
            ],
            [
              -88.04885599460752,
              43.146515957360066
            ],
            [
              -88.05038216458938,
              43.147547703359926
            ],
            [
              -88.05140150675285,
              43.14723091930547
            ],
            [
              -88.05272620391456,
              43.14697458648624
            ],
            [
              -88.05414654359694,
              43.14695775724567
            ],
            [
              -88.05475144846764,
              43.14698712694136
            ],
            [
              -88.05640947398422,
              43.147015706236175
            ],
            [
              -88.05672107051875,
              43.147037461060556
            ],
            [
              -88.05704551101763,
              43.14709741492526
            ],
            [
              -88.05726191457339,
              43.14715915397607
            ],
            [
              -88.05749688549055,
              43.14724943507917
            ],
            [
              -88.05765911450327,
              43.147330713886
            ],
            [
              -88.05802092601304,
              43.14755839717432
            ],
            [
              -88.05820176440848,
              43.14770054814688
            ],
            [
              -88.05831309127483,
              43.147754832175885
            ],
            [
              -88.05842282479774,
              43.147832237397516
            ],
            [
              -88.05863466045228,
              43.14794250777292
            ],
            [
              -88.05900244258996,
              43.14804990209806
            ],
            [
              -88.05954789555796,
              43.148082159726535
            ],
            [
              -88.06440216887381,
              43.1479643900448
            ],
            [
              -88.06440343352334,
              43.14792344775963
            ],
            [
              -88.06451266480916,
              43.14795983776264
            ]
          ]
        ]
      }
    },
    {
      "type": "Feature",
      "properties": {
        "placeFips": "5553000",
        "city": "Milwaukee",
        "state": "WI",
        "boundaryType": "ward",
        "district": "34",
        "name": "34"
      },
      "geometry": {
        "type": "Polygon",
        "coordinates": [
          [
            [
              -88.0657001997308,
              43.11440187213422
            ],
            [
              -88.0657946851542,
              43.11198883512191
            ],
            [
              -88.06602453202518,
              43.10421882307573
            ],
            [
              -88.05288301133666,
              43.104298539291996
            ],
            [
              -88.05289319698876,
              43.10479706864665
            ],
            [
              -88.0530074158262,
              43.105504686344375
            ],
            [
              -88.05312105695772,
              43.10591649107265
            ],
            [
              -88.05327532965529,
              43.10630560058444
            ],
            [
              -88.05278299679185,
              43.106440963787676
            ],
            [
              -88.05237699737515,
              43.10664496428512
            ],
            [
              -88.0522019970065,
              43.10680396438657
            ],
            [
              -88.05215499795295,
              43.10705896344433
            ],
            [
              -88.05185799784576,
              43.10789496417512
            ],
            [
              -88.05181299684298,
              43.10818096322619
            ],
            [
              -88.05180599798523,
              43.108489964320185
            ],
            [
              -88.0518439967888,
              43.10870896351226
            ],
            [
              -88.05193499695545,
              43.109005963461584
            ],
            [
              -88.0519799980123,
              43.10910496349264
            ],
            [
              -88.05222099753784,
              43.10952896340012
            ],
            [
              -88.05229599669818,
              43.10975396364874
            ],
            [
              -88.05237099663474,
              43.11006196343116
            ],
            [
              -88.05237099706139,
              43.1102599630925
            ],
            [
              -88.05233399766627,
              43.11050196298159
            ],
            [
              -88.05134799613892,
              43.114376962525185
            ],
            [
              -88.05122899716429,
              43.11453096188745
            ],
            [
              -88.05101899678299,
              43.114706962554415
            ],
            [
              -88.04880699713556,
              43.116122961863766
            ],
            [
              -88.04752499769371,
              43.11701196197362
            ],
            [
              -88.04709399802792,
              43.117508961898224
            ],
            [
              -88.04684799746262,
              43.117883961835155
            ],
            [
              -88.04668199742297,
              43.11829796181018
            ],
            [
              -88.04665099842782,
              43.11875096119612
            ],
            [
              -88.04664781365666,
              43.11932242903552
            ],
            [
              -88.0472598325085,
              43.119238251608685
            ],
            [
              -88.04784062463317,
              43.119136830270286
            ],
            [
              -88.04839544891648,
              43.11900274611488
            ],
            [
              -88.04872380494669,
              43.118906019846946
            ],
            [
              -88.05125157287438,
              43.11796748509239
            ],
            [
              -88.05190453672604,
              43.11774261174683
            ],
            [
              -88.0524953603962,
              43.11757329216617
            ],
            [
              -88.05301442779334,
              43.117444730339216
            ],
            [
              -88.0539968432589,
              43.11726345297339
            ],
            [
              -88.05444245410851,
              43.11719700164541
            ],
            [
              -88.05496934880425,
              43.11714347138407
            ],
            [
              -88.05568592988783,
              43.11711115736138
            ],
            [
              -88.06559987007275,
              43.116969666263394
            ],
            [
              -88.0657001997308,
              43.11440187213422
            ]
          ]
        ]
      }
    },
    {
      "type": "Feature",
      "properties": {
        "placeFips": "5553000",
        "city": "Milwaukee",
        "state": "WI",
        "boundaryType": "ward",
        "district": "35",
        "name": "35"
      },
      "geometry": {
        "type": "Polygon",
        "coordinates": [
          [
            [
              -88.0408036950623,
              43.1192439311662
            ],
            [
              -88.04080331872441,
              43.11941046716423
            ],
            [
              -88.04575593504879,
              43.11937118635564
            ],
            [
              -88.04619950604025,
              43.11935797035865
            ],
            [
              -88.04664781365666,
              43.11932242903552
            ],
            [
              -88.04665099842782,
              43.11875096119612
            ],
            [
              -88.04668199742297,
              43.11829796181018
            ],
            [
              -88.04684799746262,
              43.117883961835155
            ],
            [
              -88.04709399802792,
              43.117508961898224
            ],
            [
              -88.04752499769371,
              43.11701196197362
            ],
            [
              -88.04880699713556,
              43.116122961863766
            ],
            [
              -88.05101899678299,
              43.114706962554415
            ],
            [
              -88.05122899716429,
              43.11453096188745
            ],
            [
              -88.05134799613892,
              43.114376962525185
            ],
            [
              -88.05233399766627,
              43.11050196298159
            ],
            [
              -88.05237099706139,
              43.1102599630925
            ],
            [
              -88.05237099663474,
              43.11006196343116
            ],
            [
              -88.05229599669818,
              43.10975396364874
            ],
            [
              -88.05222099753784,
              43.10952896340012
            ],
            [
              -88.0519799980123,
              43.10910496349264
            ],
            [
              -88.05193499695545,
              43.109005963461584
            ],
            [
              -88.0518439967888,
              43.10870896351226
            ],
            [
              -88.05180599798523,
              43.108489964320185
            ],
            [
              -88.05181299684298,
              43.10818096322619
            ],
            [
              -88.05185799784576,
              43.10789496417512
            ],
            [
              -88.05215499795295,
              43.10705896344433
            ],
            [
              -88.0522019970065,
              43.10680396438657
            ],
            [
              -88.05237699737515,
              43.10664496428512
            ],
            [
              -88.05278299679185,
              43.106440963787676
            ],
            [
              -88.05327532965529,
              43.10630560058444
            ],
            [
              -88.05312105695772,
              43.10591649107265
            ],
            [
              -88.0530074158262,
              43.105504686344375
            ],
            [
              -88.05289319698876,
              43.10479706864665
            ],
            [
              -88.05288301133666,
              43.104298539291996
            ],
            [
              -88.04078475350214,
              43.10437440805674
            ],
            [
              -88.0407799413784,
              43.1044484137442
            ],
            [
              -88.04088470929074,
              43.104734825007235
            ],
            [
              -88.0408036950623,
              43.1192439311662
            ]
          ]
        ]
      }
    },
    {
      "type": "Feature",
      "properties": {
        "placeFips": "5553000",
        "city": "Milwaukee",
        "state": "WI",
        "boundaryType": "ward",
        "district": "36",
        "name": "36"
      },
      "geometry": {
        "type": "Polygon",
        "coordinates": [
          [
            [
              -88.04078175139864,
              43.104252799117255
            ],
            [
              -88.04078183408316,
              43.10424090701286
            ],
            [
              -88.03819367906537,
              43.10425837043767
            ],
            [
              -88.03819553840432,
              43.10441939425529
            ],
            [
              -88.03690564232282,
              43.10440697364197
            ],
            [
              -88.03690775938334,
              43.1042402466821
            ],
            [
              -88.03263621140576,
              43.10425545180067
            ],
            [
              -88.03263474093875,
              43.10442322281586
            ],
            [
              -88.02751926935264,
              43.104442018083596
            ],
            [
              -88.0275184380812,
              43.10495688020798
            ],
            [
              -88.01611871857958,
              43.10498595329507
            ],
            [
              -88.02266314016471,
              43.11014959625394
            ],
            [
              -88.0259342979443,
              43.11257614595981
            ],
            [
              -88.03109557619729,
              43.11671624885894
            ],
            [
              -88.03321090549878,
              43.11833011687362
            ],
            [
              -88.03492916153178,
              43.11956929786353
            ],
            [
              -88.03623893687899,
              43.119461356930074
            ],
            [
              -88.04080331872441,
              43.11941046716423
            ],
            [
              -88.04088470929074,
              43.104734825007235
            ],
            [
              -88.0407799413784,
              43.1044484137442
            ],
            [
              -88.04078175139864,
              43.104252799117255
            ]
          ]
        ]
      }
    },
    {
      "type": "Feature",
      "properties": {
        "placeFips": "5553000",
        "city": "Milwaukee",
        "state": "WI",
        "boundaryType": "ward",
        "district": "37",
        "name": "37"
      },
      "geometry": {
        "type": "Polygon",
        "coordinates": [
          [
            [
              -88.01404327836167,
              43.11956319167686
            ],
            [
              -88.0159178611686,
              43.119568974428894
            ],
            [
              -88.03292445905856,
              43.11946812572798
            ],
            [
              -88.03370265623451,
              43.11955070617722
            ],
            [
              -88.03411770813173,
              43.119576277410395
            ],
            [
              -88.03492916153178,
              43.11956929786353
            ],
            [
              -88.03321090549878,
              43.11833011687362
            ],
            [
              -88.03109557619729,
              43.11671624885894
            ],
            [
              -88.0259342979443,
              43.11257614595981
            ],
            [
              -88.02460944026912,
              43.11158683368922
            ],
            [
              -88.02412444553312,
              43.11194758996751
            ],
            [
              -88.02390944995479,
              43.11207870808621
            ],
            [
              -88.02379852236317,
              43.112127886554084
            ],
            [
              -88.02356122338091,
              43.11219256339253
            ],
            [
              -88.02333858813807,
              43.11223134450467
            ],
            [
              -88.02315830564984,
              43.1122443019721
            ],
            [
              -88.01580423676258,
              43.11223549953095
            ],
            [
              -88.01579387039503,
              43.11344923016874
            ],
            [
              -88.01576992422325,
              43.11363979467963
            ],
            [
              -88.01572999036759,
              43.11375387833101
            ],
            [
              -88.01560209254487,
              43.11395916987098
            ],
            [
              -88.0155069926117,
              43.114059759917595
            ],
            [
              -88.01538325830276,
              43.11416173171947
            ],
            [
              -88.01491640359005,
              43.11448461996283
            ],
            [
              -88.01526617811007,
              43.11476189356989
            ],
            [
              -88.01532541758954,
              43.11482010266469
            ],
            [
              -88.01535616527946,
              43.11488923054668
            ],
            [
              -88.01534889193037,
              43.11698797611033
            ],
            [
              -88.01531734813541,
              43.11716726902976
            ],
            [
              -88.01522483195599,
              43.11733412232397
            ],
            [
              -88.0151470508074,
              43.11742139164336
            ],
            [
              -88.01500432042408,
              43.117530811560115
            ],
            [
              -88.01487329372684,
              43.117599441223454
            ],
            [
              -88.0147265667751,
              43.11765151206164
            ],
            [
              -88.01455810516141,
              43.11768625067709
            ],
            [
              -88.01438445178007,
              43.11769779833083
            ],
            [
              -88.0132276494286,
              43.11769465346681
            ],
            [
              -88.01311883173446,
              43.117677953546995
            ],
            [
              -88.01295518783499,
              43.11762685254231
            ],
            [
              -88.01279900350441,
              43.11753899323137
            ],
            [
              -88.01270416794054,
              43.11745351101563
            ],
            [
              -88.01230340366664,
              43.11676613526673
            ],
            [
              -88.012216690645,
              43.1166696625598
            ],
            [
              -88.01199920979087,
              43.1164935472578
            ],
            [
              -88.01098925697119,
              43.11718900609518
            ],
            [
              -88.01162464886838,
              43.11766924746796
            ],
            [
              -88.01184394473364,
              43.11780887330928
            ],
            [
              -88.01276962592642,
              43.11826117993116
            ],
            [
              -88.01309864366608,
              43.11844842787399
            ],
            [
              -88.01329623133876,
              43.11861273777475
            ],
            [
              -88.01347410232292,
              43.11880962073013
            ],
            [
              -88.01365814090956,
              43.11903463643423
            ],
            [
              -88.01404327836167,
              43.11956319167686
            ]
          ]
        ]
      }
    },
    {
      "type": "Feature",
      "properties": {
        "placeFips": "5553000",
        "city": "Milwaukee",
        "state": "WI",
        "boundaryType": "ward",
        "district": "38",
        "name": "38"
      },
      "geometry": {
        "type": "Polygon",
        "coordinates": [
          [
            [
              -88.0146435525453,
              43.11188150737633
            ],
            [
              -88.01461164854516,
              43.11224176049385
            ],
            [
              -88.02315830564984,
              43.1122443019721
            ],
            [
              -88.02333858813807,
              43.11223134450467
            ],
            [
              -88.02356122338091,
              43.11219256339253
            ],
            [
              -88.02379852236317,
              43.112127886554084
            ],
            [
              -88.02390944995479,
              43.11207870808621
            ],
            [
              -88.02412444553312,
              43.11194758996751
            ],
            [
              -88.02460944026912,
              43.11158683368922
            ],
            [
              -88.02266314016471,
              43.11014959625394
            ],
            [
              -88.01611871857958,
              43.10498595329507
            ],
            [
              -88.01359060724059,
              43.104988912279254
            ],
            [
              -88.01357853400829,
              43.10787524905868
            ],
            [
              -88.01374673712412,
              43.10862871029991
            ],
            [
              -88.01478180021546,
              43.10862735540712
            ],
            [
              -88.01476121592414,
              43.11057137503739
            ],
            [
              -88.0146435525453,
              43.11188150737633
            ]
          ]
        ]
      }
    },
    {
      "type": "Feature",
      "properties": {
        "placeFips": "5553000",
        "city": "Milwaukee",
        "state": "WI",
        "boundaryType": "ward",
        "district": "39",
        "name": "39"
      },
      "geometry": {
        "type": "Polygon",
        "coordinates": [
          [
            [
              -88.01461164854516,
              43.11224176049385
            ],
            [
              -88.01476121592414,
              43.11057137503739
            ],
            [
              -88.01478180021546,
              43.10862735540712
            ],
            [
              -88.01374673712412,
              43.10862871029991
            ],
            [
              -88.01357853400829,
              43.10787524905868
            ],
            [
              -88.01359060724059,
              43.104988912279254
            ],
            [
              -88.0064899381712,
              43.104997634112664
            ],
            [
              -88.00611141152424,
              43.10626333363796
            ],
            [
              -88.0060518202031,
              43.11227945607693
            ],
            [
              -88.01461164854516,
              43.11224176049385
            ]
          ]
        ]
      }
    },
    {
      "type": "Feature",
      "properties": {
        "placeFips": "5553000",
        "city": "Milwaukee",
        "state": "WI",
        "boundaryType": "ward",
        "district": "40",
        "name": "40"
      },
      "geometry": {
        "type": "Polygon",
        "coordinates": [
          [
            [
              -88.01579387039503,
              43.11344923016874
            ],
            [
              -88.01580423676258,
              43.11223549953095
            ],
            [
              -88.0060518202031,
              43.11227945607693
            ],
            [
              -88.00599352736343,
              43.11985543451358
            ],
            [
              -88.00620017121837,
              43.11985406127827
            ],
            [
              -88.00669900303795,
              43.11981538992265
            ],
            [
              -88.00774591938168,
              43.11963370040207
            ],
            [
              -88.00834723383798,
              43.119575545328146
            ],
            [
              -88.01404327836167,
              43.11956319167686
            ],
            [
              -88.01365814090956,
              43.11903463643423
            ],
            [
              -88.01347410232292,
              43.11880962073013
            ],
            [
              -88.01329623133876,
              43.11861273777475
            ],
            [
              -88.01309864366608,
              43.11844842787399
            ],
            [
              -88.01276962592642,
              43.11826117993116
            ],
            [
              -88.01184394473364,
              43.11780887330928
            ],
            [
              -88.01162464886838,
              43.11766924746796
            ],
            [
              -88.01098925697119,
              43.11718900609518
            ],
            [
              -88.01199920979087,
              43.1164935472578
            ],
            [
              -88.012216690645,
              43.1166696625598
            ],
            [
              -88.01230340366664,
              43.11676613526673
            ],
            [
              -88.01270416794054,
              43.11745351101563
            ],
            [
              -88.01279900350441,
              43.11753899323137
            ],
            [
              -88.01295518783499,
              43.11762685254231
            ],
            [
              -88.01311883173446,
              43.117677953546995
            ],
            [
              -88.0132276494286,
              43.11769465346681
            ],
            [
              -88.01438445178007,
              43.11769779833083
            ],
            [
              -88.01455810516141,
              43.11768625067709
            ],
            [
              -88.0147265667751,
              43.11765151206164
            ],
            [
              -88.01487329372684,
              43.117599441223454
            ],
            [
              -88.01500432042408,
              43.117530811560115
            ],
            [
              -88.0151470508074,
              43.11742139164336
            ],
            [
              -88.01522483195599,
              43.11733412232397
            ],
            [
              -88.01531734813541,
              43.11716726902976
            ],
            [
              -88.01534889193037,
              43.11698797611033
            ],
            [
              -88.01535616527946,
              43.11488923054668
            ],
            [
              -88.01532541758954,
              43.11482010266469
            ],
            [
              -88.01526617811007,
              43.11476189356989
            ],
            [
              -88.01491640359005,
              43.11448461996283
            ],
            [
              -88.01538325830276,
              43.11416173171947
            ],
            [
              -88.01560209254487,
              43.11395916987098
            ],
            [
              -88.01572999036759,
              43.11375387833101
            ],
            [
              -88.01576992422325,
              43.11363979467963
            ],
            [
              -88.01579387039503,
              43.11344923016874
            ]
          ]
        ]
      }
    },
    {
      "type": "Feature",
      "properties": {
        "placeFips": "5553000",
        "city": "Milwaukee",
        "state": "WI",
        "boundaryType": "ward",
        "district": "41",
        "name": "41"
      },
      "geometry": {
        "type": "Polygon",
        "coordinates": [
          [
            [
              -87.99484216714326,
              43.1121425185713
            ],
            [
              -88.00131398367185,
              43.11221977849672
            ],
            [
              -88.00145152043196,
              43.11224555076234
            ],
            [
              -88.00157525168484,
              43.11229014691076
            ],
            [
              -88.00167334031995,
              43.11235497006486
            ],
            [
              -88.00194331795026,
              43.11267222523565
            ],
            [
              -88.0030039189376,
              43.11205817329977
            ],
            [
              -88.00352863496629,
              43.11221830076181
            ],
            [
              -88.00437545420012,
              43.112268993363415
            ],
            [
              -88.0060518202031,
              43.11227945607693
            ],
            [
              -88.00611141152424,
              43.10626333363796
            ],
            [
              -88.0064899381712,
              43.104997634112664
            ],
            [
              -87.99377437559502,
              43.10482538594979
            ],
            [
              -87.99373113430134,
              43.10713801690192
            ],
            [
              -87.99492981648753,
              43.107151635221804
            ],
            [
              -87.99484216714326,
              43.1121425185713
            ]
          ]
        ]
      }
    },
    {
      "type": "Feature",
      "properties": {
        "placeFips": "5553000",
        "city": "Milwaukee",
        "state": "WI",
        "boundaryType": "ward",
        "district": "42",
        "name": "42"
      },
      "geometry": {
        "type": "Polygon",
        "coordinates": [
          [
            [
              -88.00599352736343,
              43.11985543451358
            ],
            [
              -88.0060518202031,
              43.11227945607693
            ],
            [
              -88.00437545420012,
              43.112268993363415
            ],
            [
              -88.00352863496629,
              43.11221830076181
            ],
            [
              -88.0030039189376,
              43.11205817329977
            ],
            [
              -88.00194331795026,
              43.11267222523565
            ],
            [
              -88.00167334031995,
              43.11235497006486
            ],
            [
              -88.00157525168484,
              43.11229014691076
            ],
            [
              -88.00145152043196,
              43.11224555076234
            ],
            [
              -88.00131398367185,
              43.11221977849672
            ],
            [
              -87.99117358349439,
              43.11209722527173
            ],
            [
              -87.99104277098752,
              43.11625432102811
            ],
            [
              -87.99106125720706,
              43.118439009500804
            ],
            [
              -87.99109618742041,
              43.11940647449044
            ],
            [
              -87.99604877110123,
              43.11948754402082
            ],
            [
              -88.00375093409846,
              43.11955702176722
            ],
            [
              -88.00537520964589,
              43.11982992407247
            ],
            [
              -88.00599352736343,
              43.11985543451358
            ]
          ]
        ]
      }
    },
    {
      "type": "Feature",
      "properties": {
        "placeFips": "5553000",
        "city": "Milwaukee",
        "state": "WI",
        "boundaryType": "ward",
        "district": "43",
        "name": "43"
      },
      "geometry": {
        "type": "Polygon",
        "coordinates": [
          [
            [
              -87.99484216714326,
              43.1121425185713
            ],
            [
              -87.99492981648753,
              43.107151635221804
            ],
            [
              -87.99373113430134,
              43.10713801690192
            ],
            [
              -87.99377437559502,
              43.10482538594979
            ],
            [
              -87.9864808407383,
              43.10470354397752
            ],
            [
              -87.9863084728613,
              43.10566477906754
            ],
            [
              -87.9861911786323,
              43.11203551712899
            ],
            [
              -87.99484216714326,
              43.1121425185713
            ]
          ]
        ]
      }
    },
    {
      "type": "Feature",
      "properties": {
        "placeFips": "5553000",
        "city": "Milwaukee",
        "state": "WI",
        "boundaryType": "ward",
        "district": "44",
        "name": "44"
      },
      "geometry": {
        "type": "Polygon",
        "coordinates": [
          [
            [
              -87.99109618742041,
              43.11940647449044
            ],
            [
              -87.99106125720706,
              43.118439009500804
            ],
            [
              -87.99104277098752,
              43.11625432102811
            ],
            [
              -87.99117358349439,
              43.11209722527173
            ],
            [
              -87.9861911786323,
              43.11203551712899
            ],
            [
              -87.98125257811073,
              43.11201331462909
            ],
            [
              -87.98118296281062,
              43.118928191631824
            ],
            [
              -87.98114091687613,
              43.11918814038488
            ],
            [
              -87.98099662740104,
              43.11933512374487
            ],
            [
              -87.98612792782396,
              43.11932492273563
            ],
            [
              -87.99109618742041,
              43.11940647449044
            ]
          ]
        ]
      }
    },
    {
      "type": "Feature",
      "properties": {
        "placeFips": "5553000",
        "city": "Milwaukee",
        "state": "WI",
        "boundaryType": "ward",
        "district": "45",
        "name": "45"
      },
      "geometry": {
        "type": "Polygon",
        "coordinates": [
          [
            [
              -87.9861911786323,
              43.11203551712899
            ],
            [
              -87.9863084728613,
              43.10566477906754
            ],
            [
              -87.9864808407383,
              43.10470354397752
            ],
            [
              -87.97654219481794,
              43.104653164850184
            ],
            [
              -87.97640710424922,
              43.10518634835935
            ],
            [
              -87.97631925360861,
              43.111990939368106
            ],
            [
              -87.9861911786323,
              43.11203551712899
            ]
          ]
        ]
      }
    },
    {
      "type": "Feature",
      "properties": {
        "placeFips": "5553000",
        "city": "Milwaukee",
        "state": "WI",
        "boundaryType": "ward",
        "district": "46",
        "name": "46"
      },
      "geometry": {
        "type": "Polygon",
        "coordinates": [
          [
            [
              -87.98099662740104,
              43.11933512374487
            ],
            [
              -87.98114091687613,
              43.11918814038488
            ],
            [
              -87.98118296281062,
              43.118928191631824
            ],
            [
              -87.98125257811073,
              43.11201331462909
            ],
            [
              -87.97631925360861,
              43.111990939368106
            ],
            [
              -87.97623827184259,
              43.11933834142282
            ],
            [
              -87.98099662740104,
              43.11933512374487
            ]
          ]
        ]
      }
    },
    {
      "type": "Feature",
      "properties": {
        "placeFips": "5553000",
        "city": "Milwaukee",
        "state": "WI",
        "boundaryType": "ward",
        "district": "47",
        "name": "47"
      },
      "geometry": {
        "type": "Polygon",
        "coordinates": [
          [
            [
              -87.97629896014719,
              43.113832245218106
            ],
            [
              -87.97631925360861,
              43.111990939368106
            ],
            [
              -87.96332401124712,
              43.11194995912949
            ],
            [
              -87.9644650223146,
              43.11478195713497
            ],
            [
              -87.96477702230555,
              43.11561095779843
            ],
            [
              -87.9663462837593,
              43.11562632946356
            ],
            [
              -87.96645778641233,
              43.11594844727765
            ],
            [
              -87.96652303821006,
              43.11607639512249
            ],
            [
              -87.9666196926203,
              43.11620118332923
            ],
            [
              -87.96744593173963,
              43.11696831714102
            ],
            [
              -87.96755097759043,
              43.117145111778946
            ],
            [
              -87.96762723577382,
              43.117393600337664
            ],
            [
              -87.9676361189714,
              43.11779460246165
            ],
            [
              -87.96761589881493,
              43.11918502976643
            ],
            [
              -87.96760248672436,
              43.11929899246677
            ],
            [
              -87.97623827184259,
              43.11933834142282
            ],
            [
              -87.97629896014719,
              43.113832245218106
            ]
          ]
        ]
      }
    },
    {
      "type": "Feature",
      "properties": {
        "placeFips": "5553000",
        "city": "Milwaukee",
        "state": "WI",
        "boundaryType": "ward",
        "district": "48",
        "name": "48"
      },
      "geometry": {
        "type": "Polygon",
        "coordinates": [
          [
            [
              -87.97654219481794,
              43.104653164850184
            ],
            [
              -87.96652684013834,
              43.10462058775423
            ],
            [
              -87.95990341401529,
              43.10461574714653
            ],
            [
              -87.96332401124712,
              43.11194995912949
            ],
            [
              -87.97631925360861,
              43.111990939368106
            ],
            [
              -87.97640710424922,
              43.10518634835935
            ],
            [
              -87.97654219481794,
              43.104653164850184
            ]
          ]
        ]
      }
    },
    {
      "type": "Feature",
      "properties": {
        "placeFips": "5553000",
        "city": "Milwaukee",
        "state": "WI",
        "boundaryType": "ward",
        "district": "49",
        "name": "49"
      },
      "geometry": {
        "type": "Polygon",
        "coordinates": [
          [
            [
              -87.95625186783629,
              43.11915556355423
            ],
            [
              -87.96230609415463,
              43.119202936217874
            ],
            [
              -87.96349542956241,
              43.11919596288038
            ],
            [
              -87.96467873417718,
              43.11928668014989
            ],
            [
              -87.96760248672436,
              43.11929899246677
            ],
            [
              -87.96761589881493,
              43.11918502976643
            ],
            [
              -87.9676361189714,
              43.11779460246165
            ],
            [
              -87.96762723577382,
              43.117393600337664
            ],
            [
              -87.96755097759043,
              43.117145111778946
            ],
            [
              -87.96744593173963,
              43.11696831714102
            ],
            [
              -87.96673442141113,
              43.116312722149864
            ],
            [
              -87.9666196926203,
              43.11620118332923
            ],
            [
              -87.96652303821006,
              43.11607639512249
            ],
            [
              -87.96645778641233,
              43.11594844727765
            ],
            [
              -87.9663462837593,
              43.11562632946356
            ],
            [
              -87.96477702230555,
              43.11561095779843
            ],
            [
              -87.9644650223146,
              43.11478195713497
            ],
            [
              -87.96332401124712,
              43.11194995912949
            ],
            [
              -87.95644265239993,
              43.11191956063637
            ],
            [
              -87.95625186783629,
              43.11915556355423
            ]
          ]
        ]
      }
    },
    {
      "type": "Feature",
      "properties": {
        "placeFips": "5553000",
        "city": "Milwaukee",
        "state": "WI",
        "boundaryType": "ward",
        "district": "50",
        "name": "50"
      },
      "geometry": {
        "type": "Polygon",
        "coordinates": [
          [
            [
              -87.94398300878186,
              43.11236191345825
            ],
            [
              -87.94454657600217,
              43.11236768199129
            ],
            [
              -87.94531569238845,
              43.11227361309933
            ],
            [
              -87.94578423394441,
              43.112255563393404
            ],
            [
              -87.94575329082606,
              43.11335002558782
            ],
            [
              -87.94455550011371,
              43.113331796058866
            ],
            [
              -87.94455871833632,
              43.113216440993206
            ],
            [
              -87.94396170972671,
              43.113206044542906
            ],
            [
              -87.94390458546694,
              43.1154703131804
            ],
            [
              -87.94602289657351,
              43.115511062152514
            ],
            [
              -87.94597473581166,
              43.117140285300465
            ],
            [
              -87.94565863486542,
              43.11713397301502
            ],
            [
              -87.94565327093433,
              43.1173150596981
            ],
            [
              -87.94504096033504,
              43.11730337237756
            ],
            [
              -87.94501645810325,
              43.11823661068837
            ],
            [
              -87.94381684737922,
              43.11821760750847
            ],
            [
              -87.94380693508037,
              43.118543348720266
            ],
            [
              -87.94466697529536,
              43.118559580591814
            ],
            [
              -87.94466649189545,
              43.11911016020476
            ],
            [
              -87.9490336967812,
              43.11917040756805
            ],
            [
              -87.94956031346975,
              43.119221062467865
            ],
            [
              -87.95059304179915,
              43.11927783944347
            ],
            [
              -87.95159316042333,
              43.11924537447246
            ],
            [
              -87.95261156627501,
              43.11910908931024
            ],
            [
              -87.95625186783629,
              43.11915556355423
            ],
            [
              -87.95644265239993,
              43.11191956063637
            ],
            [
              -87.94554804781289,
              43.1118093456764
            ],
            [
              -87.94399891039974,
              43.11200860631484
            ],
            [
              -87.94398300878186,
              43.11236191345825
            ]
          ]
        ]
      }
    },
    {
      "type": "Feature",
      "properties": {
        "placeFips": "5553000",
        "city": "Milwaukee",
        "state": "WI",
        "boundaryType": "ward",
        "district": "51",
        "name": "51"
      },
      "geometry": {
        "type": "Polygon",
        "coordinates": [
          [
            [
              -87.95657996794569,
              43.10461318006269
            ],
            [
              -87.94665464911576,
              43.104497758356096
            ],
            [
              -87.94650307900564,
              43.10976912261203
            ],
            [
              -87.94651619555255,
              43.11060091290967
            ],
            [
              -87.94646862126699,
              43.11181883710798
            ],
            [
              -87.95644265239993,
              43.11191956063637
            ],
            [
              -87.96332401124712,
              43.11194995912949
            ],
            [
              -87.95990341401529,
              43.10461574714653
            ],
            [
              -87.95657996794569,
              43.10461318006269
            ]
          ]
        ]
      }
    },
    {
      "type": "Feature",
      "properties": {
        "placeFips": "5553000",
        "city": "Milwaukee",
        "state": "WI",
        "boundaryType": "ward",
        "district": "52",
        "name": "52"
      },
      "geometry": {
        "type": "Polygon",
        "coordinates": [
          [
            [
              -87.94650497228405,
              43.109889161237206
            ],
            [
              -87.94650307900564,
              43.10976912261203
            ],
            [
              -87.94603125495075,
              43.10988086351285
            ],
            [
              -87.9458031173031,
              43.10995313720408
            ],
            [
              -87.94536760982895,
              43.110160754506
            ],
            [
              -87.94405883251099,
              43.11085837490371
            ],
            [
              -87.94388724176167,
              43.11093979811654
            ],
            [
              -87.94342259588403,
              43.11108907388781
            ],
            [
              -87.94301123488833,
              43.111151570635265
            ],
            [
              -87.9428157368727,
              43.11116083514109
            ],
            [
              -87.94130643756624,
              43.111150753389055
            ],
            [
              -87.94112966006871,
              43.111172630153604
            ],
            [
              -87.94094977964535,
              43.11121444108069
            ],
            [
              -87.94077431691991,
              43.11127788988406
            ],
            [
              -87.94030476277072,
              43.111490421661564
            ],
            [
              -87.9400093376676,
              43.11160218487656
            ],
            [
              -87.93976055888825,
              43.111658462246034
            ],
            [
              -87.93933669200226,
              43.11171854582156
            ],
            [
              -87.9364643988822,
              43.11165536106004
            ],
            [
              -87.93300318595722,
              43.1116147784439
            ],
            [
              -87.93122221464179,
              43.10431600437035
            ],
            [
              -87.93107147745933,
              43.103907390417376
            ],
            [
              -87.92907919887857,
              43.10040805063175
            ],
            [
              -87.9285991712591,
              43.100419616020936
            ],
            [
              -87.92858058496644,
              43.10041904718471
            ],
            [
              -87.92856279917336,
              43.10038848126119
            ],
            [
              -87.9250661365452,
              43.1003028669319
            ],
            [
              -87.92501394417926,
              43.101963516323686
            ],
            [
              -87.92528653417028,
              43.102104797738185
            ],
            [
              -87.92553744014883,
              43.10228085529789
            ],
            [
              -87.9257288465213,
              43.10246008414891
            ],
            [
              -87.9258768343351,
              43.102654921933315
            ],
            [
              -87.92599902127166,
              43.10288753818835
            ],
            [
              -87.92605140157426,
              43.103135254833866
            ],
            [
              -87.92605571489223,
              43.103398641955756
            ],
            [
              -87.92603464634591,
              43.10366182583232
            ],
            [
              -87.926024173344,
              43.104650263277264
            ],
            [
              -87.92606839964579,
              43.10495506231607
            ],
            [
              -87.92618871099162,
              43.105269246416555
            ],
            [
              -87.92629713729961,
              43.105451218307834
            ],
            [
              -87.92649146790001,
              43.10567475280672
            ],
            [
              -87.92673146390918,
              43.10583912076146
            ],
            [
              -87.92736786680136,
              43.10622270320444
            ],
            [
              -87.92767890587436,
              43.10638436221954
            ],
            [
              -87.92794079070163,
              43.10648830409664
            ],
            [
              -87.92823974021026,
              43.10658256593704
            ],
            [
              -87.92879797529629,
              43.106696722050394
            ],
            [
              -87.93005868881372,
              43.10685565855162
            ],
            [
              -87.93025407990994,
              43.106887211303786
            ],
            [
              -87.93042644245635,
              43.10695434358929
            ],
            [
              -87.93073969771451,
              43.10721203097484
            ],
            [
              -87.9308950604384,
              43.10745884929637
            ],
            [
              -87.93095675702094,
              43.10773196011141
            ],
            [
              -87.9309430470206,
              43.107975704484325
            ],
            [
              -87.93079775880783,
              43.108237056329514
            ],
            [
              -87.9306334978898,
              43.108414062026725
            ],
            [
              -87.93005997971777,
              43.10891162046241
            ],
            [
              -87.92991780524397,
              43.10908103008361
            ],
            [
              -87.92986533299859,
              43.10918007299251
            ],
            [
              -87.92950756084393,
              43.10926955887965
            ],
            [
              -87.92905696366984,
              43.10952135247947
            ],
            [
              -87.92816165366165,
              43.11017303869462
            ],
            [
              -87.92759190009212,
              43.110558657187255
            ],
            [
              -87.92739801498924,
              43.11064312477062
            ],
            [
              -87.92713376996416,
              43.11071031071357
            ],
            [
              -87.92683269748238,
              43.110736825021654
            ],
            [
              -87.92663116046157,
              43.11072515339787
            ],
            [
              -87.92643930589715,
              43.11074965828836
            ],
            [
              -87.92582623069292,
              43.11064248774683
            ],
            [
              -87.92562414637915,
              43.110646805170234
            ],
            [
              -87.92542548827335,
              43.11071118368863
            ],
            [
              -87.9251541559172,
              43.110826234739555
            ],
            [
              -87.924897072782,
              43.11100354204185
            ],
            [
              -87.92474191023926,
              43.11107271216298
            ],
            [
              -87.92434444349358,
              43.11120545926753
            ],
            [
              -87.92415614730237,
              43.11128602541351
            ],
            [
              -87.9240500691125,
              43.11135608623387
            ],
            [
              -87.92393728551168,
              43.11148892759313
            ],
            [
              -87.92390912543316,
              43.111615390396096
            ],
            [
              -87.9240146465393,
              43.111903946796325
            ],
            [
              -87.92406639843703,
              43.112004109304806
            ],
            [
              -87.92413906844536,
              43.11207893043358
            ],
            [
              -87.924219412951,
              43.11237070390988
            ],
            [
              -87.9242512436859,
              43.1133524460454
            ],
            [
              -87.92424223962195,
              43.11346987297735
            ],
            [
              -87.92413091088852,
              43.11379489676427
            ],
            [
              -87.92410524463932,
              43.113959794436106
            ],
            [
              -87.92408295230763,
              43.114025531470524
            ],
            [
              -87.92401481274885,
              43.114112484975756
            ],
            [
              -87.92396597089159,
              43.114221834991326
            ],
            [
              -87.92389936726057,
              43.11455870021216
            ],
            [
              -87.92379855485679,
              43.11486921494538
            ],
            [
              -87.92373442478656,
              43.114985638996544
            ],
            [
              -87.92370624995228,
              43.11507699512839
            ],
            [
              -87.92336002370237,
              43.11552634747467
            ],
            [
              -87.92327335349049,
              43.11571585486278
            ],
            [
              -87.92307667868673,
              43.11589600563426
            ],
            [
              -87.92296380560991,
              43.115971115525525
            ],
            [
              -87.92261080761995,
              43.11647178882204
            ],
            [
              -87.92232845040053,
              43.11681206390916
            ],
            [
              -87.92202666962766,
              43.117133609375465
            ],
            [
              -87.92192695359495,
              43.11726408072823
            ],
            [
              -87.92166001409483,
              43.11774060040596
            ],
            [
              -87.92135547873758,
              43.1181429399454
            ],
            [
              -87.92096047520049,
              43.11855097580252
            ],
            [
              -87.92090272394165,
              43.11862708962592
            ],
            [
              -87.92088588848704,
              43.118717907585776
            ],
            [
              -87.92770844736435,
              43.118811468581825
            ],
            [
              -87.927768231594,
              43.11667839783913
            ],
            [
              -87.92728623232134,
              43.116355114861356
            ],
            [
              -87.92733315816284,
              43.11517549945681
            ],
            [
              -87.93313566514824,
              43.115262455857454
            ],
            [
              -87.93373444755167,
              43.11789461292541
            ],
            [
              -87.93417321772797,
              43.11892790866868
            ],
            [
              -87.94005561578653,
              43.11902980960309
            ],
            [
              -87.94004210741903,
              43.118572691544216
            ],
            [
              -87.94007151851908,
              43.11836648656685
            ],
            [
              -87.93997979577232,
              43.117888590063316
            ],
            [
              -87.94010309868193,
              43.11774385423335
            ],
            [
              -87.93991660219886,
              43.11748089445891
            ],
            [
              -87.94006609552497,
              43.11701268576573
            ],
            [
              -87.93851283893632,
              43.11537833966103
            ],
            [
              -87.93887599170684,
              43.115384746014215
            ],
            [
              -87.9390281457736,
              43.1155509590089
            ],
            [
              -87.93943574779138,
              43.115394620450665
            ],
            [
              -87.94341187460888,
              43.115464674191166
            ],
            [
              -87.94346437802373,
              43.11360950292082
            ],
            [
              -87.94357942246722,
              43.1136116913562
            ],
            [
              -87.94359574230823,
              43.112966714006696
            ],
            [
              -87.94396745229383,
              43.112978561630825
            ],
            [
              -87.94399891039974,
              43.11200860631484
            ],
            [
              -87.94554804781289,
              43.1118093456764
            ],
            [
              -87.94646862126699,
              43.11181883710798
            ],
            [
              -87.94651619555255,
              43.11060091290967
            ],
            [
              -87.94650497228405,
              43.109889161237206
            ]
          ]
        ]
      }
    },
    {
      "type": "Feature",
      "properties": {
        "placeFips": "5553000",
        "city": "Milwaukee",
        "state": "WI",
        "boundaryType": "ward",
        "district": "53",
        "name": "53"
      },
      "geometry": {
        "type": "Polygon",
        "coordinates": [
          [
            [
              -87.94654091245458,
              43.10845330463839
            ],
            [
              -87.94654300230961,
              43.108380622371335
            ],
            [
              -87.93803847089984,
              43.10828742160172
            ],
            [
              -87.93694186348094,
              43.10826310764288
            ],
            [
              -87.93655794859679,
              43.108279382612416
            ],
            [
              -87.93216810192263,
              43.10821875850413
            ],
            [
              -87.93300318595722,
              43.1116147784439
            ],
            [
              -87.9364643988822,
              43.11165536106004
            ],
            [
              -87.93933669200226,
              43.11171854582156
            ],
            [
              -87.93976055888825,
              43.111658462246034
            ],
            [
              -87.9400093376676,
              43.11160218487656
            ],
            [
              -87.94030476277072,
              43.111490421661564
            ],
            [
              -87.94077431691991,
              43.11127788988406
            ],
            [
              -87.94094977964535,
              43.11121444108069
            ],
            [
              -87.94112966006871,
              43.111172630153604
            ],
            [
              -87.94130643756624,
              43.111150753389055
            ],
            [
              -87.94301123488833,
              43.111151570635265
            ],
            [
              -87.94324863473433,
              43.11112279240981
            ],
            [
              -87.9435832007759,
              43.11104780225392
            ],
            [
              -87.94388724176167,
              43.11093979811654
            ],
            [
              -87.94405883251099,
              43.11085837490371
            ],
            [
              -87.94561858752635,
              43.1100313822912
            ],
            [
              -87.9458031173031,
              43.10995313720408
            ],
            [
              -87.94603125495075,
              43.10988086351285
            ],
            [
              -87.94650307900564,
              43.10976912261203
            ],
            [
              -87.94654091245458,
              43.10845330463839
            ]
          ]
        ]
      }
    },
    {
      "type": "Feature",
      "properties": {
        "placeFips": "5553000",
        "city": "Milwaukee",
        "state": "WI",
        "boundaryType": "ward",
        "district": "54",
        "name": "54"
      },
      "geometry": {
        "type": "Polygon",
        "coordinates": [
          [
            [
              -87.94654300230961,
              43.108380622371335
            ],
            [
              -87.94665464911576,
              43.104497758356096
            ],
            [
              -87.93122221464179,
              43.10431600437035
            ],
            [
              -87.93216810192263,
              43.10821875850413
            ],
            [
              -87.93655794859679,
              43.108279382612416
            ],
            [
              -87.93694186348094,
              43.10826310764288
            ],
            [
              -87.93803847089984,
              43.10828742160172
            ],
            [
              -87.94654300230961,
              43.108380622371335
            ]
          ]
        ]
      }
    },
    {
      "type": "Feature",
      "properties": {
        "placeFips": "5553000",
        "city": "Milwaukee",
        "state": "WI",
        "boundaryType": "ward",
        "district": "55",
        "name": "55"
      },
      "geometry": {
        "type": "Polygon",
        "coordinates": [
          [
            [
              -87.92762000517786,
              43.09811514864357
            ],
            [
              -87.92713963918153,
              43.097961282409344
            ],
            [
              -87.92858058496644,
              43.10041904718471
            ],
            [
              -87.92907919887857,
              43.10040805063175
            ],
            [
              -87.93107147745933,
              43.103907390417376
            ],
            [
              -87.93122221464179,
              43.10431600437035
            ],
            [
              -87.93933045886949,
              43.10441009268916
            ],
            [
              -87.93935000451901,
              43.102416321704254
            ],
            [
              -87.94288216468657,
              43.10355130231322
            ],
            [
              -87.9429128660562,
              43.10186908160976
            ],
            [
              -87.93940417031608,
              43.10074833312703
            ],
            [
              -87.93947611006182,
              43.0970242040794
            ],
            [
              -87.9270593518703,
              43.096742848584014
            ],
            [
              -87.92755608394575,
              43.097571591734955
            ],
            [
              -87.92788383670332,
              43.098182518534934
            ],
            [
              -87.92762000517786,
              43.09811514864357
            ]
          ]
        ]
      }
    },
    {
      "type": "Feature",
      "properties": {
        "placeFips": "5553000",
        "city": "Milwaukee",
        "state": "WI",
        "boundaryType": "ward",
        "district": "56",
        "name": "56"
      },
      "geometry": {
        "type": "Polygon",
        "coordinates": [
          [
            [
              -87.91747988351605,
              43.089308961465015
            ],
            [
              -87.91719178812147,
              43.089306923127836
            ],
            [
              -87.91711437885101,
              43.09300794510429
            ],
            [
              -87.91794698304695,
              43.09388096560941
            ],
            [
              -87.91826394451141,
              43.094185598668645
            ],
            [
              -87.91901017042768,
              43.094789654711676
            ],
            [
              -87.91707835294814,
              43.094772865837626
            ],
            [
              -87.91706870943591,
              43.0952523914277
            ],
            [
              -87.9197341917556,
              43.09527094118593
            ],
            [
              -87.91904707651862,
              43.09481648843424
            ],
            [
              -87.91936454748306,
              43.094820057343284
            ],
            [
              -87.9189538743758,
              43.09452143403529
            ],
            [
              -87.92502461747279,
              43.094557526561
            ],
            [
              -87.92502206057998,
              43.09516503185197
            ],
            [
              -87.92556463335265,
              43.095174302603155
            ],
            [
              -87.92664968413183,
              43.09713024322398
            ],
            [
              -87.92547316137596,
              43.09712612790961
            ],
            [
              -87.92691488263661,
              43.09757794047156
            ],
            [
              -87.92713963918153,
              43.097961282409344
            ],
            [
              -87.92762000517786,
              43.09811514864357
            ],
            [
              -87.92788383670332,
              43.098182518534934
            ],
            [
              -87.92755608394575,
              43.097571591734955
            ],
            [
              -87.9270593518703,
              43.096742848584014
            ],
            [
              -87.93420905862449,
              43.09690441344726
            ],
            [
              -87.93437173904103,
              43.09142456610567
            ],
            [
              -87.93445977915628,
              43.089543243130066
            ],
            [
              -87.9270954875476,
              43.089382106321146
            ],
            [
              -87.91747988351605,
              43.089308961465015
            ]
          ]
        ]
      }
    },
    {
      "type": "Feature",
      "properties": {
        "placeFips": "5553000",
        "city": "Milwaukee",
        "state": "WI",
        "boundaryType": "ward",
        "district": "57",
        "name": "57"
      },
      "geometry": {
        "type": "Polygon",
        "coordinates": [
          [
            [
              -87.94699685850449,
              43.09021603357738
            ],
            [
              -87.94700720668814,
              43.089801649850045
            ],
            [
              -87.93445977915628,
              43.089543243130066
            ],
            [
              -87.93437173904103,
              43.09142456610567
            ],
            [
              -87.93420905862449,
              43.09690441344726
            ],
            [
              -87.93947611006182,
              43.0970242040794
            ],
            [
              -87.93930944020511,
              43.095220696911305
            ],
            [
              -87.9393760799051,
              43.09303100470751
            ],
            [
              -87.94061288905986,
              43.09289360980188
            ],
            [
              -87.94084910012742,
              43.09268985146421
            ],
            [
              -87.94193433331198,
              43.09272516905224
            ],
            [
              -87.94693202499369,
              43.09281225903129
            ],
            [
              -87.94699685850449,
              43.09021603357738
            ]
          ]
        ]
      }
    },
    {
      "type": "Feature",
      "properties": {
        "placeFips": "5553000",
        "city": "Milwaukee",
        "state": "WI",
        "boundaryType": "ward",
        "district": "58",
        "name": "58"
      },
      "geometry": {
        "type": "Polygon",
        "coordinates": [
          [
            [
              -87.94001433027564,
              43.09892281065378
            ],
            [
              -87.94174668297417,
              43.098881905167005
            ],
            [
              -87.94296645100673,
              43.09893279239753
            ],
            [
              -87.94801290128878,
              43.098987500832486
            ],
            [
              -87.94803567921683,
              43.09802369551413
            ],
            [
              -87.94808800762853,
              43.09792341225017
            ],
            [
              -87.94809400492966,
              43.097172657779346
            ],
            [
              -87.94815212616268,
              43.095149771470034
            ],
            [
              -87.94687337748209,
              43.09516071838772
            ],
            [
              -87.94693202499369,
              43.09281225903129
            ],
            [
              -87.94193433331198,
              43.09272516905224
            ],
            [
              -87.94084910012742,
              43.09268985146421
            ],
            [
              -87.94061288905986,
              43.09289360980188
            ],
            [
              -87.9393760799051,
              43.09303100470751
            ],
            [
              -87.93930944020511,
              43.095220696911305
            ],
            [
              -87.93947611006182,
              43.0970242040794
            ],
            [
              -87.93943103945426,
              43.09891674220914
            ],
            [
              -87.94001433027564,
              43.09892281065378
            ]
          ]
        ]
      }
    },
    {
      "type": "Feature",
      "properties": {
        "placeFips": "5553000",
        "city": "Milwaukee",
        "state": "WI",
        "boundaryType": "ward",
        "district": "59",
        "name": "59"
      },
      "geometry": {
        "type": "Polygon",
        "coordinates": [
          [
            [
              -87.93933045886949,
              43.10441009268916
            ],
            [
              -87.94908020775736,
              43.104525833326356
            ],
            [
              -87.9491992739055,
              43.098992495502195
            ],
            [
              -87.9467907589689,
              43.09898234633553
            ],
            [
              -87.94296645100673,
              43.09893279239753
            ],
            [
              -87.94174668297417,
              43.098881905167005
            ],
            [
              -87.94001433027564,
              43.09892281065378
            ],
            [
              -87.93943103945426,
              43.09891674220914
            ],
            [
              -87.93940417031608,
              43.10074833312703
            ],
            [
              -87.9429128660562,
              43.10186908160976
            ],
            [
              -87.94288216468657,
              43.10355130231322
            ],
            [
              -87.93935000451901,
              43.102416321704254
            ],
            [
              -87.93933045886949,
              43.10441009268916
            ]
          ]
        ]
      }
    },
    {
      "type": "Feature",
      "properties": {
        "placeFips": "5553000",
        "city": "Milwaukee",
        "state": "WI",
        "boundaryType": "ward",
        "district": "60",
        "name": "60"
      },
      "geometry": {
        "type": "Polygon",
        "coordinates": [
          [
            [
              -87.9568988670354,
              43.0965215208884
            ],
            [
              -87.95709165839654,
              43.08986172468376
            ],
            [
              -87.94700720668814,
              43.089801649850045
            ],
            [
              -87.94687337748209,
              43.09516071838772
            ],
            [
              -87.94815212616268,
              43.095149771470034
            ],
            [
              -87.94809400492966,
              43.097172657779346
            ],
            [
              -87.94808800762853,
              43.09792341225017
            ],
            [
              -87.94803567921683,
              43.09802369551413
            ],
            [
              -87.94801290128878,
              43.098987500832486
            ],
            [
              -87.9491992739055,
              43.098992495502195
            ],
            [
              -87.94908020775736,
              43.104525833326356
            ],
            [
              -87.95458960392004,
              43.10458722763628
            ],
            [
              -87.95458900000128,
              43.10404300079405
            ],
            [
              -87.9544889996369,
              43.101642999284444
            ],
            [
              -87.9541457341166,
              43.09652031708928
            ],
            [
              -87.9568988670354,
              43.0965215208884
            ]
          ]
        ]
      }
    },
    {
      "type": "Feature",
      "properties": {
        "placeFips": "5553000",
        "city": "Milwaukee",
        "state": "WI",
        "boundaryType": "ward",
        "district": "61",
        "name": "61"
      },
      "geometry": {
        "type": "Polygon",
        "coordinates": [
          [
            [
              -87.96696828346363,
              43.09712750806986
            ],
            [
              -87.96695473328114,
              43.0968501028831
            ],
            [
              -87.96451191969354,
              43.096835276296034
            ],
            [
              -87.95989112367583,
              43.096522907989986
            ],
            [
              -87.9568988670354,
              43.0965215208884
            ],
            [
              -87.95683656495126,
              43.09687790093753
            ],
            [
              -87.95682534926516,
              43.09714281478163
            ],
            [
              -87.95838831405757,
              43.1007600299871
            ],
            [
              -87.95990341401529,
              43.10461574714653
            ],
            [
              -87.96652684013834,
              43.10462058775423
            ],
            [
              -87.96679617505612,
              43.10340254853053
            ],
            [
              -87.96696828346363,
              43.09712750806986
            ]
          ]
        ]
      }
    },
    {
      "type": "Feature",
      "properties": {
        "placeFips": "5553000",
        "city": "Milwaukee",
        "state": "WI",
        "boundaryType": "ward",
        "district": "62",
        "name": "62"
      },
      "geometry": {
        "type": "Polygon",
        "coordinates": [
          [
            [
              -87.96695473328114,
              43.0968501028831
            ],
            [
              -87.96700524358863,
              43.0952900615624
            ],
            [
              -87.96702594297476,
              43.09343088232736
            ],
            [
              -87.96710391837634,
              43.08980652418501
            ],
            [
              -87.95709165839654,
              43.08986172468376
            ],
            [
              -87.9568988670354,
              43.0965215208884
            ],
            [
              -87.95989112367583,
              43.096522907989986
            ],
            [
              -87.96451191969354,
              43.096835276296034
            ],
            [
              -87.96695473328114,
              43.0968501028831
            ]
          ]
        ]
      }
    },
    {
      "type": "Feature",
      "properties": {
        "placeFips": "5553000",
        "city": "Milwaukee",
        "state": "WI",
        "boundaryType": "ward",
        "district": "63",
        "name": "63"
      },
      "geometry": {
        "type": "Polygon",
        "coordinates": [
          [
            [
              -87.96695473328114,
              43.0968501028831
            ],
            [
              -87.97221444742486,
              43.09688014452774
            ],
            [
              -87.97235971822232,
              43.089843611591085
            ],
            [
              -87.96710391837634,
              43.08980652418501
            ],
            [
              -87.96702594297476,
              43.09343088232736
            ],
            [
              -87.96700524358863,
              43.0952900615624
            ],
            [
              -87.96695473328114,
              43.0968501028831
            ]
          ]
        ]
      }
    },
    {
      "type": "Feature",
      "properties": {
        "placeFips": "5553000",
        "city": "Milwaukee",
        "state": "WI",
        "boundaryType": "ward",
        "district": "64",
        "name": "64"
      },
      "geometry": {
        "type": "Polygon",
        "coordinates": [
          [
            [
              -87.97336971168865,
              43.09719768162202
            ],
            [
              -87.97221444742486,
              43.09688014452774
            ],
            [
              -87.96695473328114,
              43.0968501028831
            ],
            [
              -87.96696828346363,
              43.09712750806986
            ],
            [
              -87.96679617505612,
              43.10340254853053
            ],
            [
              -87.96652684013834,
              43.10462058775423
            ],
            [
              -87.97319838082232,
              43.10464182383743
            ],
            [
              -87.97333768311486,
              43.09860495383648
            ],
            [
              -87.97350421744954,
              43.0985304153459
            ],
            [
              -87.97414256335973,
              43.09908418661079
            ],
            [
              -87.97451163164087,
              43.09931063275586
            ],
            [
              -87.974895984466,
              43.09947691296096
            ],
            [
              -87.97529021188652,
              43.099586767556566
            ],
            [
              -87.97682268133744,
              43.09991679764204
            ],
            [
              -87.97688780301436,
              43.09720807876649
            ],
            [
              -87.97572056287889,
              43.09721708118279
            ],
            [
              -87.97336971168865,
              43.09719768162202
            ]
          ]
        ]
      }
    },
    {
      "type": "Feature",
      "properties": {
        "placeFips": "5553000",
        "city": "Milwaukee",
        "state": "WI",
        "boundaryType": "ward",
        "district": "65",
        "name": "65"
      },
      "geometry": {
        "type": "Polygon",
        "coordinates": [
          [
            [
              -87.98673679352297,
              43.09922441662176
            ],
            [
              -87.98675314859261,
              43.0981273667729
            ],
            [
              -87.9854556663828,
              43.09710357558241
            ],
            [
              -87.98506704648008,
              43.09725863990091
            ],
            [
              -87.97688780301436,
              43.09720807876649
            ],
            [
              -87.97682268133744,
              43.09991679764204
            ],
            [
              -87.97529021188652,
              43.099586767556566
            ],
            [
              -87.974895984466,
              43.09947691296096
            ],
            [
              -87.97451163164087,
              43.09931063275586
            ],
            [
              -87.97414256335973,
              43.09908418661079
            ],
            [
              -87.97350421744954,
              43.0985304153459
            ],
            [
              -87.97333768311486,
              43.09860495383648
            ],
            [
              -87.97319838082232,
              43.10464182383743
            ],
            [
              -87.9864808407383,
              43.10470354397752
            ],
            [
              -87.98667568054115,
              43.103686655698496
            ],
            [
              -87.98673679352297,
              43.09922441662176
            ]
          ]
        ]
      }
    },
    {
      "type": "Feature",
      "properties": {
        "placeFips": "5553000",
        "city": "Milwaukee",
        "state": "WI",
        "boundaryType": "ward",
        "district": "66",
        "name": "66"
      },
      "geometry": {
        "type": "Polygon",
        "coordinates": [
          [
            [
              -87.9854556663828,
              43.09710357558241
            ],
            [
              -87.97774705606781,
              43.09100196509484
            ],
            [
              -87.97704652110198,
              43.090466282571974
            ],
            [
              -87.97706039671425,
              43.089876772575394
            ],
            [
              -87.97235971822232,
              43.089843611591085
            ],
            [
              -87.97221444742486,
              43.09688014452774
            ],
            [
              -87.97336971168865,
              43.09719768162202
            ],
            [
              -87.98506704648008,
              43.09725863990091
            ],
            [
              -87.9854556663828,
              43.09710357558241
            ]
          ]
        ]
      }
    },
    {
      "type": "Feature",
      "properties": {
        "placeFips": "5553000",
        "city": "Milwaukee",
        "state": "WI",
        "boundaryType": "ward",
        "district": "67",
        "name": "67"
      },
      "geometry": {
        "type": "Polygon",
        "coordinates": [
          [
            [
              -87.98574872348759,
              43.09733514915248
            ],
            [
              -87.98675314859261,
              43.0981273667729
            ],
            [
              -87.98677528424847,
              43.09689559042178
            ],
            [
              -87.9874451178184,
              43.0972626468617
            ],
            [
              -87.99691548154772,
              43.097258430937835
            ],
            [
              -87.99706780346372,
              43.08994511892274
            ],
            [
              -87.99583411455693,
              43.08994854792966
            ],
            [
              -87.99587107708092,
              43.08808936753538
            ],
            [
              -87.98697455121078,
              43.08810953717927
            ],
            [
              -87.9869215997946,
              43.08997267126402
            ],
            [
              -87.97706039671425,
              43.089876772575394
            ],
            [
              -87.97704652110198,
              43.090466282571974
            ],
            [
              -87.97774705606781,
              43.09100196509484
            ],
            [
              -87.98574872348759,
              43.09733514915248
            ]
          ]
        ]
      }
    },
    {
      "type": "Feature",
      "properties": {
        "placeFips": "5553000",
        "city": "Milwaukee",
        "state": "WI",
        "boundaryType": "ward",
        "district": "68",
        "name": "68"
      },
      "geometry": {
        "type": "Polygon",
        "coordinates": [
          [
            [
              -87.99441530426212,
              43.09916714358803
            ],
            [
              -87.99444987235134,
              43.09725956394398
            ],
            [
              -87.9874451178184,
              43.0972626468617
            ],
            [
              -87.98677528424847,
              43.09689559042178
            ],
            [
              -87.98667568054115,
              43.103686655698496
            ],
            [
              -87.9864808407383,
              43.10470354397752
            ],
            [
              -87.99507627398222,
              43.10484684774445
            ],
            [
              -87.99150986228152,
              43.1019607773891
            ],
            [
              -87.99288872830644,
              43.10101830757439
            ],
            [
              -87.99310926686609,
              43.10092781927385
            ],
            [
              -87.99340872523442,
              43.1008824124665
            ],
            [
              -87.99438441724439,
              43.100871066374864
            ],
            [
              -87.99441530426212,
              43.09916714358803
            ]
          ]
        ]
      }
    },
    {
      "type": "Feature",
      "properties": {
        "placeFips": "5553000",
        "city": "Milwaukee",
        "state": "WI",
        "boundaryType": "ward",
        "district": "69",
        "name": "69"
      },
      "geometry": {
        "type": "Polygon",
        "coordinates": [
          [
            [
              -88.00067479269028,
              43.097239890044285
            ],
            [
              -88.00065531210136,
              43.09543244512399
            ],
            [
              -87.99695318653724,
              43.09544677207303
            ],
            [
              -87.99691548154772,
              43.097258430937835
            ],
            [
              -87.99444987235134,
              43.09725956394398
            ],
            [
              -87.99438441724439,
              43.100871066374864
            ],
            [
              -87.99340872523442,
              43.1008824124665
            ],
            [
              -87.99310926686609,
              43.10092781927385
            ],
            [
              -87.99288872830644,
              43.10101830757439
            ],
            [
              -87.99150986228152,
              43.1019607773891
            ],
            [
              -87.99507627398222,
              43.10484684774445
            ],
            [
              -87.99942171484614,
              43.104905827616946
            ],
            [
              -87.99944196183256,
              43.09916064088906
            ],
            [
              -88.00068099700852,
              43.09915458470339
            ],
            [
              -88.00067479269028,
              43.097239890044285
            ]
          ]
        ]
      }
    },
    {
      "type": "Feature",
      "properties": {
        "placeFips": "5553000",
        "city": "Milwaukee",
        "state": "WI",
        "boundaryType": "ward",
        "district": "70",
        "name": "70"
      },
      "geometry": {
        "type": "Polygon",
        "coordinates": [
          [
            [
              -88.00709552725918,
              43.09720790130704
            ],
            [
              -88.00713061953532,
              43.09539616576585
            ],
            [
              -88.00065531210136,
              43.09543244512399
            ],
            [
              -88.00068099700852,
              43.09915458470339
            ],
            [
              -87.99944196183256,
              43.09916064088906
            ],
            [
              -87.99942171484614,
              43.104905827616946
            ],
            [
              -88.0064899381712,
              43.104997634112664
            ],
            [
              -88.00686956454676,
              43.103719663780076
            ],
            [
              -88.0069423173281,
              43.103033318226196
            ],
            [
              -88.00709552725918,
              43.09720790130704
            ]
          ]
        ]
      }
    },
    {
      "type": "Feature",
      "properties": {
        "placeFips": "5553000",
        "city": "Milwaukee",
        "state": "WI",
        "boundaryType": "ward",
        "district": "71",
        "name": "71"
      },
      "geometry": {
        "type": "Polygon",
        "coordinates": [
          [
            [
              -88.00721810219787,
              43.090881501903155
            ],
            [
              -88.00723675911793,
              43.0899185503387
            ],
            [
              -87.99706780346372,
              43.08994511892274
            ],
            [
              -87.99695318653724,
              43.09544677207303
            ],
            [
              -88.00713061953532,
              43.09539616576585
            ],
            [
              -88.00721810219787,
              43.090881501903155
            ]
          ]
        ]
      }
    },
    {
      "type": "Feature",
      "properties": {
        "placeFips": "5553000",
        "city": "Milwaukee",
        "state": "WI",
        "boundaryType": "ward",
        "district": "72",
        "name": "72"
      },
      "geometry": {
        "type": "Polygon",
        "coordinates": [
          [
            [
              -88.01753440243259,
              43.09174105797143
            ],
            [
              -88.0175818529468,
              43.089809052947665
            ],
            [
              -88.01627163265088,
              43.089847046238035
            ],
            [
              -88.00723675911793,
              43.0899185503387
            ],
            [
              -88.00716283788616,
              43.093733585495265
            ],
            [
              -88.00794869573336,
              43.09470167648335
            ],
            [
              -88.00920094723716,
              43.09418681259252
            ],
            [
              -88.010438566468,
              43.09573955883915
            ],
            [
              -88.01061166958547,
              43.095917945588546
            ],
            [
              -88.0109550901932,
              43.096086695473325
            ],
            [
              -88.01120070342735,
              43.096146088493285
            ],
            [
              -88.01134684359965,
              43.096161538623555
            ],
            [
              -88.01223207366084,
              43.0961569116654
            ],
            [
              -88.01220069605003,
              43.09714937465183
            ],
            [
              -88.01739495067606,
              43.09708959299767
            ],
            [
              -88.01753440243259,
              43.09174105797143
            ]
          ]
        ]
      }
    },
    {
      "type": "Feature",
      "properties": {
        "placeFips": "5553000",
        "city": "Milwaukee",
        "state": "WI",
        "boundaryType": "ward",
        "district": "73",
        "name": "73"
      },
      "geometry": {
        "type": "Polygon",
        "coordinates": [
          [
            [
              -88.00726221597736,
              43.10499670585663
            ],
            [
              -88.0117944988008,
              43.10498660386304
            ],
            [
              -88.01188639550024,
              43.10156991846131
            ],
            [
              -88.00990362104812,
              43.09908876959847
            ],
            [
              -88.01215679968287,
              43.098108121576125
            ],
            [
              -88.01223207366084,
              43.0961569116654
            ],
            [
              -88.01134684359965,
              43.096161538623555
            ],
            [
              -88.01120070342735,
              43.096146088493285
            ],
            [
              -88.0109550901932,
              43.096086695473325
            ],
            [
              -88.01061166958547,
              43.095917945588546
            ],
            [
              -88.010438566468,
              43.09573955883915
            ],
            [
              -88.00920094723716,
              43.09418681259252
            ],
            [
              -88.00794869573336,
              43.09470167648335
            ],
            [
              -88.00716283788616,
              43.093733585495265
            ],
            [
              -88.00709552725918,
              43.09720790130704
            ],
            [
              -88.0069423173281,
              43.103033318226196
            ],
            [
              -88.00686956454676,
              43.103719663780076
            ],
            [
              -88.0064899381712,
              43.104997634112664
            ],
            [
              -88.00726221597736,
              43.10499670585663
            ]
          ]
        ]
      }
    },
    {
      "type": "Feature",
      "properties": {
        "placeFips": "5553000",
        "city": "Milwaukee",
        "state": "WI",
        "boundaryType": "ward",
        "district": "74",
        "name": "74"
      },
      "geometry": {
        "type": "Polygon",
        "coordinates": [
          [
            [
              -88.01239269561864,
              43.10498705190364
            ],
            [
              -88.01719525942666,
              43.104983524679646
            ],
            [
              -88.01739495067606,
              43.09708959299767
            ],
            [
              -88.01220069605003,
              43.09714937465183
            ],
            [
              -88.01215679968287,
              43.098108121576125
            ],
            [
              -88.00990362104812,
              43.09908876959847
            ],
            [
              -88.01188639550024,
              43.10156991846131
            ],
            [
              -88.0117944988008,
              43.10498660386304
            ],
            [
              -88.01239269561864,
              43.10498705190364
            ]
          ]
        ]
      }
    },
    {
      "type": "Feature",
      "properties": {
        "placeFips": "5553000",
        "city": "Milwaukee",
        "state": "WI",
        "boundaryType": "ward",
        "district": "75",
        "name": "75"
      },
      "geometry": {
        "type": "Polygon",
        "coordinates": [
          [
            [
              -88.01744651906672,
              43.097089051460195
            ],
            [
              -88.0173949274523,
              43.097090611865184
            ],
            [
              -88.01719525942666,
              43.104983524679646
            ],
            [
              -88.0275184380812,
              43.10495688020798
            ],
            [
              -88.02764436001164,
              43.096981469203605
            ],
            [
              -88.01744651906672,
              43.097089051460195
            ]
          ]
        ]
      }
    },
    {
      "type": "Feature",
      "properties": {
        "placeFips": "5553000",
        "city": "Milwaukee",
        "state": "WI",
        "boundaryType": "ward",
        "district": "76",
        "name": "76"
      },
      "geometry": {
        "type": "Polygon",
        "coordinates": [
          [
            [
              -88.02767680380407,
              43.09433866969177
            ],
            [
              -88.02771685108058,
              43.089676828807974
            ],
            [
              -88.0175818529468,
              43.089809052947665
            ],
            [
              -88.01739495067606,
              43.09708959299767
            ],
            [
              -88.02764436001164,
              43.096981469203605
            ],
            [
              -88.02767680380407,
              43.09433866969177
            ]
          ]
        ]
      }
    },
    {
      "type": "Feature",
      "properties": {
        "placeFips": "5553000",
        "city": "Milwaukee",
        "state": "WI",
        "boundaryType": "ward",
        "district": "77",
        "name": "77"
      },
      "geometry": {
        "type": "Polygon",
        "coordinates": [
          [
            [
              -88.03736034240808,
              43.093908822815486
            ],
            [
              -88.03699632926475,
              43.09411445738628
            ],
            [
              -88.03698810324555,
              43.09517707602317
            ],
            [
              -88.03749340190522,
              43.09517619482712
            ],
            [
              -88.03749261686691,
              43.095380091376164
            ],
            [
              -88.0369900400015,
              43.09537876940666
            ],
            [
              -88.03698415246231,
              43.09612119929321
            ],
            [
              -88.03749013259645,
              43.096121569607575
            ],
            [
              -88.0374893653409,
              43.09634939940565
            ],
            [
              -88.03698265574454,
              43.09635366356586
            ],
            [
              -88.03697926698572,
              43.09684627566146
            ],
            [
              -88.03634981379811,
              43.09684657158239
            ],
            [
              -88.03636771820513,
              43.09516959102565
            ],
            [
              -88.03535998828987,
              43.09516374706479
            ],
            [
              -88.03483359341413,
              43.09466692672553
            ],
            [
              -88.03087701688729,
              43.09688392110603
            ],
            [
              -88.03065359741099,
              43.096948924793395
            ],
            [
              -88.0309965690842,
              43.09764500026004
            ],
            [
              -88.0309918925933,
              43.098001800134575
            ],
            [
              -88.03764105623496,
              43.09799709662272
            ],
            [
              -88.03764038440484,
              43.098067189326784
            ],
            [
              -88.04266031043035,
              43.09806238696886
            ],
            [
              -88.04264600809931,
              43.096965479170834
            ],
            [
              -88.04270281470414,
              43.090661878224225
            ],
            [
              -88.04331050788652,
              43.090213845210656
            ],
            [
              -88.04770334984593,
              43.09022963967765
            ],
            [
              -88.04770300202867,
              43.0896698296788
            ],
            [
              -88.03947479992195,
              43.08968237458355
            ],
            [
              -88.02768371772024,
              43.085022163817726
            ],
            [
              -88.027710223746,
              43.09019219528798
            ],
            [
              -88.02964559776609,
              43.090196033142824
            ],
            [
              -88.029639455436,
              43.090666597817716
            ],
            [
              -88.03086666302211,
              43.090670335847996
            ],
            [
              -88.03085816139061,
              43.09154537969597
            ],
            [
              -88.03147183371641,
              43.09154260545317
            ],
            [
              -88.03147257400497,
              43.090638539470795
            ],
            [
              -88.03159186132962,
              43.09063898009957
            ],
            [
              -88.03159579382857,
              43.08984356734062
            ],
            [
              -88.03302484234143,
              43.08984613328289
            ],
            [
              -88.03302097108308,
              43.09017944369104
            ],
            [
              -88.0327166011657,
              43.090178666957534
            ],
            [
              -88.03270493608292,
              43.091404312121426
            ],
            [
              -88.033374880844,
              43.09140357450593
            ],
            [
              -88.0333749441999,
              43.091354106875855
            ],
            [
              -88.03404623014735,
              43.091353705436916
            ],
            [
              -88.03404653521942,
              43.09130973091084
            ],
            [
              -88.03410058953784,
              43.09130969846477
            ],
            [
              -88.0341016157295,
              43.09119192950288
            ],
            [
              -88.03471537315279,
              43.09119256626874
            ],
            [
              -88.03471779415376,
              43.090957526359404
            ],
            [
              -88.03543657220514,
              43.09095748395161
            ],
            [
              -88.0354394299327,
              43.0901935344785
            ],
            [
              -88.03580058013046,
              43.09020162909051
            ],
            [
              -88.03579751643285,
              43.090725778729826
            ],
            [
              -88.0366761810849,
              43.09073860753586
            ],
            [
              -88.03707095076801,
              43.090824633376016
            ],
            [
              -88.03710140244418,
              43.09084540615724
            ],
            [
              -88.0371012507131,
              43.09141159299404
            ],
            [
              -88.03752787706043,
              43.091413658352394
            ],
            [
              -88.03752332895635,
              43.09185677473224
            ],
            [
              -88.03709638456598,
              43.09185598520856
            ],
            [
              -88.0370873323383,
              43.0927501369739
            ],
            [
              -88.03654893544315,
              43.09305186454349
            ],
            [
              -88.03740967798399,
              43.09388095307725
            ],
            [
              -88.03736034240808,
              43.093908822815486
            ]
          ]
        ]
      }
    },
    {
      "type": "Feature",
      "properties": {
        "placeFips": "5553000",
        "city": "Milwaukee",
        "state": "WI",
        "boundaryType": "ward",
        "district": "78",
        "name": "78"
      },
      "geometry": {
        "type": "Polygon",
        "coordinates": [
          [
            [
              -88.03105594144218,
              43.08234582321116
            ],
            [
              -88.02993914222172,
              43.082357647176785
            ],
            [
              -88.02995271710618,
              43.084195154762085
            ],
            [
              -88.0299255192211,
              43.08436568083139
            ],
            [
              -88.02989174843525,
              43.084461783659016
            ],
            [
              -88.0297295450148,
              43.0847348194283
            ],
            [
              -88.02835075028139,
              43.084187879366695
            ],
            [
              -88.02767777409666,
              43.08418797443279
            ],
            [
              -88.02768371772024,
              43.085022163817726
            ],
            [
              -88.03823553229948,
              43.089197480263714
            ],
            [
              -88.03825315432371,
              43.087724897032096
            ],
            [
              -88.03772712588922,
              43.08772435890506
            ],
            [
              -88.03773227408243,
              43.08679544755234
            ],
            [
              -88.03837649301634,
              43.08679822834986
            ],
            [
              -88.038382699533,
              43.08592303952283
            ],
            [
              -88.03773712165591,
              43.08592070609705
            ],
            [
              -88.03773835603789,
              43.085698191204756
            ],
            [
              -88.03838426872713,
              43.085700928414745
            ],
            [
              -88.03838740353743,
              43.08525907511157
            ],
            [
              -88.03774080096876,
              43.08525635206122
            ],
            [
              -88.03774138831747,
              43.08514962092182
            ],
            [
              -88.03838815811073,
              43.085152342367316
            ],
            [
              -88.03840213945524,
              43.08411066512113
            ],
            [
              -88.03546212648499,
              43.08412587162867
            ],
            [
              -88.03546723580571,
              43.08294596495301
            ],
            [
              -88.03554485005073,
              43.08229818391273
            ],
            [
              -88.03105594144218,
              43.08234582321116
            ]
          ]
        ]
      }
    },
    {
      "type": "Feature",
      "properties": {
        "placeFips": "5553000",
        "city": "Milwaukee",
        "state": "WI",
        "boundaryType": "ward",
        "district": "79",
        "name": "79"
      },
      "geometry": {
        "type": "Polygon",
        "coordinates": [
          [
            [
              -88.03892109940001,
              43.08226350352055
            ],
            [
              -88.03890506040418,
              43.07956100187325
            ],
            [
              -88.0387392910356,
              43.07891373083217
            ],
            [
              -88.03791129492119,
              43.07885963785836
            ],
            [
              -88.0379092364564,
              43.07869028411047
            ],
            [
              -88.03687891519348,
              43.07868730119412
            ],
            [
              -88.03687205070104,
              43.078411839845664
            ],
            [
              -88.03586127806953,
              43.07815331964479
            ],
            [
              -88.03522982579297,
              43.07776817560441
            ],
            [
              -88.03481400656696,
              43.07808936709146
            ],
            [
              -88.03546243809488,
              43.0784970882053
            ],
            [
              -88.03549543561108,
              43.078563040553085
            ],
            [
              -88.0354995992819,
              43.07869561196672
            ],
            [
              -88.03478908481631,
              43.07869988665985
            ],
            [
              -88.03479106811636,
              43.07845994431078
            ],
            [
              -88.03448807743757,
              43.07829510819641
            ],
            [
              -88.03426440519259,
              43.07829591040898
            ],
            [
              -88.03418567745125,
              43.07812646819631
            ],
            [
              -88.03455579004344,
              43.077892671563646
            ],
            [
              -88.03462558894522,
              43.07794797854652
            ],
            [
              -88.03505450015948,
              43.0776377773731
            ],
            [
              -88.03475452175512,
              43.07738209529344
            ],
            [
              -88.03461303863322,
              43.07724018466739
            ],
            [
              -88.0342342044403,
              43.07679724312069
            ],
            [
              -88.03410705195041,
              43.076601973210025
            ],
            [
              -88.03386454866809,
              43.07613034290345
            ],
            [
              -88.03431868727735,
              43.076026009185995
            ],
            [
              -88.03446549805446,
              43.076333100570615
            ],
            [
              -88.0346020323718,
              43.076547297661065
            ],
            [
              -88.03588722096126,
              43.07608477525758
            ],
            [
              -88.03572749017367,
              43.07580687029918
            ],
            [
              -88.03561847897095,
              43.07551650107874
            ],
            [
              -88.03774872734847,
              43.0755037527519
            ],
            [
              -88.03829405222679,
              43.07531624510274
            ],
            [
              -88.0383874119691,
              43.07515206506596
            ],
            [
              -88.03837297420499,
              43.07475340653403
            ],
            [
              -88.03554207272896,
              43.07479562849934
            ],
            [
              -88.03554247138813,
              43.07403631865785
            ],
            [
              -88.03550408761612,
              43.073578431824316
            ],
            [
              -88.03546082641888,
              43.0732963531021
            ],
            [
              -88.03525188652573,
              43.072380563329034
            ],
            [
              -88.0352272433632,
              43.07217996392315
            ],
            [
              -88.03522700829421,
              43.07197218649512
            ],
            [
              -88.03528601874496,
              43.07158498543045
            ],
            [
              -88.03536909073814,
              43.07133837456091
            ],
            [
              -88.0354832165793,
              43.071127739242826
            ],
            [
              -88.0356232789263,
              43.07094510880605
            ],
            [
              -88.03583958649997,
              43.07072836135705
            ],
            [
              -88.03622173888623,
              43.070405636704834
            ],
            [
              -88.03643476652162,
              43.07017834534119
            ],
            [
              -88.03658825697137,
              43.06997465882961
            ],
            [
              -88.03671005372297,
              43.069711917200344
            ],
            [
              -88.03676604083785,
              43.06953734750282
            ],
            [
              -88.03685012451702,
              43.069151549942575
            ],
            [
              -88.03688038123904,
              43.068830858170834
            ],
            [
              -88.03883926815347,
              43.06878911789078
            ],
            [
              -88.03882559935735,
              43.06758206817631
            ],
            [
              -88.03740982305493,
              43.06760248885572
            ],
            [
              -88.03740005844489,
              43.067537594124914
            ],
            [
              -88.0373774528429,
              43.06750334048337
            ],
            [
              -88.03722640035036,
              43.067389076052415
            ],
            [
              -88.03719037321503,
              43.067345438110095
            ],
            [
              -88.03715239137632,
              43.0672459344316
            ],
            [
              -88.03714991931042,
              43.06712588454026
            ],
            [
              -88.0275242981691,
              43.06726200173213
            ],
            [
              -88.02766491089645,
              43.08238169432035
            ],
            [
              -88.03776785975175,
              43.08227452868911
            ],
            [
              -88.03776739012254,
              43.08233485008076
            ],
            [
              -88.03841202816285,
              43.08232980686363
            ],
            [
              -88.03840862449547,
              43.08226655990163
            ],
            [
              -88.03892109940001,
              43.08226350352055
            ]
          ]
        ]
      }
    },
    {
      "type": "Feature",
      "properties": {
        "placeFips": "5553000",
        "city": "Milwaukee",
        "state": "WI",
        "boundaryType": "ward",
        "district": "80",
        "name": "80"
      },
      "geometry": {
        "type": "Polygon",
        "coordinates": [
          [
            [
              -88.02768371772024,
              43.085022163817726
            ],
            [
              -88.02762717136775,
              43.07873942921351
            ],
            [
              -88.01496098304595,
              43.078927105488646
            ],
            [
              -88.01497471764999,
              43.079797271281535
            ],
            [
              -88.01495778205039,
              43.07988480810753
            ],
            [
              -88.01492446062032,
              43.079967669544125
            ],
            [
              -88.01468921420101,
              43.08028611895104
            ],
            [
              -88.01753211140031,
              43.08120600699009
            ],
            [
              -88.01978811467855,
              43.081966686726545
            ],
            [
              -88.02131406514026,
              43.08245941036798
            ],
            [
              -88.0225980114386,
              43.08298991985753
            ],
            [
              -88.02768371772024,
              43.085022163817726
            ]
          ]
        ]
      }
    },
    {
      "type": "Feature",
      "properties": {
        "placeFips": "5553000",
        "city": "Milwaukee",
        "state": "WI",
        "boundaryType": "ward",
        "district": "81",
        "name": "81"
      },
      "geometry": {
        "type": "Polygon",
        "coordinates": [
          [
            [
              -88.02762717136775,
              43.07873942921351
            ],
            [
              -88.02758812027353,
              43.075054085027595
            ],
            [
              -88.01746176713625,
              43.07520640856751
            ],
            [
              -88.01366048606813,
              43.07524968384086
            ],
            [
              -88.0135616769277,
              43.07541938164332
            ],
            [
              -88.01353506170173,
              43.07580547248534
            ],
            [
              -88.01352986638248,
              43.077222863474496
            ],
            [
              -88.01349577888635,
              43.07933661860622
            ],
            [
              -88.01347604463322,
              43.07952957069369
            ],
            [
              -88.01342469552702,
              43.07970170061196
            ],
            [
              -88.01332973295114,
              43.0798461942669
            ],
            [
              -88.01468921420101,
              43.08028611895104
            ],
            [
              -88.01492446062032,
              43.079967669544125
            ],
            [
              -88.01495778205039,
              43.07988480810753
            ],
            [
              -88.01497471764999,
              43.079797271281535
            ],
            [
              -88.01496098304595,
              43.078927105488646
            ],
            [
              -88.02762717136775,
              43.07873942921351
            ]
          ]
        ]
      }
    },
    {
      "type": "Feature",
      "properties": {
        "placeFips": "5553000",
        "city": "Milwaukee",
        "state": "WI",
        "boundaryType": "ward",
        "district": "82",
        "name": "82"
      },
      "geometry": {
        "type": "Polygon",
        "coordinates": [
          [
            [
              -88.02372118729502,
              43.083438666859266
            ],
            [
              -88.0232255894503,
              43.08324065997244
            ],
            [
              -88.02261862402125,
              43.08426311885723
            ],
            [
              -88.02261816138576,
              43.08609174446223
            ],
            [
              -88.02264947632062,
              43.08974086148225
            ],
            [
              -88.02771685108058,
              43.089676828807974
            ],
            [
              -88.02768371772024,
              43.085022163817726
            ],
            [
              -88.02372118729502,
              43.083438666859266
            ]
          ]
        ]
      }
    },
    {
      "type": "Feature",
      "properties": {
        "placeFips": "5553000",
        "city": "Milwaukee",
        "state": "WI",
        "boundaryType": "ward",
        "district": "83",
        "name": "83"
      },
      "geometry": {
        "type": "Polygon",
        "coordinates": [
          [
            [
              -88.02758812027353,
              43.075054085027595
            ],
            [
              -88.02752437160065,
              43.06728374716931
            ],
            [
              -88.01495047896088,
              43.06746215219054
            ],
            [
              -88.01494839789387,
              43.06793665327539
            ],
            [
              -88.01491679323165,
              43.068058379737
            ],
            [
              -88.01491219023126,
              43.06876526482828
            ],
            [
              -88.01495705660267,
              43.06884324151522
            ],
            [
              -88.01489816250997,
              43.075235605131994
            ],
            [
              -88.02758812027353,
              43.075054085027595
            ]
          ]
        ]
      }
    },
    {
      "type": "Feature",
      "properties": {
        "placeFips": "5553000",
        "city": "Milwaukee",
        "state": "WI",
        "boundaryType": "ward",
        "district": "84",
        "name": "84"
      },
      "geometry": {
        "type": "Polygon",
        "coordinates": [
          [
            [
              -87.97486734972186,
              43.07569454118953
            ],
            [
              -87.97478629014374,
              43.075243393025154
            ],
            [
              -87.96736590309769,
              43.075192289181736
            ],
            [
              -87.96442297347414,
              43.07519706995324
            ],
            [
              -87.96436466348126,
              43.079116831275314
            ],
            [
              -87.96729589395895,
              43.079119567991896
            ],
            [
              -87.96860793865274,
              43.07914489866863
            ],
            [
              -87.9748078759921,
              43.0791936891566
            ],
            [
              -87.97486734972186,
              43.07569454118953
            ]
          ]
        ]
      }
    },
    {
      "type": "Feature",
      "properties": {
        "placeFips": "5553000",
        "city": "Milwaukee",
        "state": "WI",
        "boundaryType": "ward",
        "district": "85",
        "name": "85"
      },
      "geometry": {
        "type": "Polygon",
        "coordinates": [
          [
            [
              -88.01332973295114,
              43.0798461942669
            ],
            [
              -88.01342469552702,
              43.07970170061196
            ],
            [
              -88.01347604463322,
              43.07952957069369
            ],
            [
              -88.01349577888635,
              43.07933661860622
            ],
            [
              -88.01352986638248,
              43.077222863474496
            ],
            [
              -88.01353506170173,
              43.07580547248534
            ],
            [
              -88.0135616769277,
              43.07541938164332
            ],
            [
              -88.01366048606813,
              43.07524968384086
            ],
            [
              -88.01489816250997,
              43.075235605131994
            ],
            [
              -88.01495705660267,
              43.06884324151522
            ],
            [
              -88.01491219023126,
              43.06876526482828
            ],
            [
              -88.01491679323165,
              43.068058379737
            ],
            [
              -88.01494839789387,
              43.06793665327539
            ],
            [
              -88.01495047896088,
              43.06746215219054
            ],
            [
              -88.00802462403684,
              43.06757307643277
            ],
            [
              -88.00802553502608,
              43.067616700690564
            ],
            [
              -88.00744119424361,
              43.06762712200667
            ],
            [
              -88.00735993071176,
              43.07792456302687
            ],
            [
              -88.01332973295114,
              43.0798461942669
            ]
          ]
        ]
      }
    },
    {
      "type": "Feature",
      "properties": {
        "placeFips": "5553000",
        "city": "Milwaukee",
        "state": "WI",
        "boundaryType": "ward",
        "district": "86",
        "name": "86"
      },
      "geometry": {
        "type": "Polygon",
        "coordinates": [
          [
            [
              -88.00860738274311,
              43.07831786798669
            ],
            [
              -88.00735993071176,
              43.07792456302687
            ],
            [
              -88.00729817701784,
              43.08444812995908
            ],
            [
              -88.02011989651615,
              43.084298254026656
            ],
            [
              -88.02010686385641,
              43.082474505632206
            ],
            [
              -88.02131406514026,
              43.08245941036798
            ],
            [
              -88.01978811467855,
              43.081966686726545
            ],
            [
              -88.01753211140031,
              43.08120600699009
            ],
            [
              -88.00860738274311,
              43.07831786798669
            ]
          ]
        ]
      }
    },
    {
      "type": "Feature",
      "properties": {
        "placeFips": "5553000",
        "city": "Milwaukee",
        "state": "WI",
        "boundaryType": "ward",
        "district": "87",
        "name": "87"
      },
      "geometry": {
        "type": "Polygon",
        "coordinates": [
          [
            [
              -88.00855512665244,
              43.08990816278493
            ],
            [
              -88.01627163265088,
              43.089847046238035
            ],
            [
              -88.0175818529468,
              43.089809052947665
            ],
            [
              -88.02011711209943,
              43.08977496556534
            ],
            [
              -88.0201322021281,
              43.08862233423592
            ],
            [
              -88.02011989651615,
              43.084298254026656
            ],
            [
              -88.00729817701784,
              43.08444812995908
            ],
            [
              -88.00723675911793,
              43.0899185503387
            ],
            [
              -88.00855512665244,
              43.08990816278493
            ]
          ]
        ]
      }
    },
    {
      "type": "Feature",
      "properties": {
        "placeFips": "5553000",
        "city": "Milwaukee",
        "state": "WI",
        "boundaryType": "ward",
        "district": "88",
        "name": "88"
      },
      "geometry": {
        "type": "Polygon",
        "coordinates": [
          [
            [
              -87.98697455121078,
              43.08810953717927
            ],
            [
              -87.99587107708092,
              43.08808936753538
            ],
            [
              -87.99583411455693,
              43.08994854792966
            ],
            [
              -88.00723675911793,
              43.0899185503387
            ],
            [
              -88.00729817701784,
              43.08444812995908
            ],
            [
              -88.00186660035192,
              43.08445939007271
            ],
            [
              -88.00023971551558,
              43.085141521495146
            ],
            [
              -87.99753153815168,
              43.081749673971196
            ],
            [
              -87.99547654013604,
              43.08265481821402
            ],
            [
              -87.98713353958131,
              43.08266764530033
            ],
            [
              -87.98697455121078,
              43.08810953717927
            ]
          ]
        ]
      }
    },
    {
      "type": "Feature",
      "properties": {
        "placeFips": "5553000",
        "city": "Milwaukee",
        "state": "WI",
        "boundaryType": "ward",
        "district": "89",
        "name": "89"
      },
      "geometry": {
        "type": "Polygon",
        "coordinates": [
          [
            [
              -87.99307154657595,
              43.071054817307825
            ],
            [
              -87.99204835157944,
              43.07051959624206
            ],
            [
              -87.99199931937018,
              43.07077696357093
            ],
            [
              -87.99198582680683,
              43.072644043141395
            ],
            [
              -87.99196383419621,
              43.07353555737319
            ],
            [
              -87.9904106215767,
              43.07354964042481
            ],
            [
              -87.99024328332648,
              43.07352222206318
            ],
            [
              -87.99238158893964,
              43.07536259808767
            ],
            [
              -87.99753153815168,
              43.081749673971196
            ],
            [
              -88.00023971551558,
              43.085141521495146
            ],
            [
              -88.00186660035192,
              43.08445939007271
            ],
            [
              -88.0072981808771,
              43.084448124624124
            ],
            [
              -88.00741346701493,
              43.071675827725386
            ],
            [
              -88.0060551702005,
              43.071689875568985
            ],
            [
              -88.00217054786921,
              43.07168871379573
            ],
            [
              -88.00195824154493,
              43.07136771639566
            ],
            [
              -88.00181135937979,
              43.071025541603134
            ],
            [
              -88.00176760683894,
              43.07086005437657
            ],
            [
              -88.00170415199952,
              43.07039705729018
            ],
            [
              -88.00152537726548,
              43.07062963979489
            ],
            [
              -88.00126819086523,
              43.070841289202576
            ],
            [
              -88.00108672044279,
              43.070953561432184
            ],
            [
              -88.00069563359153,
              43.07113355187569
            ],
            [
              -88.00029597721999,
              43.07123270709362
            ],
            [
              -88.00001047407073,
              43.07127203695348
            ],
            [
              -87.99964450186766,
              43.07128915462903
            ],
            [
              -87.9973712900833,
              43.071265524592505
            ],
            [
              -87.9973352207661,
              43.07327503584401
            ],
            [
              -87.99307154657595,
              43.071054817307825
            ]
          ]
        ]
      }
    },
    {
      "type": "Feature",
      "properties": {
        "placeFips": "5553000",
        "city": "Milwaukee",
        "state": "WI",
        "boundaryType": "ward",
        "district": "90",
        "name": "90"
      },
      "geometry": {
        "type": "Polygon",
        "coordinates": [
          [
            [
              -87.9935257821529,
              43.06811125379591
            ],
            [
              -87.99352501230864,
              43.06841356779103
            ],
            [
              -87.99350118817841,
              43.06865919761642
            ],
            [
              -87.99342624082239,
              43.06891308105594
            ],
            [
              -87.99334806393804,
              43.06907752769582
            ],
            [
              -87.9932522081135,
              43.06922993163685
            ],
            [
              -87.99310827013748,
              43.06940687730784
            ],
            [
              -87.99204835157944,
              43.07051959624206
            ],
            [
              -87.9973352207661,
              43.07327503584401
            ],
            [
              -87.9973712900833,
              43.071265524592505
            ],
            [
              -87.99964450186766,
              43.07128915462903
            ],
            [
              -88.00001047407073,
              43.07127203695348
            ],
            [
              -88.00029597721999,
              43.07123270709362
            ],
            [
              -88.00069563359153,
              43.07113355187569
            ],
            [
              -88.00108672044279,
              43.070953561432184
            ],
            [
              -88.00126819086523,
              43.070841289202576
            ],
            [
              -88.00152537726548,
              43.07062963979489
            ],
            [
              -88.00170415199952,
              43.07039705729018
            ],
            [
              -88.00176760683894,
              43.07086005437657
            ],
            [
              -88.00181135937979,
              43.071025541603134
            ],
            [
              -88.00195824154493,
              43.07136771639566
            ],
            [
              -88.00217054786921,
              43.07168871379573
            ],
            [
              -88.0060551702005,
              43.071689875568985
            ],
            [
              -88.00741346315647,
              43.07167583306036
            ],
            [
              -88.00742692319118,
              43.06947644757529
            ],
            [
              -88.00242032945727,
              43.06946310767139
            ],
            [
              -88.00244213807379,
              43.06803713108195
            ],
            [
              -87.99352597589254,
              43.068035028138134
            ],
            [
              -87.9935257821529,
              43.06811125379591
            ]
          ]
        ]
      }
    },
    {
      "type": "Feature",
      "properties": {
        "placeFips": "5553000",
        "city": "Milwaukee",
        "state": "WI",
        "boundaryType": "ward",
        "district": "91",
        "name": "91"
      },
      "geometry": {
        "type": "Polygon",
        "coordinates": [
          [
            [
              -87.99753153815168,
              43.081749673971196
            ],
            [
              -87.99238158893964,
              43.07536259808767
            ],
            [
              -87.99024328332648,
              43.07352222206318
            ],
            [
              -87.98735948167783,
              43.07351238137044
            ],
            [
              -87.98732446428261,
              43.07536052297225
            ],
            [
              -87.98713353958131,
              43.08266764530033
            ],
            [
              -87.99547654013604,
              43.08265481821402
            ],
            [
              -87.99753153815168,
              43.081749673971196
            ]
          ]
        ]
      }
    },
    {
      "type": "Feature",
      "properties": {
        "placeFips": "5553000",
        "city": "Milwaukee",
        "state": "WI",
        "boundaryType": "ward",
        "district": "92",
        "name": "92"
      },
      "geometry": {
        "type": "Polygon",
        "coordinates": [
          [
            [
              -87.98735948167783,
              43.07351238137044
            ],
            [
              -87.98739411447494,
              43.0716842537018
            ],
            [
              -87.98626652931279,
              43.07170481111358
            ],
            [
              -87.97978363141463,
              43.07164540879832
            ],
            [
              -87.9797068537732,
              43.07528456715586
            ],
            [
              -87.98732446428261,
              43.07536052297225
            ],
            [
              -87.98735948167783,
              43.07351238137044
            ]
          ]
        ]
      }
    },
    {
      "type": "Feature",
      "properties": {
        "placeFips": "5553000",
        "city": "Milwaukee",
        "state": "WI",
        "boundaryType": "ward",
        "district": "93",
        "name": "93"
      },
      "geometry": {
        "type": "Polygon",
        "coordinates": [
          [
            [
              -87.98731602809389,
              43.07568434249173
            ],
            [
              -87.98732446428261,
              43.07536052297225
            ],
            [
              -87.9797068537732,
              43.07528456715586
            ],
            [
              -87.9796415507204,
              43.07921680601912
            ],
            [
              -87.98020163444056,
              43.079221325844614
            ],
            [
              -87.98079642696827,
              43.07929465197246
            ],
            [
              -87.98075734816045,
              43.08079385701162
            ],
            [
              -87.98091775075399,
              43.08260499699071
            ],
            [
              -87.98713353958131,
              43.08266764530033
            ],
            [
              -87.98731602809389,
              43.07568434249173
            ]
          ]
        ]
      }
    },
    {
      "type": "Feature",
      "properties": {
        "placeFips": "5553000",
        "city": "Milwaukee",
        "state": "WI",
        "boundaryType": "ward",
        "district": "94",
        "name": "94"
      },
      "geometry": {
        "type": "Polygon",
        "coordinates": [
          [
            [
              -87.97970126067997,
              43.07562141609198
            ],
            [
              -87.9797068537732,
              43.07528456715586
            ],
            [
              -87.97732988104597,
              43.07526079598133
            ],
            [
              -87.97567532841823,
              43.075261547428006
            ],
            [
              -87.97478629014374,
              43.075243393025154
            ],
            [
              -87.97486734972186,
              43.07569454118953
            ],
            [
              -87.9747752890085,
              43.081158677056074
            ],
            [
              -87.97471646275605,
              43.08233901320034
            ],
            [
              -87.97477135928605,
              43.08245955843031
            ],
            [
              -87.97454470009455,
              43.082551254100906
            ],
            [
              -87.98091775075399,
              43.08260499699071
            ],
            [
              -87.98075734816045,
              43.08079385701162
            ],
            [
              -87.98079642696827,
              43.07929465197246
            ],
            [
              -87.98020163444056,
              43.079221325844614
            ],
            [
              -87.9796415507204,
              43.07921680601912
            ],
            [
              -87.97970126067997,
              43.07562141609198
            ]
          ]
        ]
      }
    },
    {
      "type": "Feature",
      "properties": {
        "placeFips": "5553000",
        "city": "Milwaukee",
        "state": "WI",
        "boundaryType": "ward",
        "district": "95",
        "name": "95"
      },
      "geometry": {
        "type": "Polygon",
        "coordinates": [
          [
            [
              -87.98697455121078,
              43.08810953717927
            ],
            [
              -87.98702777412763,
              43.086287973978976
            ],
            [
              -87.97713062164313,
              43.08619414323276
            ],
            [
              -87.97706039671425,
              43.089876772575394
            ],
            [
              -87.9869215997946,
              43.08997267126402
            ],
            [
              -87.98697455121078,
              43.08810953717927
            ]
          ]
        ]
      }
    },
    {
      "type": "Feature",
      "properties": {
        "placeFips": "5553000",
        "city": "Milwaukee",
        "state": "WI",
        "boundaryType": "ward",
        "district": "96",
        "name": "96"
      },
      "geometry": {
        "type": "Polygon",
        "coordinates": [
          [
            [
              -87.98702777412763,
              43.086287973978976
            ],
            [
              -87.98713353958131,
              43.08266764530033
            ],
            [
              -87.97466976885526,
              43.08255201035913
            ],
            [
              -87.97459980764462,
              43.08632856124073
            ],
            [
              -87.97130358378064,
              43.088609782912386
            ],
            [
              -87.97107238807136,
              43.08887067914492
            ],
            [
              -87.97106080879982,
              43.089838042448875
            ],
            [
              -87.97706039671425,
              43.089876772575394
            ],
            [
              -87.97713062164313,
              43.08619414323276
            ],
            [
              -87.98702777412763,
              43.086287973978976
            ]
          ]
        ]
      }
    },
    {
      "type": "Feature",
      "properties": {
        "placeFips": "5553000",
        "city": "Milwaukee",
        "state": "WI",
        "boundaryType": "ward",
        "district": "97",
        "name": "97"
      },
      "geometry": {
        "type": "Polygon",
        "coordinates": [
          [
            [
              -87.97466976885526,
              43.08255201035913
            ],
            [
              -87.9672354669789,
              43.082506813365114
            ],
            [
              -87.96710391837634,
              43.08980652418501
            ],
            [
              -87.97106080879982,
              43.089838042448875
            ],
            [
              -87.97107238807136,
              43.08887067914492
            ],
            [
              -87.97130358378064,
              43.088609782912386
            ],
            [
              -87.97459980764462,
              43.08632856124073
            ],
            [
              -87.97466976885526,
              43.08255201035913
            ]
          ]
        ]
      }
    },
    {
      "type": "Feature",
      "properties": {
        "placeFips": "5553000",
        "city": "Milwaukee",
        "state": "WI",
        "boundaryType": "ward",
        "district": "98",
        "name": "98"
      },
      "geometry": {
        "type": "Polygon",
        "coordinates": [
          [
            [
              -87.96717955821906,
              43.085619690091825
            ],
            [
              -87.9671995392126,
              43.084333052613424
            ],
            [
              -87.95716885631641,
              43.084333349335395
            ],
            [
              -87.95709165839654,
              43.08986172468376
            ],
            [
              -87.96710391837634,
              43.08980652418501
            ],
            [
              -87.96717955821906,
              43.085619690091825
            ]
          ]
        ]
      }
    },
    {
      "type": "Feature",
      "properties": {
        "placeFips": "5553000",
        "city": "Milwaukee",
        "state": "WI",
        "boundaryType": "ward",
        "district": "99",
        "name": "99"
      },
      "geometry": {
        "type": "Polygon",
        "coordinates": [
          [
            [
              -87.96515591496532,
              43.07911958816064
            ],
            [
              -87.96436466348126,
              43.079116831275314
            ],
            [
              -87.96433503361884,
              43.08110829916605
            ],
            [
              -87.95721590704491,
              43.08112704213056
            ],
            [
              -87.95716885631641,
              43.084333349335395
            ],
            [
              -87.9671995392126,
              43.084333052613424
            ],
            [
              -87.9672354669789,
              43.082506813365114
            ],
            [
              -87.97454470009455,
              43.082551254100906
            ],
            [
              -87.97477135928605,
              43.08245955843031
            ],
            [
              -87.97471646275605,
              43.08233901320034
            ],
            [
              -87.9747752890085,
              43.081158677056074
            ],
            [
              -87.9748078759921,
              43.0791936891566
            ],
            [
              -87.96860793865274,
              43.07914489866863
            ],
            [
              -87.96729589395895,
              43.079119567991896
            ],
            [
              -87.96515591496532,
              43.07911958816064
            ]
          ]
        ]
      }
    },
    {
      "type": "Feature",
      "properties": {
        "placeFips": "5553000",
        "city": "Milwaukee",
        "state": "WI",
        "boundaryType": "ward",
        "district": "100",
        "name": "100"
      },
      "geometry": {
        "type": "Polygon",
        "coordinates": [
          [
            [
              -87.97483958097742,
              43.07344871002993
            ],
            [
              -87.97487395974584,
              43.07160701993414
            ],
            [
              -87.96741797336932,
              43.07154642923579
            ],
            [
              -87.96447488204316,
              43.07154391902707
            ],
            [
              -87.96445613859734,
              43.07163539347482
            ],
            [
              -87.96442297347414,
              43.07519706995324
            ],
            [
              -87.96736590309769,
              43.075192289181736
            ],
            [
              -87.97478629014374,
              43.075243393025154
            ],
            [
              -87.97483958097742,
              43.07344871002993
            ]
          ]
        ]
      }
    },
    {
      "type": "Feature",
      "properties": {
        "placeFips": "5553000",
        "city": "Milwaukee",
        "state": "WI",
        "boundaryType": "ward",
        "district": "101",
        "name": "101"
      },
      "geometry": {
        "type": "Polygon",
        "coordinates": [
          [
            [
              -87.96447488204316,
              43.07154391902707
            ],
            [
              -87.9573599527733,
              43.07155840949775
            ],
            [
              -87.95721590704491,
              43.08112704213056
            ],
            [
              -87.96433503361884,
              43.08110829916605
            ],
            [
              -87.96442297347414,
              43.07519706995324
            ],
            [
              -87.96445613859734,
              43.07163539347482
            ],
            [
              -87.96447488204316,
              43.07154391902707
            ]
          ]
        ]
      }
    },
    {
      "type": "Feature",
      "properties": {
        "placeFips": "5553000",
        "city": "Milwaukee",
        "state": "WI",
        "boundaryType": "ward",
        "district": "102",
        "name": "102"
      },
      "geometry": {
        "type": "Polygon",
        "coordinates": [
          [
            [
              -87.94725862483732,
              43.07701517122614
            ],
            [
              -87.95301549703152,
              43.07702374221434
            ],
            [
              -87.95326995542182,
              43.08113919713767
            ],
            [
              -87.95721590704491,
              43.08112704213056
            ],
            [
              -87.9573599527733,
              43.07155840949775
            ],
            [
              -87.94734080277033,
              43.07157650229532
            ],
            [
              -87.94725862483732,
              43.07701517122614
            ]
          ]
        ]
      }
    },
    {
      "type": "Feature",
      "properties": {
        "placeFips": "5553000",
        "city": "Milwaukee",
        "state": "WI",
        "boundaryType": "ward",
        "district": "103",
        "name": "103"
      },
      "geometry": {
        "type": "Polygon",
        "coordinates": [
          [
            [
              -87.95720996022482,
              43.08150843552241
            ],
            [
              -87.95721590704491,
              43.08112704213056
            ],
            [
              -87.95326995542182,
              43.08113919713767
            ],
            [
              -87.95301549703152,
              43.07702374221434
            ],
            [
              -87.94725862483732,
              43.07701517122614
            ],
            [
              -87.94713692155356,
              43.08350593265225
            ],
            [
              -87.9470823808555,
              43.0875083702286
            ],
            [
              -87.94700720668814,
              43.089801649850045
            ],
            [
              -87.95709165839654,
              43.08986172468376
            ],
            [
              -87.95720996022482,
              43.08150843552241
            ]
          ]
        ]
      }
    },
    {
      "type": "Feature",
      "properties": {
        "placeFips": "5553000",
        "city": "Milwaukee",
        "state": "WI",
        "boundaryType": "ward",
        "district": "104",
        "name": "104"
      },
      "geometry": {
        "type": "Polygon",
        "coordinates": [
          [
            [
              -87.94700720668814,
              43.089801649850045
            ],
            [
              -87.9470823808555,
              43.0875083702286
            ],
            [
              -87.94712018278352,
              43.084734652801096
            ],
            [
              -87.93716591679414,
              43.08455415954774
            ],
            [
              -87.9370546154877,
              43.08959946629119
            ],
            [
              -87.94700720668814,
              43.089801649850045
            ]
          ]
        ]
      }
    },
    {
      "type": "Feature",
      "properties": {
        "placeFips": "5553000",
        "city": "Milwaukee",
        "state": "WI",
        "boundaryType": "ward",
        "district": "105",
        "name": "105"
      },
      "geometry": {
        "type": "Polygon",
        "coordinates": [
          [
            [
              -87.94712018278352,
              43.084734652801096
            ],
            [
              -87.94713692155356,
              43.08350593265225
            ],
            [
              -87.94466163902723,
              43.08156628585648
            ],
            [
              -87.93735356327457,
              43.07576671298739
            ],
            [
              -87.93716591679414,
              43.08455415954774
            ],
            [
              -87.94712018278352,
              43.084734652801096
            ]
          ]
        ]
      }
    },
    {
      "type": "Feature",
      "properties": {
        "placeFips": "5553000",
        "city": "Milwaukee",
        "state": "WI",
        "boundaryType": "ward",
        "district": "106",
        "name": "106"
      },
      "geometry": {
        "type": "Polygon",
        "coordinates": [
          [
            [
              -87.94725862483732,
              43.07701517122614
            ],
            [
              -87.94729267061274,
              43.075230346929196
            ],
            [
              -87.93736809633872,
              43.075077056385474
            ],
            [
              -87.93735356327457,
              43.07576671298739
            ],
            [
              -87.94466163902723,
              43.08156628585648
            ],
            [
              -87.94713692155356,
              43.08350593265225
            ],
            [
              -87.94725862483732,
              43.07701517122614
            ]
          ]
        ]
      }
    },
    {
      "type": "Feature",
      "properties": {
        "placeFips": "5553000",
        "city": "Milwaukee",
        "state": "WI",
        "boundaryType": "ward",
        "district": "107",
        "name": "107"
      },
      "geometry": {
        "type": "Polygon",
        "coordinates": [
          [
            [
              -87.94729267061274,
              43.075230346929196
            ],
            [
              -87.94734080277033,
              43.07157650229532
            ],
            [
              -87.94609881951071,
              43.07153223830124
            ],
            [
              -87.93867107850454,
              43.07146081261424
            ],
            [
              -87.93861905434676,
              43.07499955146856
            ],
            [
              -87.93878202402878,
              43.07509896424176
            ],
            [
              -87.94729267061274,
              43.075230346929196
            ]
          ]
        ]
      }
    },
    {
      "type": "Feature",
      "properties": {
        "placeFips": "5553000",
        "city": "Milwaukee",
        "state": "WI",
        "boundaryType": "ward",
        "district": "108",
        "name": "108"
      },
      "geometry": {
        "type": "Polygon",
        "coordinates": [
          [
            [
              -87.92923155987644,
              43.071242785929314
            ],
            [
              -87.92754694573894,
              43.071226333137254
            ],
            [
              -87.927397862158,
              43.07787744680103
            ],
            [
              -87.9327349293495,
              43.07797087508189
            ],
            [
              -87.93226280822978,
              43.0761954057867
            ],
            [
              -87.93172557692158,
              43.074981218337456
            ],
            [
              -87.93122818665468,
              43.07377309118274
            ],
            [
              -87.93104498626066,
              43.073218820600026
            ],
            [
              -87.93116639612605,
              43.07316829547909
            ],
            [
              -87.93412665195908,
              43.07320942717793
            ],
            [
              -87.93735356327457,
              43.07576671298739
            ],
            [
              -87.9374249979504,
              43.07143571193659
            ],
            [
              -87.93219073797545,
              43.071367700119815
            ],
            [
              -87.93183219831262,
              43.07138775156062
            ],
            [
              -87.93133784544285,
              43.07131499691813
            ],
            [
              -87.93068939945452,
              43.07126513987219
            ],
            [
              -87.92923155987644,
              43.071242785929314
            ]
          ]
        ]
      }
    },
    {
      "type": "Feature",
      "properties": {
        "placeFips": "5553000",
        "city": "Milwaukee",
        "state": "WI",
        "boundaryType": "ward",
        "district": "109",
        "name": "109"
      },
      "geometry": {
        "type": "Polygon",
        "coordinates": [
          [
            [
              -87.93556216136302,
              43.074349065074806
            ],
            [
              -87.93412665195908,
              43.07320942717793
            ],
            [
              -87.93116639612605,
              43.07316829547909
            ],
            [
              -87.93104498626066,
              43.073218820600026
            ],
            [
              -87.93122818665468,
              43.07377309118274
            ],
            [
              -87.93172557692158,
              43.074981218337456
            ],
            [
              -87.93226280822978,
              43.0761954057867
            ],
            [
              -87.9327349293495,
              43.07797087508189
            ],
            [
              -87.927397862158,
              43.07787744680103
            ],
            [
              -87.9273022284708,
              43.081673746268436
            ],
            [
              -87.93098683036021,
              43.08174190063974
            ],
            [
              -87.9309089850109,
              43.0847062238841
            ],
            [
              -87.93624451133431,
              43.084821983797596
            ],
            [
              -87.93715946789244,
              43.08485723740138
            ],
            [
              -87.93735356327457,
              43.07576671298739
            ],
            [
              -87.93556216136302,
              43.074349065074806
            ]
          ]
        ]
      }
    },
    {
      "type": "Feature",
      "properties": {
        "placeFips": "5553000",
        "city": "Milwaukee",
        "state": "WI",
        "boundaryType": "ward",
        "district": "110",
        "name": "110"
      },
      "geometry": {
        "type": "Polygon",
        "coordinates": [
          [
            [
              -87.93570526127633,
              43.089570236137746
            ],
            [
              -87.9370546154877,
              43.08959946629119
            ],
            [
              -87.93715946789244,
              43.08485723740138
            ],
            [
              -87.93624451133431,
              43.084821983797596
            ],
            [
              -87.9309089850109,
              43.0847062238841
            ],
            [
              -87.93080133726664,
              43.089463881792824
            ],
            [
              -87.93570526127633,
              43.089570236137746
            ]
          ]
        ]
      }
    },
    {
      "type": "Feature",
      "properties": {
        "placeFips": "5553000",
        "city": "Milwaukee",
        "state": "WI",
        "boundaryType": "ward",
        "district": "111",
        "name": "111"
      },
      "geometry": {
        "type": "Polygon",
        "coordinates": [
          [
            [
              -87.92725631969581,
              43.08340383013985
            ],
            [
              -87.92479564731664,
              43.08339611767057
            ],
            [
              -87.9247647392373,
              43.084498389985406
            ],
            [
              -87.92462195474619,
              43.084435843803895
            ],
            [
              -87.92353914968498,
              43.08443031612064
            ],
            [
              -87.92338801231635,
              43.089353771902644
            ],
            [
              -87.9270954875476,
              43.089382106321146
            ],
            [
              -87.93080133726664,
              43.089463881792824
            ],
            [
              -87.93084444059777,
              43.087157851799304
            ],
            [
              -87.93098683036021,
              43.08174190063974
            ],
            [
              -87.9273022284708,
              43.081673746268436
            ],
            [
              -87.92725631969581,
              43.08340383013985
            ]
          ]
        ]
      }
    },
    {
      "type": "Feature",
      "properties": {
        "placeFips": "5553000",
        "city": "Milwaukee",
        "state": "WI",
        "boundaryType": "ward",
        "district": "112",
        "name": "112"
      },
      "geometry": {
        "type": "Polygon",
        "coordinates": [
          [
            [
              -87.92740262727422,
              43.077688412047074
            ],
            [
              -87.92747238875164,
              43.07491856713292
            ],
            [
              -87.9237799505519,
              43.07488687556421
            ],
            [
              -87.9235859212517,
              43.082147135653635
            ],
            [
              -87.92356272516807,
              43.08357588090911
            ],
            [
              -87.92353588262908,
              43.08369222966856
            ],
            [
              -87.92340902692152,
              43.083904571540714
            ],
            [
              -87.9247647392373,
              43.084498389985406
            ],
            [
              -87.92479564731664,
              43.08339611767057
            ],
            [
              -87.92725631969581,
              43.08340383013985
            ],
            [
              -87.92740262727422,
              43.077688412047074
            ]
          ]
        ]
      }
    },
    {
      "type": "Feature",
      "properties": {
        "placeFips": "5553000",
        "city": "Milwaukee",
        "state": "WI",
        "boundaryType": "ward",
        "district": "113",
        "name": "113"
      },
      "geometry": {
        "type": "Polygon",
        "coordinates": [
          [
            [
              -87.92260071474992,
              43.07119590519088
            ],
            [
              -87.92142035749363,
              43.07118730076138
            ],
            [
              -87.92139976629755,
              43.07307500188696
            ],
            [
              -87.9213376406829,
              43.0748658520166
            ],
            [
              -87.92119048814385,
              43.08163185671817
            ],
            [
              -87.92359880224684,
              43.081653479882995
            ],
            [
              -87.9237799505519,
              43.07488687556421
            ],
            [
              -87.92747238875164,
              43.07491856713292
            ],
            [
              -87.92754694573894,
              43.071226333137254
            ],
            [
              -87.92260071474992,
              43.07119590519088
            ]
          ]
        ]
      }
    },
    {
      "type": "Feature",
      "properties": {
        "placeFips": "5553000",
        "city": "Milwaukee",
        "state": "WI",
        "boundaryType": "ward",
        "district": "114",
        "name": "114"
      },
      "geometry": {
        "type": "Polygon",
        "coordinates": [
          [
            [
              -87.92338801231635,
              43.089353771902644
            ],
            [
              -87.92353914968498,
              43.08443031612064
            ],
            [
              -87.92462195474619,
              43.084435843803895
            ],
            [
              -87.92340902692152,
              43.083904571540714
            ],
            [
              -87.92353588262908,
              43.08369222966856
            ],
            [
              -87.92356272516807,
              43.08357588090911
            ],
            [
              -87.92359880224684,
              43.081653479882995
            ],
            [
              -87.91927437291812,
              43.08161616243987
            ],
            [
              -87.91876289740934,
              43.08163065083873
            ],
            [
              -87.91837388783178,
              43.081732050268556
            ],
            [
              -87.91740161063949,
              43.08209776053391
            ],
            [
              -87.91719178812147,
              43.089306923127836
            ],
            [
              -87.92338801231635,
              43.089353771902644
            ]
          ]
        ]
      }
    },
    {
      "type": "Feature",
      "properties": {
        "placeFips": "5553000",
        "city": "Milwaukee",
        "state": "WI",
        "boundaryType": "ward",
        "district": "115",
        "name": "115"
      },
      "geometry": {
        "type": "Polygon",
        "coordinates": [
          [
            [
              -87.91653885799157,
              43.09110327555197
            ],
            [
              -87.91652227422074,
              43.091912196067995
            ],
            [
              -87.91699783251559,
              43.09241468035047
            ],
            [
              -87.91698803987768,
              43.092870958357175
            ],
            [
              -87.91711437882034,
              43.0930079460042
            ],
            [
              -87.91719178812147,
              43.089306923127836
            ],
            [
              -87.91740161063949,
              43.08209776053391
            ],
            [
              -87.90748044342241,
              43.08205121044722
            ],
            [
              -87.90747155279657,
              43.082568833515275
            ],
            [
              -87.91365587951731,
              43.08928646356475
            ],
            [
              -87.91393120324652,
              43.08945753054015
            ],
            [
              -87.91412515808692,
              43.08966192437326
            ],
            [
              -87.91393940603508,
              43.089660692449144
            ],
            [
              -87.9140603212741,
              43.08978794687083
            ],
            [
              -87.91656428658608,
              43.089804641342695
            ],
            [
              -87.91653885799157,
              43.09110327555197
            ]
          ]
        ]
      }
    },
    {
      "type": "Feature",
      "properties": {
        "placeFips": "5553000",
        "city": "Milwaukee",
        "state": "WI",
        "boundaryType": "ward",
        "district": "116",
        "name": "116"
      },
      "geometry": {
        "type": "Polygon",
        "coordinates": [
          [
            [
              -87.90878245827722,
              43.07840573530863
            ],
            [
              -87.90759120844851,
              43.07842318085533
            ],
            [
              -87.90748044342241,
              43.08205121044722
            ],
            [
              -87.91740161063949,
              43.08209776053391
            ],
            [
              -87.91837388783178,
              43.081732050268556
            ],
            [
              -87.91876289740934,
              43.08163065083873
            ],
            [
              -87.91927437291812,
              43.08161616243987
            ],
            [
              -87.92119048814385,
              43.08163185671817
            ],
            [
              -87.92124918287045,
              43.07889585209566
            ],
            [
              -87.91254334700875,
              43.07881944676891
            ],
            [
              -87.91255509784602,
              43.07842134126233
            ],
            [
              -87.90878245827722,
              43.07840573530863
            ]
          ]
        ]
      }
    },
    {
      "type": "Feature",
      "properties": {
        "placeFips": "5553000",
        "city": "Milwaukee",
        "state": "WI",
        "boundaryType": "ward",
        "district": "117",
        "name": "117"
      },
      "geometry": {
        "type": "Polygon",
        "coordinates": [
          [
            [
              -87.92143535180632,
              43.06981302655453
            ],
            [
              -87.92143945074359,
              43.06943723637156
            ],
            [
              -87.91698990200956,
              43.06939888206783
            ],
            [
              -87.91701058008881,
              43.067573585686134
            ],
            [
              -87.91406159397762,
              43.06755278881404
            ],
            [
              -87.91398425769273,
              43.074792587993045
            ],
            [
              -87.91476870252724,
              43.07631136495083
            ],
            [
              -87.9161115960151,
              43.07884279288472
            ],
            [
              -87.92124918287045,
              43.07889585209566
            ],
            [
              -87.9213376406829,
              43.0748658520166
            ],
            [
              -87.92139976629755,
              43.07307500188696
            ],
            [
              -87.92143535180632,
              43.06981302655453
            ]
          ]
        ]
      }
    },
    {
      "type": "Feature",
      "properties": {
        "placeFips": "5553000",
        "city": "Milwaukee",
        "state": "WI",
        "boundaryType": "ward",
        "district": "118",
        "name": "118"
      },
      "geometry": {
        "type": "Polygon",
        "coordinates": [
          [
            [
              -87.91402323903664,
              43.07112361492159
            ],
            [
              -87.91404199145998,
              43.069377570235496
            ],
            [
              -87.90955805534652,
              43.06934659378333
            ],
            [
              -87.90951824206525,
              43.07296550319702
            ],
            [
              -87.90772479818835,
              43.072950350177166
            ],
            [
              -87.907703045146,
              43.074756129370684
            ],
            [
              -87.90759120844851,
              43.07842318085533
            ],
            [
              -87.90878245827722,
              43.07840573530863
            ],
            [
              -87.91255509784602,
              43.07842134126233
            ],
            [
              -87.91254334700875,
              43.07881944676891
            ],
            [
              -87.9161115960151,
              43.07884279288472
            ],
            [
              -87.91476870252724,
              43.07631136495083
            ],
            [
              -87.91398425769273,
              43.074792587993045
            ],
            [
              -87.91402323903664,
              43.07112361492159
            ]
          ]
        ]
      }
    },
    {
      "type": "Feature",
      "properties": {
        "placeFips": "5553000",
        "city": "Milwaukee",
        "state": "WI",
        "boundaryType": "ward",
        "district": "119",
        "name": "119"
      },
      "geometry": {
        "type": "Polygon",
        "coordinates": [
          [
            [
              -87.90127191830656,
              43.081989933328515
            ],
            [
              -87.90127149955045,
              43.08200452817581
            ],
            [
              -87.90748044342241,
              43.08205121044722
            ],
            [
              -87.907703045146,
              43.074756129370684
            ],
            [
              -87.90772479818835,
              43.072950350177166
            ],
            [
              -87.90152683439509,
              43.072927723266275
            ],
            [
              -87.90150628136126,
              43.074733616831445
            ],
            [
              -87.90127191830656,
              43.081989933328515
            ]
          ]
        ]
      }
    },
    {
      "type": "Feature",
      "properties": {
        "placeFips": "5553000",
        "city": "Milwaukee",
        "state": "WI",
        "boundaryType": "ward",
        "district": "120",
        "name": "120"
      },
      "geometry": {
        "type": "Polygon",
        "coordinates": [
          [
            [
              -87.91026288197456,
              43.08976253046488
            ],
            [
              -87.9140603212741,
              43.08978794687083
            ],
            [
              -87.91393940603508,
              43.089660692449144
            ],
            [
              -87.91412515808692,
              43.08966192437326
            ],
            [
              -87.91393120324652,
              43.08945753054015
            ],
            [
              -87.91365587951731,
              43.08928646356475
            ],
            [
              -87.90747155279657,
              43.082568833515275
            ],
            [
              -87.90748044342241,
              43.08205121044722
            ],
            [
              -87.89754210759668,
              43.08197186551174
            ],
            [
              -87.89147373729062,
              43.08194751890611
            ],
            [
              -87.89149850342794,
              43.08208089443078
            ],
            [
              -87.89147695572629,
              43.08216581549639
            ],
            [
              -87.8916076253253,
              43.08256072055846
            ],
            [
              -87.89162535264688,
              43.082721456355515
            ],
            [
              -87.89174966652864,
              43.08303091937184
            ],
            [
              -87.89183916931705,
              43.08313496468585
            ],
            [
              -87.89187391460496,
              43.08320727994704
            ],
            [
              -87.89201306927306,
              43.083626232418744
            ],
            [
              -87.89219872087928,
              43.0838694353507
            ],
            [
              -87.89224282870663,
              43.084075024978674
            ],
            [
              -87.8924498198883,
              43.08441673682176
            ],
            [
              -87.89248987241842,
              43.08460518585459
            ],
            [
              -87.89263803939579,
              43.084898026938426
            ],
            [
              -87.89296035520145,
              43.08567530934297
            ],
            [
              -87.89310574871162,
              43.085913488720855
            ],
            [
              -87.89317770797128,
              43.085986494480416
            ],
            [
              -87.89328312314845,
              43.08616932813942
            ],
            [
              -87.89349064315856,
              43.08636088039505
            ],
            [
              -87.89405732694328,
              43.08680139410889
            ],
            [
              -87.89465139201735,
              43.087122963255766
            ],
            [
              -87.89478430035793,
              43.08718343957332
            ],
            [
              -87.89500094754308,
              43.08724546871644
            ],
            [
              -87.89562764637793,
              43.0875392064761
            ],
            [
              -87.89579211524214,
              43.08765599235854
            ],
            [
              -87.89595293845933,
              43.087716987152916
            ],
            [
              -87.89631434218215,
              43.08790114163677
            ],
            [
              -87.89680897668973,
              43.08827205015979
            ],
            [
              -87.89720990801925,
              43.088525188222185
            ],
            [
              -87.89733852406955,
              43.08857534670977
            ],
            [
              -87.89793132964951,
              43.08893441718403
            ],
            [
              -87.89799888197824,
              43.089000507476904
            ],
            [
              -87.89831307716972,
              43.08920425934369
            ],
            [
              -87.89872985357131,
              43.08940307949352
            ],
            [
              -87.89909510376715,
              43.08961118021598
            ],
            [
              -87.899271848495,
              43.08975095804177
            ],
            [
              -87.89940625947327,
              43.089903605688846
            ],
            [
              -87.89941552779743,
              43.09004029198463
            ],
            [
              -87.89959344650804,
              43.0901459630523
            ],
            [
              -87.89970181791335,
              43.090243524613086
            ],
            [
              -87.899757022984,
              43.090398124138346
            ],
            [
              -87.89979760478977,
              43.09043641563635
            ],
            [
              -87.89976363213839,
              43.0904767427157
            ],
            [
              -87.89975292113,
              43.09051749918441
            ],
            [
              -87.89996681990655,
              43.090930992871385
            ],
            [
              -87.89993382783142,
              43.09121365410354
            ],
            [
              -87.89997660306219,
              43.09132365537646
            ],
            [
              -87.9001022954102,
              43.09145907677188
            ],
            [
              -87.90023381606952,
              43.09156047859684
            ],
            [
              -87.90031564696147,
              43.091753110637384
            ],
            [
              -87.90044493899879,
              43.091919312327924
            ],
            [
              -87.90049564577984,
              43.09196434654164
            ],
            [
              -87.90066343092637,
              43.09200976531648
            ],
            [
              -87.90074640045364,
              43.09205926301139
            ],
            [
              -87.9008018652226,
              43.09212518161107
            ],
            [
              -87.90090679831606,
              43.09243184709304
            ],
            [
              -87.90088808982347,
              43.092640298678035
            ],
            [
              -87.90090729697582,
              43.09275351514886
            ],
            [
              -87.90089548224849,
              43.09309752935641
            ],
            [
              -87.90087150430266,
              43.09323534174148
            ],
            [
              -87.90089963059724,
              43.09342490603142
            ],
            [
              -87.900832182477,
              43.093595777779306
            ],
            [
              -87.90080801283189,
              43.09373923332242
            ],
            [
              -87.90077481882919,
              43.09380915748862
            ],
            [
              -87.90072219931159,
              43.09388436725577
            ],
            [
              -87.90063900524473,
              43.09395337158118
            ],
            [
              -87.90060995099857,
              43.09401490877604
            ],
            [
              -87.90060000071642,
              43.094192482574734
            ],
            [
              -87.90056286458619,
              43.094265159554766
            ],
            [
              -87.90055197394179,
              43.09435807210965
            ],
            [
              -87.90050886090415,
              43.094492710257555
            ],
            [
              -87.900573227704,
              43.094747839471225
            ],
            [
              -87.90058050611108,
              43.094872121190065
            ],
            [
              -87.900559791427,
              43.09502692574277
            ],
            [
              -87.9005642856744,
              43.095120119458606
            ],
            [
              -87.90062289737783,
              43.095318712274235
            ],
            [
              -87.9006553873998,
              43.095381384979056
            ],
            [
              -87.90089785299165,
              43.09560594020289
            ],
            [
              -87.9010175226334,
              43.095819762852756
            ],
            [
              -87.90110289719297,
              43.09591162736828
            ],
            [
              -87.90140904111114,
              43.09607528186545
            ],
            [
              -87.90151952700309,
              43.09610835614109
            ],
            [
              -87.90189537006248,
              43.096372049416956
            ],
            [
              -87.90237258269303,
              43.09659810751796
            ],
            [
              -87.9024325804586,
              43.096644358347035
            ],
            [
              -87.90248756721964,
              43.096724378083174
            ],
            [
              -87.90258131475763,
              43.096796643555585
            ],
            [
              -87.90263879569447,
              43.09691620819301
            ],
            [
              -87.90272763075563,
              43.09701942139402
            ],
            [
              -87.90301310052558,
              43.09722501402946
            ],
            [
              -87.90314618072235,
              43.09727261305137
            ],
            [
              -87.90343753431486,
              43.09741905729623
            ],
            [
              -87.9037547742481,
              43.097484154065754
            ],
            [
              -87.90426581573317,
              43.097397633812896
            ],
            [
              -87.90451912981057,
              43.09730636451667
            ],
            [
              -87.90503871415137,
              43.09730746841339
            ],
            [
              -87.905156798448,
              43.09734350186886
            ],
            [
              -87.90521275598898,
              43.09739531989361
            ],
            [
              -87.90529313194845,
              43.097520948554596
            ],
            [
              -87.90537255780572,
              43.097561911417436
            ],
            [
              -87.9056281577734,
              43.097628692035286
            ],
            [
              -87.90583336041057,
              43.09770582716742
            ],
            [
              -87.90592202983018,
              43.09770181588935
            ],
            [
              -87.90598309294067,
              43.09771704600423
            ],
            [
              -87.9060885738142,
              43.09778388580564
            ],
            [
              -87.90618348407035,
              43.09782231012238
            ],
            [
              -87.90650024475335,
              43.09790150031163
            ],
            [
              -87.90687138934484,
              43.098303346310765
            ],
            [
              -87.906918304921,
              43.09839449878015
            ],
            [
              -87.90708772233786,
              43.09861769644532
            ],
            [
              -87.90709576423826,
              43.09869661624024
            ],
            [
              -87.90699197908852,
              43.102778530249815
            ],
            [
              -87.90711652236376,
              43.102862698279644
            ],
            [
              -87.90709042157765,
              43.10400888308058
            ],
            [
              -87.90885077694465,
              43.10403093552364
            ],
            [
              -87.90958046901406,
              43.1045194889812
            ],
            [
              -87.91694905298434,
              43.10461448361523
            ],
            [
              -87.91696045550208,
              43.104134727645096
            ],
            [
              -87.91685220948662,
              43.10413334685423
            ],
            [
              -87.91687580921553,
              43.103344829047096
            ],
            [
              -87.91606885804951,
              43.10317051359464
            ],
            [
              -87.91483274420361,
              43.10269911621757
            ],
            [
              -87.91387240736985,
              43.10191801350892
            ],
            [
              -87.91280746695061,
              43.10136665977359
            ],
            [
              -87.90994330128873,
              43.1008488916031
            ],
            [
              -87.90876937981088,
              43.1000889379486
            ],
            [
              -87.90812925840086,
              43.09953271465057
            ],
            [
              -87.90770251201921,
              43.09895762075338
            ],
            [
              -87.9077652542794,
              43.09659553348661
            ],
            [
              -87.90778737735218,
              43.094273237885496
            ],
            [
              -87.9078776258441,
              43.0897465015826
            ],
            [
              -87.91026288197456,
              43.08976253046488
            ]
          ]
        ]
      }
    },
    {
      "type": "Feature",
      "properties": {
        "placeFips": "5553000",
        "city": "Milwaukee",
        "state": "WI",
        "boundaryType": "ward",
        "district": "121",
        "name": "121"
      },
      "geometry": {
        "type": "Polygon",
        "coordinates": [
          [
            [
              -87.89800928677076,
              43.07109309691715
            ],
            [
              -87.89780046572552,
              43.07109227569541
            ],
            [
              -87.89775457767298,
              43.07471982173783
            ],
            [
              -87.89754210759668,
              43.08197186551174
            ],
            [
              -87.90127149955045,
              43.08200452817581
            ],
            [
              -87.90150628136126,
              43.074733616831445
            ],
            [
              -87.90152683439509,
              43.072927723266275
            ],
            [
              -87.89909915604385,
              43.07291429029711
            ],
            [
              -87.89911151353513,
              43.07110067144803
            ],
            [
              -87.89800928677076,
              43.07109309691715
            ]
          ]
        ]
      }
    },
    {
      "type": "Feature",
      "properties": {
        "placeFips": "5553000",
        "city": "Milwaukee",
        "state": "WI",
        "boundaryType": "ward",
        "district": "122",
        "name": "122"
      },
      "geometry": {
        "type": "Polygon",
        "coordinates": [
          [
            [
              -87.8977996148901,
              43.07115924716037
            ],
            [
              -87.89319321080549,
              43.071094131205435
            ],
            [
              -87.8928560479159,
              43.07241696082913
            ],
            [
              -87.89267804799773,
              43.07412195996806
            ],
            [
              -87.89268104808629,
              43.074737959387726
            ],
            [
              -87.89281004857978,
              43.075884959636156
            ],
            [
              -87.89315204848084,
              43.077106959419176
            ],
            [
              -87.89326504844082,
              43.07800695948785
            ],
            [
              -87.89287104777901,
              43.07898495960278
            ],
            [
              -87.892477047774,
              43.08034295874627
            ],
            [
              -87.89218604725272,
              43.08111195863995
            ],
            [
              -87.89205970183386,
              43.08195023357472
            ],
            [
              -87.89754210759668,
              43.08197186551174
            ],
            [
              -87.89775457767298,
              43.07471982173783
            ],
            [
              -87.8977996148901,
              43.07115924716037
            ]
          ]
        ]
      }
    },
    {
      "type": "Feature",
      "properties": {
        "placeFips": "5553000",
        "city": "Milwaukee",
        "state": "WI",
        "boundaryType": "ward",
        "district": "123",
        "name": "123"
      },
      "geometry": {
        "type": "Polygon",
        "coordinates": [
          [
            [
              -87.89158921952041,
              43.07467710709996
            ],
            [
              -87.88786199148454,
              43.074651945932835
            ],
            [
              -87.88290523565215,
              43.07464340828951
            ],
            [
              -87.88276108185251,
              43.07943176195763
            ],
            [
              -87.88404315740824,
              43.079433755817305
            ],
            [
              -87.88396940075357,
              43.081927900968054
            ],
            [
              -87.89205970183386,
              43.08195023357472
            ],
            [
              -87.89218604725272,
              43.08111195863995
            ],
            [
              -87.892477047774,
              43.08034295874627
            ],
            [
              -87.89287104777901,
              43.07898495960278
            ],
            [
              -87.89326504844082,
              43.07800695948785
            ],
            [
              -87.89315204848084,
              43.077106959419176
            ],
            [
              -87.89281004857978,
              43.075884959636156
            ],
            [
              -87.89268072536892,
              43.07468948391494
            ],
            [
              -87.89158921952041,
              43.07467710709996
            ]
          ]
        ]
      }
    },
    {
      "type": "Feature",
      "properties": {
        "placeFips": "5553000",
        "city": "Milwaukee",
        "state": "WI",
        "boundaryType": "ward",
        "district": "124",
        "name": "124"
      },
      "geometry": {
        "type": "Polygon",
        "coordinates": [
          [
            [
              -87.89038951532048,
              43.06741058451321
            ],
            [
              -87.88920058217853,
              43.06740366701737
            ],
            [
              -87.88918050034253,
              43.068801407474915
            ],
            [
              -87.88795062848129,
              43.0687959489456
            ],
            [
              -87.88794259463154,
              43.0693264628327
            ],
            [
              -87.88669840293056,
              43.06932538308574
            ],
            [
              -87.88672231439557,
              43.0673869269984
            ],
            [
              -87.88426479498965,
              43.067373697535885
            ],
            [
              -87.8842423760457,
              43.06931557703205
            ],
            [
              -87.88299649129728,
              43.06931057945071
            ],
            [
              -87.88290523565215,
              43.07464340828951
            ],
            [
              -87.88786199148454,
              43.074651945932835
            ],
            [
              -87.89268072536892,
              43.07468948391494
            ],
            [
              -87.89267804799773,
              43.07412195996806
            ],
            [
              -87.8928560479159,
              43.07241696082913
            ],
            [
              -87.89316304813902,
              43.071172960799565
            ],
            [
              -87.89319321080549,
              43.071094131205435
            ],
            [
              -87.89473623609753,
              43.06902655292232
            ],
            [
              -87.89518390113524,
              43.06743224250503
            ],
            [
              -87.89038951532048,
              43.06741058451321
            ]
          ]
        ]
      }
    },
    {
      "type": "Feature",
      "properties": {
        "placeFips": "5553000",
        "city": "Milwaukee",
        "state": "WI",
        "boundaryType": "ward",
        "district": "125",
        "name": "125"
      },
      "geometry": {
        "type": "Polygon",
        "coordinates": [
          [
            [
              -87.87833851777263,
              43.0673358254053
            ],
            [
              -87.87806196252443,
              43.06733362036817
            ],
            [
              -87.87794001905286,
              43.07463342344275
            ],
            [
              -87.88290523565215,
              43.07464340828951
            ],
            [
              -87.88299649129728,
              43.06931057945071
            ],
            [
              -87.8842423760457,
              43.06931557703205
            ],
            [
              -87.88426479498965,
              43.067373697535885
            ],
            [
              -87.87833851777263,
              43.0673358254053
            ]
          ]
        ]
      }
    },
    {
      "type": "Feature",
      "properties": {
        "placeFips": "5553000",
        "city": "Milwaukee",
        "state": "WI",
        "boundaryType": "ward",
        "district": "126",
        "name": "126"
      },
      "geometry": {
        "type": "Polygon",
        "coordinates": [
          [
            [
              -87.87920209413059,
              43.07463766150088
            ],
            [
              -87.87794001905286,
              43.07463342344275
            ],
            [
              -87.87772961183084,
              43.08192319819496
            ],
            [
              -87.88396950912627,
              43.08192796421469
            ],
            [
              -87.88404315740824,
              43.079433755817305
            ],
            [
              -87.88276108185251,
              43.07943176195763
            ],
            [
              -87.88290523565215,
              43.07464340828951
            ],
            [
              -87.87920209413059,
              43.07463766150088
            ]
          ]
        ]
      }
    },
    {
      "type": "Feature",
      "properties": {
        "placeFips": "5553000",
        "city": "Milwaukee",
        "state": "WI",
        "boundaryType": "ward",
        "district": "127",
        "name": "127"
      },
      "geometry": {
        "type": "Polygon",
        "coordinates": [
          [
            [
              -87.87336111225164,
              43.07277561237032
            ],
            [
              -87.8721472552962,
              43.072770256846326
            ],
            [
              -87.87195356100001,
              43.07463310324788
            ],
            [
              -87.87171034623911,
              43.0746947957616
            ],
            [
              -87.8672418266484,
              43.07468430241695
            ],
            [
              -87.86723052718098,
              43.07471828455282
            ],
            [
              -87.86724530479462,
              43.07491784386306
            ],
            [
              -87.86734755759313,
              43.075163627674314
            ],
            [
              -87.86734162769174,
              43.075333625661486
            ],
            [
              -87.86731930588532,
              43.07539931068443
            ],
            [
              -87.86732707098965,
              43.075439643725375
            ],
            [
              -87.86739411262002,
              43.0755078560555
            ],
            [
              -87.8675355011756,
              43.07551641111168
            ],
            [
              -87.86776717121538,
              43.07549479837498
            ],
            [
              -87.86797061093021,
              43.07575432111202
            ],
            [
              -87.86819120521093,
              43.07609680177714
            ],
            [
              -87.86859240692326,
              43.076921848502565
            ],
            [
              -87.86912245294626,
              43.07828533430667
            ],
            [
              -87.86965735481591,
              43.07906170537069
            ],
            [
              -87.86971953898139,
              43.07919670668524
            ],
            [
              -87.8695387598157,
              43.079197460487485
            ],
            [
              -87.86953758008993,
              43.07927985275168
            ],
            [
              -87.8704214799885,
              43.081093685151764
            ],
            [
              -87.87063455549578,
              43.0816441835824
            ],
            [
              -87.87070323640525,
              43.08191844173814
            ],
            [
              -87.87772961183084,
              43.08192319819496
            ],
            [
              -87.87794001905286,
              43.07463342344275
            ],
            [
              -87.8779627202005,
              43.072795718484436
            ],
            [
              -87.87336111225164,
              43.07277561237032
            ]
          ]
        ]
      }
    },
    {
      "type": "Feature",
      "properties": {
        "placeFips": "5553000",
        "city": "Milwaukee",
        "state": "WI",
        "boundaryType": "ward",
        "district": "128",
        "name": "128"
      },
      "geometry": {
        "type": "Polygon",
        "coordinates": [
          [
            [
              -87.8838757515721,
              43.06011203625134
            ],
            [
              -87.88045654201048,
              43.06010572159992
            ],
            [
              -87.8804410737017,
              43.05993536963187
            ],
            [
              -87.87974798984786,
              43.05958012668008
            ],
            [
              -87.87936577979546,
              43.059404514573615
            ],
            [
              -87.87870298037723,
              43.06008402170446
            ],
            [
              -87.87481954311359,
              43.060069274038185
            ],
            [
              -87.87449470879426,
              43.06048189769295
            ],
            [
              -87.8742680490759,
              43.0606914097852
            ],
            [
              -87.87414681598626,
              43.060859652351965
            ],
            [
              -87.87386791302048,
              43.06115363506621
            ],
            [
              -87.87352114651685,
              43.061483908960746
            ],
            [
              -87.87338937619637,
              43.061677450196356
            ],
            [
              -87.87321804676104,
              43.061838710254435
            ],
            [
              -87.87312517827633,
              43.06195928077907
            ],
            [
              -87.87298705390148,
              43.062084366121674
            ],
            [
              -87.87296421817021,
              43.06212796238224
            ],
            [
              -87.87267053786564,
              43.06236191338633
            ],
            [
              -87.87251290903637,
              43.062460120251316
            ],
            [
              -87.8721414552021,
              43.06277275391001
            ],
            [
              -87.87158168218234,
              43.063196803719904
            ],
            [
              -87.87118511258625,
              43.063561869863314
            ],
            [
              -87.87097729133033,
              43.06369236383735
            ],
            [
              -87.87056583334753,
              43.06399202268004
            ],
            [
              -87.87015292102997,
              43.0642016223515
            ],
            [
              -87.86939684829268,
              43.06471269493192
            ],
            [
              -87.8693614342479,
              43.06471772956914
            ],
            [
              -87.86880416508652,
              43.064600090177734
            ],
            [
              -87.86866909861547,
              43.064590149135825
            ],
            [
              -87.86853729454504,
              43.06460200434725
            ],
            [
              -87.8684412057881,
              43.064640874435916
            ],
            [
              -87.86836627214358,
              43.06469540013923
            ],
            [
              -87.86833168799186,
              43.06481606710765
            ],
            [
              -87.8683399142564,
              43.064863867268116
            ],
            [
              -87.86842735420414,
              43.065045957185525
            ],
            [
              -87.86844787978899,
              43.06516916985064
            ],
            [
              -87.86840110922395,
              43.065264244314456
            ],
            [
              -87.86837610360952,
              43.06540205366475
            ],
            [
              -87.86831329505034,
              43.065524695788675
            ],
            [
              -87.86820294433849,
              43.06568208418847
            ],
            [
              -87.86806597107565,
              43.065811274425236
            ],
            [
              -87.86798442343722,
              43.065934378219644
            ],
            [
              -87.8678256118152,
              43.06623505006258
            ],
            [
              -87.86770453445395,
              43.066524119907754
            ],
            [
              -87.8676886136858,
              43.066595090022275
            ],
            [
              -87.86763280800601,
              43.0667005445798
            ],
            [
              -87.86738209203817,
              43.066932481447296
            ],
            [
              -87.8673144623736,
              43.06702563268954
            ],
            [
              -87.86728722087636,
              43.0671143870403
            ],
            [
              -87.86716691962512,
              43.06728904151899
            ],
            [
              -87.86692707131903,
              43.06749682654126
            ],
            [
              -87.86676928342709,
              43.06767431455696
            ],
            [
              -87.86662364015105,
              43.06790291691118
            ],
            [
              -87.8664279169162,
              43.06816616667656
            ],
            [
              -87.86621762408353,
              43.06837529173829
            ],
            [
              -87.86604628676616,
              43.06860751655256
            ],
            [
              -87.86598668898301,
              43.068712643493704
            ],
            [
              -87.86574841697539,
              43.068965529145636
            ],
            [
              -87.86557399094747,
              43.06911661709984
            ],
            [
              -87.8653739509353,
              43.0693215631835
            ],
            [
              -87.86514338159266,
              43.069450960959365
            ],
            [
              -87.86489799724586,
              43.06962831147457
            ],
            [
              -87.8647938735029,
              43.06967652136514
            ],
            [
              -87.86471223026038,
              43.06974603306566
            ],
            [
              -87.86449725019499,
              43.06985232831977
            ],
            [
              -87.86430452499724,
              43.07003992124173
            ],
            [
              -87.8642577005233,
              43.07011940349028
            ],
            [
              -87.86415921248057,
              43.07015848713886
            ],
            [
              -87.86405107649024,
              43.07025699093397
            ],
            [
              -87.86399315180213,
              43.07038232312705
            ],
            [
              -87.86397694013296,
              43.070576295508104
            ],
            [
              -87.86390438155438,
              43.07062045194939
            ],
            [
              -87.86384974331924,
              43.07067679856399
            ],
            [
              -87.86380782961658,
              43.07078725053183
            ],
            [
              -87.86381194256458,
              43.07411844860538
            ],
            [
              -87.86384988007859,
              43.07423310160211
            ],
            [
              -87.86392474868836,
              43.07431019932831
            ],
            [
              -87.86400163418116,
              43.07435358566417
            ],
            [
              -87.86418686982903,
              43.07439195140951
            ],
            [
              -87.86690586883176,
              43.07437442929528
            ],
            [
              -87.86721170740677,
              43.07460041195945
            ],
            [
              -87.8672418266484,
              43.07468430241695
            ],
            [
              -87.87171034623911,
              43.0746947957616
            ],
            [
              -87.87195356100001,
              43.07463310324788
            ],
            [
              -87.8721472552962,
              43.072770256846326
            ],
            [
              -87.8779627202005,
              43.072795718484436
            ],
            [
              -87.87800485098137,
              43.07099120638924
            ],
            [
              -87.8781004925488,
              43.064896452091055
            ],
            [
              -87.87935328801997,
              43.064901768916975
            ],
            [
              -87.87937463339946,
              43.063711295379754
            ],
            [
              -87.88028375134246,
              43.06371400501787
            ],
            [
              -87.88360546270106,
              43.06028313526222
            ],
            [
              -87.8838757515721,
              43.06011203625134
            ]
          ]
        ]
      }
    },
    {
      "type": "Feature",
      "properties": {
        "placeFips": "5553000",
        "city": "Milwaukee",
        "state": "WI",
        "boundaryType": "ward",
        "district": "129",
        "name": "129"
      },
      "geometry": {
        "type": "Polygon",
        "coordinates": [
          [
            [
              -87.87840532388081,
              43.06489774670639
            ],
            [
              -87.8781004925488,
              43.064896452091055
            ],
            [
              -87.87806196252443,
              43.06733362036817
            ],
            [
              -87.88177073437318,
              43.06735542751832
            ],
            [
              -87.88180947988971,
              43.0649104353
            ],
            [
              -87.88304520674211,
              43.06491477493042
            ],
            [
              -87.88310537673094,
              43.06079545896154
            ],
            [
              -87.88028375134246,
              43.06371400501787
            ],
            [
              -87.87937463339946,
              43.063711295379754
            ],
            [
              -87.87935328801997,
              43.064901768916975
            ],
            [
              -87.87840532388081,
              43.06489774670639
            ]
          ]
        ]
      }
    },
    {
      "type": "Feature",
      "properties": {
        "placeFips": "5553000",
        "city": "Milwaukee",
        "state": "WI",
        "boundaryType": "ward",
        "district": "130",
        "name": "130"
      },
      "geometry": {
        "type": "Polygon",
        "coordinates": [
          [
            [
              -87.88800860094892,
              43.06493207165501
            ],
            [
              -87.88802760690903,
              43.063742019918465
            ],
            [
              -87.88306262781984,
              43.06372224258814
            ],
            [
              -87.88304520674211,
              43.06491477493042
            ],
            [
              -87.88180947988971,
              43.0649104353
            ],
            [
              -87.88176505137525,
              43.0673469609513
            ],
            [
              -87.88548386534292,
              43.06738112250901
            ],
            [
              -87.88551014906132,
              43.06609992948915
            ],
            [
              -87.886743411784,
              43.066104482524395
            ],
            [
              -87.88676305697511,
              43.064927751223195
            ],
            [
              -87.88800860094892,
              43.06493207165501
            ]
          ]
        ]
      }
    },
    {
      "type": "Feature",
      "properties": {
        "placeFips": "5553000",
        "city": "Milwaukee",
        "state": "WI",
        "boundaryType": "ward",
        "district": "131",
        "name": "131"
      },
      "geometry": {
        "type": "Polygon",
        "coordinates": [
          [
            [
              -87.88431715714664,
              43.06372594184604
            ],
            [
              -87.89061563350865,
              43.06376055577815
            ],
            [
              -87.890448284393,
              43.062979825209496
            ],
            [
              -87.890491113479,
              43.06013996832765
            ],
            [
              -87.8878991371444,
              43.06011925897312
            ],
            [
              -87.88624968077957,
              43.059295872655944
            ],
            [
              -87.88515994506187,
              43.05870163596121
            ],
            [
              -87.88592860242964,
              43.05788653259977
            ],
            [
              -87.8847977888462,
              43.057290473724024
            ],
            [
              -87.88397872395787,
              43.05811680939573
            ],
            [
              -87.88215495689793,
              43.06001788418106
            ],
            [
              -87.88218843403688,
              43.06010891424054
            ],
            [
              -87.8838757515721,
              43.06011203625134
            ],
            [
              -87.88360546270106,
              43.06028313526222
            ],
            [
              -87.88310537673094,
              43.06079545896154
            ],
            [
              -87.88306262781984,
              43.06372224258814
            ],
            [
              -87.88431715714664,
              43.06372594184604
            ]
          ]
        ]
      }
    },
    {
      "type": "Feature",
      "properties": {
        "placeFips": "5553000",
        "city": "Milwaukee",
        "state": "WI",
        "boundaryType": "ward",
        "district": "132",
        "name": "132"
      },
      "geometry": {
        "type": "Polygon",
        "coordinates": [
          [
            [
              -87.88976355795398,
              43.06740694373514
            ],
            [
              -87.89518390113524,
              43.06743224250503
            ],
            [
              -87.89524734312994,
              43.06720629219081
            ],
            [
              -87.89504450731391,
              43.06630197271085
            ],
            [
              -87.89340804970216,
              43.064335961959976
            ],
            [
              -87.89306405009418,
              43.06386996187426
            ],
            [
              -87.89292204997241,
              43.063312961446144
            ],
            [
              -87.89294205008788,
              43.0623809616029
            ],
            [
              -87.8936439634761,
              43.060165735624025
            ],
            [
              -87.890491113479,
              43.06013996832765
            ],
            [
              -87.890448284393,
              43.062979825209496
            ],
            [
              -87.89061563350865,
              43.06376055577815
            ],
            [
              -87.88802760690903,
              43.063742019918465
            ],
            [
              -87.88800860094892,
              43.06493207165501
            ],
            [
              -87.88676305697511,
              43.064927751223195
            ],
            [
              -87.886743411784,
              43.066104482524395
            ],
            [
              -87.88551014906132,
              43.06609992948915
            ],
            [
              -87.88548386534292,
              43.06738112250901
            ],
            [
              -87.88672231439557,
              43.0673869269984
            ],
            [
              -87.88669840293056,
              43.06932538308574
            ],
            [
              -87.88794259463154,
              43.0693264628327
            ],
            [
              -87.88795062848129,
              43.0687959489456
            ],
            [
              -87.88918050034253,
              43.068801407474915
            ],
            [
              -87.88920058217853,
              43.06740366701737
            ],
            [
              -87.88976355795398,
              43.06740694373514
            ]
          ]
        ]
      }
    },
    {
      "type": "Feature",
      "properties": {
        "placeFips": "5553000",
        "city": "Milwaukee",
        "state": "WI",
        "boundaryType": "ward",
        "district": "133",
        "name": "133"
      },
      "geometry": {
        "type": "Polygon",
        "coordinates": [
          [
            [
              -87.89371297491287,
              43.07039769122287
            ],
            [
              -87.89319321080549,
              43.071094131205435
            ],
            [
              -87.8977996148901,
              43.07115924716037
            ],
            [
              -87.8979309846738,
              43.06020276725809
            ],
            [
              -87.89801971873318,
              43.057030358276585
            ],
            [
              -87.8969955108266,
              43.057055164379825
            ],
            [
              -87.89596684771554,
              43.05721814228733
            ],
            [
              -87.89542859149563,
              43.057407318456164
            ],
            [
              -87.89470904957585,
              43.057950962987626
            ],
            [
              -87.8940913420721,
              43.05868574430326
            ],
            [
              -87.8937700700869,
              43.05955034503427
            ],
            [
              -87.8936439634761,
              43.060165735624025
            ],
            [
              -87.89294205008788,
              43.0623809616029
            ],
            [
              -87.89292204997241,
              43.063312961446144
            ],
            [
              -87.89306405009418,
              43.06386996187426
            ],
            [
              -87.89340804970216,
              43.064335961959976
            ],
            [
              -87.89504450731391,
              43.06630197271085
            ],
            [
              -87.89524734312994,
              43.06720629219081
            ],
            [
              -87.89473623609753,
              43.06902655292232
            ],
            [
              -87.89371297491287,
              43.07039769122287
            ]
          ]
        ]
      }
    },
    {
      "type": "Feature",
      "properties": {
        "placeFips": "5553000",
        "city": "Milwaukee",
        "state": "WI",
        "boundaryType": "ward",
        "district": "134",
        "name": "134"
      },
      "geometry": {
        "type": "Polygon",
        "coordinates": [
          [
            [
              -87.90153962628736,
              43.07111617192522
            ],
            [
              -87.90157680010815,
              43.06929530571506
            ],
            [
              -87.9016211778176,
              43.06382870520104
            ],
            [
              -87.89788897766152,
              43.06380701481304
            ],
            [
              -87.89780046572552,
              43.07109227569541
            ],
            [
              -87.90153962628736,
              43.07111617192522
            ]
          ]
        ]
      }
    },
    {
      "type": "Feature",
      "properties": {
        "placeFips": "5553000",
        "city": "Milwaukee",
        "state": "WI",
        "boundaryType": "ward",
        "district": "135",
        "name": "135"
      },
      "geometry": {
        "type": "Polygon",
        "coordinates": [
          [
            [
              -87.90957814015961,
              43.0675210262456
            ],
            [
              -87.90965262357211,
              43.06025398778692
            ],
            [
              -87.90414369814526,
              43.06022821613559
            ],
            [
              -87.90347969150038,
              43.06022236886022
            ],
            [
              -87.90337449519687,
              43.060206612935865
            ],
            [
              -87.90315888065294,
              43.06013099323776
            ],
            [
              -87.90303238145022,
              43.06006135839254
            ],
            [
              -87.902884331657,
              43.059930141338405
            ],
            [
              -87.90267794428786,
              43.059639553629935
            ],
            [
              -87.90250205034316,
              43.05926575641225
            ],
            [
              -87.90233107583134,
              43.05905047205096
            ],
            [
              -87.90150428914001,
              43.0591753252221
            ],
            [
              -87.90090896737189,
              43.05941457747997
            ],
            [
              -87.90060325107277,
              43.05965599587614
            ],
            [
              -87.90054282420283,
              43.06021039594468
            ],
            [
              -87.90044267542022,
              43.060213034831456
            ],
            [
              -87.90044296765424,
              43.0590225954726
            ],
            [
              -87.89844752395038,
              43.059010522976465
            ],
            [
              -87.89795884136333,
              43.05916706306677
            ],
            [
              -87.8979309846738,
              43.06020276725809
            ],
            [
              -87.89788897766152,
              43.06380701481304
            ],
            [
              -87.9016211778176,
              43.06382870520104
            ],
            [
              -87.90159588853992,
              43.06747049119731
            ],
            [
              -87.90957814015961,
              43.0675210262456
            ]
          ]
        ]
      }
    },
    {
      "type": "Feature",
      "properties": {
        "placeFips": "5553000",
        "city": "Milwaukee",
        "state": "WI",
        "boundaryType": "ward",
        "district": "136",
        "name": "136"
      },
      "geometry": {
        "type": "Polygon",
        "coordinates": [
          [
            [
              -87.90955805534652,
              43.06934659378333
            ],
            [
              -87.90957814015961,
              43.0675210262456
            ],
            [
              -87.90530036159423,
              43.06749334512429
            ],
            [
              -87.9052458295603,
              43.07294820067458
            ],
            [
              -87.90951824206525,
              43.07296550319702
            ],
            [
              -87.90955805534652,
              43.06934659378333
            ]
          ]
        ]
      }
    },
    {
      "type": "Feature",
      "properties": {
        "placeFips": "5553000",
        "city": "Milwaukee",
        "state": "WI",
        "boundaryType": "ward",
        "district": "137",
        "name": "137"
      },
      "geometry": {
        "type": "Polygon",
        "coordinates": [
          [
            [
              -87.90955805534652,
              43.06934659378333
            ],
            [
              -87.91404199145998,
              43.069377570235496
            ],
            [
              -87.91414696197,
              43.06028046503493
            ],
            [
              -87.91419950045241,
              43.05779162370038
            ],
            [
              -87.91270139661309,
              43.05778339131556
            ],
            [
              -87.91265974879715,
              43.06027147490101
            ],
            [
              -87.90965262357211,
              43.06025398778692
            ],
            [
              -87.90955805534652,
              43.06934659378333
            ]
          ]
        ]
      }
    },
    {
      "type": "Feature",
      "properties": {
        "placeFips": "5553000",
        "city": "Milwaukee",
        "state": "WI",
        "boundaryType": "ward",
        "district": "138",
        "name": "138"
      },
      "geometry": {
        "type": "Polygon",
        "coordinates": [
          [
            [
              -87.91421472088675,
              43.056990323451835
            ],
            [
              -87.91414696197,
              43.06028046503493
            ],
            [
              -87.91406159397762,
              43.06755278881404
            ],
            [
              -87.91701058008881,
              43.067573585686134
            ],
            [
              -87.91698990200956,
              43.06939888206783
            ],
            [
              -87.92143945074359,
              43.06943723637156
            ],
            [
              -87.92152315694791,
              43.06033467556605
            ],
            [
              -87.92447386690611,
              43.05652992699604
            ],
            [
              -87.91422448006327,
              43.05647648785686
            ],
            [
              -87.91421472088675,
              43.056990323451835
            ]
          ]
        ]
      }
    },
    {
      "type": "Feature",
      "properties": {
        "placeFips": "5553000",
        "city": "Milwaukee",
        "state": "WI",
        "boundaryType": "ward",
        "district": "139",
        "name": "139"
      },
      "geometry": {
        "type": "Polygon",
        "coordinates": [
          [
            [
              -87.92142035749363,
              43.07118730076138
            ],
            [
              -87.92754694573894,
              43.071226333137254
            ],
            [
              -87.92762488510238,
              43.067667762968604
            ],
            [
              -87.92765692914934,
              43.06398076113439
            ],
            [
              -87.92685668776176,
              43.063998968669566
            ],
            [
              -87.92148374373019,
              43.06395672753199
            ],
            [
              -87.92142035749363,
              43.07118730076138
            ]
          ]
        ]
      }
    },
    {
      "type": "Feature",
      "properties": {
        "placeFips": "5553000",
        "city": "Milwaukee",
        "state": "WI",
        "boundaryType": "ward",
        "district": "140",
        "name": "140"
      },
      "geometry": {
        "type": "Polygon",
        "coordinates": [
          [
            [
              -87.92148374373019,
              43.06395672753199
            ],
            [
              -87.92685668776176,
              43.063998968669566
            ],
            [
              -87.92765692914934,
              43.06398076113439
            ],
            [
              -87.92764382739097,
              43.06581625642412
            ],
            [
              -87.93133520231821,
              43.065871673982414
            ],
            [
              -87.93152119961704,
              43.0553132212806
            ],
            [
              -87.93066057571413,
              43.05471899162885
            ],
            [
              -87.92998170913029,
              43.05422254841952
            ],
            [
              -87.92868941950029,
              43.05263515682398
            ],
            [
              -87.9286553643207,
              43.05253202461548
            ],
            [
              -87.92844038018617,
              43.05232523018143
            ],
            [
              -87.92838731419515,
              43.052208701404524
            ],
            [
              -87.92820453050851,
              43.05208098207905
            ],
            [
              -87.92784044731037,
              43.05193963141093
            ],
            [
              -87.92776521396503,
              43.05182767058217
            ],
            [
              -87.92759112399578,
              43.05164449097276
            ],
            [
              -87.92709810388,
              43.05129922974161
            ],
            [
              -87.92695079223797,
              43.050916464088964
            ],
            [
              -87.92658769174936,
              43.050517146392
            ],
            [
              -87.92625529601348,
              43.05008929770831
            ],
            [
              -87.92588001958187,
              43.0497831198228
            ],
            [
              -87.92549667794486,
              43.049101039025686
            ],
            [
              -87.92509502488703,
              43.052595346443766
            ],
            [
              -87.92447941896896,
              43.056529947293335
            ],
            [
              -87.92152315694791,
              43.06033467556605
            ],
            [
              -87.92148374373019,
              43.06395672753199
            ]
          ]
        ]
      }
    },
    {
      "type": "Feature",
      "properties": {
        "placeFips": "5553000",
        "city": "Milwaukee",
        "state": "WI",
        "boundaryType": "ward",
        "district": "141",
        "name": "141"
      },
      "geometry": {
        "type": "Polygon",
        "coordinates": [
          [
            [
              -87.90308307941869,
              43.03650429023976
            ],
            [
              -87.90247185303544,
              43.036541151735264
            ],
            [
              -87.90276614061989,
              43.03896420512108
            ],
            [
              -87.90315914011798,
              43.04271531626572
            ],
            [
              -87.91039859216376,
              43.04224173770678
            ],
            [
              -87.91253967640351,
              43.04170110270934
            ],
            [
              -87.91230707123188,
              43.0413488028186
            ],
            [
              -87.91198138008062,
              43.04091686163943
            ],
            [
              -87.91083121519469,
              43.0396819765462
            ],
            [
              -87.91028310364705,
              43.03898380457832
            ],
            [
              -87.9101324879742,
              43.038625207195906
            ],
            [
              -87.90988468792447,
              43.037318885709674
            ],
            [
              -87.90984061643896,
              43.03672302708101
            ],
            [
              -87.90983824228434,
              43.03607487162709
            ],
            [
              -87.90754098751279,
              43.036235358187625
            ],
            [
              -87.90308307941869,
              43.03650429023976
            ]
          ]
        ]
      }
    },
    {
      "type": "Feature",
      "properties": {
        "placeFips": "5553000",
        "city": "Milwaukee",
        "state": "WI",
        "boundaryType": "ward",
        "district": "142",
        "name": "142"
      },
      "geometry": {
        "type": "Polygon",
        "coordinates": [
          [
            [
              -87.93745239702832,
              43.06962549780423
            ],
            [
              -87.9374249979504,
              43.07143571193659
            ],
            [
              -87.93867107850454,
              43.07146081261424
            ],
            [
              -87.93875242614793,
              43.065989468888496
            ],
            [
              -87.92764382739097,
              43.06581625642412
            ],
            [
              -87.92762488510238,
              43.067667762968604
            ],
            [
              -87.92756351091826,
              43.07040563250992
            ],
            [
              -87.92924514392304,
              43.07043625817401
            ],
            [
              -87.92926054139355,
              43.06952210296596
            ],
            [
              -87.93562820912028,
              43.069601322899295
            ],
            [
              -87.93681378552093,
              43.06960323884552
            ],
            [
              -87.93745239702832,
              43.06962549780423
            ]
          ]
        ]
      }
    },
    {
      "type": "Feature",
      "properties": {
        "placeFips": "5553000",
        "city": "Milwaukee",
        "state": "WI",
        "boundaryType": "ward",
        "district": "143",
        "name": "143"
      },
      "geometry": {
        "type": "Polygon",
        "coordinates": [
          [
            [
              -87.94738096026575,
              43.068523766126226
            ],
            [
              -87.94738903905072,
              43.067909578839505
            ],
            [
              -87.94615373914687,
              43.06789576413824
            ],
            [
              -87.94615733825576,
              43.06770046212668
            ],
            [
              -87.94411743970699,
              43.06604795928962
            ],
            [
              -87.93875510875354,
              43.065989494095895
            ],
            [
              -87.93867107850454,
              43.07146081261424
            ],
            [
              -87.94609881951071,
              43.07153223830124
            ],
            [
              -87.94734080277033,
              43.07157650229532
            ],
            [
              -87.94738096026575,
              43.068523766126226
            ]
          ]
        ]
      }
    },
    {
      "type": "Feature",
      "properties": {
        "placeFips": "5553000",
        "city": "Milwaukee",
        "state": "WI",
        "boundaryType": "ward",
        "district": "144",
        "name": "144"
      },
      "geometry": {
        "type": "Polygon",
        "coordinates": [
          [
            [
              -87.93133520231821,
              43.065871673982414
            ],
            [
              -87.93875510875354,
              43.065989494095895
            ],
            [
              -87.93881047555631,
              43.062322816090045
            ],
            [
              -87.93885660154582,
              43.060502274896336
            ],
            [
              -87.93761744263783,
              43.059576562156614
            ],
            [
              -87.93152119961704,
              43.0553132212806
            ],
            [
              -87.93133520231821,
              43.065871673982414
            ]
          ]
        ]
      }
    },
    {
      "type": "Feature",
      "properties": {
        "placeFips": "5553000",
        "city": "Milwaukee",
        "state": "WI",
        "boundaryType": "ward",
        "district": "145",
        "name": "145"
      },
      "geometry": {
        "type": "Polygon",
        "coordinates": [
          [
            [
              -87.93761744263783,
              43.059576562156614
            ],
            [
              -87.93885660154582,
              43.060502274896336
            ],
            [
              -87.93881047555631,
              43.062322816090045
            ],
            [
              -87.93875510875354,
              43.065989494095895
            ],
            [
              -87.94411743970699,
              43.06604795928962
            ],
            [
              -87.94615733825576,
              43.06770046212668
            ],
            [
              -87.94615373914687,
              43.06789576413824
            ],
            [
              -87.94738903905072,
              43.067909578839505
            ],
            [
              -87.94757308837896,
              43.05637812226636
            ],
            [
              -87.94633317103597,
              43.05634089700994
            ],
            [
              -87.93766371145826,
              43.05627554056803
            ],
            [
              -87.93761744263783,
              43.059576562156614
            ]
          ]
        ]
      }
    },
    {
      "type": "Feature",
      "properties": {
        "placeFips": "5553000",
        "city": "Milwaukee",
        "state": "WI",
        "boundaryType": "ward",
        "district": "146",
        "name": "146"
      },
      "geometry": {
        "type": "Polygon",
        "coordinates": [
          [
            [
              -87.94816089594707,
              43.05638185704354
            ],
            [
              -87.94757308837896,
              43.05637812226636
            ],
            [
              -87.94751056032358,
              43.06059827163398
            ],
            [
              -87.95752082613494,
              43.06061744434096
            ],
            [
              -87.9575857214927,
              43.05511525527698
            ],
            [
              -87.95261227011294,
              43.05508756070986
            ],
            [
              -87.9526271949295,
              43.054085986584994
            ],
            [
              -87.95104499184525,
              43.05390233876763
            ],
            [
              -87.95100964687816,
              43.05639992282947
            ],
            [
              -87.94816089594707,
              43.05638185704354
            ]
          ]
        ]
      }
    },
    {
      "type": "Feature",
      "properties": {
        "placeFips": "5553000",
        "city": "Milwaukee",
        "state": "WI",
        "boundaryType": "ward",
        "district": "147",
        "name": "147"
      },
      "geometry": {
        "type": "Polygon",
        "coordinates": [
          [
            [
              -87.951083188039,
              43.06060521323523
            ],
            [
              -87.94751056032358,
              43.06059827163398
            ],
            [
              -87.94734080277033,
              43.07157650229532
            ],
            [
              -87.95272089519987,
              43.07156798905315
            ],
            [
              -87.95269503049055,
              43.071058963876915
            ],
            [
              -87.9525910304424,
              43.07009896365615
            ],
            [
              -87.95221803170136,
              43.06364296512918
            ],
            [
              -87.95216503190188,
              43.06317196514247
            ],
            [
              -87.95206903131955,
              43.06159496563024
            ],
            [
              -87.95198674454777,
              43.06060755374371
            ],
            [
              -87.951083188039,
              43.06060521323523
            ]
          ]
        ]
      }
    },
    {
      "type": "Feature",
      "properties": {
        "placeFips": "5553000",
        "city": "Milwaukee",
        "state": "WI",
        "boundaryType": "ward",
        "district": "148",
        "name": "148"
      },
      "geometry": {
        "type": "Polygon",
        "coordinates": [
          [
            [
              -87.95272089519987,
              43.07156798905315
            ],
            [
              -87.9573599527733,
              43.07155840949775
            ],
            [
              -87.95752082613494,
              43.06061744434096
            ],
            [
              -87.95198674454777,
              43.06060755374371
            ],
            [
              -87.95206903131955,
              43.06159496563024
            ],
            [
              -87.95216503190188,
              43.06317196514247
            ],
            [
              -87.95221803170136,
              43.06364296512918
            ],
            [
              -87.9525910304424,
              43.07009896365615
            ],
            [
              -87.95269503049055,
              43.071058963876915
            ],
            [
              -87.95272089519987,
              43.07156798905315
            ]
          ]
        ]
      }
    },
    {
      "type": "Feature",
      "properties": {
        "placeFips": "5553000",
        "city": "Milwaukee",
        "state": "WI",
        "boundaryType": "ward",
        "district": "149",
        "name": "149"
      },
      "geometry": {
        "type": "Polygon",
        "coordinates": [
          [
            [
              -87.95788855750978,
              43.06790402283628
            ],
            [
              -87.95741186871044,
              43.06790421608963
            ],
            [
              -87.9573599527733,
              43.07155840949775
            ],
            [
              -87.96741797336932,
              43.07154642923579
            ],
            [
              -87.96747006558424,
              43.06789972143183
            ],
            [
              -87.95788855750978,
              43.06790402283628
            ]
          ]
        ]
      }
    },
    {
      "type": "Feature",
      "properties": {
        "placeFips": "5553000",
        "city": "Milwaukee",
        "state": "WI",
        "boundaryType": "ward",
        "district": "150",
        "name": "150"
      },
      "geometry": {
        "type": "Polygon",
        "coordinates": [
          [
            [
              -87.96747006558424,
              43.06789972143183
            ],
            [
              -87.96752306138906,
              43.06425652882571
            ],
            [
              -87.95746631720034,
              43.0642631010236
            ],
            [
              -87.95741186871044,
              43.06790421608963
            ],
            [
              -87.96747006558424,
              43.06789972143183
            ]
          ]
        ]
      }
    },
    {
      "type": "Feature",
      "properties": {
        "placeFips": "5553000",
        "city": "Milwaukee",
        "state": "WI",
        "boundaryType": "ward",
        "district": "151",
        "name": "151"
      },
      "geometry": {
        "type": "Polygon",
        "coordinates": [
          [
            [
              -87.96235086785155,
              43.05645961486941
            ],
            [
              -87.9623693769983,
              43.055187772966676
            ],
            [
              -87.95759117818005,
              43.05465264752662
            ],
            [
              -87.95746631720034,
              43.0642631010236
            ],
            [
              -87.96224570201555,
              43.064255187766854
            ],
            [
              -87.96230741028656,
              43.06061596683474
            ],
            [
              -87.96231034318821,
              43.05924451844442
            ],
            [
              -87.96235086785155,
              43.05645961486941
            ]
          ]
        ]
      }
    },
    {
      "type": "Feature",
      "properties": {
        "placeFips": "5553000",
        "city": "Milwaukee",
        "state": "WI",
        "boundaryType": "ward",
        "district": "152",
        "name": "152"
      },
      "geometry": {
        "type": "Polygon",
        "coordinates": [
          [
            [
              -87.96757888545383,
              43.058398768090704
            ],
            [
              -87.96757966597663,
              43.05779091183216
            ],
            [
              -87.96264106441524,
              43.0552181926643
            ],
            [
              -87.9623693769983,
              43.055187772966676
            ],
            [
              -87.96231034318821,
              43.05924451844442
            ],
            [
              -87.96230741028656,
              43.06061596683474
            ],
            [
              -87.96224570201555,
              43.064255187766854
            ],
            [
              -87.96752306138906,
              43.06425652882571
            ],
            [
              -87.96757603303352,
              43.06061409394011
            ],
            [
              -87.96757888545383,
              43.058398768090704
            ]
          ]
        ]
      }
    },
    {
      "type": "Feature",
      "properties": {
        "placeFips": "5553000",
        "city": "Milwaukee",
        "state": "WI",
        "boundaryType": "ward",
        "district": "153",
        "name": "153"
      },
      "geometry": {
        "type": "Polygon",
        "coordinates": [
          [
            [
              -87.97356552678457,
              43.05711022977022
            ],
            [
              -87.9724362886732,
              43.05710571992138
            ],
            [
              -87.97242754024184,
              43.06028749110587
            ],
            [
              -87.97753566302329,
              43.06291264215429
            ],
            [
              -87.97756083422361,
              43.060657471473924
            ],
            [
              -87.9787523402315,
              43.06066301078053
            ],
            [
              -87.97877755457563,
              43.057136764158685
            ],
            [
              -87.97356552678457,
              43.05711022977022
            ]
          ]
        ]
      }
    },
    {
      "type": "Feature",
      "properties": {
        "placeFips": "5553000",
        "city": "Milwaukee",
        "state": "WI",
        "boundaryType": "ward",
        "district": "154",
        "name": "154"
      },
      "geometry": {
        "type": "Polygon",
        "coordinates": [
          [
            [
              -87.97753438688899,
              43.06302700731791
            ],
            [
              -87.97753566302329,
              43.06291264215429
            ],
            [
              -87.96757966597663,
              43.05779091183216
            ],
            [
              -87.96757603303352,
              43.06061409394011
            ],
            [
              -87.96752306138906,
              43.06425652882571
            ],
            [
              -87.9775202286051,
              43.06429527599947
            ],
            [
              -87.97753438688899,
              43.06302700731791
            ]
          ]
        ]
      }
    },
    {
      "type": "Feature",
      "properties": {
        "placeFips": "5553000",
        "city": "Milwaukee",
        "state": "WI",
        "boundaryType": "ward",
        "district": "155",
        "name": "155"
      },
      "geometry": {
        "type": "Polygon",
        "coordinates": [
          [
            [
              -87.97747912791831,
              43.067970214397924
            ],
            [
              -87.9775202286051,
              43.06429527599947
            ],
            [
              -87.96752306138906,
              43.06425652882571
            ],
            [
              -87.96747006558424,
              43.06789972143183
            ],
            [
              -87.97747912791831,
              43.067970214397924
            ]
          ]
        ]
      }
    },
    {
      "type": "Feature",
      "properties": {
        "placeFips": "5553000",
        "city": "Milwaukee",
        "state": "WI",
        "boundaryType": "ward",
        "district": "156",
        "name": "156"
      },
      "geometry": {
        "type": "Polygon",
        "coordinates": [
          [
            [
              -87.89864921488909,
              43.02542525158124
            ],
            [
              -87.89863728768671,
              43.02576011477757
            ],
            [
              -87.89527123126828,
              43.02589089566425
            ],
            [
              -87.8952765615325,
              43.02598959045546
            ],
            [
              -87.89584532152683,
              43.02596201615623
            ],
            [
              -87.89591963409742,
              43.02873879845984
            ],
            [
              -87.89550437394902,
              43.02883159115515
            ],
            [
              -87.8954467186348,
              43.028898556488
            ],
            [
              -87.89542199002753,
              43.028992016813724
            ],
            [
              -87.89537702274787,
              43.029064030872824
            ],
            [
              -87.89526780246199,
              43.029174888392774
            ],
            [
              -87.89515325749916,
              43.02923689575206
            ],
            [
              -87.894826844831,
              43.02931167083205
            ],
            [
              -87.89466492325852,
              43.02938167959827
            ],
            [
              -87.89452511650278,
              43.02948932615599
            ],
            [
              -87.89428073819786,
              43.029743455297776
            ],
            [
              -87.89404106715511,
              43.03004683954566
            ],
            [
              -87.89393268698281,
              43.03025732952973
            ],
            [
              -87.89381202933646,
              43.030657115850936
            ],
            [
              -87.89371615089811,
              43.03115235011732
            ],
            [
              -87.89369406304635,
              43.03137247727404
            ],
            [
              -87.89369709739526,
              43.0315228273547
            ],
            [
              -87.89372581374914,
              43.031740530038036
            ],
            [
              -87.89376449896552,
              43.0318912949015
            ],
            [
              -87.8938945878901,
              43.032202501574005
            ],
            [
              -87.89400383585577,
              43.032377912606904
            ],
            [
              -87.89444837276585,
              43.03329888191454
            ],
            [
              -87.89454087472618,
              43.03376810448712
            ],
            [
              -87.89457123590189,
              43.03401239168835
            ],
            [
              -87.89457604069513,
              43.03428039710161
            ],
            [
              -87.8946286596992,
              43.03452392954084
            ],
            [
              -87.89454120459246,
              43.034950873312276
            ],
            [
              -87.89446389629896,
              43.03523575404466
            ],
            [
              -87.89446720382708,
              43.035273187727704
            ],
            [
              -87.8945078474065,
              43.03534148626023
            ],
            [
              -87.89458576509124,
              43.035389308201296
            ],
            [
              -87.89465901806842,
              43.035405461190834
            ],
            [
              -87.89475996742371,
              43.03539708366694
            ],
            [
              -87.89484521126353,
              43.035356542753966
            ],
            [
              -87.89489510726774,
              43.03528592396902
            ],
            [
              -87.89492891429539,
              43.03499689491843
            ],
            [
              -87.89501348403763,
              43.03463182884496
            ],
            [
              -87.89508381495996,
              43.03452274734968
            ],
            [
              -87.89520081007247,
              43.03440950715351
            ],
            [
              -87.89536910877302,
              43.03432819143494
            ],
            [
              -87.89560786211993,
              43.034280279175945
            ],
            [
              -87.89580610321225,
              43.03427835001443
            ],
            [
              -87.89607124976231,
              43.03432567102816
            ],
            [
              -87.89617216045339,
              43.034325212855606
            ],
            [
              -87.89629439165255,
              43.03428516725897
            ],
            [
              -87.89636532781597,
              43.034224412724186
            ],
            [
              -87.89639848356428,
              43.034148205066444
            ],
            [
              -87.89638869373788,
              43.034075463594554
            ],
            [
              -87.89635479662316,
              43.03404396695563
            ],
            [
              -87.89626620852174,
              43.03401199841144
            ],
            [
              -87.89621760322234,
              43.0339576668694
            ],
            [
              -87.8961020329709,
              43.03378261837459
            ],
            [
              -87.89604389590211,
              43.03364303192066
            ],
            [
              -87.89600426583267,
              43.033401831487176
            ],
            [
              -87.89603757845626,
              43.03316011995094
            ],
            [
              -87.8961422170092,
              43.03292962095405
            ],
            [
              -87.89631310602735,
              43.032721517655396
            ],
            [
              -87.896541949934,
              43.0325459088126
            ],
            [
              -87.89689611977913,
              43.032370610395745
            ],
            [
              -87.8969716268227,
              43.03229496016376
            ],
            [
              -87.89700478649044,
              43.03220440911091
            ],
            [
              -87.89699112431515,
              43.0321111854793
            ],
            [
              -87.89693248363758,
              43.03202787386654
            ],
            [
              -87.8968258743247,
              43.03197926057055
            ],
            [
              -87.89659641357176,
              43.03192219046456
            ],
            [
              -87.89630856192534,
              43.031820816581295
            ],
            [
              -87.89619219801709,
              43.03176476718935
            ],
            [
              -87.8960080677836,
              43.03164197156216
            ],
            [
              -87.89575358321177,
              43.03142667169704
            ],
            [
              -87.8955676701437,
              43.03122515349614
            ],
            [
              -87.89545298103624,
              43.03105641466311
            ],
            [
              -87.89538623472933,
              43.030920656477406
            ],
            [
              -87.89533564027704,
              43.03076817154765
            ],
            [
              -87.89530015010868,
              43.0304837598937
            ],
            [
              -87.8953811467352,
              43.030129226669416
            ],
            [
              -87.8955074429901,
              43.02983866653141
            ],
            [
              -87.8956565537725,
              43.02962046228199
            ],
            [
              -87.89574056254942,
              43.02955869319901
            ],
            [
              -87.89588916335198,
              43.02938411249644
            ],
            [
              -87.89596106215149,
              43.02926465934955
            ],
            [
              -87.89599038232122,
              43.02917874957539
            ],
            [
              -87.89611720713926,
              43.02915666517631
            ],
            [
              -87.89614818942144,
              43.02913302996753
            ],
            [
              -87.89615909141557,
              43.02909040349914
            ],
            [
              -87.89729187962097,
              43.02905824227006
            ],
            [
              -87.89750017685994,
              43.0291814370515
            ],
            [
              -87.8977206011137,
              43.029350515899836
            ],
            [
              -87.89790656667229,
              43.02954057598835
            ],
            [
              -87.8980544154624,
              43.02974787329139
            ],
            [
              -87.8981385013516,
              43.029912209388165
            ],
            [
              -87.89821310848137,
              43.03013967646572
            ],
            [
              -87.89824354873086,
              43.03037256603855
            ],
            [
              -87.89823700194462,
              43.03054803145279
            ],
            [
              -87.89750563835919,
              43.03418375148946
            ],
            [
              -87.8970985647086,
              43.03439038689545
            ],
            [
              -87.89700916257824,
              43.03441467768434
            ],
            [
              -87.89688688220593,
              43.03440249146995
            ],
            [
              -87.89673269137634,
              43.03431818631484
            ],
            [
              -87.89657292580961,
              43.03430360340507
            ],
            [
              -87.89649226286433,
              43.03431352309283
            ],
            [
              -87.89641985191777,
              43.03434141449718
            ],
            [
              -87.89636291941608,
              43.03438448849934
            ],
            [
              -87.89632715537053,
              43.03443844630995
            ],
            [
              -87.89630807971726,
              43.03452598289502
            ],
            [
              -87.89632564248983,
              43.034617776834196
            ],
            [
              -87.89650351473814,
              43.034812113983044
            ],
            [
              -87.89658477516234,
              43.034934001915616
            ],
            [
              -87.89664342791619,
              43.03506248058677
            ],
            [
              -87.89667780660699,
              43.03519520863804
            ],
            [
              -87.89667961138183,
              43.03542006618963
            ],
            [
              -87.89656668278901,
              43.03587836911862
            ],
            [
              -87.89656606245755,
              43.0360905259308
            ],
            [
              -87.89659644614278,
              43.03624531139498
            ],
            [
              -87.89666045497597,
              43.03633040266386
            ],
            [
              -87.89672282899825,
              43.03636136174326
            ],
            [
              -87.89703623467902,
              43.03638155834092
            ],
            [
              -87.89698741071469,
              43.03660237175601
            ],
            [
              -87.89518397210698,
              43.03670214722786
            ],
            [
              -87.89514400930663,
              43.036732752045424
            ],
            [
              -87.89500585469564,
              43.03734443617361
            ],
            [
              -87.89464594784164,
              43.03735010459856
            ],
            [
              -87.89437297352649,
              43.03747650222895
            ],
            [
              -87.89425663702691,
              43.03750562813355
            ],
            [
              -87.89410395794995,
              43.03749656688495
            ],
            [
              -87.89399551921353,
              43.03745409700827
            ],
            [
              -87.89393173304705,
              43.037405042669285
            ],
            [
              -87.89388834909938,
              43.0373451862594
            ],
            [
              -87.89388238421316,
              43.03721686017955
            ],
            [
              -87.89407211404965,
              43.03631894116692
            ],
            [
              -87.89408112964287,
              43.035989531413506
            ],
            [
              -87.89427637005934,
              43.03500817102699
            ],
            [
              -87.89425890905275,
              43.034937222301366
            ],
            [
              -87.89418181361421,
              43.0348676045667
            ],
            [
              -87.8940907207346,
              43.03484053682073
            ],
            [
              -87.89399263361817,
              43.034845060596545
            ],
            [
              -87.89387410970627,
              43.03490745057669
            ],
            [
              -87.89383155864579,
              43.0349759556884
            ],
            [
              -87.89380606006668,
              43.03506461103699
            ],
            [
              -87.89338914098911,
              43.03690001135762
            ],
            [
              -87.89333518679135,
              43.037177900877204
            ],
            [
              -87.89333610281516,
              43.03730686731155
            ],
            [
              -87.89336693755699,
              43.03741874740786
            ],
            [
              -87.89348217549936,
              43.03759404552803
            ],
            [
              -87.893579268082,
              43.037680676401976
            ],
            [
              -87.89370428204454,
              43.03775775566569
            ],
            [
              -87.89390055121564,
              43.03783287009254
            ],
            [
              -87.89649972185786,
              43.03726229746968
            ],
            [
              -87.89740025511168,
              43.037407813199955
            ],
            [
              -87.89762864053095,
              43.039828986421846
            ],
            [
              -87.89821714449758,
              43.03979949301457
            ],
            [
              -87.89828087476555,
              43.04046589284446
            ],
            [
              -87.89947807749927,
              43.040409675178
            ],
            [
              -87.89920102977689,
              43.04118350695045
            ],
            [
              -87.89941686901555,
              43.04309446639187
            ],
            [
              -87.89976412462745,
              43.04301730931418
            ],
            [
              -87.90001208285304,
              43.04299037935799
            ],
            [
              -87.9006653743714,
              43.04293631204379
            ],
            [
              -87.90191237917904,
              43.042864836138165
            ],
            [
              -87.90315914011798,
              43.04271531626572
            ],
            [
              -87.90276614061989,
              43.03896420512108
            ],
            [
              -87.90247185303544,
              43.036541151735264
            ],
            [
              -87.90373308480756,
              43.03646508806461
            ],
            [
              -87.9031594672764,
              43.03166694960528
            ],
            [
              -87.90301470484935,
              43.03029775767923
            ],
            [
              -87.90593080624613,
              43.03012517661442
            ],
            [
              -87.9068075895466,
              43.03074337752024
            ],
            [
              -87.90943363016316,
              43.0318516674765
            ],
            [
              -87.90996324751646,
              43.03116276445216
            ],
            [
              -87.90876494938087,
              43.03072246725026
            ],
            [
              -87.90749683524983,
              43.030075841124486
            ],
            [
              -87.90623956573837,
              43.02919650846385
            ],
            [
              -87.90483998330464,
              43.028051692692706
            ],
            [
              -87.90279005068544,
              43.02548396862502
            ],
            [
              -87.9023700497996,
              43.02512096885846
            ],
            [
              -87.89866105090678,
              43.0250929682914
            ],
            [
              -87.89864921488909,
              43.02542525158124
            ]
          ]
        ]
      }
    },
    {
      "type": "Feature",
      "properties": {
        "placeFips": "5553000",
        "city": "Milwaukee",
        "state": "WI",
        "boundaryType": "ward",
        "district": "157",
        "name": "157"
      },
      "geometry": {
        "type": "Polygon",
        "coordinates": [
          [
            [
              -87.97487395974584,
              43.07160701993414
            ],
            [
              -87.97494215981118,
              43.06795244646431
            ],
            [
              -87.96747006558424,
              43.06789972143183
            ],
            [
              -87.96741797336932,
              43.07154642923579
            ],
            [
              -87.97487395974584,
              43.07160701993414
            ]
          ]
        ]
      }
    },
    {
      "type": "Feature",
      "properties": {
        "placeFips": "5553000",
        "city": "Milwaukee",
        "state": "WI",
        "boundaryType": "ward",
        "district": "158",
        "name": "158"
      },
      "geometry": {
        "type": "Polygon",
        "coordinates": [
          [
            [
              -87.91334294799796,
              43.04570197222846
            ],
            [
              -87.91322448150784,
              43.042995216576166
            ],
            [
              -87.91253967640351,
              43.04170110270934
            ],
            [
              -87.91039859216376,
              43.04224173770678
            ],
            [
              -87.90315914011798,
              43.04271531626572
            ],
            [
              -87.90327560301017,
              43.04382682019632
            ],
            [
              -87.90352106530054,
              43.04572873989269
            ],
            [
              -87.90858579756183,
              43.045766486407004
            ],
            [
              -87.90857230486327,
              43.04696836900613
            ],
            [
              -87.91177608395057,
              43.04699041463257
            ],
            [
              -87.91190936794106,
              43.046969119544094
            ],
            [
              -87.91236634372076,
              43.046776899602555
            ],
            [
              -87.91255413283884,
              43.04672420194896
            ],
            [
              -87.91277509361804,
              43.046683644999156
            ],
            [
              -87.91330064866897,
              43.04667784570207
            ],
            [
              -87.91334294799796,
              43.04570197222846
            ]
          ]
        ]
      }
    },
    {
      "type": "Feature",
      "properties": {
        "placeFips": "5553000",
        "city": "Milwaukee",
        "state": "WI",
        "boundaryType": "ward",
        "district": "159",
        "name": "159"
      },
      "geometry": {
        "type": "Polygon",
        "coordinates": [
          [
            [
              -87.97978363141463,
              43.07164540879832
            ],
            [
              -87.98514134119682,
              43.07169452598546
            ],
            [
              -87.98517457002438,
              43.06984229258954
            ],
            [
              -87.9852396394592,
              43.068021578774086
            ],
            [
              -87.9840185978574,
              43.06631836801019
            ],
            [
              -87.98371113242858,
              43.066157562357105
            ],
            [
              -87.97986696218774,
              43.06613219137184
            ],
            [
              -87.97978363141463,
              43.07164540879832
            ]
          ]
        ]
      }
    },
    {
      "type": "Feature",
      "properties": {
        "placeFips": "5553000",
        "city": "Milwaukee",
        "state": "WI",
        "boundaryType": "ward",
        "district": "160",
        "name": "160"
      },
      "geometry": {
        "type": "Polygon",
        "coordinates": [
          [
            [
              -87.9898268225001,
              43.06759320687553
            ],
            [
              -87.98972940877194,
              43.0675741600513
            ],
            [
              -87.98973129739326,
              43.068040465504694
            ],
            [
              -87.98729793613332,
              43.068033776302045
            ],
            [
              -87.9840185978574,
              43.06631836801019
            ],
            [
              -87.9852396394592,
              43.068021578774086
            ],
            [
              -87.98517457002438,
              43.06984229258954
            ],
            [
              -87.98514134119682,
              43.07169452598546
            ],
            [
              -87.98626652931279,
              43.07170481111358
            ],
            [
              -87.98739411447494,
              43.0716842537018
            ],
            [
              -87.98735948167783,
              43.07351238137044
            ],
            [
              -87.98965663308051,
              43.07351193451116
            ],
            [
              -87.99024328332648,
              43.07352222206318
            ],
            [
              -87.9904106215767,
              43.07354964042481
            ],
            [
              -87.99196383419621,
              43.07353555737319
            ],
            [
              -87.99198582680683,
              43.072644043141395
            ],
            [
              -87.99199931937018,
              43.07077696357093
            ],
            [
              -87.99204835157944,
              43.07051959624206
            ],
            [
              -87.99310827013748,
              43.06940687730784
            ],
            [
              -87.9932522081135,
              43.06922993163685
            ],
            [
              -87.99334806393804,
              43.06907752769582
            ],
            [
              -87.99346994955006,
              43.06878783588651
            ],
            [
              -87.99351790841837,
              43.0685469952948
            ],
            [
              -87.99352501230864,
              43.06841356779103
            ],
            [
              -87.99353648264298,
              43.06620085055305
            ],
            [
              -87.99212510729828,
              43.066195941131944
            ],
            [
              -87.99211053371317,
              43.06759064267847
            ],
            [
              -87.9898268225001,
              43.06759320687553
            ]
          ]
        ]
      }
    },
    {
      "type": "Feature",
      "properties": {
        "placeFips": "5553000",
        "city": "Milwaukee",
        "state": "WI",
        "boundaryType": "ward",
        "district": "161",
        "name": "161"
      },
      "geometry": {
        "type": "Polygon",
        "coordinates": [
          [
            [
              -87.97986696218774,
              43.06613219137184
            ],
            [
              -87.98371113242858,
              43.066157562357105
            ],
            [
              -87.98729793613332,
              43.068033776302045
            ],
            [
              -87.98973129739326,
              43.068040465504694
            ],
            [
              -87.9897294863968,
              43.06759331528446
            ],
            [
              -87.98932661721456,
              43.06759376291249
            ],
            [
              -87.98932662895537,
              43.06762242458231
            ],
            [
              -87.98917951941807,
              43.06762284746362
            ],
            [
              -87.9892123029165,
              43.06436678985385
            ],
            [
              -87.9875060171766,
              43.06434857786195
            ],
            [
              -87.98752403841132,
              43.06253478161901
            ],
            [
              -87.97990590588348,
              43.06248530833725
            ],
            [
              -87.97986696218774,
              43.06613219137184
            ]
          ]
        ]
      }
    },
    {
      "type": "Feature",
      "properties": {
        "placeFips": "5553000",
        "city": "Milwaukee",
        "state": "WI",
        "boundaryType": "ward",
        "district": "162",
        "name": "162"
      },
      "geometry": {
        "type": "Polygon",
        "coordinates": [
          [
            [
              -87.90771133519738,
              43.051606700302635
            ],
            [
              -87.90910991746655,
              43.049949090163175
            ],
            [
              -87.91187972262271,
              43.048428211976315
            ],
            [
              -87.91225983218301,
              43.04817393630854
            ],
            [
              -87.91257130277334,
              43.04789000364596
            ],
            [
              -87.91291854981206,
              43.047464740728046
            ],
            [
              -87.91321591627121,
              43.04691361341098
            ],
            [
              -87.91330064866897,
              43.04667784570207
            ],
            [
              -87.91277509361804,
              43.046683644999156
            ],
            [
              -87.91255413283884,
              43.04672420194896
            ],
            [
              -87.91236634372076,
              43.046776899602555
            ],
            [
              -87.91190936794106,
              43.046969119544094
            ],
            [
              -87.91177608395057,
              43.04699041463257
            ],
            [
              -87.90857230486327,
              43.04696836900613
            ],
            [
              -87.90858501835685,
              43.048190833383664
            ],
            [
              -87.90724511057184,
              43.04816966954662
            ],
            [
              -87.89969704101395,
              43.04811766003408
            ],
            [
              -87.8969615483877,
              43.0480781083904
            ],
            [
              -87.89689912852486,
              43.05050538789606
            ],
            [
              -87.90559667632235,
              43.05057286272903
            ],
            [
              -87.90575854933549,
              43.05059926322001
            ],
            [
              -87.90589777634092,
              43.05064130051019
            ],
            [
              -87.90625096279629,
              43.050790692540545
            ],
            [
              -87.90771133519738,
              43.051606700302635
            ]
          ]
        ]
      }
    },
    {
      "type": "Feature",
      "properties": {
        "placeFips": "5553000",
        "city": "Milwaukee",
        "state": "WI",
        "boundaryType": "ward",
        "district": "163",
        "name": "163"
      },
      "geometry": {
        "type": "Polygon",
        "coordinates": [
          [
            [
              -87.98754423226883,
              43.06070344365596
            ],
            [
              -87.98755527567346,
              43.0571191809878
            ],
            [
              -87.98724980551482,
              43.05717634717047
            ],
            [
              -87.97877755457563,
              43.057136764158685
            ],
            [
              -87.9787523402315,
              43.06066301078053
            ],
            [
              -87.98754423226883,
              43.06070344365596
            ]
          ]
        ]
      }
    },
    {
      "type": "Feature",
      "properties": {
        "placeFips": "5553000",
        "city": "Milwaukee",
        "state": "WI",
        "boundaryType": "ward",
        "district": "164",
        "name": "164"
      },
      "geometry": {
        "type": "Polygon",
        "coordinates": [
          [
            [
              -87.98755527567346,
              43.0571191809878
            ],
            [
              -87.98756465448496,
              43.05296686496606
            ],
            [
              -87.98755158811245,
              43.04998682432759
            ],
            [
              -87.98310167589902,
              43.049533096789226
            ],
            [
              -87.98291826456088,
              43.05025758607804
            ],
            [
              -87.98207826707778,
              43.05294517344817
            ],
            [
              -87.9724509061624,
              43.05290304446092
            ],
            [
              -87.9724362886732,
              43.05710571992138
            ],
            [
              -87.98641937271454,
              43.05717588691964
            ],
            [
              -87.98724980551482,
              43.05717634717047
            ],
            [
              -87.98755527567346,
              43.0571191809878
            ]
          ]
        ]
      }
    },
    {
      "type": "Feature",
      "properties": {
        "placeFips": "5553000",
        "city": "Milwaukee",
        "state": "WI",
        "boundaryType": "ward",
        "district": "165",
        "name": "165"
      },
      "geometry": {
        "type": "Polygon",
        "coordinates": [
          [
            [
              -87.95759117818005,
              43.05465264752662
            ],
            [
              -87.96264106441524,
              43.0552181926643
            ],
            [
              -87.96505188704309,
              43.05646394108865
            ],
            [
              -87.96700425592343,
              43.05749343605898
            ],
            [
              -87.97242754024184,
              43.06028749110587
            ],
            [
              -87.97247446495892,
              43.04881058247428
            ],
            [
              -87.9595705260399,
              43.04874534215019
            ],
            [
              -87.95956675650497,
              43.05150356903127
            ],
            [
              -87.95762004270301,
              43.05149156094927
            ],
            [
              -87.95759117818005,
              43.05465264752662
            ]
          ]
        ]
      }
    },
    {
      "type": "Feature",
      "properties": {
        "placeFips": "5553000",
        "city": "Milwaukee",
        "state": "WI",
        "boundaryType": "ward",
        "district": "166",
        "name": "166"
      },
      "geometry": {
        "type": "Polygon",
        "coordinates": [
          [
            [
              -87.9575857214927,
              43.05511525527698
            ],
            [
              -87.95762004270301,
              43.05149156094927
            ],
            [
              -87.94775126934279,
              43.05141308366607
            ],
            [
              -87.94774599284735,
              43.052787001945475
            ],
            [
              -87.94761562304849,
              43.05350420960324
            ],
            [
              -87.94757308837896,
              43.05637812226636
            ],
            [
              -87.95100964687816,
              43.05639992282947
            ],
            [
              -87.95104499184525,
              43.05390233876763
            ],
            [
              -87.9526271949295,
              43.054085986584994
            ],
            [
              -87.95261227011294,
              43.05508756070986
            ],
            [
              -87.9575857214927,
              43.05511525527698
            ]
          ]
        ]
      }
    },
    {
      "type": "Feature",
      "properties": {
        "placeFips": "5553000",
        "city": "Milwaukee",
        "state": "WI",
        "boundaryType": "ward",
        "district": "167",
        "name": "167"
      },
      "geometry": {
        "type": "Polygon",
        "coordinates": [
          [
            [
              -87.95763088358798,
              43.050118948109166
            ],
            [
              -87.95764195609996,
              43.04871710215864
            ],
            [
              -87.95001993763049,
              43.048661411634825
            ],
            [
              -87.94999551990954,
              43.051435739090984
            ],
            [
              -87.95762004270301,
              43.05149156094927
            ],
            [
              -87.95763088358798,
              43.050118948109166
            ]
          ]
        ]
      }
    },
    {
      "type": "Feature",
      "properties": {
        "placeFips": "5553000",
        "city": "Milwaukee",
        "state": "WI",
        "boundaryType": "ward",
        "district": "168",
        "name": "168"
      },
      "geometry": {
        "type": "Polygon",
        "coordinates": [
          [
            [
              -87.94403795632688,
              43.05140093392023
            ],
            [
              -87.94999551990954,
              43.051435739090984
            ],
            [
              -87.95001993763049,
              43.048661411634825
            ],
            [
              -87.93777406673205,
              43.04859903595419
            ],
            [
              -87.93773255088723,
              43.05136745097718
            ],
            [
              -87.94403795632688,
              43.05140093392023
            ]
          ]
        ]
      }
    },
    {
      "type": "Feature",
      "properties": {
        "placeFips": "5553000",
        "city": "Milwaukee",
        "state": "WI",
        "boundaryType": "ward",
        "district": "169",
        "name": "169"
      },
      "geometry": {
        "type": "Polygon",
        "coordinates": [
          [
            [
              -87.94774954166421,
              43.051862944656165
            ],
            [
              -87.94775126934279,
              43.05141308366607
            ],
            [
              -87.93773255088723,
              43.05136745097718
            ],
            [
              -87.93766371145826,
              43.05627554056803
            ],
            [
              -87.94633317103597,
              43.05634089700994
            ],
            [
              -87.94757308837896,
              43.05637812226636
            ],
            [
              -87.94761562304849,
              43.05350420960324
            ],
            [
              -87.94774599284735,
              43.052787001945475
            ],
            [
              -87.94774954166421,
              43.051862944656165
            ]
          ]
        ]
      }
    },
    {
      "type": "Feature",
      "properties": {
        "placeFips": "5553000",
        "city": "Milwaukee",
        "state": "WI",
        "boundaryType": "ward",
        "district": "170",
        "name": "170"
      },
      "geometry": {
        "type": "Polygon",
        "coordinates": [
          [
            [
              -87.92786176090341,
              43.04854101144441
            ],
            [
              -87.92713510086513,
              43.048521650983666
            ],
            [
              -87.92709810388,
              43.05129922974161
            ],
            [
              -87.92759112399578,
              43.05164449097276
            ],
            [
              -87.92776521396503,
              43.05182767058217
            ],
            [
              -87.92784044731037,
              43.05193963141093
            ],
            [
              -87.92820453050851,
              43.05208098207905
            ],
            [
              -87.92838731419515,
              43.052208701404524
            ],
            [
              -87.92844038018617,
              43.05232523018143
            ],
            [
              -87.9286553643207,
              43.05253202461548
            ],
            [
              -87.92868941950029,
              43.05263515682398
            ],
            [
              -87.92998170913029,
              43.05422254841952
            ],
            [
              -87.93066057571413,
              43.05471899162885
            ],
            [
              -87.93761744263783,
              43.059576562156614
            ],
            [
              -87.93777406673205,
              43.04859903595419
            ],
            [
              -87.92786176090341,
              43.04854101144441
            ]
          ]
        ]
      }
    },
    {
      "type": "Feature",
      "properties": {
        "placeFips": "5553000",
        "city": "Milwaukee",
        "state": "WI",
        "boundaryType": "ward",
        "district": "171",
        "name": "171"
      },
      "geometry": {
        "type": "Polygon",
        "coordinates": [
          [
            [
              -87.92459904078099,
              43.055734964852256
            ],
            [
              -87.92509502488703,
              43.052595346443766
            ],
            [
              -87.91724528463959,
              43.05253633252021
            ],
            [
              -87.91578309479915,
              43.052556071637625
            ],
            [
              -87.91279368571986,
              43.05254001187497
            ],
            [
              -87.91270139661309,
              43.05778339131556
            ],
            [
              -87.91419950045241,
              43.05779162370038
            ],
            [
              -87.91422448006327,
              43.05647648785686
            ],
            [
              -87.92447386690611,
              43.05652992699604
            ],
            [
              -87.92459904078099,
              43.055734964852256
            ]
          ]
        ]
      }
    },
    {
      "type": "Feature",
      "properties": {
        "placeFips": "5553000",
        "city": "Milwaukee",
        "state": "WI",
        "boundaryType": "ward",
        "district": "172",
        "name": "172"
      },
      "geometry": {
        "type": "Polygon",
        "coordinates": [
          [
            [
              -87.92541983538078,
              43.04977005547548
            ],
            [
              -87.92549667794486,
              43.049101039025686
            ],
            [
              -87.92588001958187,
              43.0497831198228
            ],
            [
              -87.92625529601348,
              43.05008929770831
            ],
            [
              -87.92658769174936,
              43.050517146392
            ],
            [
              -87.92695079223797,
              43.050916464088964
            ],
            [
              -87.9270981191879,
              43.05129736520198
            ],
            [
              -87.92713510086513,
              43.048521650983666
            ],
            [
              -87.92624727239482,
              43.04844469128284
            ],
            [
              -87.92564551247902,
              43.04832058056993
            ],
            [
              -87.92507420328577,
              43.04814385830403
            ],
            [
              -87.924717076634,
              43.0480008672225
            ],
            [
              -87.92444333356465,
              43.04786835211205
            ],
            [
              -87.92016434861489,
              43.04573084880817
            ],
            [
              -87.91891371676883,
              43.0457035829842
            ],
            [
              -87.91334294799796,
              43.04570197222846
            ],
            [
              -87.91330064866897,
              43.04667784570207
            ],
            [
              -87.91321591627121,
              43.04691361341098
            ],
            [
              -87.91291854981206,
              43.047464740728046
            ],
            [
              -87.91257130277334,
              43.04789000364596
            ],
            [
              -87.91225983218301,
              43.04817393630854
            ],
            [
              -87.91187972262271,
              43.048428211976315
            ],
            [
              -87.90910991746655,
              43.049949090163175
            ],
            [
              -87.90771133519738,
              43.051606700302635
            ],
            [
              -87.90928865745582,
              43.05246249391709
            ],
            [
              -87.90954370333954,
              43.05250546482861
            ],
            [
              -87.91429894519335,
              43.05255597913151
            ],
            [
              -87.91724528463959,
              43.05253633252021
            ],
            [
              -87.92509502488703,
              43.052595346443766
            ],
            [
              -87.92541983538078,
              43.04977005547548
            ]
          ]
        ]
      }
    },
    {
      "type": "Feature",
      "properties": {
        "placeFips": "5553000",
        "city": "Milwaukee",
        "state": "WI",
        "boundaryType": "ward",
        "district": "173",
        "name": "173"
      },
      "geometry": {
        "type": "Polygon",
        "coordinates": [
          [
            [
              -87.8980035869229,
              43.05755522385409
            ],
            [
              -87.89795884136333,
              43.05916706306677
            ],
            [
              -87.89844752395038,
              43.059010522976465
            ],
            [
              -87.90044296765424,
              43.0590225954726
            ],
            [
              -87.90044267542022,
              43.060213034831456
            ],
            [
              -87.90054282420283,
              43.06021039594468
            ],
            [
              -87.90060325107277,
              43.05965599587614
            ],
            [
              -87.90090896737189,
              43.05941457747997
            ],
            [
              -87.90150428914001,
              43.0591753252221
            ],
            [
              -87.90233107583134,
              43.05905047205096
            ],
            [
              -87.90250205034316,
              43.05926575641225
            ],
            [
              -87.90267794428786,
              43.059639553629935
            ],
            [
              -87.902884331657,
              43.059930141338405
            ],
            [
              -87.90303238145022,
              43.06006135839254
            ],
            [
              -87.90315888065294,
              43.06013099323776
            ],
            [
              -87.90329385711252,
              43.060183760338994
            ],
            [
              -87.90347969150038,
              43.06022236886022
            ],
            [
              -87.91265974879715,
              43.06027147490101
            ],
            [
              -87.91279368571986,
              43.05254001187497
            ],
            [
              -87.90954370333954,
              43.05250546482861
            ],
            [
              -87.90928865745582,
              43.05246249391709
            ],
            [
              -87.9078429459457,
              43.05167884646952
            ],
            [
              -87.90663917089975,
              43.05298599203274
            ],
            [
              -87.90331475365677,
              43.05539111457609
            ],
            [
              -87.90197035806311,
              43.05631929641061
            ],
            [
              -87.90050683303183,
              43.056930779528564
            ],
            [
              -87.89925538249412,
              43.05708992467172
            ],
            [
              -87.89801538775579,
              43.05717126454544
            ],
            [
              -87.8980035869229,
              43.05755522385409
            ]
          ]
        ]
      }
    },
    {
      "type": "Feature",
      "properties": {
        "placeFips": "5553000",
        "city": "Milwaukee",
        "state": "WI",
        "boundaryType": "ward",
        "district": "174",
        "name": "174"
      },
      "geometry": {
        "type": "Polygon",
        "coordinates": [
          [
            [
              -87.8980226863359,
              43.056899786494476
            ],
            [
              -87.89921669824821,
              43.05679736041691
            ],
            [
              -87.90035863535617,
              43.05665763618855
            ],
            [
              -87.90170736699406,
              43.05605694212292
            ],
            [
              -87.90420772368691,
              43.05436874567522
            ],
            [
              -87.90362654891436,
              43.05382978360479
            ],
            [
              -87.9035510952171,
              43.053740432043064
            ],
            [
              -87.90343147513885,
              43.05353991415718
            ],
            [
              -87.90338153156698,
              43.053406251657094
            ],
            [
              -87.90334489325464,
              43.05320246701084
            ],
            [
              -87.90334066586139,
              43.05298605057224
            ],
            [
              -87.89232814592663,
              43.0529317205196
            ],
            [
              -87.89249432110616,
              43.053080637089415
            ],
            [
              -87.8924435681109,
              43.054553470202194
            ],
            [
              -87.89238972776474,
              43.05738367110004
            ],
            [
              -87.89309029903836,
              43.057385362735275
            ],
            [
              -87.89365152698059,
              43.05696479437641
            ],
            [
              -87.89367473461719,
              43.05608036149037
            ],
            [
              -87.89685086120689,
              43.05607708685856
            ],
            [
              -87.89803951678414,
              43.05615911908679
            ],
            [
              -87.8980226863359,
              43.056899786494476
            ]
          ]
        ]
      }
    },
    {
      "type": "Feature",
      "properties": {
        "placeFips": "5553000",
        "city": "Milwaukee",
        "state": "WI",
        "boundaryType": "ward",
        "district": "175",
        "name": "175"
      },
      "geometry": {
        "type": "Polygon",
        "coordinates": [
          [
            [
              -87.89542859149563,
              43.057407318456164
            ],
            [
              -87.89596684771554,
              43.05721814228733
            ],
            [
              -87.8969955108266,
              43.057055164379825
            ],
            [
              -87.89801971873318,
              43.057030358276585
            ],
            [
              -87.89803951678414,
              43.05615911908679
            ],
            [
              -87.89685086120689,
              43.05607708685856
            ],
            [
              -87.89367473461719,
              43.05608036149037
            ],
            [
              -87.89365152698059,
              43.05696479437641
            ],
            [
              -87.89309029903836,
              43.057385362735275
            ],
            [
              -87.89238972776474,
              43.05738367110004
            ],
            [
              -87.8924435681109,
              43.054553470202194
            ],
            [
              -87.89249432110616,
              43.053080637089415
            ],
            [
              -87.89232814592663,
              43.0529317205196
            ],
            [
              -87.89119149741593,
              43.05236830456219
            ],
            [
              -87.89019515699644,
              43.053366691248925
            ],
            [
              -87.88673253491059,
              43.057019536636616
            ],
            [
              -87.88988781143867,
              43.058735198105154
            ],
            [
              -87.88933507635832,
              43.05933510005712
            ],
            [
              -87.88931237364375,
              43.06012996981694
            ],
            [
              -87.8936439634761,
              43.060165735624025
            ],
            [
              -87.8937700700869,
              43.05955034503427
            ],
            [
              -87.8940913420721,
              43.05868574430326
            ],
            [
              -87.89470904957585,
              43.057950962987626
            ],
            [
              -87.89542859149563,
              43.057407318456164
            ]
          ]
        ]
      }
    },
    {
      "type": "Feature",
      "properties": {
        "placeFips": "5553000",
        "city": "Milwaukee",
        "state": "WI",
        "boundaryType": "ward",
        "district": "176",
        "name": "176"
      },
      "geometry": {
        "type": "Polygon",
        "coordinates": [
          [
            [
              -87.88673531580174,
              43.057016564592004
            ],
            [
              -87.88902494374157,
              43.054593960912825
            ],
            [
              -87.88806089450674,
              43.05407074996549
            ],
            [
              -87.88680122021152,
              43.055406399556944
            ],
            [
              -87.88666264792609,
              43.05552057624167
            ],
            [
              -87.88638962150098,
              43.05561693333752
            ],
            [
              -87.88600893707574,
              43.055636131052914
            ],
            [
              -87.88540157021693,
              43.055629078151
            ],
            [
              -87.88544905816647,
              43.05551443831737
            ],
            [
              -87.88555883071942,
              43.05540007331764
            ],
            [
              -87.88576023728602,
              43.0552369721665
            ],
            [
              -87.8860117779283,
              43.05500107712298
            ],
            [
              -87.88617208525055,
              43.05480228886955
            ],
            [
              -87.88635079734607,
              43.05453011421281
            ],
            [
              -87.8864536105331,
              43.05431085207229
            ],
            [
              -87.88651954104361,
              43.054087021560484
            ],
            [
              -87.88652516559505,
              43.05392415195881
            ],
            [
              -87.88650013643348,
              43.053729669426694
            ],
            [
              -87.88643461487169,
              43.05363532204337
            ],
            [
              -87.88614508063908,
              43.0534693311949
            ],
            [
              -87.88566856004489,
              43.05355032966032
            ],
            [
              -87.8851786436392,
              43.05360169336463
            ],
            [
              -87.88472394451377,
              43.05362850098437
            ],
            [
              -87.88424932564463,
              43.053634765954534
            ],
            [
              -87.88356647517912,
              43.05369764679732
            ],
            [
              -87.88273417855565,
              43.053869750383484
            ],
            [
              -87.8824721624872,
              43.05394638590266
            ],
            [
              -87.88160485064564,
              43.05438308101376
            ],
            [
              -87.87882803712779,
              43.05645970568452
            ],
            [
              -87.87743878512629,
              43.057569685883045
            ],
            [
              -87.87723197701989,
              43.05778638423427
            ],
            [
              -87.87680769364277,
              43.05831517770876
            ],
            [
              -87.87658570540184,
              43.05870654579271
            ],
            [
              -87.8765121069882,
              43.058880630890584
            ],
            [
              -87.8762329216037,
              43.05941785331154
            ],
            [
              -87.8759774502788,
              43.05988942901305
            ],
            [
              -87.87585967138439,
              43.060073771351334
            ],
            [
              -87.87870298037723,
              43.06008402170446
            ],
            [
              -87.87936577979546,
              43.059404514573615
            ],
            [
              -87.87974798984786,
              43.05958012668008
            ],
            [
              -87.8804323503775,
              43.059930853337576
            ],
            [
              -87.88045654201048,
              43.06010572159992
            ],
            [
              -87.88218843403688,
              43.06010891424054
            ],
            [
              -87.88215495689793,
              43.06001788418106
            ],
            [
              -87.88397872395787,
              43.05811680939573
            ],
            [
              -87.8847977888462,
              43.057290473724024
            ],
            [
              -87.88592860242964,
              43.05788653259977
            ],
            [
              -87.88515994506187,
              43.05870163596121
            ],
            [
              -87.88624968077957,
              43.059295872655944
            ],
            [
              -87.8878991371444,
              43.06011925897312
            ],
            [
              -87.88931237364375,
              43.06012996981694
            ],
            [
              -87.88933507635832,
              43.05933510005712
            ],
            [
              -87.88988781143867,
              43.058735198105154
            ],
            [
              -87.88673531580174,
              43.057016564592004
            ]
          ]
        ]
      }
    },
    {
      "type": "Feature",
      "properties": {
        "placeFips": "5553000",
        "city": "Milwaukee",
        "state": "WI",
        "boundaryType": "ward",
        "district": "177",
        "name": "177"
      },
      "geometry": {
        "type": "Polygon",
        "coordinates": [
          [
            [
              -87.88902494374157,
              43.054593960912825
            ],
            [
              -87.89019515699644,
              43.053366691248925
            ],
            [
              -87.89119149741593,
              43.05236830456219
            ],
            [
              -87.89756220418417,
              43.04567975914815
            ],
            [
              -87.89795503728057,
              43.04509449492509
            ],
            [
              -87.8980996597293,
              43.04480829570765
            ],
            [
              -87.89825273576109,
              43.04411816493924
            ],
            [
              -87.89846618931799,
              43.04368815965516
            ],
            [
              -87.89856510375266,
              43.04354877648885
            ],
            [
              -87.8986912233442,
              43.04342715413957
            ],
            [
              -87.89901380906939,
              43.04321527607393
            ],
            [
              -87.89941686901555,
              43.04309446639187
            ],
            [
              -87.89920102977689,
              43.04118350695045
            ],
            [
              -87.89947807749927,
              43.040409675178
            ],
            [
              -87.89828087476555,
              43.04046589284446
            ],
            [
              -87.89821714449758,
              43.03979949301457
            ],
            [
              -87.89762864053095,
              43.039828986421846
            ],
            [
              -87.89740025511168,
              43.037407813199955
            ],
            [
              -87.89649972185786,
              43.03726229746968
            ],
            [
              -87.89390055121564,
              43.03783287009254
            ],
            [
              -87.89405893218927,
              43.03786970456008
            ],
            [
              -87.89495002802151,
              43.03791275802044
            ],
            [
              -87.89671860961688,
              43.037817996420934
            ],
            [
              -87.89662828229558,
              43.03846875891498
            ],
            [
              -87.89655541151195,
              43.038807354869775
            ],
            [
              -87.8963759961344,
              43.03948013443996
            ],
            [
              -87.89621218496173,
              43.03998006710581
            ],
            [
              -87.89602354539343,
              43.04047526921434
            ],
            [
              -87.89581032318898,
              43.04096507526475
            ],
            [
              -87.895481306384,
              43.04163524210926
            ],
            [
              -87.89503642719822,
              43.04247534214399
            ],
            [
              -87.89212165676764,
              43.042473711189615
            ],
            [
              -87.89056085262,
              43.04256067410148
            ],
            [
              -87.88892496298841,
              43.04281680440862
            ],
            [
              -87.8873846267361,
              43.04330591580889
            ],
            [
              -87.88602531940572,
              43.04420785054457
            ],
            [
              -87.88393398381369,
              43.04622637849181
            ],
            [
              -87.88178681295621,
              43.046152101025264
            ],
            [
              -87.88177835786534,
              43.04630110046762
            ],
            [
              -87.88629940419011,
              43.04646904299798
            ],
            [
              -87.88797006467912,
              43.04482210670452
            ],
            [
              -87.88987918503678,
              43.04586367506808
            ],
            [
              -87.88854432743807,
              43.04717962484706
            ],
            [
              -87.88863626070976,
              43.047658327954586
            ],
            [
              -87.88939373825559,
              43.04807325879774
            ],
            [
              -87.88827706488095,
              43.049208530795745
            ],
            [
              -87.88703815347475,
              43.05040767195118
            ],
            [
              -87.88769408011392,
              43.05084137742352
            ],
            [
              -87.88749616661413,
              43.05098692379358
            ],
            [
              -87.88767331846292,
              43.051101054626876
            ],
            [
              -87.88748442907317,
              43.05124221954124
            ],
            [
              -87.8873111964488,
              43.05112193909865
            ],
            [
              -87.88664590650791,
              43.05161802976302
            ],
            [
              -87.887146365766,
              43.05289576360715
            ],
            [
              -87.88708423042299,
              43.052981444319116
            ],
            [
              -87.88680678493209,
              43.053035607643835
            ],
            [
              -87.88670005390377,
              43.05299618493433
            ],
            [
              -87.88610264552173,
              43.05154486056471
            ],
            [
              -87.885510416809,
              43.05164897723806
            ],
            [
              -87.88551788768405,
              43.051667109058876
            ],
            [
              -87.8854543806572,
              43.05168038393696
            ],
            [
              -87.88536237705111,
              43.0514403873301
            ],
            [
              -87.88538728737312,
              43.051435177741375
            ],
            [
              -87.88527434976801,
              43.05113395248193
            ],
            [
              -87.88375238672106,
              43.05144182964455
            ],
            [
              -87.88354122479635,
              43.05090803350308
            ],
            [
              -87.88274221147681,
              43.051068779049196
            ],
            [
              -87.8827857763964,
              43.05119268705239
            ],
            [
              -87.88224180444607,
              43.05130403532112
            ],
            [
              -87.88218561534538,
              43.0511564170726
            ],
            [
              -87.88198567003289,
              43.05119772001963
            ],
            [
              -87.87977970444997,
              43.047774398079085
            ],
            [
              -87.87969403101776,
              43.04758462385666
            ],
            [
              -87.87967211081494,
              43.04742536639814
            ],
            [
              -87.87969262965957,
              43.04726600983684
            ],
            [
              -87.88038015734797,
              43.044704586152136
            ],
            [
              -87.8802274733316,
              43.04468243634664
            ],
            [
              -87.87955421327845,
              43.0472047681592
            ],
            [
              -87.8795348999843,
              43.047383774442515
            ],
            [
              -87.87956136291902,
              43.047562289182345
            ],
            [
              -87.87965726004907,
              43.047775250941505
            ],
            [
              -87.88218814370627,
              43.05175466394398
            ],
            [
              -87.88228221736097,
              43.05193268840692
            ],
            [
              -87.88229289960702,
              43.05204415127015
            ],
            [
              -87.88227851735327,
              43.05209951445719
            ],
            [
              -87.88221409430908,
              43.05219484702416
            ],
            [
              -87.88163178171817,
              43.052581653650705
            ],
            [
              -87.88145877724364,
              43.05273773543244
            ],
            [
              -87.88147404362446,
              43.05278792673893
            ],
            [
              -87.88152186041731,
              43.05283484443888
            ],
            [
              -87.88156839135566,
              43.05284476184182
            ],
            [
              -87.88165119474316,
              43.05280467103481
            ],
            [
              -87.8817490841382,
              43.052727024959836
            ],
            [
              -87.88183759335664,
              43.052795349839904
            ],
            [
              -87.88191733926591,
              43.05291480496747
            ],
            [
              -87.88192722822228,
              43.05303295698211
            ],
            [
              -87.8818735342828,
              43.053170442368845
            ],
            [
              -87.8817632429815,
              43.05332738757789
            ],
            [
              -87.88164075335474,
              43.053432817273624
            ],
            [
              -87.88142584857644,
              43.053582683278194
            ],
            [
              -87.88130548864301,
              43.05362660345161
            ],
            [
              -87.88117867416592,
              43.05365501443531
            ],
            [
              -87.8809622856565,
              43.05364585303865
            ],
            [
              -87.88090693228826,
              43.05362943447072
            ],
            [
              -87.88086560323559,
              43.053588479587205
            ],
            [
              -87.88086530086437,
              43.05355751537455
            ],
            [
              -87.88097677542056,
              43.05343376313598
            ],
            [
              -87.88097784101974,
              43.053403007210214
            ],
            [
              -87.88089397511979,
              43.053379637020285
            ],
            [
              -87.88085127966619,
              43.05339176645817
            ],
            [
              -87.88057828007469,
              43.053636626831576
            ],
            [
              -87.8804797642,
              43.0536553065101
            ],
            [
              -87.8804577418561,
              43.05368566999468
            ],
            [
              -87.88044844542272,
              43.05375217457866
            ],
            [
              -87.8800329043761,
              43.054057973101024
            ],
            [
              -87.88002220456232,
              43.054084429817706
            ],
            [
              -87.88005115085278,
              43.05413623336197
            ],
            [
              -87.8801120990673,
              43.054151723824816
            ],
            [
              -87.88015742744165,
              43.05413411493705
            ],
            [
              -87.88018538330174,
              43.054163199480705
            ],
            [
              -87.88019748644984,
              43.05420299475897
            ],
            [
              -87.88018159712941,
              43.054277430997445
            ],
            [
              -87.87966899849624,
              43.05484221977153
            ],
            [
              -87.87896063688399,
              43.05532060484269
            ],
            [
              -87.87875527346087,
              43.055439807869355
            ],
            [
              -87.87851336652905,
              43.05553396150217
            ],
            [
              -87.87849113844001,
              43.05552695094826
            ],
            [
              -87.87851093273319,
              43.0554745625041
            ],
            [
              -87.87848345247389,
              43.055424586825374
            ],
            [
              -87.87842361951847,
              43.05540038999087
            ],
            [
              -87.87837847875656,
              43.05540614180001
            ],
            [
              -87.8782763395337,
              43.05545366298725
            ],
            [
              -87.87819640750473,
              43.05551286137891
            ],
            [
              -87.87803645312817,
              43.05566545205717
            ],
            [
              -87.87800306708736,
              43.05575419845342
            ],
            [
              -87.87792052397116,
              43.05582156640361
            ],
            [
              -87.87790538620033,
              43.055869367385625
            ],
            [
              -87.87782583333501,
              43.05591662174692
            ],
            [
              -87.87782787184015,
              43.05598827851283
            ],
            [
              -87.87788272887616,
              43.056126090655646
            ],
            [
              -87.87771080615111,
              43.05639179623754
            ],
            [
              -87.87762327404819,
              43.056470836244955
            ],
            [
              -87.87760526059851,
              43.05652764301385
            ],
            [
              -87.8775493061648,
              43.0565551719246
            ],
            [
              -87.87743243379009,
              43.05668622651111
            ],
            [
              -87.87739531997487,
              43.056700198573985
            ],
            [
              -87.87715056862876,
              43.056897882184664
            ],
            [
              -87.87695629250979,
              43.05711226568096
            ],
            [
              -87.87692388974376,
              43.057123345940525
            ],
            [
              -87.87681860629138,
              43.05723429479463
            ],
            [
              -87.87678606343908,
              43.057249265976374
            ],
            [
              -87.87659324942287,
              43.057461859069285
            ],
            [
              -87.87650728354237,
              43.05753503222188
            ],
            [
              -87.8761541455842,
              43.057739179247704
            ],
            [
              -87.87588256970947,
              43.0579300596656
            ],
            [
              -87.8756054929179,
              43.05820105212036
            ],
            [
              -87.87548151862951,
              43.058451738350925
            ],
            [
              -87.87547685760799,
              43.05849697127859
            ],
            [
              -87.8755591052382,
              43.05879762440516
            ],
            [
              -87.87554266263044,
              43.05891515104131
            ],
            [
              -87.87541829507155,
              43.05913165122357
            ],
            [
              -87.87530360448622,
              43.059292733361715
            ],
            [
              -87.87523543050963,
              43.059433213144985
            ],
            [
              -87.87492780430071,
              43.05986676642666
            ],
            [
              -87.87481954311359,
              43.060069274038185
            ],
            [
              -87.87585967138439,
              43.060073771351334
            ],
            [
              -87.8759774502788,
              43.05988942901305
            ],
            [
              -87.8762329216037,
              43.05941785331154
            ],
            [
              -87.8765121069882,
              43.058880630890584
            ],
            [
              -87.87658570540184,
              43.05870654579271
            ],
            [
              -87.87680769364277,
              43.05831517770876
            ],
            [
              -87.87723197701989,
              43.05778638423427
            ],
            [
              -87.87747563147458,
              43.0575404370599
            ],
            [
              -87.87882803712779,
              43.05645970568452
            ],
            [
              -87.88160485064564,
              43.05438308101376
            ],
            [
              -87.8824721624872,
              43.05394638590266
            ],
            [
              -87.88273417855565,
              43.053869750383484
            ],
            [
              -87.88356647517912,
              43.05369764679732
            ],
            [
              -87.88424932564463,
              43.053634765954534
            ],
            [
              -87.88472394451377,
              43.05362850098437
            ],
            [
              -87.8851786436392,
              43.05360169336463
            ],
            [
              -87.88566856004489,
              43.05355032966032
            ],
            [
              -87.88614508063908,
              43.0534693311949
            ],
            [
              -87.88643461487169,
              43.05363532204337
            ],
            [
              -87.88650013643348,
              43.053729669426694
            ],
            [
              -87.88652516559505,
              43.05392415195881
            ],
            [
              -87.88651954104361,
              43.054087021560484
            ],
            [
              -87.8864536105331,
              43.05431085207229
            ],
            [
              -87.88635079734607,
              43.05453011421281
            ],
            [
              -87.88617208525055,
              43.05480228886955
            ],
            [
              -87.8860117779283,
              43.05500107712298
            ],
            [
              -87.88576023728602,
              43.0552369721665
            ],
            [
              -87.88555883071942,
              43.05540007331764
            ],
            [
              -87.88544905816647,
              43.05551443831737
            ],
            [
              -87.88540157021693,
              43.055629078151
            ],
            [
              -87.88600893707574,
              43.055636131052914
            ],
            [
              -87.88638962150098,
              43.05561693333752
            ],
            [
              -87.88666264792609,
              43.05552057624167
            ],
            [
              -87.88680122021152,
              43.055406399556944
            ],
            [
              -87.88806089450674,
              43.05407074996549
            ],
            [
              -87.88902494374157,
              43.054593960912825
            ]
          ]
        ]
      }
    },
    {
      "type": "Feature",
      "properties": {
        "placeFips": "5553000",
        "city": "Milwaukee",
        "state": "WI",
        "boundaryType": "ward",
        "district": "178",
        "name": "178"
      },
      "geometry": {
        "type": "Polygon",
        "coordinates": [
          [
            [
              -87.89700051750785,
              43.04656295879595
            ],
            [
              -87.8970082701456,
              43.04626140574041
            ],
            [
              -87.89119149741593,
              43.05236830456219
            ],
            [
              -87.89232814592663,
              43.0529317205196
            ],
            [
              -87.89682886483499,
              43.05295230848111
            ],
            [
              -87.89700051750785,
              43.04656295879595
            ]
          ]
        ]
      }
    },
    {
      "type": "Feature",
      "properties": {
        "placeFips": "5553000",
        "city": "Milwaukee",
        "state": "WI",
        "boundaryType": "ward",
        "district": "179",
        "name": "179"
      },
      "geometry": {
        "type": "Polygon",
        "coordinates": [
          [
            [
              -87.90756990403321,
              43.05152767481908
            ],
            [
              -87.90625096279629,
              43.050790692540545
            ],
            [
              -87.90589777634092,
              43.05064130051019
            ],
            [
              -87.90575854933549,
              43.05059926322001
            ],
            [
              -87.90559667632235,
              43.05057286272903
            ],
            [
              -87.89689912852486,
              43.05050538789606
            ],
            [
              -87.89682886483499,
              43.05295230848111
            ],
            [
              -87.90334066586139,
              43.05298605057224
            ],
            [
              -87.90334489325464,
              43.05320246701084
            ],
            [
              -87.90338153156698,
              43.053406251657094
            ],
            [
              -87.90343147513885,
              43.05353991415718
            ],
            [
              -87.9035510952171,
              43.053740432043064
            ],
            [
              -87.90362654891436,
              43.05382978360479
            ],
            [
              -87.90420772368691,
              43.05436874567522
            ],
            [
              -87.90547944647247,
              43.05344719873524
            ],
            [
              -87.90645492377762,
              43.052804786379255
            ],
            [
              -87.90756990403321,
              43.05152767481908
            ]
          ]
        ]
      }
    },
    {
      "type": "Feature",
      "properties": {
        "placeFips": "5553000",
        "city": "Milwaukee",
        "state": "WI",
        "boundaryType": "ward",
        "district": "180",
        "name": "180"
      },
      "geometry": {
        "type": "Polygon",
        "coordinates": [
          [
            [
              -87.8969615483877,
              43.0480781083904
            ],
            [
              -87.89969704101395,
              43.04811766003408
            ],
            [
              -87.90724511057184,
              43.04816966954662
            ],
            [
              -87.90858501835685,
              43.048190833383664
            ],
            [
              -87.90857230486327,
              43.04696836900613
            ],
            [
              -87.90858579756183,
              43.045766486407004
            ],
            [
              -87.89756220418417,
              43.04567975914815
            ],
            [
              -87.8970082701456,
              43.04626140574041
            ],
            [
              -87.8969615483877,
              43.0480781083904
            ]
          ]
        ]
      }
    },
    {
      "type": "Feature",
      "properties": {
        "placeFips": "5553000",
        "city": "Milwaukee",
        "state": "WI",
        "boundaryType": "ward",
        "district": "181",
        "name": "181"
      },
      "geometry": {
        "type": "Polygon",
        "coordinates": [
          [
            [
              -87.89766224654659,
              43.04552157269926
            ],
            [
              -87.89756220418417,
              43.04567975914815
            ],
            [
              -87.90352106530054,
              43.04572873989269
            ],
            [
              -87.90327560301017,
              43.04382682019632
            ],
            [
              -87.90315914011798,
              43.04271531626572
            ],
            [
              -87.90191237917904,
              43.042864836138165
            ],
            [
              -87.9006653743714,
              43.04293631204379
            ],
            [
              -87.89976412462745,
              43.04301730931418
            ],
            [
              -87.89941686901555,
              43.04309446639187
            ],
            [
              -87.89901380906939,
              43.04321527607393
            ],
            [
              -87.8986912233442,
              43.04342715413957
            ],
            [
              -87.89856510375266,
              43.04354877648885
            ],
            [
              -87.89846618931799,
              43.04368815965516
            ],
            [
              -87.89825273576109,
              43.04411816493924
            ],
            [
              -87.8980996597293,
              43.04480829570765
            ],
            [
              -87.89795503728057,
              43.04509449492509
            ],
            [
              -87.89766224654659,
              43.04552157269926
            ]
          ]
        ]
      }
    },
    {
      "type": "Feature",
      "properties": {
        "placeFips": "5553000",
        "city": "Milwaukee",
        "state": "WI",
        "boundaryType": "ward",
        "district": "182",
        "name": "182"
      },
      "geometry": {
        "type": "Polygon",
        "coordinates": [
          [
            [
              -87.90983824228434,
              43.03607487162709
            ],
            [
              -87.91010159191846,
              43.03476940966605
            ],
            [
              -87.9102697723472,
              43.03384213226828
            ],
            [
              -87.91074322301387,
              43.032303216185994
            ],
            [
              -87.91072663164259,
              43.031888485792656
            ],
            [
              -87.91059109583297,
              43.03158712727257
            ],
            [
              -87.91042132849864,
              43.03136345495056
            ],
            [
              -87.90996324751646,
              43.03116276445216
            ],
            [
              -87.90943363016316,
              43.0318516674765
            ],
            [
              -87.9068075895466,
              43.03074337752024
            ],
            [
              -87.90593080624613,
              43.03012517661442
            ],
            [
              -87.90301470484935,
              43.03029775767923
            ],
            [
              -87.9031594672764,
              43.03166694960528
            ],
            [
              -87.90373308480756,
              43.03646508806461
            ],
            [
              -87.90754098751279,
              43.036235358187625
            ],
            [
              -87.90983824228434,
              43.03607487162709
            ]
          ]
        ]
      }
    },
    {
      "type": "Feature",
      "properties": {
        "placeFips": "5553000",
        "city": "Milwaukee",
        "state": "WI",
        "boundaryType": "ward",
        "district": "183",
        "name": "183"
      },
      "geometry": {
        "type": "Polygon",
        "coordinates": [
          [
            [
              -87.92445436203683,
              43.037833707098855
            ],
            [
              -87.92445718786179,
              43.03637146451462
            ],
            [
              -87.92424245548703,
              43.03607995672186
            ],
            [
              -87.92239245740002,
              43.032157617584865
            ],
            [
              -87.92172263963859,
              43.032172571674266
            ],
            [
              -87.91863259346023,
              43.0331440256342
            ],
            [
              -87.91521191735195,
              43.03305025771567
            ],
            [
              -87.91246704705644,
              43.03245796808089
            ],
            [
              -87.9107333866147,
              43.03205734332703
            ],
            [
              -87.91074322301387,
              43.032303216185994
            ],
            [
              -87.9102697723472,
              43.03384213226828
            ],
            [
              -87.91010159191846,
              43.03476940966605
            ],
            [
              -87.90983824228434,
              43.03607487162709
            ],
            [
              -87.90984061643896,
              43.03672302708101
            ],
            [
              -87.90988468792447,
              43.037318885709674
            ],
            [
              -87.9101324879742,
              43.038625207195906
            ],
            [
              -87.91055894764854,
              43.03870321922164
            ],
            [
              -87.91744886387642,
              43.03880250389902
            ],
            [
              -87.92441872194509,
              43.038821197657605
            ],
            [
              -87.92445436203683,
              43.037833707098855
            ]
          ]
        ]
      }
    },
    {
      "type": "Feature",
      "properties": {
        "placeFips": "5553000",
        "city": "Milwaukee",
        "state": "WI",
        "boundaryType": "ward",
        "district": "184",
        "name": "184"
      },
      "geometry": {
        "type": "Polygon",
        "coordinates": [
          [
            [
              -87.92037615142132,
              43.03881040532198
            ],
            [
              -87.91897181117065,
              43.03880662489763
            ],
            [
              -87.91891371676883,
              43.0457035829842
            ],
            [
              -87.92016434861489,
              43.04573084880817
            ],
            [
              -87.92444333356465,
              43.04786835211205
            ],
            [
              -87.924717076634,
              43.0480008672225
            ],
            [
              -87.92507420328577,
              43.04814385830403
            ],
            [
              -87.92564551247902,
              43.04832058056993
            ],
            [
              -87.92624727239482,
              43.04844469128284
            ],
            [
              -87.92713510086513,
              43.048521650983666
            ],
            [
              -87.92718439509454,
              43.0458535188767
            ],
            [
              -87.92711941192671,
              43.045763553043024
            ],
            [
              -87.92713875332949,
              43.04439046837626
            ],
            [
              -87.92436527211274,
              43.04437075977883
            ],
            [
              -87.92441872194509,
              43.038821197657605
            ],
            [
              -87.92037615142132,
              43.03881040532198
            ]
          ]
        ]
      }
    },
    {
      "type": "Feature",
      "properties": {
        "placeFips": "5553000",
        "city": "Milwaukee",
        "state": "WI",
        "boundaryType": "ward",
        "district": "185",
        "name": "185"
      },
      "geometry": {
        "type": "Polygon",
        "coordinates": [
          [
            [
              -87.91895796276351,
              43.04019980158129
            ],
            [
              -87.91897181117065,
              43.03880662489763
            ],
            [
              -87.91744886387642,
              43.03880250389902
            ],
            [
              -87.91055894764854,
              43.03870321922164
            ],
            [
              -87.9101324879742,
              43.038625207195906
            ],
            [
              -87.91028310364705,
              43.03898380457832
            ],
            [
              -87.91083121519469,
              43.0396819765462
            ],
            [
              -87.91198138008062,
              43.04091686163943
            ],
            [
              -87.91230707123188,
              43.0413488028186
            ],
            [
              -87.91253967640351,
              43.04170110270934
            ],
            [
              -87.91322448150784,
              43.042995216576166
            ],
            [
              -87.91334294799796,
              43.04570197222846
            ],
            [
              -87.91891371676883,
              43.0457035829842
            ],
            [
              -87.91895796276351,
              43.04019980158129
            ]
          ]
        ]
      }
    },
    {
      "type": "Feature",
      "properties": {
        "placeFips": "5553000",
        "city": "Milwaukee",
        "state": "WI",
        "boundaryType": "ward",
        "district": "186",
        "name": "186"
      },
      "geometry": {
        "type": "Polygon",
        "coordinates": [
          [
            [
              -87.92445718786179,
              43.03637146451462
            ],
            [
              -87.92445436203683,
              43.037833707098855
            ],
            [
              -87.92441872194509,
              43.038821197657605
            ],
            [
              -87.92436527211274,
              43.04437075977883
            ],
            [
              -87.92713875332949,
              43.04439046837626
            ],
            [
              -87.9286889010327,
              43.04433043399583
            ],
            [
              -87.93008594908031,
              43.044322970292036
            ],
            [
              -87.93009900390369,
              43.04320722739872
            ],
            [
              -87.93149998732198,
              43.04321199692968
            ],
            [
              -87.93153656830144,
              43.040240156939745
            ],
            [
              -87.93013372867247,
              43.04023808747087
            ],
            [
              -87.93014687612661,
              43.03865907767239
            ],
            [
              -87.9329587311457,
              43.03866833345377
            ],
            [
              -87.932912638319,
              43.03610848071988
            ],
            [
              -87.9329665158894,
              43.03278123553654
            ],
            [
              -87.9292738459631,
              43.03248684563474
            ],
            [
              -87.92786059050381,
              43.03206193867475
            ],
            [
              -87.92239245740002,
              43.032157617584865
            ],
            [
              -87.92424245548703,
              43.03607995672186
            ],
            [
              -87.92445718786179,
              43.03637146451462
            ]
          ]
        ]
      }
    },
    {
      "type": "Feature",
      "properties": {
        "placeFips": "5553000",
        "city": "Milwaukee",
        "state": "WI",
        "boundaryType": "ward",
        "district": "187",
        "name": "187"
      },
      "geometry": {
        "type": "Polygon",
        "coordinates": [
          [
            [
              -87.93100567440928,
              43.04023937539586
            ],
            [
              -87.93153656830144,
              43.040240156939745
            ],
            [
              -87.93149998732198,
              43.04321199692968
            ],
            [
              -87.93661196247388,
              43.04322926468534
            ],
            [
              -87.93665798205942,
              43.03867773865183
            ],
            [
              -87.93014687612661,
              43.03865907767239
            ],
            [
              -87.93013372867247,
              43.04023808747087
            ],
            [
              -87.93100567440928,
              43.04023937539586
            ]
          ]
        ]
      }
    },
    {
      "type": "Feature",
      "properties": {
        "placeFips": "5553000",
        "city": "Milwaukee",
        "state": "WI",
        "boundaryType": "ward",
        "district": "188",
        "name": "188"
      },
      "geometry": {
        "type": "Polygon",
        "coordinates": [
          [
            [
              -87.93906426444165,
              43.044342242378086
            ],
            [
              -87.93907699693634,
              43.04322920771368
            ],
            [
              -87.93009900390369,
              43.04320722739872
            ],
            [
              -87.93008594908031,
              43.044322970292036
            ],
            [
              -87.9286889010327,
              43.04433043399583
            ],
            [
              -87.92713875332949,
              43.04439046837626
            ],
            [
              -87.92711941192671,
              43.045763553043024
            ],
            [
              -87.92718439509454,
              43.0458535188767
            ],
            [
              -87.92713510086513,
              43.048521650983666
            ],
            [
              -87.92786176090341,
              43.04854101144441
            ],
            [
              -87.93777406673205,
              43.04859903595419
            ],
            [
              -87.93782874320071,
              43.044341954543604
            ],
            [
              -87.93906426444165,
              43.044342242378086
            ]
          ]
        ]
      }
    },
    {
      "type": "Feature",
      "properties": {
        "placeFips": "5553000",
        "city": "Milwaukee",
        "state": "WI",
        "boundaryType": "ward",
        "district": "189",
        "name": "189"
      },
      "geometry": {
        "type": "Polygon",
        "coordinates": [
          [
            [
              -87.93777406673205,
              43.04859903595419
            ],
            [
              -87.94776189156525,
              43.048647354456044
            ],
            [
              -87.94778222442994,
              43.044528068209566
            ],
            [
              -87.94722113550851,
              43.044426962972516
            ],
            [
              -87.94629583824867,
              43.0443436721165
            ],
            [
              -87.9428575281406,
              43.044343049856785
            ],
            [
              -87.9428649837769,
              43.043227646925175
            ],
            [
              -87.93907699693634,
              43.04322920771368
            ],
            [
              -87.93906426444165,
              43.044342242378086
            ],
            [
              -87.93782874320071,
              43.044341954543604
            ],
            [
              -87.93777406673205,
              43.04859903595419
            ]
          ]
        ]
      }
    },
    {
      "type": "Feature",
      "properties": {
        "placeFips": "5553000",
        "city": "Milwaukee",
        "state": "WI",
        "boundaryType": "ward",
        "district": "190",
        "name": "190"
      },
      "geometry": {
        "type": "Polygon",
        "coordinates": [
          [
            [
              -87.94288484716246,
              43.04025287970411
            ],
            [
              -87.94289527817801,
              43.03869011781271
            ],
            [
              -87.93938687070586,
              43.03868340347104
            ],
            [
              -87.93937377939544,
              43.040244494047634
            ],
            [
              -87.9366421133187,
              43.04024755727293
            ],
            [
              -87.93661196247388,
              43.04322926468534
            ],
            [
              -87.9428649837769,
              43.043227646925175
            ],
            [
              -87.94288484716246,
              43.04025287970411
            ]
          ]
        ]
      }
    },
    {
      "type": "Feature",
      "properties": {
        "placeFips": "5553000",
        "city": "Milwaukee",
        "state": "WI",
        "boundaryType": "ward",
        "district": "191",
        "name": "191"
      },
      "geometry": {
        "type": "Polygon",
        "coordinates": [
          [
            [
              -87.9477126341924,
              43.03953778026059
            ],
            [
              -87.94771666472715,
              43.03869972453413
            ],
            [
              -87.94289527817801,
              43.03869011781271
            ],
            [
              -87.9428575281406,
              43.044343049856785
            ],
            [
              -87.94629583824867,
              43.0443436721165
            ],
            [
              -87.94722113550851,
              43.044426962972516
            ],
            [
              -87.94778222442994,
              43.044528068209566
            ],
            [
              -87.94769480384669,
              43.043247256909964
            ],
            [
              -87.9477126341924,
              43.03953778026059
            ]
          ]
        ]
      }
    },
    {
      "type": "Feature",
      "properties": {
        "placeFips": "5553000",
        "city": "Milwaukee",
        "state": "WI",
        "boundaryType": "ward",
        "district": "192",
        "name": "192"
      },
      "geometry": {
        "type": "Polygon",
        "coordinates": [
          [
            [
              -87.93292304874895,
              43.03558970150178
            ],
            [
              -87.932912638319,
              43.03610848071988
            ],
            [
              -87.93791352999176,
              43.03611960803457
            ],
            [
              -87.93790411824368,
              43.03748518932096
            ],
            [
              -87.941614680885,
              43.03749065975792
            ],
            [
              -87.94158689815713,
              43.03868762826801
            ],
            [
              -87.94771666472715,
              43.03869972453413
            ],
            [
              -87.94774178426782,
              43.03478147741221
            ],
            [
              -87.94638367841745,
              43.03477881553718
            ],
            [
              -87.94583330535873,
              43.03503807926923
            ],
            [
              -87.94548770449835,
              43.03517477651653
            ],
            [
              -87.94446246982058,
              43.03552800230918
            ],
            [
              -87.94388411998389,
              43.03563189598316
            ],
            [
              -87.94330722108985,
              43.03569293493737
            ],
            [
              -87.94235248863072,
              43.03568994995078
            ],
            [
              -87.94100189417622,
              43.035579726808
            ],
            [
              -87.9402326484078,
              43.035565790853184
            ],
            [
              -87.93924846311151,
              43.0355693973812
            ],
            [
              -87.93791454340611,
              43.03561487844053
            ],
            [
              -87.93292304874895,
              43.03558970150178
            ]
          ]
        ]
      }
    },
    {
      "type": "Feature",
      "properties": {
        "placeFips": "5553000",
        "city": "Milwaukee",
        "state": "WI",
        "boundaryType": "ward",
        "district": "193",
        "name": "193"
      },
      "geometry": {
        "type": "Polygon",
        "coordinates": [
          [
            [
              -87.95769804415065,
              43.03876673398731
            ],
            [
              -87.9577438461066,
              43.032163970402856
            ],
            [
              -87.9540654378282,
              43.032212044467755
            ],
            [
              -87.95158721126147,
              43.03245309203539
            ],
            [
              -87.94775397126806,
              43.0339949621533
            ],
            [
              -87.94771666472715,
              43.03869972453413
            ],
            [
              -87.95769804415065,
              43.03876673398731
            ]
          ]
        ]
      }
    },
    {
      "type": "Feature",
      "properties": {
        "placeFips": "5553000",
        "city": "Milwaukee",
        "state": "WI",
        "boundaryType": "ward",
        "district": "194",
        "name": "194"
      },
      "geometry": {
        "type": "Polygon",
        "coordinates": [
          [
            [
              -87.94770249535254,
              43.04164676969605
            ],
            [
              -87.955203943658,
              43.04166750145189
            ],
            [
              -87.95519462024507,
              43.044542369389106
            ],
            [
              -87.95767227960027,
              43.044544391854835
            ],
            [
              -87.95769804415065,
              43.03876673398731
            ],
            [
              -87.94771666472715,
              43.03869972453413
            ],
            [
              -87.94770249535254,
              43.04164676969605
            ]
          ]
        ]
      }
    },
    {
      "type": "Feature",
      "properties": {
        "placeFips": "5553000",
        "city": "Milwaukee",
        "state": "WI",
        "boundaryType": "ward",
        "district": "195",
        "name": "195"
      },
      "geometry": {
        "type": "Polygon",
        "coordinates": [
          [
            [
              -87.95766430396627,
              43.04588651479088
            ],
            [
              -87.95767227960027,
              43.044544391854835
            ],
            [
              -87.95519462024507,
              43.044542369389106
            ],
            [
              -87.955203943658,
              43.04166750145189
            ],
            [
              -87.94770249535254,
              43.04164676969605
            ],
            [
              -87.94769480384669,
              43.043247256909964
            ],
            [
              -87.94778222442994,
              43.044528068209566
            ],
            [
              -87.95058131800413,
              43.04453352473282
            ],
            [
              -87.9506143974332,
              43.045878920239744
            ],
            [
              -87.95766430396627,
              43.04588651479088
            ]
          ]
        ]
      }
    },
    {
      "type": "Feature",
      "properties": {
        "placeFips": "5553000",
        "city": "Milwaukee",
        "state": "WI",
        "boundaryType": "ward",
        "district": "196",
        "name": "196"
      },
      "geometry": {
        "type": "Polygon",
        "coordinates": [
          [
            [
              -87.95765334637244,
              43.04727443422887
            ],
            [
              -87.95766430396627,
              43.04588651479088
            ],
            [
              -87.94886856187901,
              43.04587697190163
            ],
            [
              -87.94884423516649,
              43.04865277533582
            ],
            [
              -87.95764195609996,
              43.04871710215864
            ],
            [
              -87.95765334637244,
              43.04727443422887
            ]
          ]
        ]
      }
    },
    {
      "type": "Feature",
      "properties": {
        "placeFips": "5553000",
        "city": "Milwaukee",
        "state": "WI",
        "boundaryType": "ward",
        "district": "197",
        "name": "197"
      },
      "geometry": {
        "type": "Polygon",
        "coordinates": [
          [
            [
              -87.96541103113816,
              43.03910696980615
            ],
            [
              -87.96510194210411,
              43.038815980109646
            ],
            [
              -87.96272969871704,
              43.03881725349105
            ],
            [
              -87.96075011091513,
              43.03875192450612
            ],
            [
              -87.95769804415065,
              43.03876673398731
            ],
            [
              -87.95764195609996,
              43.04871710215864
            ],
            [
              -87.9588679728957,
              43.04874083609847
            ],
            [
              -87.96541317958426,
              43.04878265832509
            ],
            [
              -87.9654736355259,
              43.045935115622164
            ],
            [
              -87.96495503006425,
              43.04527796842977
            ],
            [
              -87.965236029482,
              43.04514696923884
            ],
            [
              -87.96551202995734,
              43.04497096898429
            ],
            [
              -87.96576402909979,
              43.04477996873019
            ],
            [
              -87.96605302960299,
              43.04451396915798
            ],
            [
              -87.96623102957264,
              43.04431796939249
            ],
            [
              -87.96648702916443,
              43.043980969039225
            ],
            [
              -87.96670802865422,
              43.043592969248074
            ],
            [
              -87.96684202964171,
              43.04324596956864
            ],
            [
              -87.96693102979634,
              43.04292296926881
            ],
            [
              -87.96706102976917,
              43.04226796935336
            ],
            [
              -87.96735102988102,
              43.04044896998124
            ],
            [
              -87.96736242321033,
              43.040278104814035
            ],
            [
              -87.96681602988549,
              43.03985496938242
            ],
            [
              -87.96541103113816,
              43.03910696980615
            ]
          ]
        ]
      }
    },
    {
      "type": "Feature",
      "properties": {
        "placeFips": "5553000",
        "city": "Milwaukee",
        "state": "WI",
        "boundaryType": "ward",
        "district": "198",
        "name": "198"
      },
      "geometry": {
        "type": "Polygon",
        "coordinates": [
          [
            [
              -87.97285451089343,
              43.03974173823044
            ],
            [
              -87.97212333704934,
              43.03876458522207
            ],
            [
              -87.97034234275398,
              43.03875403563716
            ],
            [
              -87.96732541968704,
              43.03882585321508
            ],
            [
              -87.96510194210411,
              43.038815980109646
            ],
            [
              -87.96541103113816,
              43.03910696980615
            ],
            [
              -87.96681602988549,
              43.03985496938242
            ],
            [
              -87.96736242321033,
              43.040278104814035
            ],
            [
              -87.96735102988102,
              43.04044896998124
            ],
            [
              -87.96706102976917,
              43.04226796935336
            ],
            [
              -87.96693102979634,
              43.04292296926881
            ],
            [
              -87.96684202964171,
              43.04324596956864
            ],
            [
              -87.96670802865422,
              43.043592969248074
            ],
            [
              -87.96648702916443,
              43.043980969039225
            ],
            [
              -87.96623102957264,
              43.04431796939249
            ],
            [
              -87.96605302960299,
              43.04451396915798
            ],
            [
              -87.96576402909979,
              43.04477996873019
            ],
            [
              -87.96551202995734,
              43.04497096898429
            ],
            [
              -87.965236029482,
              43.04514696923884
            ],
            [
              -87.96495503006425,
              43.04527796842977
            ],
            [
              -87.9654736355259,
              43.045935115622164
            ],
            [
              -87.96541317958426,
              43.04878265832509
            ],
            [
              -87.97247446495892,
              43.04881058247428
            ],
            [
              -87.9727055639819,
              43.048220892843865
            ],
            [
              -87.97275890572303,
              43.0481267133205
            ],
            [
              -87.97289878719575,
              43.04795954165858
            ],
            [
              -87.97299819006838,
              43.047874915615196
            ],
            [
              -87.97314870013402,
              43.04777836040724
            ],
            [
              -87.97373634362123,
              43.04748950857281
            ],
            [
              -87.97390682805509,
              43.04738709899101
            ],
            [
              -87.97419789597032,
              43.04719389248316
            ],
            [
              -87.97433853505028,
              43.047035763972076
            ],
            [
              -87.974420808019,
              43.04687186192146
            ],
            [
              -87.97460076689768,
              43.04643137762237
            ],
            [
              -87.97467311973655,
              43.04604241236894
            ],
            [
              -87.97428969213088,
              43.04384460029002
            ],
            [
              -87.97377942925031,
              43.04369596488881
            ],
            [
              -87.97342598888459,
              43.04355475268501
            ],
            [
              -87.97285451089343,
              43.03974173823044
            ]
          ]
        ]
      }
    },
    {
      "type": "Feature",
      "properties": {
        "placeFips": "5553000",
        "city": "Milwaukee",
        "state": "WI",
        "boundaryType": "ward",
        "district": "199",
        "name": "199"
      },
      "geometry": {
        "type": "Polygon",
        "coordinates": [
          [
            [
              -87.98755214537877,
              43.0499865676641
            ],
            [
              -87.98752729468752,
              43.04388330214153
            ],
            [
              -87.98656327051012,
              43.04367168092936
            ],
            [
              -87.98616457593263,
              43.04359965358473
            ],
            [
              -87.98532637917198,
              43.043492961457936
            ],
            [
              -87.98465001216512,
              43.043450660902764
            ],
            [
              -87.98403537510762,
              43.04343610811769
            ],
            [
              -87.98379164185047,
              43.04344937497471
            ],
            [
              -87.98337575126872,
              43.04355086336751
            ],
            [
              -87.98258286981894,
              43.043777981213346
            ],
            [
              -87.98103972701118,
              43.04407578115909
            ],
            [
              -87.97843784865049,
              43.044468405885546
            ],
            [
              -87.9767842643041,
              43.0444324572016
            ],
            [
              -87.97428969213088,
              43.04384460029002
            ],
            [
              -87.97467311973655,
              43.04604241236894
            ],
            [
              -87.97465289460331,
              43.04619560804033
            ],
            [
              -87.97456260681838,
              43.04654364343097
            ],
            [
              -87.97433853505028,
              43.047035763972076
            ],
            [
              -87.97419789597032,
              43.04719389248316
            ],
            [
              -87.97390682805509,
              43.04738709899101
            ],
            [
              -87.97373634362123,
              43.04748950857281
            ],
            [
              -87.97314870013402,
              43.04777836040724
            ],
            [
              -87.97299819006838,
              43.047874915615196
            ],
            [
              -87.97289878719575,
              43.04795954165858
            ],
            [
              -87.97275890572303,
              43.0481267133205
            ],
            [
              -87.9727055639819,
              43.048220892843865
            ],
            [
              -87.97247446495892,
              43.04881058247428
            ],
            [
              -87.9724509061624,
              43.05290304446092
            ],
            [
              -87.98207826707778,
              43.05294517344817
            ],
            [
              -87.98291826456088,
              43.05025758607804
            ],
            [
              -87.98310167589902,
              43.049533096789226
            ],
            [
              -87.98755214537877,
              43.0499865676641
            ]
          ]
        ]
      }
    },
    {
      "type": "Feature",
      "properties": {
        "placeFips": "5553000",
        "city": "Milwaukee",
        "state": "WI",
        "boundaryType": "ward",
        "district": "200",
        "name": "200"
      },
      "geometry": {
        "type": "Polygon",
        "coordinates": [
          [
            [
              -87.98367128155347,
              43.04348008448443
            ],
            [
              -87.98379164185047,
              43.04344937497471
            ],
            [
              -87.98403537510762,
              43.04343610811769
            ],
            [
              -87.98465001216512,
              43.043450660902764
            ],
            [
              -87.98532637917198,
              43.043492961457936
            ],
            [
              -87.98616457593263,
              43.04359965358473
            ],
            [
              -87.98656327051012,
              43.04367168092936
            ],
            [
              -87.98752729468752,
              43.04388330214153
            ],
            [
              -87.98751626820598,
              43.04026409059844
            ],
            [
              -87.98402313044345,
              43.04025745809548
            ],
            [
              -87.98401877691725,
              43.0396561246651
            ],
            [
              -87.98438060549704,
              43.03964591403726
            ],
            [
              -87.98437861006056,
              43.039230532283945
            ],
            [
              -87.9845690453661,
              43.0392311829703
            ],
            [
              -87.9845694744736,
              43.03878677205795
            ],
            [
              -87.98415855421948,
              43.03878723357064
            ],
            [
              -87.9842394133564,
              43.03841095618079
            ],
            [
              -87.98478882932906,
              43.038407575825644
            ],
            [
              -87.98479055478593,
              43.03769515444145
            ],
            [
              -87.9849779330142,
              43.03769470583701
            ],
            [
              -87.98497976108337,
              43.03715090154184
            ],
            [
              -87.98534688337661,
              43.03714908659298
            ],
            [
              -87.98534685731407,
              43.03701189135404
            ],
            [
              -87.98750858547812,
              43.03700118738107
            ],
            [
              -87.9875073027441,
              43.03647435725152
            ],
            [
              -87.98601652927023,
              43.03650502488295
            ],
            [
              -87.9845273319682,
              43.03661837745632
            ],
            [
              -87.98050373971071,
              43.03661310432476
            ],
            [
              -87.97838031915778,
              43.03670045155032
            ],
            [
              -87.9775307485436,
              43.03675531419109
            ],
            [
              -87.97620046235929,
              43.03681279138633
            ],
            [
              -87.9763348115682,
              43.03738703449927
            ],
            [
              -87.97635069348152,
              43.03781270082168
            ],
            [
              -87.97646643139107,
              43.038081013184424
            ],
            [
              -87.97649074134355,
              43.038180188101784
            ],
            [
              -87.97650009853902,
              43.03829624737269
            ],
            [
              -87.9764880343238,
              43.03842456920233
            ],
            [
              -87.9763729248431,
              43.038789641376496
            ],
            [
              -87.97212333704934,
              43.03876458522207
            ],
            [
              -87.97285451089343,
              43.03974173823044
            ],
            [
              -87.97342598888459,
              43.04355475268501
            ],
            [
              -87.97377942925031,
              43.04369596488881
            ],
            [
              -87.97428969213088,
              43.04384460029002
            ],
            [
              -87.9767842643041,
              43.0444324572016
            ],
            [
              -87.97843784865049,
              43.044468405885546
            ],
            [
              -87.98103972701118,
              43.04407578115909
            ],
            [
              -87.98258286981894,
              43.043777981213346
            ],
            [
              -87.98367128155347,
              43.04348008448443
            ]
          ]
        ]
      }
    },
    {
      "type": "Feature",
      "properties": {
        "placeFips": "5553000",
        "city": "Milwaukee",
        "state": "WI",
        "boundaryType": "ward",
        "district": "201",
        "name": "201"
      },
      "geometry": {
        "type": "Polygon",
        "coordinates": [
          [
            [
              -87.9875076051781,
              43.03647456700291
            ],
            [
              -87.98804974917275,
              43.036445822360534
            ],
            [
              -87.98805092252665,
              43.037027999798916
            ],
            [
              -87.98872185899222,
              43.037028505353966
            ],
            [
              -87.98871564725643,
              43.035371851480136
            ],
            [
              -87.98750548266754,
              43.035383824073485
            ],
            [
              -87.98750147185223,
              43.03316160582235
            ],
            [
              -87.98472087461003,
              43.033158917628455
            ],
            [
              -87.98484860980335,
              43.032462991855084
            ],
            [
              -87.9849529320806,
              43.03223280055671
            ],
            [
              -87.98505547561459,
              43.03209512828415
            ],
            [
              -87.98529907503561,
              43.03189400505903
            ],
            [
              -87.98585320383376,
              43.03162701971982
            ],
            [
              -87.986187016698,
              43.03144296163346
            ],
            [
              -87.98628769473109,
              43.03134852808994
            ],
            [
              -87.98647208207218,
              43.03109342804351
            ],
            [
              -87.98654126587958,
              43.030919790213034
            ],
            [
              -87.98657336296502,
              43.03071681135298
            ],
            [
              -87.98657753515424,
              43.030389454101545
            ],
            [
              -87.98255550603726,
              43.03045075368126
            ],
            [
              -87.97871831502879,
              43.03098478649622
            ],
            [
              -87.97512748696143,
              43.03200687663019
            ],
            [
              -87.97395002895571,
              43.03255197137468
            ],
            [
              -87.97332202775696,
              43.03275997120213
            ],
            [
              -87.97241102935403,
              43.03310097081895
            ],
            [
              -87.97151602856465,
              43.03331697155556
            ],
            [
              -87.97090902943506,
              43.033446971120874
            ],
            [
              -87.97022603002185,
              43.0335519713529
            ],
            [
              -87.96958902997883,
              43.03360297168422
            ],
            [
              -87.96922902972486,
              43.03361297101417
            ],
            [
              -87.96845697387327,
              43.03358433906936
            ],
            [
              -87.96861616108762,
              43.035793460570126
            ],
            [
              -87.96812732492333,
              43.0371840816658
            ],
            [
              -87.96781071824473,
              43.03793211043864
            ],
            [
              -87.96780152968542,
              43.03819969101587
            ],
            [
              -87.96788928067032,
              43.038820471602506
            ],
            [
              -87.97034234275398,
              43.03875403563716
            ],
            [
              -87.9763729248431,
              43.038789641376496
            ],
            [
              -87.9764880343238,
              43.03842456920233
            ],
            [
              -87.97650009853902,
              43.03829624737269
            ],
            [
              -87.97649074134355,
              43.038180188101784
            ],
            [
              -87.97646643139107,
              43.038081013184424
            ],
            [
              -87.97635069348152,
              43.03781270082168
            ],
            [
              -87.9763348115682,
              43.03738703449927
            ],
            [
              -87.97620046235929,
              43.03681279138633
            ],
            [
              -87.9775307485436,
              43.03675531419109
            ],
            [
              -87.97838031915778,
              43.03670045155032
            ],
            [
              -87.98050373971071,
              43.03661310432476
            ],
            [
              -87.9845273319682,
              43.03661837745632
            ],
            [
              -87.98601652927023,
              43.03650502488295
            ],
            [
              -87.9875076051781,
              43.03647456700291
            ]
          ]
        ]
      }
    },
    {
      "type": "Feature",
      "properties": {
        "placeFips": "5553000",
        "city": "Milwaukee",
        "state": "WI",
        "boundaryType": "ward",
        "district": "202",
        "name": "202"
      },
      "geometry": {
        "type": "Polygon",
        "coordinates": [
          [
            [
              -87.99243024355525,
              43.03036033417743
            ],
            [
              -87.98657753515424,
              43.030389454101545
            ],
            [
              -87.98657336296502,
              43.03071681135298
            ],
            [
              -87.98654126587958,
              43.030919790213034
            ],
            [
              -87.98647208207218,
              43.03109342804351
            ],
            [
              -87.98628769473109,
              43.03134852808994
            ],
            [
              -87.986187016698,
              43.03144296163346
            ],
            [
              -87.98585320383376,
              43.03162701971982
            ],
            [
              -87.98529907503561,
              43.03189400505903
            ],
            [
              -87.98505547561459,
              43.03209512828415
            ],
            [
              -87.9849529320806,
              43.03223280055671
            ],
            [
              -87.98484860980335,
              43.032462991855084
            ],
            [
              -87.98472087461003,
              43.033158917628455
            ],
            [
              -87.98750147185223,
              43.03316160582235
            ],
            [
              -87.98750548266754,
              43.035383824073485
            ],
            [
              -87.98871564725643,
              43.035371851480136
            ],
            [
              -87.98872654703224,
              43.036410216515634
            ],
            [
              -87.98993205496275,
              43.036346784219674
            ],
            [
              -87.98993436034716,
              43.036891803574946
            ],
            [
              -87.99106185600621,
              43.036892550659026
            ],
            [
              -87.99106129663366,
              43.036754870795264
            ],
            [
              -87.99173577850536,
              43.03675525829233
            ],
            [
              -87.99173367181032,
              43.03624464269308
            ],
            [
              -87.99337045426624,
              43.03615799764273
            ],
            [
              -87.99337272603057,
              43.03664644557327
            ],
            [
              -87.99451468235115,
              43.036647006753284
            ],
            [
              -87.9945129007748,
              43.03630598372021
            ],
            [
              -87.99499413434341,
              43.0363061273704
            ],
            [
              -87.99499492801287,
              43.03650928661635
            ],
            [
              -87.99517572022883,
              43.03650935701675
            ],
            [
              -87.99517393898071,
              43.03606247360969
            ],
            [
              -87.99554087762168,
              43.036043020184835
            ],
            [
              -87.99553957765987,
              43.035415481924424
            ],
            [
              -87.99599133446557,
              43.03541633709379
            ],
            [
              -87.99599160559487,
              43.035493195068376
            ],
            [
              -87.99652575639563,
              43.035494225595
            ],
            [
              -87.99652586115512,
              43.03553787830588
            ],
            [
              -87.99680106132851,
              43.0355384178425
            ],
            [
              -87.99680036625173,
              43.035151605907025
            ],
            [
              -87.99676662569846,
              43.03515154978102
            ],
            [
              -87.99676472803453,
              43.03409190372324
            ],
            [
              -87.99739124020135,
              43.03409309841877
            ],
            [
              -87.99738671367615,
              43.03010172356084
            ],
            [
              -87.99243024355525,
              43.03036033417743
            ]
          ]
        ]
      }
    },
    {
      "type": "Feature",
      "properties": {
        "placeFips": "5553000",
        "city": "Milwaukee",
        "state": "WI",
        "boundaryType": "ward",
        "district": "203",
        "name": "203"
      },
      "geometry": {
        "type": "Polygon",
        "coordinates": [
          [
            [
              -87.9978863516396,
              43.03409667023088
            ],
            [
              -88.0013285295414,
              43.03412145230576
            ],
            [
              -88.00132976410222,
              43.03524953466816
            ],
            [
              -88.0016949241341,
              43.03525062622508
            ],
            [
              -88.00169554553077,
              43.03536560610635
            ],
            [
              -88.00167127322258,
              43.03536568200274
            ],
            [
              -88.0016731631768,
              43.03572072666523
            ],
            [
              -88.00414060322335,
              43.0355841350282
            ],
            [
              -88.00603999154008,
              43.035373263914416
            ],
            [
              -88.0060148748383,
              43.032146650134145
            ],
            [
              -88.0070773800932,
              43.03215278645015
            ],
            [
              -88.00727998183773,
              43.032233454872674
            ],
            [
              -88.00725676116363,
              43.028143266579306
            ],
            [
              -87.99976487082225,
              43.029927715248704
            ],
            [
              -87.99738671367615,
              43.03010172356084
            ],
            [
              -87.99739124622529,
              43.03409265191351
            ],
            [
              -87.9978863516396,
              43.03409667023088
            ]
          ]
        ]
      }
    },
    {
      "type": "Feature",
      "properties": {
        "placeFips": "5553000",
        "city": "Milwaukee",
        "state": "WI",
        "boundaryType": "ward",
        "district": "204",
        "name": "204"
      },
      "geometry": {
        "type": "Polygon",
        "coordinates": [
          [
            [
              -88.01731526330653,
              43.031315088228794
            ],
            [
              -88.01731754203406,
              43.02988367026052
            ],
            [
              -88.0172728446262,
              43.02394791046837
            ],
            [
              -88.0085811611582,
              43.02418397124637
            ],
            [
              -88.00857502817135,
              43.02405023370332
            ],
            [
              -88.00723958027977,
              43.02409231005117
            ],
            [
              -88.00727998183773,
              43.032233454872674
            ],
            [
              -88.0070773800932,
              43.03215278645015
            ],
            [
              -88.0060148748383,
              43.032146650134145
            ],
            [
              -88.00603999154008,
              43.035373263914416
            ],
            [
              -88.00962558850117,
              43.03494763742411
            ],
            [
              -88.01039113080705,
              43.034988127225894
            ],
            [
              -88.01138004887468,
              43.03519241370103
            ],
            [
              -88.01234134084365,
              43.035437594696205
            ],
            [
              -88.01434610046188,
              43.03600768015099
            ],
            [
              -88.0161553015361,
              43.03598044791962
            ],
            [
              -88.01734083437518,
              43.03266622566119
            ],
            [
              -88.01732683401185,
              43.0317366232927
            ],
            [
              -88.01625046630296,
              43.03175470084469
            ],
            [
              -88.01624580388079,
              43.03134560564409
            ],
            [
              -88.01731526330653,
              43.031315088228794
            ]
          ]
        ]
      }
    },
    {
      "type": "Feature",
      "properties": {
        "placeFips": "5553000",
        "city": "Milwaukee",
        "state": "WI",
        "boundaryType": "ward",
        "district": "205",
        "name": "205"
      },
      "geometry": {
        "type": "Polygon",
        "coordinates": [
          [
            [
              -88.02742456965497,
              43.03878464619701
            ],
            [
              -88.03149477467908,
              43.03878507893222
            ],
            [
              -88.03146403215675,
              43.035471426307666
            ],
            [
              -88.03125961559162,
              43.03530516754317
            ],
            [
              -88.03122660747297,
              43.03499287498542
            ],
            [
              -88.03121317054203,
              43.033685298456895
            ],
            [
              -88.03119825459635,
              43.033564854207405
            ],
            [
              -88.03113240366835,
              43.033413330733154
            ],
            [
              -88.03106915219176,
              43.033329939138106
            ],
            [
              -88.03089863187026,
              43.03318961415095
            ],
            [
              -88.03062824346232,
              43.03306950971745
            ],
            [
              -88.03023166766434,
              43.0330207433662
            ],
            [
              -88.02977364745324,
              43.03302499194898
            ],
            [
              -88.02948705087975,
              43.033064645200234
            ],
            [
              -88.0290969592205,
              43.033161113101606
            ],
            [
              -88.02883746322699,
              43.03320179450846
            ],
            [
              -88.02699672548928,
              43.033216807054096
            ],
            [
              -88.02661946880085,
              43.03323998891495
            ],
            [
              -88.02623877190159,
              43.03328419042972
            ],
            [
              -88.02594671766771,
              43.03334040233814
            ],
            [
              -88.02553864461903,
              43.03344083468236
            ],
            [
              -88.02510549612741,
              43.03357175859692
            ],
            [
              -88.0248834400796,
              43.033615738416074
            ],
            [
              -88.02462099936336,
              43.03364204965631
            ],
            [
              -88.02360661365336,
              43.03366489377257
            ],
            [
              -88.02363004235252,
              43.035907689238186
            ],
            [
              -88.02185615625054,
              43.03593137226772
            ],
            [
              -88.02193021969252,
              43.03892328139844
            ],
            [
              -88.02742456965497,
              43.03878464619701
            ]
          ]
        ]
      }
    },
    {
      "type": "Feature",
      "properties": {
        "placeFips": "5553000",
        "city": "Milwaukee",
        "state": "WI",
        "boundaryType": "ward",
        "district": "206",
        "name": "206"
      },
      "geometry": {
        "type": "Polygon",
        "coordinates": [
          [
            [
              -88.02360661365336,
              43.03366489377257
            ],
            [
              -88.02462099936336,
              43.03364204965631
            ],
            [
              -88.0248834400796,
              43.033615738416074
            ],
            [
              -88.02510549612741,
              43.03357175859692
            ],
            [
              -88.02553864461903,
              43.03344083468236
            ],
            [
              -88.02594671766771,
              43.03334040233814
            ],
            [
              -88.02623877190159,
              43.03328419042972
            ],
            [
              -88.02661946880085,
              43.03323998891495
            ],
            [
              -88.02699672548928,
              43.033216807054096
            ],
            [
              -88.02883746322699,
              43.03320179450846
            ],
            [
              -88.0290969592205,
              43.033161113101606
            ],
            [
              -88.02948705087975,
              43.033064645200234
            ],
            [
              -88.02990964555335,
              43.03301625418788
            ],
            [
              -88.03023166766434,
              43.0330207433662
            ],
            [
              -88.03062824346232,
              43.03306950971745
            ],
            [
              -88.03080584795245,
              43.03314015468958
            ],
            [
              -88.03097694942834,
              43.033243916702425
            ],
            [
              -88.03106915219176,
              43.033329939138106
            ],
            [
              -88.0311718719913,
              43.03348823285811
            ],
            [
              -88.03119825459635,
              43.033564854207405
            ],
            [
              -88.03121317054203,
              43.033685298456895
            ],
            [
              -88.03122660747297,
              43.03499287498542
            ],
            [
              -88.03125961559162,
              43.03530516754317
            ],
            [
              -88.03145682282685,
              43.03546556314363
            ],
            [
              -88.03145671915532,
              43.03545547216681
            ],
            [
              -88.03380609191782,
              43.035161857913344
            ],
            [
              -88.04225977578672,
              43.03471444130692
            ],
            [
              -88.04704921429108,
              43.03507635049476
            ],
            [
              -88.04721474822578,
              43.03386345757582
            ],
            [
              -88.0471732443888,
              43.03100731394801
            ],
            [
              -88.04591835862742,
              43.03101156430137
            ],
            [
              -88.04490012250682,
              43.02664581826282
            ],
            [
              -88.04341482295595,
              43.02613039403023
            ],
            [
              -88.04199044273231,
              43.025742253600676
            ],
            [
              -88.0407092836383,
              43.0255238298699
            ],
            [
              -88.03905431693683,
              43.02529807985064
            ],
            [
              -88.03815323634507,
              43.02520447020727
            ],
            [
              -88.03748574367366,
              43.02516665679297
            ],
            [
              -88.0251786173596,
              43.024935131066485
            ],
            [
              -88.02518544701616,
              43.02428491775522
            ],
            [
              -88.02430456793175,
              43.02429840418501
            ],
            [
              -88.02430386205339,
              43.02383798904922
            ],
            [
              -88.0172728446262,
              43.02394791046837
            ],
            [
              -88.01732058795525,
              43.031314968573184
            ],
            [
              -88.02358060831641,
              43.03117508956601
            ],
            [
              -88.02360661365336,
              43.03366489377257
            ]
          ]
        ]
      }
    },
    {
      "type": "Feature",
      "properties": {
        "placeFips": "5553000",
        "city": "Milwaukee",
        "state": "WI",
        "boundaryType": "ward",
        "district": "207",
        "name": "207"
      },
      "geometry": {
        "type": "Polygon",
        "coordinates": [
          [
            [
              -87.99741195812608,
              43.02427604131814
            ],
            [
              -87.99372400238497,
              43.02419701419818
            ],
            [
              -87.99370463986918,
              43.024564036080854
            ],
            [
              -87.99368695021904,
              43.02962208419095
            ],
            [
              -87.9924302074225,
              43.02962377381105
            ],
            [
              -87.99243024355525,
              43.03036033417743
            ],
            [
              -87.99738671367615,
              43.03010172356084
            ],
            [
              -87.99976487082225,
              43.029927715248704
            ],
            [
              -88.00725676116363,
              43.028143266579306
            ],
            [
              -88.00723955545143,
              43.02422092892302
            ],
            [
              -87.9974125737588,
              43.02414995010764
            ],
            [
              -87.99741195812608,
              43.02427604131814
            ]
          ]
        ]
      }
    },
    {
      "type": "Feature",
      "properties": {
        "placeFips": "5553000",
        "city": "Milwaukee",
        "state": "WI",
        "boundaryType": "ward",
        "district": "208",
        "name": "208"
      },
      "geometry": {
        "type": "Polygon",
        "coordinates": [
          [
            [
              -87.99372400238497,
              43.02419701419818
            ],
            [
              -87.98473801673427,
              43.02400790376463
            ],
            [
              -87.98408661463688,
              43.02401110877098
            ],
            [
              -87.98353345731677,
              43.02403815781121
            ],
            [
              -87.98240847660043,
              43.02412642368669
            ],
            [
              -87.98232907479775,
              43.018499702457845
            ],
            [
              -87.96961447407682,
              43.02075717333731
            ],
            [
              -87.96950408401041,
              43.02309185373999
            ],
            [
              -87.96951396061361,
              43.02415424788508
            ],
            [
              -87.96783021341568,
              43.02415682236377
            ],
            [
              -87.96777600010398,
              43.02657799984861
            ],
            [
              -87.96776982952822,
              43.02990858663902
            ],
            [
              -87.96780051001048,
              43.03014624558218
            ],
            [
              -87.96840297504707,
              43.03289442692268
            ],
            [
              -87.96845697387327,
              43.03358433906936
            ],
            [
              -87.96922902972486,
              43.03361297101417
            ],
            [
              -87.96958902997883,
              43.03360297168422
            ],
            [
              -87.97022603002185,
              43.0335519713529
            ],
            [
              -87.97090902943506,
              43.033446971120874
            ],
            [
              -87.97151602856465,
              43.03331697155556
            ],
            [
              -87.97241102935403,
              43.03310097081895
            ],
            [
              -87.97332202775696,
              43.03275997120213
            ],
            [
              -87.97395002895571,
              43.03255197137468
            ],
            [
              -87.97512748696143,
              43.03200687663019
            ],
            [
              -87.97871831502879,
              43.03098478649622
            ],
            [
              -87.98255550603726,
              43.03045075368126
            ],
            [
              -87.98657753515424,
              43.030389454101545
            ],
            [
              -87.99243024355525,
              43.03036033417743
            ],
            [
              -87.9924302074225,
              43.02962377381105
            ],
            [
              -87.99368695021904,
              43.02962208419095
            ],
            [
              -87.99370463986918,
              43.024564036080854
            ],
            [
              -87.99372400238497,
              43.02419701419818
            ]
          ]
        ]
      }
    },
    {
      "type": "Feature",
      "properties": {
        "placeFips": "5553000",
        "city": "Milwaukee",
        "state": "WI",
        "boundaryType": "ward",
        "district": "209",
        "name": "209"
      },
      "geometry": {
        "type": "Polygon",
        "coordinates": [
          [
            [
              -87.96788928067032,
              43.038820471602506
            ],
            [
              -87.96780152968542,
              43.03819969101587
            ],
            [
              -87.96781071824473,
              43.03793211043864
            ],
            [
              -87.96812732492333,
              43.0371840816658
            ],
            [
              -87.96861616108762,
              43.035793460570126
            ],
            [
              -87.96845697387327,
              43.03358433906936
            ],
            [
              -87.9680430312743,
              43.033557970923056
            ],
            [
              -87.96706703053167,
              43.033417971070634
            ],
            [
              -87.96674103124734,
              43.033284971143345
            ],
            [
              -87.96560803058676,
              43.032960971113006
            ],
            [
              -87.96392403132654,
              43.032575970964245
            ],
            [
              -87.96340303120265,
              43.0324369712931
            ],
            [
              -87.96284803150454,
              43.03235597099813
            ],
            [
              -87.96217603222382,
              43.03227497032077
            ],
            [
              -87.9577438461066,
              43.032163970402856
            ],
            [
              -87.95769804415065,
              43.03876673398731
            ],
            [
              -87.96075011091513,
              43.03875192450612
            ],
            [
              -87.96272969871704,
              43.03881725349105
            ],
            [
              -87.96788928067032,
              43.038820471602506
            ]
          ]
        ]
      }
    },
    {
      "type": "Feature",
      "properties": {
        "placeFips": "5553000",
        "city": "Milwaukee",
        "state": "WI",
        "boundaryType": "ward",
        "district": "210",
        "name": "210"
      },
      "geometry": {
        "type": "Polygon",
        "coordinates": [
          [
            [
              -87.96240718283542,
              43.02416494564224
            ],
            [
              -87.9623933699563,
              43.02135306878832
            ],
            [
              -87.96164888468716,
              43.02139710064577
            ],
            [
              -87.96122322808459,
              43.021394781686006
            ],
            [
              -87.95028008882095,
              43.02204125944692
            ],
            [
              -87.95027626215531,
              43.0240267550477
            ],
            [
              -87.95265145419441,
              43.02385195731854
            ],
            [
              -87.95386010924732,
              43.02371755061719
            ],
            [
              -87.95768439264468,
              43.02369214309268
            ],
            [
              -87.95769439461901,
              43.02428355433038
            ],
            [
              -87.96240718283542,
              43.02416494564224
            ]
          ]
        ]
      }
    },
    {
      "type": "Feature",
      "properties": {
        "placeFips": "5553000",
        "city": "Milwaukee",
        "state": "WI",
        "boundaryType": "ward",
        "district": "211",
        "name": "211"
      },
      "geometry": {
        "type": "Polygon",
        "coordinates": [
          [
            [
              -87.96184117545215,
              43.0168783421809
            ],
            [
              -87.9588949121793,
              43.01689656551653
            ],
            [
              -87.95889410495145,
              43.01901117088401
            ],
            [
              -87.95771747066681,
              43.01902177779091
            ],
            [
              -87.95769917073027,
              43.02161151363217
            ],
            [
              -87.96122322808459,
              43.021394781686006
            ],
            [
              -87.96164888468716,
              43.02139710064577
            ],
            [
              -87.96174658775139,
              43.01899971169812
            ],
            [
              -87.96177255715189,
              43.018999714639435
            ],
            [
              -87.96184117545215,
              43.0168783421809
            ]
          ]
        ]
      }
    },
    {
      "type": "Feature",
      "properties": {
        "placeFips": "5553000",
        "city": "Milwaukee",
        "state": "WI",
        "boundaryType": "ward",
        "district": "212",
        "name": "212"
      },
      "geometry": {
        "type": "Polygon",
        "coordinates": [
          [
            [
              -87.96110424626814,
              43.00475399407707
            ],
            [
              -87.95907606511842,
              43.004775434011414
            ],
            [
              -87.9578254504369,
              43.00481320796371
            ],
            [
              -87.95753411011233,
              43.01655261192236
            ],
            [
              -87.95759138542856,
              43.016898587238046
            ],
            [
              -87.9674726110318,
              43.01684946623746
            ],
            [
              -87.96751129315048,
              43.01431237571608
            ],
            [
              -87.96670365014829,
              43.014317942293
            ],
            [
              -87.96654993083091,
              43.01322901544844
            ],
            [
              -87.96269744423678,
              43.01325094069812
            ],
            [
              -87.96271027357109,
              43.0123137245699
            ],
            [
              -87.96641291024886,
              43.012258899686096
            ],
            [
              -87.96632258559478,
              43.011145519062985
            ],
            [
              -87.96632840648867,
              43.01016356049261
            ],
            [
              -87.96273069191125,
              43.010213517309616
            ],
            [
              -87.96272952147889,
              43.009793894695136
            ],
            [
              -87.96101936135793,
              43.0098129734249
            ],
            [
              -87.96108498795152,
              43.006595708894245
            ],
            [
              -87.961066333745,
              43.006595929717264
            ],
            [
              -87.96110424626814,
              43.00475399407707
            ]
          ]
        ]
      }
    },
    {
      "type": "Feature",
      "properties": {
        "placeFips": "5553000",
        "city": "Milwaukee",
        "state": "WI",
        "boundaryType": "ward",
        "district": "213",
        "name": "213"
      },
      "geometry": {
        "type": "Polygon",
        "coordinates": [
          [
            [
              -87.9577810233773,
              43.0066408858051
            ],
            [
              -87.9578254504369,
              43.00481320796371
            ],
            [
              -87.95292110820152,
              43.00487965591487
            ],
            [
              -87.95285121819411,
              43.008526582448006
            ],
            [
              -87.9527866773122,
              43.01034987512381
            ],
            [
              -87.95265243575848,
              43.01683779927202
            ],
            [
              -87.95258456003967,
              43.01692924867009
            ],
            [
              -87.95759138542856,
              43.016898587238046
            ],
            [
              -87.95753411011233,
              43.01655261192236
            ],
            [
              -87.9577810233773,
              43.0066408858051
            ]
          ]
        ]
      }
    },
    {
      "type": "Feature",
      "properties": {
        "placeFips": "5553000",
        "city": "Milwaukee",
        "state": "WI",
        "boundaryType": "ward",
        "district": "214",
        "name": "214"
      },
      "geometry": {
        "type": "Polygon",
        "coordinates": [
          [
            [
              -87.95889410495145,
              43.01901117088401
            ],
            [
              -87.9588949121793,
              43.01689656551653
            ],
            [
              -87.95258456003967,
              43.01692924867009
            ],
            [
              -87.9525813552362,
              43.021908008333135
            ],
            [
              -87.95769917073027,
              43.02161151363217
            ],
            [
              -87.95771747066681,
              43.01902177779091
            ],
            [
              -87.95889410495145,
              43.01901117088401
            ]
          ]
        ]
      }
    },
    {
      "type": "Feature",
      "properties": {
        "placeFips": "5553000",
        "city": "Milwaukee",
        "state": "WI",
        "boundaryType": "ward",
        "district": "215",
        "name": "215"
      },
      "geometry": {
        "type": "Polygon",
        "coordinates": [
          [
            [
              -87.95258402359981,
              43.01776452208177
            ],
            [
              -87.95258456003967,
              43.01692924867009
            ],
            [
              -87.9479770954247,
              43.01695792242626
            ],
            [
              -87.94779275025945,
              43.017005946534695
            ],
            [
              -87.94641187044145,
              43.01701021689535
            ],
            [
              -87.94640316110103,
              43.02227411839536
            ],
            [
              -87.9525813552362,
              43.021908008333135
            ],
            [
              -87.95258402359981,
              43.01776452208177
            ]
          ]
        ]
      }
    },
    {
      "type": "Feature",
      "properties": {
        "placeFips": "5553000",
        "city": "Milwaukee",
        "state": "WI",
        "boundaryType": "ward",
        "district": "216",
        "name": "216"
      },
      "geometry": {
        "type": "Polygon",
        "coordinates": [
          [
            [
              -87.95288604743135,
              43.00670905107381
            ],
            [
              -87.95292110820152,
              43.00487965591487
            ],
            [
              -87.94803491913972,
              43.00493481703931
            ],
            [
              -87.94779275025945,
              43.017005946534695
            ],
            [
              -87.9479770954247,
              43.01695792242626
            ],
            [
              -87.95258456003967,
              43.01692924867009
            ],
            [
              -87.95265243575848,
              43.01683779927202
            ],
            [
              -87.9527866773122,
              43.01034987512381
            ],
            [
              -87.95285121819411,
              43.008526582448006
            ],
            [
              -87.95288604743135,
              43.00670905107381
            ]
          ]
        ]
      }
    },
    {
      "type": "Feature",
      "properties": {
        "placeFips": "5553000",
        "city": "Milwaukee",
        "state": "WI",
        "boundaryType": "ward",
        "district": "217",
        "name": "217"
      },
      "geometry": {
        "type": "Polygon",
        "coordinates": [
          [
            [
              -87.94132064214955,
              43.0103239799763
            ],
            [
              -87.94093698414312,
              43.01031851766033
            ],
            [
              -87.94089702490513,
              43.01417597682679
            ],
            [
              -87.94366984662807,
              43.01416837353034
            ],
            [
              -87.94362077473349,
              43.01701879955035
            ],
            [
              -87.94779275025945,
              43.017005946534695
            ],
            [
              -87.94792282663619,
              43.010417799392975
            ],
            [
              -87.94132064214955,
              43.0103239799763
            ]
          ]
        ]
      }
    },
    {
      "type": "Feature",
      "properties": {
        "placeFips": "5553000",
        "city": "Milwaukee",
        "state": "WI",
        "boundaryType": "ward",
        "district": "218",
        "name": "218"
      },
      "geometry": {
        "type": "Polygon",
        "coordinates": [
          [
            [
              -87.94816514998494,
              43.00316860345109
            ],
            [
              -87.944532826763,
              43.00311198495417
            ],
            [
              -87.94403596794487,
              43.00340827172101
            ],
            [
              -87.94137349477037,
              43.00850857535642
            ],
            [
              -87.94096956820589,
              43.00922657532739
            ],
            [
              -87.94083185097897,
              43.009434233002374
            ],
            [
              -87.94007358178966,
              43.01030622274505
            ],
            [
              -87.94792282663619,
              43.010417799392975
            ],
            [
              -87.94806126806357,
              43.003646773929255
            ],
            [
              -87.94816514998494,
              43.00316860345109
            ]
          ]
        ]
      }
    },
    {
      "type": "Feature",
      "properties": {
        "placeFips": "5553000",
        "city": "Milwaukee",
        "state": "WI",
        "boundaryType": "ward",
        "district": "219",
        "name": "219"
      },
      "geometry": {
        "type": "Polygon",
        "coordinates": [
          [
            [
              -87.93833830296495,
              43.00301516925079
            ],
            [
              -87.93825112378565,
              43.00301380425944
            ],
            [
              -87.93805000915938,
              43.01027740788109
            ],
            [
              -87.93862926100543,
              43.01028563698026
            ],
            [
              -87.93648001168256,
              43.01235921871327
            ],
            [
              -87.93792968617004,
              43.01236031822446
            ],
            [
              -87.94007358178966,
              43.01030622274505
            ],
            [
              -87.94083185097897,
              43.009434233002374
            ],
            [
              -87.94096956820589,
              43.00922657532739
            ],
            [
              -87.94137349477037,
              43.00850857535642
            ],
            [
              -87.94403596794487,
              43.00340827172101
            ],
            [
              -87.944532826763,
              43.00311198495417
            ],
            [
              -87.93833830296495,
              43.00301516925079
            ]
          ]
        ]
      }
    },
    {
      "type": "Feature",
      "properties": {
        "placeFips": "5553000",
        "city": "Milwaukee",
        "state": "WI",
        "boundaryType": "ward",
        "district": "220",
        "name": "220"
      },
      "geometry": {
        "type": "Polygon",
        "coordinates": [
          [
            [
              -87.94093698414312,
              43.01031851766033
            ],
            [
              -87.94007358178966,
              43.01030622274505
            ],
            [
              -87.9381704549882,
              43.01213510845592
            ],
            [
              -87.93810342654324,
              43.01703486297417
            ],
            [
              -87.93809791022453,
              43.01910374866339
            ],
            [
              -87.942250288008,
              43.01909453900955
            ],
            [
              -87.94223567014492,
              43.017023030071
            ],
            [
              -87.94362077473349,
              43.01701879955035
            ],
            [
              -87.94366984662807,
              43.01416837353034
            ],
            [
              -87.94089702490513,
              43.01417597682679
            ],
            [
              -87.94093698414312,
              43.01031851766033
            ]
          ]
        ]
      }
    },
    {
      "type": "Feature",
      "properties": {
        "placeFips": "5553000",
        "city": "Milwaukee",
        "state": "WI",
        "boundaryType": "ward",
        "district": "221",
        "name": "221"
      },
      "geometry": {
        "type": "Polygon",
        "coordinates": [
          [
            [
              -87.9464084374027,
              43.01908465975479
            ],
            [
              -87.94641187044145,
              43.01701021689535
            ],
            [
              -87.94223567014492,
              43.017023030071
            ],
            [
              -87.942250288008,
              43.01909453900955
            ],
            [
              -87.94363677197761,
              43.01909126257823
            ],
            [
              -87.94362751992264,
              43.022433259392166
            ],
            [
              -87.94640316110103,
              43.02227411839536
            ],
            [
              -87.9464084374027,
              43.01908465975479
            ]
          ]
        ]
      }
    },
    {
      "type": "Feature",
      "properties": {
        "placeFips": "5553000",
        "city": "Milwaukee",
        "state": "WI",
        "boundaryType": "ward",
        "district": "222",
        "name": "222"
      },
      "geometry": {
        "type": "Polygon",
        "coordinates": [
          [
            [
              -87.94698157145906,
              43.03477998972316
            ],
            [
              -87.94774178426782,
              43.03478147741221
            ],
            [
              -87.94775397126806,
              43.0339949621533
            ],
            [
              -87.95158721126147,
              43.03245309203539
            ],
            [
              -87.9540654378282,
              43.032212044467755
            ],
            [
              -87.9577438461066,
              43.032163970402856
            ],
            [
              -87.95768439264468,
              43.02369214309268
            ],
            [
              -87.95386010924732,
              43.02371755061719
            ],
            [
              -87.95265145419441,
              43.02385195731854
            ],
            [
              -87.95027626215531,
              43.0240267550477
            ],
            [
              -87.95028008882095,
              43.02204125944692
            ],
            [
              -87.9380881567189,
              43.02275894138071
            ],
            [
              -87.93299228779425,
              43.02298996696283
            ],
            [
              -87.93299731793392,
              43.023998598613325
            ],
            [
              -87.93302629771294,
              43.02423094218064
            ],
            [
              -87.93302584039724,
              43.024717878475165
            ],
            [
              -87.93298425441935,
              43.031708958270066
            ],
            [
              -87.93292304874895,
              43.03558970150178
            ],
            [
              -87.93791454340611,
              43.03561487844053
            ],
            [
              -87.93924846311151,
              43.0355693973812
            ],
            [
              -87.9402326484078,
              43.035565790853184
            ],
            [
              -87.94100189417622,
              43.035579726808
            ],
            [
              -87.94235248863072,
              43.03568994995078
            ],
            [
              -87.94330722108985,
              43.03569293493737
            ],
            [
              -87.94388411998389,
              43.03563189598316
            ],
            [
              -87.94446246982058,
              43.03552800230918
            ],
            [
              -87.94548770449835,
              43.03517477651653
            ],
            [
              -87.94583330535873,
              43.03503807926923
            ],
            [
              -87.94638367841745,
              43.03477881553718
            ],
            [
              -87.94698157145906,
              43.03477998972316
            ]
          ]
        ]
      }
    },
    {
      "type": "Feature",
      "properties": {
        "placeFips": "5553000",
        "city": "Milwaukee",
        "state": "WI",
        "boundaryType": "ward",
        "district": "223",
        "name": "223"
      },
      "geometry": {
        "type": "Polygon",
        "coordinates": [
          [
            [
              -87.9168385736202,
              43.02113307702573
            ],
            [
              -87.91684063259267,
              43.0200710667273
            ],
            [
              -87.91823873429013,
              43.02011388883913
            ],
            [
              -87.91823856254662,
              43.01908888786062
            ],
            [
              -87.91774323834835,
              43.01895117256467
            ],
            [
              -87.9176471170597,
              43.0188111835356
            ],
            [
              -87.91730757025417,
              43.01830499915318
            ],
            [
              -87.91697382366738,
              43.017764747040566
            ],
            [
              -87.91688261384975,
              43.01751201573285
            ],
            [
              -87.91686856830306,
              43.0170472061426
            ],
            [
              -87.9112321789837,
              43.01705273874206
            ],
            [
              -87.91119402054933,
              43.01604629239329
            ],
            [
              -87.91116782610364,
              43.01364068540439
            ],
            [
              -87.91079879150155,
              43.01293587841213
            ],
            [
              -87.91114780432717,
              43.01180207354515
            ],
            [
              -87.91113972945186,
              43.01106099862683
            ],
            [
              -87.90981300625906,
              43.01104409495421
            ],
            [
              -87.90833967015726,
              43.00827307217617
            ],
            [
              -87.90662082880743,
              43.009092013772374
            ],
            [
              -87.90493405110232,
              43.0123889708126
            ],
            [
              -87.90398785899583,
              43.01402635430082
            ],
            [
              -87.90443516470064,
              43.014150119489926
            ],
            [
              -87.90406522024388,
              43.01486613805383
            ],
            [
              -87.90280615325354,
              43.017182948741706
            ],
            [
              -87.90291503503073,
              43.01776091067968
            ],
            [
              -87.90302209141754,
              43.01782898119345
            ],
            [
              -87.90758777845004,
              43.01780424066672
            ],
            [
              -87.90759868361803,
              43.01804993227251
            ],
            [
              -87.9036500154172,
              43.01806208200602
            ],
            [
              -87.9035127096451,
              43.018125641305794
            ],
            [
              -87.90339902970668,
              43.01825101113218
            ],
            [
              -87.90445963163786,
              43.01933801567071
            ],
            [
              -87.90739942471173,
              43.019363861506925
            ],
            [
              -87.90739184191668,
              43.019585604667064
            ],
            [
              -87.90472807262522,
              43.01957901325537
            ],
            [
              -87.90514525578268,
              43.02007111188514
            ],
            [
              -87.90543169908894,
              43.02045160157411
            ],
            [
              -87.90569484479815,
              43.02084104563783
            ],
            [
              -87.90601256851625,
              43.021370091182504
            ],
            [
              -87.90582521935458,
              43.022192776852194
            ],
            [
              -87.90592086689483,
              43.02219296258803
            ],
            [
              -87.9056222155999,
              43.02301673335968
            ],
            [
              -87.9046203390209,
              43.024098515031234
            ],
            [
              -87.90406942287976,
              43.02458877980505
            ],
            [
              -87.9038240649972,
              43.02514936103634
            ],
            [
              -87.90383267186766,
              43.025322231768186
            ],
            [
              -87.90424238903637,
              43.02524064827254
            ],
            [
              -87.90458224856917,
              43.025245218216995
            ],
            [
              -87.90590475357618,
              43.024197928668585
            ],
            [
              -87.90645215705834,
              43.0231952854092
            ],
            [
              -87.91682953385592,
              43.0232195404577
            ],
            [
              -87.9168385736202,
              43.02113307702573
            ]
          ]
        ]
      }
    },
    {
      "type": "Feature",
      "properties": {
        "placeFips": "5553000",
        "city": "Milwaukee",
        "state": "WI",
        "boundaryType": "ward",
        "district": "224",
        "name": "224"
      },
      "geometry": {
        "type": "Polygon",
        "coordinates": [
          [
            [
              -87.93675875517282,
              43.0123594313861
            ],
            [
              -87.93648001168256,
              43.01235921871327
            ],
            [
              -87.9329538749044,
              43.01574371647355
            ],
            [
              -87.93293122330395,
              43.0164901895335
            ],
            [
              -87.93295106641597,
              43.01671339237798
            ],
            [
              -87.93301206266611,
              43.01703768473445
            ],
            [
              -87.93300522864271,
              43.01909540544032
            ],
            [
              -87.93809791022453,
              43.01910374866339
            ],
            [
              -87.93810342654324,
              43.01703486297417
            ],
            [
              -87.9381704549882,
              43.01213510845592
            ],
            [
              -87.93792968617004,
              43.01236031822446
            ],
            [
              -87.93675875517282,
              43.0123594313861
            ]
          ]
        ]
      }
    },
    {
      "type": "Feature",
      "properties": {
        "placeFips": "5553000",
        "city": "Milwaukee",
        "state": "WI",
        "boundaryType": "ward",
        "district": "225",
        "name": "225"
      },
      "geometry": {
        "type": "Polygon",
        "coordinates": [
          [
            [
              -87.93814858542025,
              43.00671648259537
            ],
            [
              -87.93815099764055,
              43.00662932384406
            ],
            [
              -87.92968808096434,
              43.006489013859884
            ],
            [
              -87.92946529594204,
              43.012300305368285
            ],
            [
              -87.93648001168256,
              43.01235921871327
            ],
            [
              -87.93862926100543,
              43.01028563698026
            ],
            [
              -87.93805000915938,
              43.01027740788109
            ],
            [
              -87.93814858542025,
              43.00671648259537
            ]
          ]
        ]
      }
    },
    {
      "type": "Feature",
      "properties": {
        "placeFips": "5553000",
        "city": "Milwaukee",
        "state": "WI",
        "boundaryType": "ward",
        "district": "226",
        "name": "226"
      },
      "geometry": {
        "type": "Polygon",
        "coordinates": [
          [
            [
              -87.9269132577291,
              43.012714864263735
            ],
            [
              -87.92679016694686,
              43.016026177408826
            ],
            [
              -87.93294559092101,
              43.01601785368057
            ],
            [
              -87.9329538749044,
              43.01574371647355
            ],
            [
              -87.93648001168256,
              43.01235921871327
            ],
            [
              -87.92946529594204,
              43.012300305368285
            ],
            [
              -87.92809939962716,
              43.012267290052115
            ],
            [
              -87.92692744020933,
              43.012289221083435
            ],
            [
              -87.9269132577291,
              43.012714864263735
            ]
          ]
        ]
      }
    },
    {
      "type": "Feature",
      "properties": {
        "placeFips": "5553000",
        "city": "Milwaukee",
        "state": "WI",
        "boundaryType": "ward",
        "district": "227",
        "name": "227"
      },
      "geometry": {
        "type": "Polygon",
        "coordinates": [
          [
            [
              -87.92795844961702,
              43.01602503286882
            ],
            [
              -87.92679016694686,
              43.016026177408826
            ],
            [
              -87.92675925485132,
              43.01703964773795
            ],
            [
              -87.92675261449857,
              43.01910189926741
            ],
            [
              -87.92809759139787,
              43.019083141080934
            ],
            [
              -87.93300522864271,
              43.01909540544032
            ],
            [
              -87.93301206266611,
              43.01703768473445
            ],
            [
              -87.93295106641597,
              43.01671339237798
            ],
            [
              -87.93293122330395,
              43.0164901895335
            ],
            [
              -87.93294559092101,
              43.01601785368057
            ],
            [
              -87.92795844961702,
              43.01602503286882
            ]
          ]
        ]
      }
    },
    {
      "type": "Feature",
      "properties": {
        "placeFips": "5553000",
        "city": "Milwaukee",
        "state": "WI",
        "boundaryType": "ward",
        "district": "228",
        "name": "228"
      },
      "geometry": {
        "type": "Polygon",
        "coordinates": [
          [
            [
              -87.93300176278068,
              43.020138041151185
            ],
            [
              -87.93300522864271,
              43.01909540544032
            ],
            [
              -87.92809759139787,
              43.019083141080934
            ],
            [
              -87.92535083520346,
              43.019103296621836
            ],
            [
              -87.92534370816776,
              43.02321154360207
            ],
            [
              -87.92808810727392,
              43.02320257495748
            ],
            [
              -87.92927267748485,
              43.023167005498024
            ],
            [
              -87.93299228779425,
              43.02298996696283
            ],
            [
              -87.93300176278068,
              43.020138041151185
            ]
          ]
        ]
      }
    },
    {
      "type": "Feature",
      "properties": {
        "placeFips": "5553000",
        "city": "Milwaukee",
        "state": "WI",
        "boundaryType": "ward",
        "district": "229",
        "name": "229"
      },
      "geometry": {
        "type": "Polygon",
        "coordinates": [
          [
            [
              -87.92189124282503,
              43.02588740239088
            ],
            [
              -87.92253234165746,
              43.02531509838444
            ],
            [
              -87.92533328872148,
              43.025330362384885
            ],
            [
              -87.92534727654301,
              43.02115469242916
            ],
            [
              -87.92394243946762,
              43.021162016223506
            ],
            [
              -87.92253842441555,
              43.02119411707659
            ],
            [
              -87.91823890954062,
              43.021160539282896
            ],
            [
              -87.91823873429013,
              43.02011388883913
            ],
            [
              -87.91684063259267,
              43.0200710667273
            ],
            [
              -87.91682953385592,
              43.0232195404577
            ],
            [
              -87.91685267562067,
              43.02420621544729
            ],
            [
              -87.91682413662177,
              43.026338981392016
            ],
            [
              -87.91822342206537,
              43.026344865682375
            ],
            [
              -87.92139437863625,
              43.026320217083054
            ],
            [
              -87.92189124282503,
              43.02588740239088
            ]
          ]
        ]
      }
    },
    {
      "type": "Feature",
      "properties": {
        "placeFips": "5553000",
        "city": "Milwaukee",
        "state": "WI",
        "boundaryType": "ward",
        "district": "230",
        "name": "230"
      },
      "geometry": {
        "type": "Polygon",
        "coordinates": [
          [
            [
              -87.9215017809691,
              43.02622666096669
            ],
            [
              -87.92139437863625,
              43.026320217083054
            ],
            [
              -87.91822342206537,
              43.026344865682375
            ],
            [
              -87.9168241353952,
              43.02633898136956
            ],
            [
              -87.91685267562067,
              43.02420621544729
            ],
            [
              -87.91682953385592,
              43.0232195404577
            ],
            [
              -87.90645215705834,
              43.0231952854092
            ],
            [
              -87.90590475357618,
              43.024197928668585
            ],
            [
              -87.90458224856917,
              43.025245218216995
            ],
            [
              -87.90424238903637,
              43.02524064827254
            ],
            [
              -87.90383267186766,
              43.025322231768186
            ],
            [
              -87.90279005068544,
              43.02548396862502
            ],
            [
              -87.90483998330464,
              43.028051692692706
            ],
            [
              -87.90623956573837,
              43.02919650846385
            ],
            [
              -87.90749683524983,
              43.030075841124486
            ],
            [
              -87.90876494938087,
              43.03072246725026
            ],
            [
              -87.90996324751646,
              43.03116276445216
            ],
            [
              -87.91042132849864,
              43.03136345495056
            ],
            [
              -87.91059109583297,
              43.03158712727257
            ],
            [
              -87.91072663164259,
              43.031888485792656
            ],
            [
              -87.9107333866147,
              43.03205734332703
            ],
            [
              -87.91246704705644,
              43.03245796808089
            ],
            [
              -87.91521191735195,
              43.03305025771567
            ],
            [
              -87.91863259346023,
              43.0331440256342
            ],
            [
              -87.92172263963859,
              43.032172571674266
            ],
            [
              -87.92239245740002,
              43.032157617584865
            ],
            [
              -87.92240378701993,
              43.03144203037668
            ],
            [
              -87.92246108258685,
              43.03136218423377
            ],
            [
              -87.92247643991719,
              43.028547558606576
            ],
            [
              -87.92246146912653,
              43.02831568839245
            ],
            [
              -87.92076818430652,
              43.02845149610869
            ],
            [
              -87.92250981026176,
              43.02644158077253
            ],
            [
              -87.92253274770367,
              43.026185009943966
            ],
            [
              -87.92253234165746,
              43.02531509838444
            ],
            [
              -87.9215017809691,
              43.02622666096669
            ]
          ]
        ]
      }
    },
    {
      "type": "Feature",
      "properties": {
        "placeFips": "5553000",
        "city": "Milwaukee",
        "state": "WI",
        "boundaryType": "ward",
        "district": "231",
        "name": "231"
      },
      "geometry": {
        "type": "Polygon",
        "coordinates": [
          [
            [
              -87.9267559297751,
              43.018072350575565
            ],
            [
              -87.92675925485132,
              43.01703964773795
            ],
            [
              -87.91686856830306,
              43.0170472061426
            ],
            [
              -87.91688261384975,
              43.01751201573285
            ],
            [
              -87.91697382366738,
              43.017764747040566
            ],
            [
              -87.91730757025417,
              43.01830499915318
            ],
            [
              -87.9176471170597,
              43.0188111835356
            ],
            [
              -87.91774323834835,
              43.01895117256467
            ],
            [
              -87.91823856254662,
              43.01908888786062
            ],
            [
              -87.91823890954062,
              43.021160539282896
            ],
            [
              -87.92253842441555,
              43.02119411707659
            ],
            [
              -87.92394243946762,
              43.021162016223506
            ],
            [
              -87.92534727654301,
              43.02115469242916
            ],
            [
              -87.92535083520346,
              43.019103296621836
            ],
            [
              -87.92675261449857,
              43.01910189926741
            ],
            [
              -87.9267559297751,
              43.018072350575565
            ]
          ]
        ]
      }
    },
    {
      "type": "Feature",
      "properties": {
        "placeFips": "5553000",
        "city": "Milwaukee",
        "state": "WI",
        "boundaryType": "ward",
        "district": "232",
        "name": "232"
      },
      "geometry": {
        "type": "Polygon",
        "coordinates": [
          [
            [
              -87.9269132577291,
              43.012714864263735
            ],
            [
              -87.92692744020933,
              43.012289221083435
            ],
            [
              -87.91987539276201,
              43.01229776644679
            ],
            [
              -87.9185395658522,
              43.012323875985246
            ],
            [
              -87.91681346062977,
              43.01230260064476
            ],
            [
              -87.91686856830306,
              43.0170472061426
            ],
            [
              -87.92675925485132,
              43.01703964773795
            ],
            [
              -87.9269132577291,
              43.012714864263735
            ]
          ]
        ]
      }
    },
    {
      "type": "Feature",
      "properties": {
        "placeFips": "5553000",
        "city": "Milwaukee",
        "state": "WI",
        "boundaryType": "ward",
        "district": "233",
        "name": "233"
      },
      "geometry": {
        "type": "Polygon",
        "coordinates": [
          [
            [
              -87.92968808096434,
              43.006489013859884
            ],
            [
              -87.92832604556241,
              43.00646534113834
            ],
            [
              -87.92144197603403,
              43.00646975492219
            ],
            [
              -87.921368413078,
              43.010120577995366
            ],
            [
              -87.92128890615952,
              43.012296091354685
            ],
            [
              -87.92692744020933,
              43.012289221083435
            ],
            [
              -87.92809939962716,
              43.012267290052115
            ],
            [
              -87.92946529594204,
              43.012300305368285
            ],
            [
              -87.92968808096434,
              43.006489013859884
            ]
          ]
        ]
      }
    },
    {
      "type": "Feature",
      "properties": {
        "placeFips": "5553000",
        "city": "Milwaukee",
        "state": "WI",
        "boundaryType": "ward",
        "district": "234",
        "name": "234"
      },
      "geometry": {
        "type": "Polygon",
        "coordinates": [
          [
            [
              -87.92144197603403,
              43.00646975492219
            ],
            [
              -87.91688719506557,
              43.00648120472584
            ],
            [
              -87.9167933289346,
              43.01008446506875
            ],
            [
              -87.91681346062977,
              43.01230260064476
            ],
            [
              -87.9185395658522,
              43.012323875985246
            ],
            [
              -87.91987539276201,
              43.01229776644679
            ],
            [
              -87.92128890615952,
              43.012296091354685
            ],
            [
              -87.921368413078,
              43.010120577995366
            ],
            [
              -87.92144197603403,
              43.00646975492219
            ]
          ]
        ]
      }
    },
    {
      "type": "Feature",
      "properties": {
        "placeFips": "5553000",
        "city": "Milwaukee",
        "state": "WI",
        "boundaryType": "ward",
        "district": "235",
        "name": "235"
      },
      "geometry": {
        "type": "Polygon",
        "coordinates": [
          [
            [
              -87.91381530362028,
              43.00806292504289
            ],
            [
              -87.9112020344532,
              43.00835220542872
            ],
            [
              -87.91113972945186,
              43.01106099862683
            ],
            [
              -87.91114780432717,
              43.01180207354515
            ],
            [
              -87.91079879150155,
              43.01293587841213
            ],
            [
              -87.91116782610364,
              43.01364068540439
            ],
            [
              -87.91119402054933,
              43.01604629239329
            ],
            [
              -87.9112321789837,
              43.01705273874206
            ],
            [
              -87.91686856830306,
              43.0170472061426
            ],
            [
              -87.91684743297476,
              43.01604571185567
            ],
            [
              -87.9167933289346,
              43.01008446506875
            ],
            [
              -87.91688719506557,
              43.00648120472584
            ],
            [
              -87.91395578062156,
              43.00649194492898
            ],
            [
              -87.91381530362028,
              43.00806292504289
            ]
          ]
        ]
      }
    },
    {
      "type": "Feature",
      "properties": {
        "placeFips": "5553000",
        "city": "Milwaukee",
        "state": "WI",
        "boundaryType": "ward",
        "district": "236",
        "name": "236"
      },
      "geometry": {
        "type": "Polygon",
        "coordinates": [
          [
            [
              -87.88780287936795,
              43.00813914799539
            ],
            [
              -87.89159567311542,
              43.00717953288737
            ],
            [
              -87.89196188862508,
              43.008145081831486
            ],
            [
              -87.89262723599444,
              43.009563805748705
            ],
            [
              -87.89376254208524,
              43.0121101651748
            ],
            [
              -87.89117122215318,
              43.01441743008204
            ],
            [
              -87.89121677964937,
              43.01447242082055
            ],
            [
              -87.89132450955658,
              43.014485865671226
            ],
            [
              -87.89383660928367,
              43.01230997040104
            ],
            [
              -87.8955351264966,
              43.01587275544783
            ],
            [
              -87.89305751216878,
              43.01802590613206
            ],
            [
              -87.89304183506432,
              43.01807672888807
            ],
            [
              -87.89376463867015,
              43.019504312299404
            ],
            [
              -87.89382965462721,
              43.01954144359891
            ],
            [
              -87.89390559250238,
              43.019518002895566
            ],
            [
              -87.89627804581735,
              43.01740149540498
            ],
            [
              -87.89670318816147,
              43.01835089292991
            ],
            [
              -87.89427636216743,
              43.02047711753555
            ],
            [
              -87.8942644818512,
              43.02050149691784
            ],
            [
              -87.89426436899089,
              43.020527387390814
            ],
            [
              -87.89464308118437,
              43.02130785624178
            ],
            [
              -87.89468153479017,
              43.02134904761996
            ],
            [
              -87.89473719671841,
              43.021350078745726
            ],
            [
              -87.89702710563601,
              43.01935316752636
            ],
            [
              -87.89736052473427,
              43.02011336773373
            ],
            [
              -87.89420200147089,
              43.02290246666971
            ],
            [
              -87.89464392601455,
              43.0249078746844
            ],
            [
              -87.89470121479044,
              43.02494172683513
            ],
            [
              -87.89521066369115,
              43.02492714390372
            ],
            [
              -87.89865502923794,
              43.024494726623566
            ],
            [
              -87.89866105090678,
              43.0250929682914
            ],
            [
              -87.9023700497996,
              43.02512096885846
            ],
            [
              -87.90330404955195,
              43.02419396881509
            ],
            [
              -87.9047230507516,
              43.022949969541045
            ],
            [
              -87.90472605026017,
              43.02188296924996
            ],
            [
              -87.90212450381217,
              43.01700072448518
            ],
            [
              -87.90398785899583,
              43.01402635430082
            ],
            [
              -87.90493405110232,
              43.0123889708126
            ],
            [
              -87.90662082880743,
              43.009092013772374
            ],
            [
              -87.90833967015726,
              43.00827307217617
            ],
            [
              -87.90888381381951,
              43.00774235981846
            ],
            [
              -87.90896798797094,
              43.002883033196575
            ],
            [
              -87.90423308485893,
              43.002909470571645
            ],
            [
              -87.9023587972534,
              43.000671085017245
            ],
            [
              -87.90085196799362,
              43.00067036422088
            ],
            [
              -87.89950558567897,
              43.00069316630277
            ],
            [
              -87.89813259389666,
              43.000676462375225
            ],
            [
              -87.8981603140092,
              43.0029363329287
            ],
            [
              -87.89564919794087,
              43.002942460390976
            ],
            [
              -87.89580851613015,
              43.00335779969253
            ],
            [
              -87.89182201566948,
              43.00417829230005
            ],
            [
              -87.89074073140394,
              43.004381466338614
            ],
            [
              -87.88987954940563,
              43.002452030594206
            ],
            [
              -87.88938206841873,
              43.001674066315864
            ],
            [
              -87.88897145397438,
              43.001127340129216
            ],
            [
              -87.88827596266127,
              43.00034553791459
            ],
            [
              -87.88770726483025,
              43.00043288494526
            ],
            [
              -87.88780481562205,
              43.00052563221348
            ],
            [
              -87.88772634050856,
              43.00060145311863
            ],
            [
              -87.88663824179785,
              43.00134045242794
            ],
            [
              -87.88788506897797,
              43.00230051955284
            ],
            [
              -87.88572161099393,
              43.003899637458225
            ],
            [
              -87.88437084791278,
              43.00479042050003
            ],
            [
              -87.88437575661126,
              43.004909981052535
            ],
            [
              -87.88448598632513,
              43.00495437399138
            ],
            [
              -87.8876496871429,
              43.00812690023728
            ],
            [
              -87.88780287936795,
              43.00813914799539
            ]
          ]
        ]
      }
    },
    {
      "type": "Feature",
      "properties": {
        "placeFips": "5553000",
        "city": "Milwaukee",
        "state": "WI",
        "boundaryType": "ward",
        "district": "237",
        "name": "237"
      },
      "geometry": {
        "type": "Polygon",
        "coordinates": [
          [
            [
              -87.89182201566948,
              43.00417829230005
            ],
            [
              -87.89580851613015,
              43.00335779969253
            ],
            [
              -87.89564919794087,
              43.002942460390976
            ],
            [
              -87.8981603140092,
              43.0029363329287
            ],
            [
              -87.89813259389666,
              43.000676462375225
            ],
            [
              -87.89950558567897,
              43.00069316630277
            ],
            [
              -87.90085196799362,
              43.00067036422088
            ],
            [
              -87.9023587972534,
              43.000671085017245
            ],
            [
              -87.90025964137233,
              42.99815666512494
            ],
            [
              -87.89976103101361,
              42.99761138808565
            ],
            [
              -87.89891428325544,
              42.9971525950913
            ],
            [
              -87.89868414572355,
              42.99704338146822
            ],
            [
              -87.89670966609295,
              42.99592723206384
            ],
            [
              -87.89271226475888,
              42.99751098899116
            ],
            [
              -87.89135248066574,
              42.99808575806937
            ],
            [
              -87.89029561178687,
              42.99881058715497
            ],
            [
              -87.88848186899405,
              43.000010854416445
            ],
            [
              -87.88830724183691,
              43.000253324524365
            ],
            [
              -87.88827596266127,
              43.00034553791459
            ],
            [
              -87.88897145397438,
              43.001127340129216
            ],
            [
              -87.88938206841873,
              43.001674066315864
            ],
            [
              -87.88987954940563,
              43.002452030594206
            ],
            [
              -87.89074073140394,
              43.004381466338614
            ],
            [
              -87.89182201566948,
              43.00417829230005
            ]
          ]
        ]
      }
    },
    {
      "type": "Feature",
      "properties": {
        "placeFips": "5553000",
        "city": "Milwaukee",
        "state": "WI",
        "boundaryType": "ward",
        "district": "238",
        "name": "238"
      },
      "geometry": {
        "type": "Polygon",
        "coordinates": [
          [
            [
              -87.88270905905947,
              42.99670497188546
            ],
            [
              -87.88260827310671,
              42.996783733483234
            ],
            [
              -87.8825858935604,
              42.996904370622275
            ],
            [
              -87.88234451370373,
              42.99732835533028
            ],
            [
              -87.88233377531013,
              42.99739597252851
            ],
            [
              -87.8826505031006,
              42.997707056736544
            ],
            [
              -87.882963444446,
              42.99764199027363
            ],
            [
              -87.88322906142467,
              42.99760994668246
            ],
            [
              -87.88371260313552,
              42.99767133711866
            ],
            [
              -87.883933171499,
              42.99772784984429
            ],
            [
              -87.8841028589608,
              42.99779882785469
            ],
            [
              -87.88431322894961,
              42.997907555611484
            ],
            [
              -87.88461005229479,
              42.99809145430147
            ],
            [
              -87.88520876251029,
              42.99857691375363
            ],
            [
              -87.88572144804503,
              42.999026369930775
            ],
            [
              -87.8857768657791,
              42.99910699948301
            ],
            [
              -87.88578573903487,
              42.99919045834225
            ],
            [
              -87.88576626890725,
              42.99930867473914
            ],
            [
              -87.88580964251265,
              42.99948038444663
            ],
            [
              -87.88710643327443,
              43.000806033700016
            ],
            [
              -87.88760539054623,
              43.00046490018745
            ],
            [
              -87.88770726483025,
              43.00043288494526
            ],
            [
              -87.88827596266127,
              43.00034553791459
            ],
            [
              -87.88830724183691,
              43.000253324524365
            ],
            [
              -87.88848186899405,
              43.000010854416445
            ],
            [
              -87.89029561178687,
              42.99881058715497
            ],
            [
              -87.89135248066574,
              42.99808575806937
            ],
            [
              -87.89286449167314,
              42.99744987565217
            ],
            [
              -87.89056926528116,
              42.992770443866085
            ],
            [
              -87.89023393904935,
              42.992640549095306
            ],
            [
              -87.88953681352832,
              42.9924964129352
            ],
            [
              -87.88717234602075,
              42.99210770297995
            ],
            [
              -87.88716076796211,
              42.992501226495634
            ],
            [
              -87.8831334487852,
              42.9947529507269
            ],
            [
              -87.88429446806471,
              42.99586989009559
            ],
            [
              -87.88336781622324,
              42.99637352923744
            ],
            [
              -87.88270905905947,
              42.99670497188546
            ]
          ]
        ]
      }
    },
    {
      "type": "Feature",
      "properties": {
        "placeFips": "5553000",
        "city": "Milwaukee",
        "state": "WI",
        "boundaryType": "ward",
        "district": "239",
        "name": "239"
      },
      "geometry": {
        "type": "Polygon",
        "coordinates": [
          [
            [
              -87.88336781622324,
              42.99637352923744
            ],
            [
              -87.88429446806471,
              42.99586989009559
            ],
            [
              -87.8831334487852,
              42.9947529507269
            ],
            [
              -87.88716076796211,
              42.992501226495634
            ],
            [
              -87.88717234602075,
              42.99210770297995
            ],
            [
              -87.88953681352832,
              42.9924964129352
            ],
            [
              -87.89023393904935,
              42.992640549095306
            ],
            [
              -87.89056926528116,
              42.992770443866085
            ],
            [
              -87.88888780517377,
              42.98962433237076
            ],
            [
              -87.88823525936789,
              42.988217342441466
            ],
            [
              -87.87304678870862,
              42.98804392656128
            ],
            [
              -87.87201815693817,
              42.9875401365194
            ],
            [
              -87.87054862606172,
              42.98676726361774
            ],
            [
              -87.86970900087853,
              42.98605911192486
            ],
            [
              -87.86877041114346,
              42.986701175967625
            ],
            [
              -87.86891968445114,
              42.986817157902905
            ],
            [
              -87.86903411151205,
              42.986859365263705
            ],
            [
              -87.86906810415974,
              42.9868882816229
            ],
            [
              -87.86940570756278,
              42.987048780411115
            ],
            [
              -87.86945141910306,
              42.98708806305912
            ],
            [
              -87.86950608980204,
              42.98710248406167
            ],
            [
              -87.86965814739115,
              42.98721105945058
            ],
            [
              -87.87102813112432,
              42.98802106778196
            ],
            [
              -87.87137555818643,
              42.98825454640104
            ],
            [
              -87.87158924023,
              42.988321611146084
            ],
            [
              -87.87175999061172,
              42.98842855732077
            ],
            [
              -87.8718998624703,
              42.98846779143495
            ],
            [
              -87.87203257870996,
              42.988553683697255
            ],
            [
              -87.87226122302387,
              42.988667919789904
            ],
            [
              -87.8725513833015,
              42.98892455460791
            ],
            [
              -87.87350562454704,
              42.98954671807121
            ],
            [
              -87.87385235351019,
              42.989810777482255
            ],
            [
              -87.87409158467436,
              42.98995577366895
            ],
            [
              -87.87448239696245,
              42.99022938803979
            ],
            [
              -87.87465008968273,
              42.99037853269631
            ],
            [
              -87.87488269375103,
              42.99050041128152
            ],
            [
              -87.87476431548095,
              42.990635962108925
            ],
            [
              -87.8747734198595,
              42.99064747664972
            ],
            [
              -87.87576064297097,
              42.9911693596828
            ],
            [
              -87.87655632432639,
              42.99152765680332
            ],
            [
              -87.87751577746968,
              42.99199075944576
            ],
            [
              -87.8775955098817,
              42.992070554579215
            ],
            [
              -87.87808506265432,
              42.9924420392443
            ],
            [
              -87.87878952063868,
              42.99322645776738
            ],
            [
              -87.87893562136473,
              42.993408847770034
            ],
            [
              -87.87905430734347,
              42.99360870097623
            ],
            [
              -87.8791236810699,
              42.99367807215024
            ],
            [
              -87.87920308795924,
              42.99371688388904
            ],
            [
              -87.87931681294889,
              42.99371461546762
            ],
            [
              -87.87959165582554,
              42.993550656863704
            ],
            [
              -87.87967810177337,
              42.99355885746071
            ],
            [
              -87.87986820230877,
              42.99366781795346
            ],
            [
              -87.88005096053051,
              42.99379927541588
            ],
            [
              -87.88037304210648,
              42.99410406142854
            ],
            [
              -87.88059034493241,
              42.994357097161576
            ],
            [
              -87.88081181566932,
              42.99473967318119
            ],
            [
              -87.8809996382532,
              42.994911534119666
            ],
            [
              -87.8811830002091,
              42.99511888205525
            ],
            [
              -87.88150942506394,
              42.99564074633617
            ],
            [
              -87.88179736466772,
              42.99599943295392
            ],
            [
              -87.8818961567854,
              42.99594436418843
            ],
            [
              -87.88205267779648,
              42.99609595164996
            ],
            [
              -87.88208506790953,
              42.99627159954264
            ],
            [
              -87.88221092827,
              42.99644270739448
            ],
            [
              -87.8824964210571,
              42.99656990221352
            ],
            [
              -87.88260827310671,
              42.996783733483234
            ],
            [
              -87.88270905905947,
              42.99670497188546
            ],
            [
              -87.88336781622324,
              42.99637352923744
            ]
          ]
        ]
      }
    },
    {
      "type": "Feature",
      "properties": {
        "placeFips": "5553000",
        "city": "Milwaukee",
        "state": "WI",
        "boundaryType": "ward",
        "district": "240",
        "name": "240"
      },
      "geometry": {
        "type": "Polygon",
        "coordinates": [
          [
            [
              -87.89286449167314,
              42.99744987565217
            ],
            [
              -87.89670966609295,
              42.99592723206384
            ],
            [
              -87.89677277615378,
              42.99596539274449
            ],
            [
              -87.89678905584769,
              42.99563013764858
            ],
            [
              -87.89923885700873,
              42.9956540982834
            ],
            [
              -87.90455203933885,
              42.99561937096337
            ],
            [
              -87.90425732211928,
              42.995220101914505
            ],
            [
              -87.90428074004905,
              42.99475157744777
            ],
            [
              -87.90439658062962,
              42.98829850739835
            ],
            [
              -87.89933316216046,
              42.98831135261225
            ],
            [
              -87.89687731279778,
              42.98828917306216
            ],
            [
              -87.89685873086954,
              42.9896916823467
            ],
            [
              -87.88888780517377,
              42.98962433237076
            ],
            [
              -87.89056926528116,
              42.992770443866085
            ],
            [
              -87.89286449167314,
              42.99744987565217
            ]
          ]
        ]
      }
    },
    {
      "type": "Feature",
      "properties": {
        "placeFips": "5553000",
        "city": "Milwaukee",
        "state": "WI",
        "boundaryType": "ward",
        "district": "241",
        "name": "241"
      },
      "geometry": {
        "type": "Polygon",
        "coordinates": [
          [
            [
              -87.90423308485893,
              43.002909470571645
            ],
            [
              -87.906936222669,
              43.00289429644154
            ],
            [
              -87.90705896450342,
              42.996000848439586
            ],
            [
              -87.90705419897914,
              42.99561753082034
            ],
            [
              -87.90675468111952,
              42.99520463797003
            ],
            [
              -87.90425732211928,
              42.995220101914505
            ],
            [
              -87.90455203933885,
              42.99561937096337
            ],
            [
              -87.89923885700873,
              42.9956540982834
            ],
            [
              -87.89678905584769,
              42.99563013764858
            ],
            [
              -87.89677277615378,
              42.99596539274449
            ],
            [
              -87.89868414572355,
              42.99704338146822
            ],
            [
              -87.89891428325544,
              42.9971525950913
            ],
            [
              -87.89976103101361,
              42.99761138808565
            ],
            [
              -87.89984976920327,
              42.997698051807866
            ],
            [
              -87.90025964137233,
              42.99815666512494
            ],
            [
              -87.90423308485893,
              43.002909470571645
            ]
          ]
        ]
      }
    },
    {
      "type": "Feature",
      "properties": {
        "placeFips": "5553000",
        "city": "Milwaukee",
        "state": "WI",
        "boundaryType": "ward",
        "district": "242",
        "name": "242"
      },
      "geometry": {
        "type": "Polygon",
        "coordinates": [
          [
            [
              -87.91787977690642,
              43.001789798100745
            ],
            [
              -87.91718976430288,
              43.001792550749855
            ],
            [
              -87.9137866658406,
              42.998743426989535
            ],
            [
              -87.9134067240643,
              42.99832924069217
            ],
            [
              -87.91322420764338,
              42.99810568388079
            ],
            [
              -87.91300579124831,
              42.99781061230709
            ],
            [
              -87.91265694563927,
              42.99726083334736
            ],
            [
              -87.91260133783646,
              42.99755405222199
            ],
            [
              -87.91233675127977,
              42.99797456838421
            ],
            [
              -87.91178681699063,
              42.9991664773882
            ],
            [
              -87.91161749838793,
              43.00039760354714
            ],
            [
              -87.91150706250156,
              43.00183281338155
            ],
            [
              -87.91139260261262,
              43.002352722092304
            ],
            [
              -87.91133023440234,
              43.00286804520087
            ],
            [
              -87.91194171811682,
              43.00286545506839
            ],
            [
              -87.91401704902204,
              43.00521597269992
            ],
            [
              -87.91397379011441,
              43.0064918964892
            ],
            [
              -87.9257335762277,
              43.00646705452895
            ],
            [
              -87.92576799338276,
              43.00639387594315
            ],
            [
              -87.92580846916813,
              43.004641893740406
            ],
            [
              -87.92588216990403,
              43.00284566579298
            ],
            [
              -87.92603906510583,
              43.00284621039367
            ],
            [
              -87.92607472719335,
              43.00126356180967
            ],
            [
              -87.91880715212308,
              43.00126026628127
            ],
            [
              -87.91879768320216,
              43.001784492531215
            ],
            [
              -87.91787977690642,
              43.001789798100745
            ]
          ]
        ]
      }
    },
    {
      "type": "Feature",
      "properties": {
        "placeFips": "5553000",
        "city": "Milwaukee",
        "state": "WI",
        "boundaryType": "ward",
        "district": "243",
        "name": "243"
      },
      "geometry": {
        "type": "Polygon",
        "coordinates": [
          [
            [
              -87.92871168172539,
              42.99193061990423
            ],
            [
              -87.91900300952541,
              42.99195783838328
            ],
            [
              -87.91890998134039,
              42.99556804600541
            ],
            [
              -87.9188725001626,
              42.99764308281568
            ],
            [
              -87.92493687559256,
              42.99763725213685
            ],
            [
              -87.92497827222799,
              42.995552405965434
            ],
            [
              -87.92862584580827,
              42.99554285001682
            ],
            [
              -87.92998308377318,
              42.995567036238036
            ],
            [
              -87.93003210363597,
              42.994041458772635
            ],
            [
              -87.93002204537797,
              42.99391397549185
            ],
            [
              -87.92866326742434,
              42.99402765857611
            ],
            [
              -87.92871168172539,
              42.99193061990423
            ]
          ]
        ]
      }
    },
    {
      "type": "Feature",
      "properties": {
        "placeFips": "5553000",
        "city": "Milwaukee",
        "state": "WI",
        "boundaryType": "ward",
        "district": "244",
        "name": "244"
      },
      "geometry": {
        "type": "Polygon",
        "coordinates": [
          [
            [
              -87.93353778106419,
              42.99927313002191
            ],
            [
              -87.92854834164214,
              42.99919178207816
            ],
            [
              -87.92490581616435,
              42.99920178192278
            ],
            [
              -87.92486487406374,
              43.00126304461901
            ],
            [
              -87.92850438948562,
              43.001260780710446
            ],
            [
              -87.93203594115293,
              43.001323797400666
            ],
            [
              -87.93342656585993,
              43.000132000592
            ],
            [
              -87.93353778106419,
              42.99927313002191
            ]
          ]
        ]
      }
    },
    {
      "type": "Feature",
      "properties": {
        "placeFips": "5553000",
        "city": "Milwaukee",
        "state": "WI",
        "boundaryType": "ward",
        "district": "245",
        "name": "245"
      },
      "geometry": {
        "type": "Polygon",
        "coordinates": [
          [
            [
              -87.93123489750192,
              43.00201027359998
            ],
            [
              -87.93124883165527,
              43.00130976114036
            ],
            [
              -87.92850438948562,
              43.001260780710446
            ],
            [
              -87.92607472719335,
              43.00126356180967
            ],
            [
              -87.92603906510583,
              43.00284621039367
            ],
            [
              -87.92588216990403,
              43.00284566579298
            ],
            [
              -87.92580846916813,
              43.004641893740406
            ],
            [
              -87.92576799338276,
              43.00639387594315
            ],
            [
              -87.9257335762277,
              43.00646705452895
            ],
            [
              -87.92832604556241,
              43.00646534113834
            ],
            [
              -87.92968808096434,
              43.006489013859884
            ],
            [
              -87.92981741918601,
              43.003250485926884
            ],
            [
              -87.93123489750192,
              43.00201027359998
            ]
          ]
        ]
      }
    },
    {
      "type": "Feature",
      "properties": {
        "placeFips": "5553000",
        "city": "Milwaukee",
        "state": "WI",
        "boundaryType": "ward",
        "district": "246",
        "name": "246"
      },
      "geometry": {
        "type": "Polygon",
        "coordinates": [
          [
            [
              -87.93336851904829,
              43.00293443179761
            ],
            [
              -87.93342656585993,
              43.000132000592
            ],
            [
              -87.93203594115293,
              43.001323797400666
            ],
            [
              -87.93124883165527,
              43.00130976114036
            ],
            [
              -87.93123489750192,
              43.00201027359998
            ],
            [
              -87.92981741918601,
              43.003250485926884
            ],
            [
              -87.92968808096434,
              43.006489013859884
            ],
            [
              -87.93541526852682,
              43.006584035163996
            ],
            [
              -87.93547188131446,
              43.004759108374124
            ],
            [
              -87.93329648007449,
              43.00472366194938
            ],
            [
              -87.93336851904829,
              43.00293443179761
            ]
          ]
        ]
      }
    },
    {
      "type": "Feature",
      "properties": {
        "placeFips": "5553000",
        "city": "Milwaukee",
        "state": "WI",
        "boundaryType": "ward",
        "district": "247",
        "name": "247"
      },
      "geometry": {
        "type": "Polygon",
        "coordinates": [
          [
            [
              -87.93836737475215,
              42.99671706850842
            ],
            [
              -87.9383863426475,
              42.99571638162517
            ],
            [
              -87.93360793228635,
              42.99563154626281
            ],
            [
              -87.93353778106419,
              42.99927313002191
            ],
            [
              -87.93342656585993,
              43.000132000592
            ],
            [
              -87.93336851904829,
              43.00293443179761
            ],
            [
              -87.93329648007449,
              43.00472366194938
            ],
            [
              -87.93547188131446,
              43.004759108374124
            ],
            [
              -87.93541526852682,
              43.006584035163996
            ],
            [
              -87.93815099764055,
              43.00662932384406
            ],
            [
              -87.93825112378565,
              43.00301380425944
            ],
            [
              -87.93836737475215,
              42.99671706850842
            ]
          ]
        ]
      }
    },
    {
      "type": "Feature",
      "properties": {
        "placeFips": "5553000",
        "city": "Milwaukee",
        "state": "WI",
        "boundaryType": "ward",
        "district": "248",
        "name": "248"
      },
      "geometry": {
        "type": "Polygon",
        "coordinates": [
          [
            [
              -87.93887804288504,
              42.99340597604055
            ],
            [
              -87.93842580142346,
              42.99341411637421
            ],
            [
              -87.93825112378565,
              43.00301380425944
            ],
            [
              -87.94816514998494,
              43.00316860345109
            ],
            [
              -87.94806126806357,
              43.003646773929255
            ],
            [
              -87.94803491913972,
              43.00493481703931
            ],
            [
              -87.95292110820152,
              43.00487965591487
            ],
            [
              -87.95298289783133,
              43.00149440178837
            ],
            [
              -87.95292268455542,
              43.00149331687308
            ],
            [
              -87.95298861885917,
              42.997923571681774
            ],
            [
              -87.95304692092758,
              42.99757304767329
            ],
            [
              -87.9530718861243,
              42.99560176307509
            ],
            [
              -87.95308603904473,
              42.99538097708767
            ],
            [
              -87.95065403925378,
              42.994547976251496
            ],
            [
              -87.94749303997473,
              42.993514977116966
            ],
            [
              -87.94661904083681,
              42.99329897694369
            ],
            [
              -87.94595004020555,
              42.99319197641064
            ],
            [
              -87.94496304110655,
              42.993096976447845
            ],
            [
              -87.94417304115302,
              42.99308397666798
            ],
            [
              -87.93887804288504,
              42.99340597604055
            ]
          ]
        ]
      }
    },
    {
      "type": "Feature",
      "properties": {
        "placeFips": "5553000",
        "city": "Milwaukee",
        "state": "WI",
        "boundaryType": "ward",
        "district": "249",
        "name": "249"
      },
      "geometry": {
        "type": "Polygon",
        "coordinates": [
          [
            [
              -87.9685317612624,
              43.0005964901748
            ],
            [
              -87.9677560494518,
              43.00032173022731
            ],
            [
              -87.95571783281073,
              42.996290257092305
            ],
            [
              -87.95308603904473,
              42.99538097708767
            ],
            [
              -87.9530718861243,
              42.99560176307509
            ],
            [
              -87.95304692092758,
              42.99757304767329
            ],
            [
              -87.95298861885917,
              42.997923571681774
            ],
            [
              -87.95292268455542,
              43.00149331687308
            ],
            [
              -87.95298289783133,
              43.00149440178837
            ],
            [
              -87.95292110820152,
              43.00487965591487
            ],
            [
              -87.96110424626814,
              43.00475399407707
            ],
            [
              -87.96113985821383,
              43.002992142401936
            ],
            [
              -87.9669529404288,
              43.00292128360019
            ],
            [
              -87.96695007608008,
              43.003010401601976
            ],
            [
              -87.96850730177303,
              43.00300242153516
            ],
            [
              -87.9685317612624,
              43.0005964901748
            ]
          ]
        ]
      }
    },
    {
      "type": "Feature",
      "properties": {
        "placeFips": "5553000",
        "city": "Milwaukee",
        "state": "WI",
        "boundaryType": "ward",
        "district": "250",
        "name": "250"
      },
      "geometry": {
        "type": "Polygon",
        "coordinates": [
          [
            [
              -87.95883311573309,
              42.994470268152966
            ],
            [
              -87.96094663495471,
              42.99333721916717
            ],
            [
              -87.96049091668513,
              42.99292196834308
            ],
            [
              -87.96052771153245,
              42.98843072820178
            ],
            [
              -87.94823275287013,
              42.98856609178657
            ],
            [
              -87.94817617148824,
              42.989586792657
            ],
            [
              -87.94818249609797,
              42.990341238307856
            ],
            [
              -87.94828892241912,
              42.99228010206613
            ],
            [
              -87.94827060150497,
              42.993763003888695
            ],
            [
              -87.95065403925378,
              42.994547976251496
            ],
            [
              -87.95571783281073,
              42.996290257092305
            ],
            [
              -87.95871749651216,
              42.99728982940369
            ],
            [
              -87.95891011155369,
              42.996501635888244
            ],
            [
              -87.95894705510746,
              42.995913783057205
            ],
            [
              -87.95890647691255,
              42.995694688597865
            ],
            [
              -87.95882074896149,
              42.99544976105938
            ],
            [
              -87.95873364293742,
              42.99526366412641
            ],
            [
              -87.95836581577358,
              42.99472387376357
            ],
            [
              -87.95883311573309,
              42.994470268152966
            ]
          ]
        ]
      }
    },
    {
      "type": "Feature",
      "properties": {
        "placeFips": "5553000",
        "city": "Milwaukee",
        "state": "WI",
        "boundaryType": "ward",
        "district": "251",
        "name": "251"
      },
      "geometry": {
        "type": "Polygon",
        "coordinates": [
          [
            [
              -87.9678648102852,
              42.99021553323914
            ],
            [
              -87.96787849444203,
              42.98907391910126
            ],
            [
              -87.96560271519955,
              42.990515523199065
            ],
            [
              -87.96094663495471,
              42.99333721916717
            ],
            [
              -87.95836581577358,
              42.99472387376357
            ],
            [
              -87.95873364293742,
              42.99526366412641
            ],
            [
              -87.95882074896149,
              42.99544976105938
            ],
            [
              -87.95890647691255,
              42.995694688597865
            ],
            [
              -87.95894705510746,
              42.995913783057205
            ],
            [
              -87.95891011155369,
              42.996501635888244
            ],
            [
              -87.95871749651216,
              42.99728982940369
            ],
            [
              -87.9677560494518,
              43.00032173022731
            ],
            [
              -87.96780790059194,
              42.99565607325123
            ],
            [
              -87.97024960636146,
              42.99565293394118
            ],
            [
              -87.97032125277352,
              42.99203608171458
            ],
            [
              -87.96784692689084,
              42.992025824848966
            ],
            [
              -87.9678648102852,
              42.99021553323914
            ]
          ]
        ]
      }
    },
    {
      "type": "Feature",
      "properties": {
        "placeFips": "5553000",
        "city": "Milwaukee",
        "state": "WI",
        "boundaryType": "ward",
        "district": "252",
        "name": "252"
      },
      "geometry": {
        "type": "Polygon",
        "coordinates": [
          [
            [
              -87.97777829856281,
              42.99204377320616
            ],
            [
              -87.97785183776368,
              42.98841951398266
            ],
            [
              -87.97038090641152,
              42.98836796623601
            ],
            [
              -87.97032125277352,
              42.99203608171458
            ],
            [
              -87.97777829856281,
              42.99204377320616
            ]
          ]
        ]
      }
    },
    {
      "type": "Feature",
      "properties": {
        "placeFips": "5553000",
        "city": "Milwaukee",
        "state": "WI",
        "boundaryType": "ward",
        "district": "253",
        "name": "253"
      },
      "geometry": {
        "type": "Polygon",
        "coordinates": [
          [
            [
              -87.97770525042506,
              42.99564302340735
            ],
            [
              -87.97777829856281,
              42.99204377320616
            ],
            [
              -87.97032125277352,
              42.99203608171458
            ],
            [
              -87.97024960636146,
              42.99565293394118
            ],
            [
              -87.96780790059194,
              42.99565607325123
            ],
            [
              -87.9677560494518,
              43.00032173022731
            ],
            [
              -87.9685317612624,
              43.0005964901748
            ],
            [
              -87.96852465201405,
              43.000775437165245
            ],
            [
              -87.97756635073488,
              43.00385558675477
            ],
            [
              -87.97756964559717,
              43.00355610737064
            ],
            [
              -87.97578572961957,
              43.00295217005009
            ],
            [
              -87.97757627057452,
              43.002953071154884
            ],
            [
              -87.97764125841685,
              42.99928237811251
            ],
            [
              -87.97698782490615,
              42.998767983176904
            ],
            [
              -87.97700353591304,
              42.99787146553931
            ],
            [
              -87.9770432183857,
              42.99766565335477
            ],
            [
              -87.97711989555133,
              42.99743859919675
            ],
            [
              -87.9772534045276,
              42.997199879504116
            ],
            [
              -87.97753123548743,
              42.99677338508772
            ],
            [
              -87.97764145127883,
              42.9965143026503
            ],
            [
              -87.97768946506673,
              42.99627250358898
            ],
            [
              -87.97770525042506,
              42.99564302340735
            ]
          ]
        ]
      }
    },
    {
      "type": "Feature",
      "properties": {
        "placeFips": "5553000",
        "city": "Milwaukee",
        "state": "WI",
        "boundaryType": "ward",
        "district": "254",
        "name": "254"
      },
      "geometry": {
        "type": "Polygon",
        "coordinates": [
          [
            [
              -87.97764125841685,
              42.99928237811251
            ],
            [
              -87.98457419550363,
              42.9992941294818
            ],
            [
              -87.98471517497542,
              42.9991144340311
            ],
            [
              -87.98497038441421,
              42.99862932506366
            ],
            [
              -87.98514625424382,
              42.998389493031006
            ],
            [
              -87.98530465069962,
              42.99821662954029
            ],
            [
              -87.98553227366429,
              42.99804001393614
            ],
            [
              -87.98585955292567,
              42.99783698081445
            ],
            [
              -87.98628919394186,
              42.9976661369235
            ],
            [
              -87.98672729113709,
              42.997552396335095
            ],
            [
              -87.98699850740087,
              42.99751727398347
            ],
            [
              -87.98758166970529,
              42.99750683073092
            ],
            [
              -87.98779110916361,
              42.98841389432421
            ],
            [
              -87.97785183776368,
              42.98841951398266
            ],
            [
              -87.97768946506673,
              42.99627250358898
            ],
            [
              -87.97764145127883,
              42.9965143026503
            ],
            [
              -87.9775908751634,
              42.99665210198282
            ],
            [
              -87.97753123548743,
              42.99677338508772
            ],
            [
              -87.9772534045276,
              42.997199879504116
            ],
            [
              -87.97711989555133,
              42.99743859919675
            ],
            [
              -87.9770432183857,
              42.99766565335477
            ],
            [
              -87.97700353591304,
              42.99787146553931
            ],
            [
              -87.97698782490615,
              42.998767983176904
            ],
            [
              -87.97764125841685,
              42.99928237811251
            ]
          ]
        ]
      }
    },
    {
      "type": "Feature",
      "properties": {
        "placeFips": "5553000",
        "city": "Milwaukee",
        "state": "WI",
        "boundaryType": "ward",
        "district": "255",
        "name": "255"
      },
      "geometry": {
        "type": "Polygon",
        "coordinates": [
          [
            [
              -87.98812307696839,
              42.992041573976536
            ],
            [
              -87.98770795223815,
              42.99204432749241
            ],
            [
              -87.98757697587102,
              42.99775352112522
            ],
            [
              -87.98830680163962,
              42.99776149469732
            ],
            [
              -87.98828692280199,
              42.99874290958308
            ],
            [
              -87.98880830747846,
              42.998740587337586
            ],
            [
              -87.98903266049277,
              42.99877029812007
            ],
            [
              -87.98952669635258,
              42.99876740021996
            ],
            [
              -87.9895243711455,
              42.998877986903544
            ],
            [
              -87.99012693960867,
              42.99887445064785
            ],
            [
              -87.99012658412617,
              42.998900075535246
            ],
            [
              -87.99500800686037,
              42.99888646760076
            ],
            [
              -87.99500868580301,
              42.99885101649316
            ],
            [
              -87.99575547118954,
              42.99884765256895
            ],
            [
              -87.99582501144361,
              42.9947127169489
            ],
            [
              -87.99174651655761,
              42.99473899831561
            ],
            [
              -87.9925991626373,
              42.99263625265623
            ],
            [
              -87.99136276042482,
              42.99236971876718
            ],
            [
              -87.9905452494931,
              42.99209687101772
            ],
            [
              -87.99018544912326,
              42.99202919430838
            ],
            [
              -87.98812307696839,
              42.992041573976536
            ]
          ]
        ]
      }
    },
    {
      "type": "Feature",
      "properties": {
        "placeFips": "5553000",
        "city": "Milwaukee",
        "state": "WI",
        "boundaryType": "ward",
        "district": "256",
        "name": "256"
      },
      "geometry": {
        "type": "Polygon",
        "coordinates": [
          [
            [
              -87.99751723182031,
              42.99879891894758
            ],
            [
              -87.9975161015647,
              42.999032918874384
            ],
            [
              -87.99813201167903,
              42.99902706577213
            ],
            [
              -87.99813497540649,
              42.99884767045387
            ],
            [
              -88.00005096937123,
              42.99883810836635
            ],
            [
              -88.0000489913979,
              42.99901217236069
            ],
            [
              -88.00189534814979,
              42.99900014650148
            ],
            [
              -88.00203664852988,
              42.9903114049987
            ],
            [
              -87.99895024315113,
              42.99033473903125
            ],
            [
              -87.99892634307852,
              42.99196104206131
            ],
            [
              -87.99717052620271,
              42.991987385126365
            ],
            [
              -87.99665386289827,
              42.992065919134234
            ],
            [
              -87.99638117053681,
              42.992079006831105
            ],
            [
              -87.99634993579475,
              42.9947093209973
            ],
            [
              -87.99582501144361,
              42.9947127169489
            ],
            [
              -87.9957564978687,
              42.99879939338189
            ],
            [
              -87.99751723182031,
              42.99879891894758
            ]
          ]
        ]
      }
    },
    {
      "type": "Feature",
      "properties": {
        "placeFips": "5553000",
        "city": "Milwaukee",
        "state": "WI",
        "boundaryType": "ward",
        "district": "257",
        "name": "257"
      },
      "geometry": {
        "type": "Polygon",
        "coordinates": [
          [
            [
              -88.00203664852988,
              42.9903114049987
            ],
            [
              -88.00207105382759,
              42.9883176013289
            ],
            [
              -87.98779120055343,
              42.98840689587256
            ],
            [
              -87.98770795223815,
              42.99204432749241
            ],
            [
              -87.99018544912326,
              42.99202919430838
            ],
            [
              -87.9905452494931,
              42.99209687101772
            ],
            [
              -87.99136276042482,
              42.99236971876718
            ],
            [
              -87.9925991626373,
              42.99263625265623
            ],
            [
              -87.99174651655761,
              42.99473899831561
            ],
            [
              -87.99634993579475,
              42.9947093209973
            ],
            [
              -87.99638117053681,
              42.992079006831105
            ],
            [
              -87.99665386289827,
              42.992065919134234
            ],
            [
              -87.99717052620271,
              42.991987385126365
            ],
            [
              -87.99892634307852,
              42.99196104206131
            ],
            [
              -87.99895024315113,
              42.99033473903125
            ],
            [
              -88.00203664852988,
              42.9903114049987
            ]
          ]
        ]
      }
    },
    {
      "type": "Feature",
      "properties": {
        "placeFips": "5553000",
        "city": "Milwaukee",
        "state": "WI",
        "boundaryType": "ward",
        "district": "258",
        "name": "258"
      },
      "geometry": {
        "type": "Polygon",
        "coordinates": [
          [
            [
              -87.98848935678294,
              42.98115012688542
            ],
            [
              -87.98788609123876,
              42.981154556632
            ],
            [
              -87.98790285461965,
              42.98299410875804
            ],
            [
              -87.98783861426412,
              42.98478313693622
            ],
            [
              -87.98779120055343,
              42.98840689587256
            ],
            [
              -87.9977285733674,
              42.98835151050859
            ],
            [
              -87.99785397727727,
              42.981080950621106
            ],
            [
              -87.98848935678294,
              42.98115012688542
            ]
          ]
        ]
      }
    },
    {
      "type": "Feature",
      "properties": {
        "placeFips": "5553000",
        "city": "Milwaukee",
        "state": "WI",
        "boundaryType": "ward",
        "district": "259",
        "name": "259"
      },
      "geometry": {
        "type": "Polygon",
        "coordinates": [
          [
            [
              -88.00772705391309,
              42.98464944353541
            ],
            [
              -88.0078095245287,
              42.981016104444635
            ],
            [
              -87.99925907764428,
              42.98107122299102
            ],
            [
              -87.9992432164512,
              42.981195621733974
            ],
            [
              -87.9992863139194,
              42.981706267165855
            ],
            [
              -87.99955251778525,
              42.9824971570677
            ],
            [
              -88.00092293172213,
              42.98441887155386
            ],
            [
              -88.00143822695415,
              42.98494553205526
            ],
            [
              -88.00144936910792,
              42.98641866380125
            ],
            [
              -88.00160173260929,
              42.98674663856218
            ],
            [
              -88.0021257000786,
              42.986743651694105
            ],
            [
              -88.00211652413789,
              42.98733101128525
            ],
            [
              -88.00207105382759,
              42.9883176013289
            ],
            [
              -88.00775966254044,
              42.98827338580785
            ],
            [
              -88.00764478362646,
              42.98827379917657
            ],
            [
              -88.00772705391309,
              42.98464944353541
            ]
          ]
        ]
      }
    },
    {
      "type": "Feature",
      "properties": {
        "placeFips": "5553000",
        "city": "Milwaukee",
        "state": "WI",
        "boundaryType": "ward",
        "district": "260",
        "name": "260"
      },
      "geometry": {
        "type": "Polygon",
        "coordinates": [
          [
            [
              -88.01755555683623,
              42.98823770270331
            ],
            [
              -88.01769340765611,
              42.98101323756068
            ],
            [
              -88.0078095245287,
              42.981016104444635
            ],
            [
              -88.00764478362646,
              42.98827379917657
            ],
            [
              -88.01755555683623,
              42.98823770270331
            ]
          ]
        ]
      }
    },
    {
      "type": "Feature",
      "properties": {
        "placeFips": "5553000",
        "city": "Milwaukee",
        "state": "WI",
        "boundaryType": "ward",
        "district": "261",
        "name": "261"
      },
      "geometry": {
        "type": "Polygon",
        "coordinates": [
          [
            [
              -88.01755557974028,
              42.988236502818204
            ],
            [
              -88.02746459558306,
              42.988198781076264
            ],
            [
              -88.03362079656465,
              42.98813895546924
            ],
            [
              -88.03369649005512,
              42.98304120862865
            ],
            [
              -88.0307488173773,
              42.984684311652174
            ],
            [
              -88.03082632025735,
              42.98092694333843
            ],
            [
              -88.01769340765611,
              42.98101323756068
            ],
            [
              -88.01755557974028,
              42.988236502818204
            ]
          ]
        ]
      }
    },
    {
      "type": "Feature",
      "properties": {
        "placeFips": "5553000",
        "city": "Milwaukee",
        "state": "WI",
        "boundaryType": "ward",
        "district": "262",
        "name": "262"
      },
      "geometry": {
        "type": "Polygon",
        "coordinates": [
          [
            [
              -88.03481010988358,
              42.98812735617699
            ],
            [
              -88.03729421951901,
              42.988103067212016
            ],
            [
              -88.03768070811061,
              42.973629432844646
            ],
            [
              -88.03023385868782,
              42.97367374200558
            ],
            [
              -88.03013948830963,
              42.979957172645435
            ],
            [
              -88.02892066748201,
              42.979965310661704
            ],
            [
              -88.02896459952818,
              42.98024090208957
            ],
            [
              -88.02900317615298,
              42.9803407723567
            ],
            [
              -88.02917989288825,
              42.98060000743079
            ],
            [
              -88.02921536629425,
              42.98069156498593
            ],
            [
              -88.0292169921566,
              42.980936752156666
            ],
            [
              -88.03082632025735,
              42.98092694333843
            ],
            [
              -88.0307488173773,
              42.984684311652174
            ],
            [
              -88.03369649005512,
              42.98304120862865
            ],
            [
              -88.03362079656465,
              42.98813895546924
            ],
            [
              -88.03481010988358,
              42.98812735617699
            ]
          ]
        ]
      }
    },
    {
      "type": "Feature",
      "properties": {
        "placeFips": "5553000",
        "city": "Milwaukee",
        "state": "WI",
        "boundaryType": "ward",
        "district": "263",
        "name": "263"
      },
      "geometry": {
        "type": "Polygon",
        "coordinates": [
          [
            [
              -88.02616462484382,
              42.980956310866446
            ],
            [
              -88.0292169921566,
              42.980936752156666
            ],
            [
              -88.02921536629425,
              42.98069156498593
            ],
            [
              -88.02917989288825,
              42.98060000743079
            ],
            [
              -88.02900317615298,
              42.9803407723567
            ],
            [
              -88.02894494264626,
              42.980168261465906
            ],
            [
              -88.02892066748201,
              42.979965310661704
            ],
            [
              -88.03013948830963,
              42.979957172645435
            ],
            [
              -88.03023378972009,
              42.97367836454809
            ],
            [
              -88.03024603750661,
              42.97367828517388
            ],
            [
              -88.02402208511084,
              42.97370852961352
            ],
            [
              -88.02390815313487,
              42.979140381756245
            ],
            [
              -88.0226999842578,
              42.97915090981266
            ],
            [
              -88.02264329898367,
              42.980980051038884
            ],
            [
              -88.02616462484382,
              42.980956310866446
            ]
          ]
        ]
      }
    },
    {
      "type": "Feature",
      "properties": {
        "placeFips": "5553000",
        "city": "Milwaukee",
        "state": "WI",
        "boundaryType": "ward",
        "district": "264",
        "name": "264"
      },
      "geometry": {
        "type": "Polygon",
        "coordinates": [
          [
            [
              -88.01769340765611,
              42.98101323756068
            ],
            [
              -88.02264329898367,
              42.980980051038884
            ],
            [
              -88.0226999842578,
              42.97915090981266
            ],
            [
              -88.02390815313487,
              42.979140381756245
            ],
            [
              -88.02402214543403,
              42.973705671773544
            ],
            [
              -88.01785168539332,
              42.97372983091786
            ],
            [
              -88.01769340765611,
              42.98101323756068
            ]
          ]
        ]
      }
    },
    {
      "type": "Feature",
      "properties": {
        "placeFips": "5553000",
        "city": "Milwaukee",
        "state": "WI",
        "boundaryType": "ward",
        "district": "265",
        "name": "265"
      },
      "geometry": {
        "type": "Polygon",
        "coordinates": [
          [
            [
              -88.01476783258589,
              42.969858619940815
            ],
            [
              -88.0080730535333,
              42.96993269443833
            ],
            [
              -88.0078095245287,
              42.981016104444635
            ],
            [
              -88.01769340765611,
              42.98101323756068
            ],
            [
              -88.01785168539332,
              42.97372983091786
            ],
            [
              -88.01476935682423,
              42.97373898155471
            ],
            [
              -88.01480124761538,
              42.97237732975101
            ],
            [
              -88.01464591946927,
              42.97237806297209
            ],
            [
              -88.01464063880601,
              42.97195944791341
            ],
            [
              -88.01469946824503,
              42.97195919834596
            ],
            [
              -88.01468787394725,
              42.97031706200333
            ],
            [
              -88.0147763586961,
              42.97031690930807
            ],
            [
              -88.01476783258589,
              42.969858619940815
            ]
          ]
        ]
      }
    },
    {
      "type": "Feature",
      "properties": {
        "placeFips": "5553000",
        "city": "Milwaukee",
        "state": "WI",
        "boundaryType": "ward",
        "district": "266",
        "name": "266"
      },
      "geometry": {
        "type": "Polygon",
        "coordinates": [
          [
            [
              -88.008074499644,
              42.96994127669694
            ],
            [
              -87.99895732716085,
              42.9700316667885
            ],
            [
              -87.99799435775796,
              42.970639547855775
            ],
            [
              -87.99802630921307,
              42.97213377495728
            ],
            [
              -87.99791199719262,
              42.977872449673185
            ],
            [
              -87.99903652497484,
              42.978547827611436
            ],
            [
              -87.99917334575267,
              42.978653032838196
            ],
            [
              -87.99940532277105,
              42.97889971708188
            ],
            [
              -87.9995581525659,
              42.979157872280574
            ],
            [
              -87.9996005817869,
              42.97929841353179
            ],
            [
              -87.99962622898563,
              42.979606565837074
            ],
            [
              -87.99960604194777,
              42.981069611535354
            ],
            [
              -88.0078095245287,
              42.981016104444635
            ],
            [
              -88.008074499644,
              42.96994127669694
            ]
          ]
        ]
      }
    },
    {
      "type": "Feature",
      "properties": {
        "placeFips": "5553000",
        "city": "Milwaukee",
        "state": "WI",
        "boundaryType": "ward",
        "district": "267",
        "name": "267"
      },
      "geometry": {
        "type": "Polygon",
        "coordinates": [
          [
            [
              -87.99799435775796,
              42.970639547855775
            ],
            [
              -87.99287067363099,
              42.97386078885903
            ],
            [
              -87.99006037246905,
              42.97388055553996
            ],
            [
              -87.99012455709513,
              42.972105811967744
            ],
            [
              -87.99269931169404,
              42.97208582926958
            ],
            [
              -87.99277294046438,
              42.970240078402554
            ],
            [
              -87.9913868953768,
              42.97024531681051
            ],
            [
              -87.99138844403996,
              42.97011460209747
            ],
            [
              -87.99072280828675,
              42.97012191453115
            ],
            [
              -87.99023834425273,
              42.969957326169364
            ],
            [
              -87.99001970046584,
              42.96986429579494
            ],
            [
              -87.98983197812603,
              42.96976064953829
            ],
            [
              -87.9895948418224,
              42.969583098279486
            ],
            [
              -87.98823785618009,
              42.96959713351118
            ],
            [
              -87.98821696239591,
              42.97014940108249
            ],
            [
              -87.98816183263756,
              42.97015000644529
            ],
            [
              -87.98814817929023,
              42.97048813187947
            ],
            [
              -87.98557855169722,
              42.97049482139488
            ],
            [
              -87.98557623968857,
              42.970563402607496
            ],
            [
              -87.98504202496576,
              42.97056527378338
            ],
            [
              -87.98504458051279,
              42.97049668788814
            ],
            [
              -87.98439289423725,
              42.97049896301598
            ],
            [
              -87.98438618001084,
              42.970712265346876
            ],
            [
              -87.98381909308844,
              42.970713424840625
            ],
            [
              -87.98373459987715,
              42.973399417669945
            ],
            [
              -87.98397086572908,
              42.97339910110818
            ],
            [
              -87.98395784309443,
              42.97390315776441
            ],
            [
              -87.98502848284406,
              42.9739015449402
            ],
            [
              -87.98496054158743,
              42.978699022478715
            ],
            [
              -87.98602916956588,
              42.97805233210812
            ],
            [
              -87.9860225326824,
              42.97889054530113
            ],
            [
              -87.98544344115726,
              42.9788941432546
            ],
            [
              -87.9854406077351,
              42.97907727732689
            ],
            [
              -87.98470770718097,
              42.9795146414196
            ],
            [
              -87.98438149552604,
              42.97951579574123
            ],
            [
              -87.98437841444287,
              42.979771003579934
            ],
            [
              -87.98419321045444,
              42.979767776826655
            ],
            [
              -87.98419205562327,
              42.97982402170788
            ],
            [
              -87.98397722501632,
              42.97982215698969
            ],
            [
              -87.98397042075098,
              42.98018381452368
            ],
            [
              -87.9841846489281,
              42.98018565143146
            ],
            [
              -87.98417618611188,
              42.98059854920545
            ],
            [
              -87.98246020700996,
              42.98061455294218
            ],
            [
              -87.98259226096071,
              42.98075981333468
            ],
            [
              -87.9822442855242,
              42.98096666602464
            ],
            [
              -87.98187491519093,
              42.98056619123809
            ],
            [
              -87.9808586050384,
              42.98115397801344
            ],
            [
              -87.98788609123876,
              42.981154556632
            ],
            [
              -87.99960604194777,
              42.981069611535354
            ],
            [
              -87.99962622898563,
              42.979606565837074
            ],
            [
              -87.9996005817869,
              42.97929841353179
            ],
            [
              -87.9995581525659,
              42.979157872280574
            ],
            [
              -87.99940532277105,
              42.97889971708188
            ],
            [
              -87.99917334575267,
              42.978653032838196
            ],
            [
              -87.99903652497484,
              42.978547827611436
            ],
            [
              -87.99791199719262,
              42.977872449673185
            ],
            [
              -87.99802630921307,
              42.97213377495728
            ],
            [
              -87.99799435775796,
              42.970639547855775
            ]
          ]
        ]
      }
    },
    {
      "type": "Feature",
      "properties": {
        "placeFips": "5553000",
        "city": "Milwaukee",
        "state": "WI",
        "boundaryType": "ward",
        "district": "349",
        "name": "349"
      },
      "geometry": {
        "type": "Polygon",
        "coordinates": [
          [
            [
              -87.97482158762489,
              42.9739075129753
            ],
            [
              -87.98307233463476,
              42.97390448025252
            ],
            [
              -87.98318380817459,
              42.97035795878233
            ],
            [
              -87.98456655847492,
              42.970280888199184
            ],
            [
              -87.9881198062953,
              42.97027292926941
            ],
            [
              -87.98825762832043,
              42.96663010680255
            ],
            [
              -87.9832946232974,
              42.966640931512664
            ],
            [
              -87.98325822913094,
              42.96754638757511
            ],
            [
              -87.9784615891123,
              42.96755989761567
            ],
            [
              -87.97848798642087,
              42.96665120774965
            ],
            [
              -87.97769447058357,
              42.96665315622285
            ],
            [
              -87.97755903340364,
              42.97082298237255
            ],
            [
              -87.9740721087193,
              42.97083383514415
            ],
            [
              -87.97401664462402,
              42.97300529821203
            ],
            [
              -87.97484399867757,
              42.9730058305852
            ],
            [
              -87.97482158762489,
              42.9739075129753
            ]
          ]
        ]
      }
    },
    {
      "type": "Feature",
      "properties": {
        "placeFips": "5553000",
        "city": "Milwaukee",
        "state": "WI",
        "boundaryType": "ward",
        "district": "269",
        "name": "269"
      },
      "geometry": {
        "type": "Polygon",
        "coordinates": [
          [
            [
              -87.98779142467674,
              42.98838981207083
            ],
            [
              -87.98783861426412,
              42.98478313693622
            ],
            [
              -87.98790285461965,
              42.98299410875804
            ],
            [
              -87.98788609123876,
              42.981154556632
            ],
            [
              -87.9808586050384,
              42.98115397801344
            ],
            [
              -87.97795057966054,
              42.98294688890329
            ],
            [
              -87.97785183776368,
              42.98841951398266
            ],
            [
              -87.98774579516058,
              42.98841389927343
            ],
            [
              -87.98778502919993,
              42.988405979746226
            ],
            [
              -87.98779142467674,
              42.98838981207083
            ]
          ]
        ]
      }
    },
    {
      "type": "Feature",
      "properties": {
        "placeFips": "5553000",
        "city": "Milwaukee",
        "state": "WI",
        "boundaryType": "ward",
        "district": "270",
        "name": "270"
      },
      "geometry": {
        "type": "Polygon",
        "coordinates": [
          [
            [
              -87.9691366351079,
              42.988359333800865
            ],
            [
              -87.96912824067171,
              42.98829231980532
            ],
            [
              -87.97048736161231,
              42.98745937563943
            ],
            [
              -87.970259764655,
              42.987454930565
            ],
            [
              -87.96989350162312,
              42.98712480062083
            ],
            [
              -87.97183413599923,
              42.985946176840734
            ],
            [
              -87.97143155226843,
              42.98558845546524
            ],
            [
              -87.97063682376098,
              42.98607050094613
            ],
            [
              -87.96917013293971,
              42.98606330290579
            ],
            [
              -87.96916839092732,
              42.98617921477324
            ],
            [
              -87.96858331152401,
              42.98617629975438
            ],
            [
              -87.96859103045905,
              42.98570837681798
            ],
            [
              -87.96794135134395,
              42.98570428772017
            ],
            [
              -87.96819481144992,
              42.97861612462781
            ],
            [
              -87.97061457009474,
              42.978621838086994
            ],
            [
              -87.97066266667066,
              42.97610046036648
            ],
            [
              -87.9705509042835,
              42.976100156019875
            ],
            [
              -87.97057036282172,
              42.97507914328496
            ],
            [
              -87.9699445102,
              42.97507931817765
            ],
            [
              -87.96996623129837,
              42.97448483209377
            ],
            [
              -87.96887776084328,
              42.97448540970003
            ],
            [
              -87.96887958813494,
              42.9744163705154
            ],
            [
              -87.96830552603414,
              42.9744157498958
            ],
            [
              -87.96834301741399,
              42.97270025886436
            ],
            [
              -87.96732964673954,
              42.97270877397701
            ],
            [
              -87.96731566480868,
              42.97342539186504
            ],
            [
              -87.9677585636145,
              42.97342503012821
            ],
            [
              -87.96775177381782,
              42.97381269919072
            ],
            [
              -87.96483374146678,
              42.97381829876711
            ],
            [
              -87.96479991833779,
              42.97518639374664
            ],
            [
              -87.96013813930692,
              42.9751946408177
            ],
            [
              -87.96012096538009,
              42.976389047683455
            ],
            [
              -87.9582698437414,
              42.976394869983885
            ],
            [
              -87.9581194051898,
              42.98576087485522
            ],
            [
              -87.95809603668211,
              42.98845869894685
            ],
            [
              -87.96788625872465,
              42.98834960421868
            ],
            [
              -87.9691366351079,
              42.988359333800865
            ]
          ]
        ]
      }
    },
    {
      "type": "Feature",
      "properties": {
        "placeFips": "5553000",
        "city": "Milwaukee",
        "state": "WI",
        "boundaryType": "ward",
        "district": "271",
        "name": "271"
      },
      "geometry": {
        "type": "Polygon",
        "coordinates": [
          [
            [
              -87.94836144277895,
              42.98126515704408
            ],
            [
              -87.94845488397338,
              42.973936046346026
            ],
            [
              -87.93889779321526,
              42.97386110752152
            ],
            [
              -87.93882020115691,
              42.977524511657016
            ],
            [
              -87.93876749299993,
              42.97925029344374
            ],
            [
              -87.93874378864405,
              42.9811435953272
            ],
            [
              -87.94836144277895,
              42.98126515704408
            ]
          ]
        ]
      }
    },
    {
      "type": "Feature",
      "properties": {
        "placeFips": "5553000",
        "city": "Milwaukee",
        "state": "WI",
        "boundaryType": "ward",
        "district": "272",
        "name": "272"
      },
      "geometry": {
        "type": "Polygon",
        "coordinates": [
          [
            [
              -87.94827060150497,
              42.993763003888695
            ],
            [
              -87.94828892241912,
              42.99228010206613
            ],
            [
              -87.94818249609797,
              42.990341238307856
            ],
            [
              -87.94817617148824,
              42.989586792657
            ],
            [
              -87.94823275287013,
              42.98856609178657
            ],
            [
              -87.94836144277895,
              42.98126515704408
            ],
            [
              -87.93874378864405,
              42.9811435953272
            ],
            [
              -87.93850524106195,
              42.988398624132785
            ],
            [
              -87.93842580142346,
              42.99341411637421
            ],
            [
              -87.93887804288504,
              42.99340597604055
            ],
            [
              -87.94376904108175,
              42.993098975910094
            ],
            [
              -87.94417304115302,
              42.99308397666798
            ],
            [
              -87.94496304110655,
              42.993096976447845
            ],
            [
              -87.94595004020555,
              42.99319197641064
            ],
            [
              -87.94661904083681,
              42.99329897694369
            ],
            [
              -87.94749303997473,
              42.993514977116966
            ],
            [
              -87.94827060150497,
              42.993763003888695
            ]
          ]
        ]
      }
    },
    {
      "type": "Feature",
      "properties": {
        "placeFips": "5553000",
        "city": "Milwaukee",
        "state": "WI",
        "boundaryType": "ward",
        "district": "273",
        "name": "273"
      },
      "geometry": {
        "type": "Polygon",
        "coordinates": [
          [
            [
              -87.93850524106195,
              42.988398624132785
            ],
            [
              -87.93150878080914,
              42.98830002382624
            ],
            [
              -87.93141717799024,
              42.99197320804264
            ],
            [
              -87.92871168172539,
              42.99193061990423
            ],
            [
              -87.92866326742434,
              42.99402765857611
            ],
            [
              -87.93002204537797,
              42.99391397549185
            ],
            [
              -87.93709204357172,
              42.99343997559194
            ],
            [
              -87.93842580142346,
              42.99341411637421
            ],
            [
              -87.93850524106195,
              42.988398624132785
            ]
          ]
        ]
      }
    },
    {
      "type": "Feature",
      "properties": {
        "placeFips": "5553000",
        "city": "Milwaukee",
        "state": "WI",
        "boundaryType": "ward",
        "district": "274",
        "name": "274"
      },
      "geometry": {
        "type": "Polygon",
        "coordinates": [
          [
            [
              -87.93850524106195,
              42.988398624132785
            ],
            [
              -87.93862433267537,
              42.98478050254103
            ],
            [
              -87.9315865260778,
              42.98471447707822
            ],
            [
              -87.93150878080914,
              42.98830002382624
            ],
            [
              -87.93850524106195,
              42.988398624132785
            ]
          ]
        ]
      }
    },
    {
      "type": "Feature",
      "properties": {
        "placeFips": "5553000",
        "city": "Milwaukee",
        "state": "WI",
        "boundaryType": "ward",
        "district": "275",
        "name": "275"
      },
      "geometry": {
        "type": "Polygon",
        "coordinates": [
          [
            [
              -87.93868394102437,
              42.982965819755826
            ],
            [
              -87.93874378864405,
              42.9811435953272
            ],
            [
              -87.93166282985962,
              42.981068212433804
            ],
            [
              -87.9315865260778,
              42.98471447707822
            ],
            [
              -87.93862433267537,
              42.98478050254103
            ],
            [
              -87.93868394102437,
              42.982965819755826
            ]
          ]
        ]
      }
    },
    {
      "type": "Feature",
      "properties": {
        "placeFips": "5553000",
        "city": "Milwaukee",
        "state": "WI",
        "boundaryType": "ward",
        "district": "276",
        "name": "276"
      },
      "geometry": {
        "type": "Polygon",
        "coordinates": [
          [
            [
              -87.9388761543508,
              42.97488287165375
            ],
            [
              -87.93889779321526,
              42.97386110752152
            ],
            [
              -87.92911432057338,
              42.973769704533176
            ],
            [
              -87.91934871581311,
              42.97377232987076
            ],
            [
              -87.91922760707459,
              42.98160958866872
            ],
            [
              -87.92411060881682,
              42.98104853172249
            ],
            [
              -87.9303185967717,
              42.9810538431227
            ],
            [
              -87.93874378864405,
              42.9811435953272
            ],
            [
              -87.93876749299993,
              42.97925029344374
            ],
            [
              -87.9388761543508,
              42.97488287165375
            ]
          ]
        ]
      }
    },
    {
      "type": "Feature",
      "properties": {
        "placeFips": "5553000",
        "city": "Milwaukee",
        "state": "WI",
        "boundaryType": "ward",
        "district": "277",
        "name": "277"
      },
      "geometry": {
        "type": "Polygon",
        "coordinates": [
          [
            [
              -87.92772557780796,
              42.98105619844018
            ],
            [
              -87.92651503832059,
              42.98105705232797
            ],
            [
              -87.92644177126897,
              42.98469472100252
            ],
            [
              -87.9215967663382,
              42.9846988714512
            ],
            [
              -87.92156676107511,
              42.986512329205986
            ],
            [
              -87.92883524755509,
              42.98649845240545
            ],
            [
              -87.93154862490047,
              42.9865251842379
            ],
            [
              -87.93166282985962,
              42.981068212433804
            ],
            [
              -87.9303185967717,
              42.9810538431227
            ],
            [
              -87.92772557780796,
              42.98105619844018
            ]
          ]
        ]
      }
    },
    {
      "type": "Feature",
      "properties": {
        "placeFips": "5553000",
        "city": "Milwaukee",
        "state": "WI",
        "boundaryType": "ward",
        "district": "278",
        "name": "278"
      },
      "geometry": {
        "type": "Polygon",
        "coordinates": [
          [
            [
              -87.93150878080914,
              42.98830002382624
            ],
            [
              -87.93154862490047,
              42.9865251842379
            ],
            [
              -87.92883524755509,
              42.98649845240545
            ],
            [
              -87.92519915560193,
              42.98650494557579
            ],
            [
              -87.92506590300472,
              42.991941003546636
            ],
            [
              -87.92871168172539,
              42.99193061990423
            ],
            [
              -87.93141717799024,
              42.99197320804264
            ],
            [
              -87.93150878080914,
              42.98830002382624
            ]
          ]
        ]
      }
    },
    {
      "type": "Feature",
      "properties": {
        "placeFips": "5553000",
        "city": "Milwaukee",
        "state": "WI",
        "boundaryType": "ward",
        "district": "279",
        "name": "279"
      },
      "geometry": {
        "type": "Polygon",
        "coordinates": [
          [
            [
              -87.9251551311101,
              42.988271114056516
            ],
            [
              -87.92519915560193,
              42.98650494557579
            ],
            [
              -87.92035104956912,
              42.98650697627696
            ],
            [
              -87.92031425825895,
              42.98828358814057
            ],
            [
              -87.9190976007181,
              42.988286695584016
            ],
            [
              -87.91900300952541,
              42.99195783838328
            ],
            [
              -87.92506590300472,
              42.991941003546636
            ],
            [
              -87.9251551311101,
              42.988271114056516
            ]
          ]
        ]
      }
    },
    {
      "type": "Feature",
      "properties": {
        "placeFips": "5553000",
        "city": "Milwaukee",
        "state": "WI",
        "boundaryType": "ward",
        "district": "280",
        "name": "280"
      },
      "geometry": {
        "type": "Polygon",
        "coordinates": [
          [
            [
              -87.92644177126897,
              42.98469472100252
            ],
            [
              -87.92651503832059,
              42.98105705232797
            ],
            [
              -87.92411060881682,
              42.98104853172249
            ],
            [
              -87.91922760707459,
              42.98160958866872
            ],
            [
              -87.91840859720845,
              42.98172192881281
            ],
            [
              -87.91758563995872,
              42.98187278735981
            ],
            [
              -87.9165743751858,
              42.98212389778764
            ],
            [
              -87.9164480508187,
              42.98266197662767
            ],
            [
              -87.91628005098674,
              42.98317197694427
            ],
            [
              -87.91605905062171,
              42.98366997658941
            ],
            [
              -87.91578705053598,
              42.98422097606762
            ],
            [
              -87.91554605072037,
              42.98467597619203
            ],
            [
              -87.9151630517858,
              42.985458976247166
            ],
            [
              -87.91479005050434,
              42.98613297635084
            ],
            [
              -87.9145460514048,
              42.98670697547606
            ],
            [
              -87.91442805203212,
              42.9871819754919
            ],
            [
              -87.91434905097644,
              42.98760597506868
            ],
            [
              -87.91437305155112,
              42.988318975806735
            ],
            [
              -87.91504924192147,
              42.9950532800456
            ],
            [
              -87.91579248464824,
              42.994844510496556
            ],
            [
              -87.9163241268812,
              42.99466965203331
            ],
            [
              -87.91671252718035,
              42.9945045789575
            ],
            [
              -87.91708946943038,
              42.994295362628755
            ],
            [
              -87.91746082487634,
              42.99444454008908
            ],
            [
              -87.91777834634672,
              42.994490319724015
            ],
            [
              -87.9189395029593,
              42.994422491501105
            ],
            [
              -87.9190976007181,
              42.988286695584016
            ],
            [
              -87.92031425825895,
              42.98828358814057
            ],
            [
              -87.92035708606863,
              42.986514756956474
            ],
            [
              -87.92156676107511,
              42.986512329205986
            ],
            [
              -87.9215967663382,
              42.9846988714512
            ],
            [
              -87.92644177126897,
              42.98469472100252
            ]
          ]
        ]
      }
    },
    {
      "type": "Feature",
      "properties": {
        "placeFips": "5553000",
        "city": "Milwaukee",
        "state": "WI",
        "boundaryType": "ward",
        "district": "281",
        "name": "281"
      },
      "geometry": {
        "type": "Polygon",
        "coordinates": [
          [
            [
              -87.9155927096761,
              42.98233393388173
            ],
            [
              -87.9163666543281,
              42.982174540045186
            ],
            [
              -87.91758563995872,
              42.98187278735981
            ],
            [
              -87.91840859720845,
              42.98172192881281
            ],
            [
              -87.91922760707459,
              42.98160958866872
            ],
            [
              -87.91934871581311,
              42.97377232987076
            ],
            [
              -87.90953033026216,
              42.973762023058185
            ],
            [
              -87.90948189960235,
              42.981038245977565
            ],
            [
              -87.9155792667924,
              42.98104883176237
            ],
            [
              -87.9155927096761,
              42.98233393388173
            ]
          ]
        ]
      }
    },
    {
      "type": "Feature",
      "properties": {
        "placeFips": "5553000",
        "city": "Milwaukee",
        "state": "WI",
        "boundaryType": "ward",
        "district": "282",
        "name": "282"
      },
      "geometry": {
        "type": "Polygon",
        "coordinates": [
          [
            [
              -87.90063652807622,
              42.97831925892459
            ],
            [
              -87.90568445207371,
              42.978336053347945
            ],
            [
              -87.90558891151575,
              42.98103094006618
            ],
            [
              -87.90948189960235,
              42.981038245977565
            ],
            [
              -87.90953033026216,
              42.973762023058185
            ],
            [
              -87.89955754215616,
              42.97374109496787
            ],
            [
              -87.89945531527009,
              42.97831051440642
            ],
            [
              -87.90063652807622,
              42.97831925892459
            ]
          ]
        ]
      }
    },
    {
      "type": "Feature",
      "properties": {
        "placeFips": "5553000",
        "city": "Milwaukee",
        "state": "WI",
        "boundaryType": "ward",
        "district": "348",
        "name": "348"
      },
      "geometry": {
        "type": "Polygon",
        "coordinates": [
          [
            [
              -87.90291736587331,
              42.98243419881266
            ],
            [
              -87.90550805355187,
              42.98244173248369
            ],
            [
              -87.90537867471735,
              42.9846990524573
            ],
            [
              -87.90407222032256,
              42.984699476253525
            ],
            [
              -87.90406211406894,
              42.986516953750176
            ],
            [
              -87.90499393889105,
              42.986514806635725
            ],
            [
              -87.90439658062962,
              42.98829850739835
            ],
            [
              -87.9093190669735,
              42.98828377093358
            ],
            [
              -87.90941115070358,
              42.98812265420545
            ],
            [
              -87.90946000149032,
              42.984299082760074
            ],
            [
              -87.90948189960235,
              42.981038245977565
            ],
            [
              -87.90292451633957,
              42.98102592900346
            ],
            [
              -87.90291736587331,
              42.98243419881266
            ]
          ]
        ]
      }
    },
    {
      "type": "Feature",
      "properties": {
        "placeFips": "5553000",
        "city": "Milwaukee",
        "state": "WI",
        "boundaryType": "ward",
        "district": "284",
        "name": "284"
      },
      "geometry": {
        "type": "Polygon",
        "coordinates": [
          [
            [
              -87.8994902694076,
              42.97669501261155
            ],
            [
              -87.89955754215616,
              42.97374109496787
            ],
            [
              -87.89452886062809,
              42.973735476383204
            ],
            [
              -87.89442634647682,
              42.97930029001655
            ],
            [
              -87.89438680199639,
              42.98240129309926
            ],
            [
              -87.89693247737488,
              42.98240133441651
            ],
            [
              -87.90056371009125,
              42.982427304059044
            ],
            [
              -87.90063652807622,
              42.97831925892459
            ],
            [
              -87.89945531527009,
              42.97831051440642
            ],
            [
              -87.8994902694076,
              42.97669501261155
            ]
          ]
        ]
      }
    },
    {
      "type": "Feature",
      "properties": {
        "placeFips": "5553000",
        "city": "Milwaukee",
        "state": "WI",
        "boundaryType": "ward",
        "district": "285",
        "name": "285"
      },
      "geometry": {
        "type": "Polygon",
        "coordinates": [
          [
            [
              -87.90550805355187,
              42.98244173248369
            ],
            [
              -87.89438680199639,
              42.98240129309926
            ],
            [
              -87.8943582448698,
              42.98302428861641
            ],
            [
              -87.89432496714274,
              42.9846403279937
            ],
            [
              -87.89813732235766,
              42.984675754736244
            ],
            [
              -87.89811352176962,
              42.986495113797304
            ],
            [
              -87.89812139218101,
              42.98829890615505
            ],
            [
              -87.89933316216046,
              42.98831135261225
            ],
            [
              -87.90439658062962,
              42.98829850739835
            ],
            [
              -87.90499393889105,
              42.986514806635725
            ],
            [
              -87.90406211406894,
              42.986516953750176
            ],
            [
              -87.90407222032256,
              42.984699476253525
            ],
            [
              -87.90537867471735,
              42.9846990524573
            ],
            [
              -87.90550805355187,
              42.98244173248369
            ]
          ]
        ]
      }
    },
    {
      "type": "Feature",
      "properties": {
        "placeFips": "5553000",
        "city": "Milwaukee",
        "state": "WI",
        "boundaryType": "ward",
        "district": "286",
        "name": "286"
      },
      "geometry": {
        "type": "Polygon",
        "coordinates": [
          [
            [
              -87.89811352176962,
              42.986495113797304
            ],
            [
              -87.89813732235766,
              42.984675754736244
            ],
            [
              -87.89432496714274,
              42.9846403279937
            ],
            [
              -87.8943607626783,
              42.98296935973069
            ],
            [
              -87.88504534510648,
              42.98292542676989
            ],
            [
              -87.88724288626325,
              42.98587200280583
            ],
            [
              -87.88823525936789,
              42.988217342441466
            ],
            [
              -87.88888780517377,
              42.98962433237076
            ],
            [
              -87.89685873086954,
              42.9896916823467
            ],
            [
              -87.89687731279778,
              42.98828917306216
            ],
            [
              -87.89812139218101,
              42.98829890615505
            ],
            [
              -87.89811352176962,
              42.986495113797304
            ]
          ]
        ]
      }
    },
    {
      "type": "Feature",
      "properties": {
        "placeFips": "5553000",
        "city": "Milwaukee",
        "state": "WI",
        "boundaryType": "ward",
        "district": "287",
        "name": "287"
      },
      "geometry": {
        "type": "Polygon",
        "coordinates": [
          [
            [
              -87.87937784375505,
              42.987594422396924
            ],
            [
              -87.87935668434783,
              42.98812024870451
            ],
            [
              -87.88823525936789,
              42.988217342441466
            ],
            [
              -87.88724288626325,
              42.98587200280583
            ],
            [
              -87.88504534510648,
              42.98292542676989
            ],
            [
              -87.88274577305823,
              42.98055358000867
            ],
            [
              -87.88244502435742,
              42.98021205531248
            ],
            [
              -87.88196983558069,
              42.98042997869517
            ],
            [
              -87.88203540107132,
              42.980505471694016
            ],
            [
              -87.8802223773878,
              42.9804947305897
            ],
            [
              -87.88022194571933,
              42.9805362578458
            ],
            [
              -87.87935376190386,
              42.98053102393764
            ],
            [
              -87.87960905375364,
              42.98095379033436
            ],
            [
              -87.88140556112977,
              42.98430272556484
            ],
            [
              -87.88096683759568,
              42.984428960260004
            ],
            [
              -87.8804812806214,
              42.9845294166873
            ],
            [
              -87.88012622598103,
              42.98455989523222
            ],
            [
              -87.87950049473736,
              42.98454757510463
            ],
            [
              -87.87937784375505,
              42.987594422396924
            ]
          ]
        ]
      }
    },
    {
      "type": "Feature",
      "properties": {
        "placeFips": "5553000",
        "city": "Milwaukee",
        "state": "WI",
        "boundaryType": "ward",
        "district": "288",
        "name": "288"
      },
      "geometry": {
        "type": "Polygon",
        "coordinates": [
          [
            [
              -87.8734904878845,
              42.9880494321138
            ],
            [
              -87.87935668434783,
              42.98812024870451
            ],
            [
              -87.87950049473736,
              42.98454757510463
            ],
            [
              -87.88012622598103,
              42.98455989523222
            ],
            [
              -87.8804812806214,
              42.9845294166873
            ],
            [
              -87.88096683759568,
              42.984428960260004
            ],
            [
              -87.88140556112977,
              42.98430272556484
            ],
            [
              -87.87960905375364,
              42.98095379033436
            ],
            [
              -87.87935376190386,
              42.98053102393764
            ],
            [
              -87.874632308918,
              42.98050244076941
            ],
            [
              -87.87462211054756,
              42.980935060378286
            ],
            [
              -87.87460015666888,
              42.98093496829455
            ],
            [
              -87.87450452686728,
              42.98504347474078
            ],
            [
              -87.87139131711672,
              42.98676145532764
            ],
            [
              -87.87089703290717,
              42.986505284516475
            ],
            [
              -87.87013006595062,
              42.985858024002596
            ],
            [
              -87.86981156734974,
              42.986075195624565
            ],
            [
              -87.86975508468811,
              42.98602762930459
            ],
            [
              -87.86970900087853,
              42.98605911192486
            ],
            [
              -87.87054862606172,
              42.98676726361774
            ],
            [
              -87.87201815693817,
              42.9875401365194
            ],
            [
              -87.87304678870862,
              42.98804392656128
            ],
            [
              -87.8734904878845,
              42.9880494321138
            ]
          ]
        ]
      }
    },
    {
      "type": "Feature",
      "properties": {
        "placeFips": "5553000",
        "city": "Milwaukee",
        "state": "WI",
        "boundaryType": "ward",
        "district": "289",
        "name": "289"
      },
      "geometry": {
        "type": "Polygon",
        "coordinates": [
          [
            [
              -87.88651391345688,
              42.97189887687747
            ],
            [
              -87.88650994738214,
              42.97280633741318
            ],
            [
              -87.88633156223435,
              42.97280561054227
            ],
            [
              -87.88631739222146,
              42.97371242011101
            ],
            [
              -87.8864907924062,
              42.97371361607222
            ],
            [
              -87.88645903447488,
              42.976614139420526
            ],
            [
              -87.8870939357922,
              42.9766172391731
            ],
            [
              -87.8870729988753,
              42.97873280893019
            ],
            [
              -87.88883302716586,
              42.978741013896034
            ],
            [
              -87.88880106030349,
              42.98057597581451
            ],
            [
              -87.88687691678265,
              42.980574595135735
            ],
            [
              -87.886877761404,
              42.980541656230486
            ],
            [
              -87.88672021045585,
              42.980540860589336
            ],
            [
              -87.886719543531,
              42.98057380100054
            ],
            [
              -87.88274577305823,
              42.98055358000867
            ],
            [
              -87.88504534510648,
              42.98292542676989
            ],
            [
              -87.8943607626783,
              42.98296935973069
            ],
            [
              -87.89438680199639,
              42.98240129309926
            ],
            [
              -87.89442634647682,
              42.97930029001655
            ],
            [
              -87.89452886062809,
              42.973735476383204
            ],
            [
              -87.89400697005732,
              42.97328299455678
            ],
            [
              -87.89182148555949,
              42.97328725676203
            ],
            [
              -87.8918363801864,
              42.97144273026084
            ],
            [
              -87.89290905459893,
              42.97144513016277
            ],
            [
              -87.89291310142868,
              42.970821913795874
            ],
            [
              -87.89073711437129,
              42.97074066239972
            ],
            [
              -87.89073671599236,
              42.970790405214274
            ],
            [
              -87.88955281294287,
              42.970748714327954
            ],
            [
              -87.88954955764481,
              42.97115279240314
            ],
            [
              -87.89073303921386,
              42.97115517242102
            ],
            [
              -87.8907285151335,
              42.97177020304862
            ],
            [
              -87.88929867784482,
              42.97176671020567
            ],
            [
              -87.88928306096093,
              42.97326597668634
            ],
            [
              -87.888386618342,
              42.97327224387919
            ],
            [
              -87.88838893755874,
              42.97190739651845
            ],
            [
              -87.88651391345688,
              42.97189887687747
            ]
          ]
        ]
      }
    },
    {
      "type": "Feature",
      "properties": {
        "placeFips": "5553000",
        "city": "Milwaukee",
        "state": "WI",
        "boundaryType": "ward",
        "district": "290",
        "name": "290"
      },
      "geometry": {
        "type": "Polygon",
        "coordinates": [
          [
            [
              -87.89467788828,
              42.966441718594744
            ],
            [
              -87.89405521378588,
              42.96614922407772
            ],
            [
              -87.89400697005732,
              42.97328299455678
            ],
            [
              -87.89452886062809,
              42.973735476383204
            ],
            [
              -87.9055842067154,
              42.973753765551976
            ],
            [
              -87.90530643525582,
              42.972809519021546
            ],
            [
              -87.90515423994123,
              42.97236266872954
            ],
            [
              -87.90493064172732,
              42.97193059671001
            ],
            [
              -87.90455696203583,
              42.97144939864075
            ],
            [
              -87.90428436881247,
              42.971213393252846
            ],
            [
              -87.90403102053222,
              42.971030222636585
            ],
            [
              -87.90259487609676,
              42.97009090812358
            ],
            [
              -87.9014985185322,
              42.96947687406408
            ],
            [
              -87.89961126900312,
              42.968514355396096
            ],
            [
              -87.89840019069575,
              42.967994214171554
            ],
            [
              -87.89467788828,
              42.966441718594744
            ]
          ]
        ]
      }
    },
    {
      "type": "Feature",
      "properties": {
        "placeFips": "5553000",
        "city": "Milwaukee",
        "state": "WI",
        "boundaryType": "ward",
        "district": "291",
        "name": "291"
      },
      "geometry": {
        "type": "Polygon",
        "coordinates": [
          [
            [
              -87.90952741924889,
              42.973762017194595
            ],
            [
              -87.90956597958399,
              42.968283718292234
            ],
            [
              -87.90958219629051,
              42.96687466502106
            ],
            [
              -87.90960763625748,
              42.966467182744644
            ],
            [
              -87.89963216116207,
              42.966474892690435
            ],
            [
              -87.8971176859194,
              42.96645808418413
            ],
            [
              -87.89712397179609,
              42.9674619521547
            ],
            [
              -87.89961126900312,
              42.968514355396096
            ],
            [
              -87.9014985185322,
              42.96947687406408
            ],
            [
              -87.90259487609676,
              42.97009090812358
            ],
            [
              -87.90403102053222,
              42.971030222636585
            ],
            [
              -87.90428436881247,
              42.971213393252846
            ],
            [
              -87.90455696203583,
              42.97144939864075
            ],
            [
              -87.90493064172732,
              42.97193059671001
            ],
            [
              -87.90515423994123,
              42.97236266872954
            ],
            [
              -87.90530643525582,
              42.972809519021546
            ],
            [
              -87.9055842067154,
              42.973753765551976
            ],
            [
              -87.90952741924889,
              42.973762017194595
            ]
          ]
        ]
      }
    },
    {
      "type": "Feature",
      "properties": {
        "placeFips": "5553000",
        "city": "Milwaukee",
        "state": "WI",
        "boundaryType": "ward",
        "district": "292",
        "name": "292"
      },
      "geometry": {
        "type": "Polygon",
        "coordinates": [
          [
            [
              -87.92716455156904,
              42.966549377462606
            ],
            [
              -87.92656206595053,
              42.95925209063318
            ],
            [
              -87.90965965272694,
              42.95917717930328
            ],
            [
              -87.90964252501884,
              42.965939351299646
            ],
            [
              -87.90960763625748,
              42.966467182744644
            ],
            [
              -87.91936199461277,
              42.96659845543596
            ],
            [
              -87.92716455156904,
              42.966549377462606
            ]
          ]
        ]
      }
    },
    {
      "type": "Feature",
      "properties": {
        "placeFips": "5553000",
        "city": "Milwaukee",
        "state": "WI",
        "boundaryType": "ward",
        "district": "293",
        "name": "293"
      },
      "geometry": {
        "type": "Polygon",
        "coordinates": [
          [
            [
              -87.92716455156904,
              42.966549377462606
            ],
            [
              -87.91936199461277,
              42.96659845543596
            ],
            [
              -87.90960763625748,
              42.966467182744644
            ],
            [
              -87.90958219629051,
              42.96687466502106
            ],
            [
              -87.90956597958399,
              42.968283718292234
            ],
            [
              -87.90953033026216,
              42.973762023058185
            ],
            [
              -87.92686814113154,
              42.97376895484643
            ],
            [
              -87.9270670489391,
              42.97325797860801
            ],
            [
              -87.92721104827426,
              42.972823978103214
            ],
            [
              -87.92729304913564,
              42.97249297894819
            ],
            [
              -87.9273590495659,
              42.97217297860651
            ],
            [
              -87.92744104960455,
              42.97145397890352
            ],
            [
              -87.92743404974675,
              42.97097197923408
            ],
            [
              -87.92723804912288,
              42.96822298001118
            ],
            [
              -87.92716455156904,
              42.966549377462606
            ]
          ]
        ]
      }
    },
    {
      "type": "Feature",
      "properties": {
        "placeFips": "5553000",
        "city": "Milwaukee",
        "state": "WI",
        "boundaryType": "ward",
        "district": "294",
        "name": "294"
      },
      "geometry": {
        "type": "Polygon",
        "coordinates": [
          [
            [
              -87.92917072962203,
              42.96653663288399
            ],
            [
              -87.92911432057338,
              42.973769704533176
            ],
            [
              -87.94845488397338,
              42.973936046346026
            ],
            [
              -87.94859207622146,
              42.966649279948264
            ],
            [
              -87.92917072962203,
              42.96653663288399
            ]
          ]
        ]
      }
    },
    {
      "type": "Feature",
      "properties": {
        "placeFips": "5553000",
        "city": "Milwaukee",
        "state": "WI",
        "boundaryType": "ward",
        "district": "295",
        "name": "295"
      },
      "geometry": {
        "type": "Polygon",
        "coordinates": [
          [
            [
              -87.94872298650318,
              42.959408477154874
            ],
            [
              -87.93885961371963,
              42.95931281836453
            ],
            [
              -87.92656206595053,
              42.95925209063318
            ],
            [
              -87.92716455156904,
              42.966549377462606
            ],
            [
              -87.92916809033733,
              42.9665366153647
            ],
            [
              -87.94859207622146,
              42.966649279948264
            ],
            [
              -87.94872298650318,
              42.959408477154874
            ]
          ]
        ]
      }
    },
    {
      "type": "Feature",
      "properties": {
        "placeFips": "5553000",
        "city": "Milwaukee",
        "state": "WI",
        "boundaryType": "ward",
        "district": "296",
        "name": "296"
      },
      "geometry": {
        "type": "Polygon",
        "coordinates": [
          [
            [
              -87.94879889142669,
              42.95576610538108
            ],
            [
              -87.94887335703966,
              42.95215638746891
            ],
            [
              -87.9349777711934,
              42.952045753938975
            ],
            [
              -87.93463117610385,
              42.959296640626825
            ],
            [
              -87.93885961371963,
              42.95931281836453
            ],
            [
              -87.94872298650318,
              42.959408477154874
            ],
            [
              -87.94879889142669,
              42.95576610538108
            ]
          ]
        ]
      }
    },
    {
      "type": "Feature",
      "properties": {
        "placeFips": "5553000",
        "city": "Milwaukee",
        "state": "WI",
        "boundaryType": "ward",
        "district": "297",
        "name": "297"
      },
      "geometry": {
        "type": "Polygon",
        "coordinates": [
          [
            [
              -87.93463117610385,
              42.959296640626825
            ],
            [
              -87.9349777711934,
              42.952045753938975
            ],
            [
              -87.92930682820949,
              42.95201023909349
            ],
            [
              -87.92921117341031,
              42.95926857391255
            ],
            [
              -87.93463117610385,
              42.959296640626825
            ]
          ]
        ]
      }
    },
    {
      "type": "Feature",
      "properties": {
        "placeFips": "5553000",
        "city": "Milwaukee",
        "state": "WI",
        "boundaryType": "ward",
        "district": "298",
        "name": "298"
      },
      "geometry": {
        "type": "Polygon",
        "coordinates": [
          [
            [
              -87.92930682820949,
              42.95201023909349
            ],
            [
              -87.9349777711934,
              42.952045753938975
            ],
            [
              -87.93502480210634,
              42.94478286874513
            ],
            [
              -87.92941762825508,
              42.944756333436764
            ],
            [
              -87.92930682820949,
              42.95201023909349
            ]
          ]
        ]
      }
    },
    {
      "type": "Feature",
      "properties": {
        "placeFips": "5553000",
        "city": "Milwaukee",
        "state": "WI",
        "boundaryType": "ward",
        "district": "299",
        "name": "299"
      },
      "geometry": {
        "type": "Polygon",
        "coordinates": [
          [
            [
              -87.94890717565329,
              42.95077140518956
            ],
            [
              -87.9490515213862,
              42.944859624053564
            ],
            [
              -87.93502480210634,
              42.94478286874513
            ],
            [
              -87.9349777711934,
              42.952045753938975
            ],
            [
              -87.94887335703966,
              42.95215638746891
            ],
            [
              -87.94890717565329,
              42.95077140518956
            ]
          ]
        ]
      }
    },
    {
      "type": "Feature",
      "properties": {
        "placeFips": "5553000",
        "city": "Milwaukee",
        "state": "WI",
        "boundaryType": "ward",
        "district": "300",
        "name": "300"
      },
      "geometry": {
        "type": "Polygon",
        "coordinates": [
          [
            [
              -87.94908915891357,
              42.9436863334665
            ],
            [
              -87.95718709676225,
              42.94369354174823
            ],
            [
              -87.95717770079759,
              42.944228366066014
            ],
            [
              -87.95805986175573,
              42.94422840485323
            ],
            [
              -87.95804657886592,
              42.94487086270532
            ],
            [
              -87.96017264716718,
              42.94487494754855
            ],
            [
              -87.96021897486872,
              42.943279016992285
            ],
            [
              -87.96146843345672,
              42.94328221061705
            ],
            [
              -87.96147270408588,
              42.94315122247949
            ],
            [
              -87.9616078989632,
              42.943151565045135
            ],
            [
              -87.96168923527279,
              42.94309499769621
            ],
            [
              -87.96193141283993,
              42.94328339227809
            ],
            [
              -87.9620318351949,
              42.94328364662687
            ],
            [
              -87.96229204045441,
              42.94309484118779
            ],
            [
              -87.96237070910183,
              42.943153491795265
            ],
            [
              -87.962764101951,
              42.94315448426929
            ],
            [
              -87.96276051217889,
              42.943285499934916
            ],
            [
              -87.96332831865583,
              42.943286940132715
            ],
            [
              -87.96327519055174,
              42.94488254410233
            ],
            [
              -87.96450083839976,
              42.94488552233897
            ],
            [
              -87.96467709452962,
              42.9383642792594
            ],
            [
              -87.96405261337912,
              42.93836601276552
            ],
            [
              -87.96406842733481,
              42.93763783589287
            ],
            [
              -87.94924237063572,
              42.93761673484259
            ],
            [
              -87.94908915891357,
              42.9436863334665
            ]
          ]
        ]
      }
    },
    {
      "type": "Feature",
      "properties": {
        "placeFips": "5553000",
        "city": "Milwaukee",
        "state": "WI",
        "boundaryType": "ward",
        "district": "301",
        "name": "301"
      },
      "geometry": {
        "type": "Polygon",
        "coordinates": [
          [
            [
              -87.9490515213862,
              42.944859624053564
            ],
            [
              -87.94924237063572,
              42.93761673484259
            ],
            [
              -87.93511675499555,
              42.93755277528962
            ],
            [
              -87.93502480210634,
              42.94478286874513
            ],
            [
              -87.9490515213862,
              42.944859624053564
            ]
          ]
        ]
      }
    },
    {
      "type": "Feature",
      "properties": {
        "placeFips": "5553000",
        "city": "Milwaukee",
        "state": "WI",
        "boundaryType": "ward",
        "district": "302",
        "name": "302"
      },
      "geometry": {
        "type": "Polygon",
        "coordinates": [
          [
            [
              -87.93511749887813,
              42.93755277621733
            ],
            [
              -87.94924237063572,
              42.93761673484259
            ],
            [
              -87.94938094234207,
              42.93037203146389
            ],
            [
              -87.93520921155375,
              42.93028133203765
            ],
            [
              -87.93511749887813,
              42.93755277621733
            ]
          ]
        ]
      }
    },
    {
      "type": "Feature",
      "properties": {
        "placeFips": "5553000",
        "city": "Milwaukee",
        "state": "WI",
        "boundaryType": "ward",
        "district": "303",
        "name": "303"
      },
      "geometry": {
        "type": "Polygon",
        "coordinates": [
          [
            [
              -87.92921117341031,
              42.95926857391255
            ],
            [
              -87.92961287519442,
              42.93123631787507
            ],
            [
              -87.92994906572015,
              42.930266002496346
            ],
            [
              -87.91978066341673,
              42.930177270321494
            ],
            [
              -87.90997730280792,
              42.93013278777337
            ],
            [
              -87.90988777911645,
              42.930734368523936
            ],
            [
              -87.90983853561949,
              42.9315881273027
            ],
            [
              -87.90984623288851,
              42.9323742668598
            ],
            [
              -87.90992366745937,
              42.93304692152076
            ],
            [
              -87.90993635510723,
              42.93333576989766
            ],
            [
              -87.90991606654599,
              42.93460271439971
            ],
            [
              -87.90985984594097,
              42.93562867185618
            ],
            [
              -87.90966775762492,
              42.93727711621253
            ],
            [
              -87.90963486768847,
              42.93829779971119
            ],
            [
              -87.90949661126436,
              42.94022163520122
            ],
            [
              -87.9094910528272,
              42.94085470647412
            ],
            [
              -87.90952697758418,
              42.94246778356188
            ],
            [
              -87.9095667319077,
              42.94334156970122
            ],
            [
              -87.90970026605345,
              42.94397718632013
            ],
            [
              -87.90973539451747,
              42.94435929606886
            ],
            [
              -87.90965965272694,
              42.95917717930328
            ],
            [
              -87.92921117341031,
              42.95926857391255
            ]
          ]
        ]
      }
    },
    {
      "type": "Feature",
      "properties": {
        "placeFips": "5553000",
        "city": "Milwaukee",
        "state": "WI",
        "boundaryType": "ward",
        "district": "304",
        "name": "304"
      },
      "geometry": {
        "type": "Polygon",
        "coordinates": [
          [
            [
              -87.90997730280792,
              42.93013278777337
            ],
            [
              -87.890321795621,
              42.930033726082826
            ],
            [
              -87.89067741789455,
              42.922694796177275
            ],
            [
              -87.88913262819797,
              42.92268811222319
            ],
            [
              -87.88788536437572,
              42.93003448655703
            ],
            [
              -87.88784558821808,
              42.930033670571376
            ],
            [
              -87.88656526143707,
              42.93730970486273
            ],
            [
              -87.88565455787715,
              42.942302190101195
            ],
            [
              -87.88571032688576,
              42.942308521079624
            ],
            [
              -87.88531010665395,
              42.94457680624197
            ],
            [
              -87.88407654720835,
              42.95183665822236
            ],
            [
              -87.88327027305463,
              42.95640573954548
            ],
            [
              -87.8832503404951,
              42.959127666543665
            ],
            [
              -87.88968172258151,
              42.95915781941963
            ],
            [
              -87.8896154756639,
              42.96427737729833
            ],
            [
              -87.89405521378588,
              42.96614922407772
            ],
            [
              -87.89467788828,
              42.966441718594744
            ],
            [
              -87.89712397179609,
              42.9674619521547
            ],
            [
              -87.8971176859194,
              42.96645808418413
            ],
            [
              -87.89963216116207,
              42.966474892690435
            ],
            [
              -87.90960763625748,
              42.966467182744644
            ],
            [
              -87.90964252501884,
              42.965939351299646
            ],
            [
              -87.90965965272694,
              42.95917717930328
            ],
            [
              -87.90973539451747,
              42.94435929606886
            ],
            [
              -87.90970026605345,
              42.94397718632013
            ],
            [
              -87.9095667319077,
              42.94334156970122
            ],
            [
              -87.90952697758418,
              42.94246778356188
            ],
            [
              -87.9094910528272,
              42.94085470647412
            ],
            [
              -87.90949661126436,
              42.94022163520122
            ],
            [
              -87.90963486768847,
              42.93829779971119
            ],
            [
              -87.90966775762492,
              42.93727711621253
            ],
            [
              -87.90985984594097,
              42.93562867185618
            ],
            [
              -87.90991606654599,
              42.93460271439971
            ],
            [
              -87.90993635510723,
              42.93333576989766
            ],
            [
              -87.90992366745937,
              42.93304692152076
            ],
            [
              -87.90984623288851,
              42.9323742668598
            ],
            [
              -87.90983853561949,
              42.9315881273027
            ],
            [
              -87.90988777911645,
              42.930734368523936
            ],
            [
              -87.90997730280792,
              42.93013278777337
            ]
          ]
        ]
      }
    },
    {
      "type": "Feature",
      "properties": {
        "placeFips": "5553000",
        "city": "Milwaukee",
        "state": "WI",
        "boundaryType": "ward",
        "district": "305",
        "name": "305"
      },
      "geometry": {
        "type": "Polygon",
        "coordinates": [
          [
            [
              -87.93809504453286,
              43.02017514047031
            ],
            [
              -87.93809791022453,
              43.01910374866339
            ],
            [
              -87.93300522864271,
              43.01909540544032
            ],
            [
              -87.93299228779425,
              43.02298996696283
            ],
            [
              -87.9380881567189,
              43.02275894138071
            ],
            [
              -87.93809504453286,
              43.02017514047031
            ]
          ]
        ]
      }
    },
    {
      "type": "Feature",
      "properties": {
        "placeFips": "5553000",
        "city": "Milwaukee",
        "state": "WI",
        "boundaryType": "ward",
        "district": "306",
        "name": "306"
      },
      "geometry": {
        "type": "Polygon",
        "coordinates": [
          [
            [
              -87.93948107139016,
              43.01910103351556
            ],
            [
              -87.93809791022453,
              43.01910374866339
            ],
            [
              -87.9380881567189,
              43.02275894138071
            ],
            [
              -87.94362751992264,
              43.022433259392166
            ],
            [
              -87.94363677197761,
              43.01909126257823
            ],
            [
              -87.93948107139016,
              43.01910103351556
            ]
          ]
        ]
      }
    },
    {
      "type": "Feature",
      "properties": {
        "placeFips": "5553000",
        "city": "Milwaukee",
        "state": "WI",
        "boundaryType": "ward",
        "district": "346",
        "name": "346"
      },
      "geometry": {
        "type": "Polygon",
        "coordinates": [
          [
            [
              -87.93111204506283,
              42.993843975632146
            ],
            [
              -87.93002204537797,
              42.99391397549185
            ],
            [
              -87.93003210363597,
              42.994041458772635
            ],
            [
              -87.92998308377318,
              42.995567036238036
            ],
            [
              -87.9383863426475,
              42.99571638162517
            ],
            [
              -87.93842580142346,
              42.99341411637421
            ],
            [
              -87.93709204357172,
              42.99343997559194
            ],
            [
              -87.93111204506283,
              42.993843975632146
            ]
          ]
        ]
      }
    },
    {
      "type": "Feature",
      "properties": {
        "placeFips": "5553000",
        "city": "Milwaukee",
        "state": "WI",
        "boundaryType": "ward",
        "district": "308",
        "name": "308"
      },
      "geometry": {
        "type": "Polygon",
        "coordinates": [
          [
            [
              -87.93353778106419,
              42.99927313002191
            ],
            [
              -87.93356784644189,
              42.9977123764882
            ],
            [
              -87.92858150977487,
              42.997630274643335
            ],
            [
              -87.92493687559256,
              42.99763725213685
            ],
            [
              -87.92490581616435,
              42.99920178192278
            ],
            [
              -87.92854834164214,
              42.99919178207816
            ],
            [
              -87.93353778106419,
              42.99927313002191
            ]
          ]
        ]
      }
    },
    {
      "type": "Feature",
      "properties": {
        "placeFips": "5553000",
        "city": "Milwaukee",
        "state": "WI",
        "boundaryType": "ward",
        "district": "309",
        "name": "309"
      },
      "geometry": {
        "type": "Polygon",
        "coordinates": [
          [
            [
              -87.91718976430288,
              43.001792550749855
            ],
            [
              -87.91879768320216,
              43.001784492531215
            ],
            [
              -87.91880715212308,
              43.00126026628127
            ],
            [
              -87.92486487406374,
              43.00126304461901
            ],
            [
              -87.92493687559256,
              42.99763725213685
            ],
            [
              -87.9188725001626,
              42.99764308281568
            ],
            [
              -87.9189395029593,
              42.994422491501105
            ],
            [
              -87.91777834634672,
              42.994490319724015
            ],
            [
              -87.91746082487634,
              42.99444454008908
            ],
            [
              -87.91708946943038,
              42.994295362628755
            ],
            [
              -87.91671252718035,
              42.9945045789575
            ],
            [
              -87.91607918935614,
              42.99475726927822
            ],
            [
              -87.911970664117,
              42.99591625227823
            ],
            [
              -87.91265694563927,
              42.99726083334736
            ],
            [
              -87.91300579124831,
              42.99781061230709
            ],
            [
              -87.91322420764338,
              42.99810568388079
            ],
            [
              -87.91360012317567,
              42.99854794364039
            ],
            [
              -87.9137866658406,
              42.998743426989535
            ],
            [
              -87.91718976430288,
              43.001792550749855
            ]
          ]
        ]
      }
    },
    {
      "type": "Feature",
      "properties": {
        "placeFips": "5553000",
        "city": "Milwaukee",
        "state": "WI",
        "boundaryType": "ward",
        "district": "310",
        "name": "310"
      },
      "geometry": {
        "type": "Polygon",
        "coordinates": [
          [
            [
              -87.91487706804863,
              42.9859819467478
            ],
            [
              -87.91439516383633,
              42.98591981111835
            ],
            [
              -87.91395680177219,
              42.985929235345246
            ],
            [
              -87.91348418852924,
              42.9860008289749
            ],
            [
              -87.91302434016833,
              42.9861416939367
            ],
            [
              -87.91268995503243,
              42.98629806094833
            ],
            [
              -87.90975189123682,
              42.98792060763927
            ],
            [
              -87.90941115070358,
              42.98812265420545
            ],
            [
              -87.9093190669735,
              42.98828377093358
            ],
            [
              -87.90930207773683,
              42.9900135018353
            ],
            [
              -87.90932710925603,
              42.99069336207805
            ],
            [
              -87.91091097692306,
              42.99374132086072
            ],
            [
              -87.90999005061863,
              42.99374611246039
            ],
            [
              -87.9099663927272,
              42.99519522466184
            ],
            [
              -87.90675468111952,
              42.99520463797003
            ],
            [
              -87.90705419897914,
              42.99561753082034
            ],
            [
              -87.90705896450342,
              42.996000848439586
            ],
            [
              -87.906936222669,
              43.00289429644154
            ],
            [
              -87.91133023440234,
              43.00286804520087
            ],
            [
              -87.91139260261262,
              43.002352722092304
            ],
            [
              -87.91150706250156,
              43.00183281338155
            ],
            [
              -87.91161749838793,
              43.00039760354714
            ],
            [
              -87.91178681699063,
              42.9991664773882
            ],
            [
              -87.91233675127977,
              42.99797456838421
            ],
            [
              -87.91260133783646,
              42.99755405222199
            ],
            [
              -87.91265694563927,
              42.99726083334736
            ],
            [
              -87.911970664117,
              42.99591625227823
            ],
            [
              -87.91504924192147,
              42.9950532800456
            ],
            [
              -87.91437305155112,
              42.988318975806735
            ],
            [
              -87.9143480511246,
              42.98780397540056
            ],
            [
              -87.91434905097644,
              42.98760597506868
            ],
            [
              -87.91442805203212,
              42.9871819754919
            ],
            [
              -87.9145460514048,
              42.98670697547606
            ],
            [
              -87.91479005050434,
              42.98613297635084
            ],
            [
              -87.91487706804863,
              42.9859819467478
            ]
          ]
        ]
      }
    },
    {
      "type": "Feature",
      "properties": {
        "placeFips": "5553000",
        "city": "Milwaukee",
        "state": "WI",
        "boundaryType": "ward",
        "district": "311",
        "name": "311"
      },
      "geometry": {
        "type": "Polygon",
        "coordinates": [
          [
            [
              -87.94823275287013,
              42.98856609178657
            ],
            [
              -87.95809603668211,
              42.98845869894685
            ],
            [
              -87.9581194051898,
              42.98576087485522
            ],
            [
              -87.9582698242579,
              42.97639729365739
            ],
            [
              -87.95818012365977,
              42.976397692544445
            ],
            [
              -87.95814936641972,
              42.97783596423769
            ],
            [
              -87.95764338633956,
              42.97783691593331
            ],
            [
              -87.9576018522837,
              42.97980955770485
            ],
            [
              -87.95708485697244,
              42.979813210372306
            ],
            [
              -87.9570859965054,
              42.97975835265531
            ],
            [
              -87.95691749567547,
              42.979759546457885
            ],
            [
              -87.95690276490576,
              42.980470912676
            ],
            [
              -87.95634133449384,
              42.980474795506574
            ],
            [
              -87.95633541315999,
              42.980763364895154
            ],
            [
              -87.95577690816792,
              42.98076718776924
            ],
            [
              -87.9557809905286,
              42.98056042492206
            ],
            [
              -87.95510764603901,
              42.98056506243766
            ],
            [
              -87.95510924772525,
              42.98048279146889
            ],
            [
              -87.95449793615204,
              42.98048700968399
            ],
            [
              -87.95448522704945,
              42.98122483273476
            ],
            [
              -87.94836144277895,
              42.98126515704408
            ],
            [
              -87.94823275287013,
              42.98856609178657
            ]
          ]
        ]
      }
    },
    {
      "type": "Feature",
      "properties": {
        "placeFips": "5553000",
        "city": "Milwaukee",
        "state": "WI",
        "boundaryType": "ward",
        "district": "312",
        "name": "312"
      },
      "geometry": {
        "type": "Polygon",
        "coordinates": [
          [
            [
              -87.95331729467694,
              42.978430745422344
            ],
            [
              -87.95413591771562,
              42.977825182365585
            ],
            [
              -87.95320711682321,
              42.97715488308553
            ],
            [
              -87.95596343357805,
              42.975117833428186
            ],
            [
              -87.9560784340447,
              42.97499226016918
            ],
            [
              -87.95387386882105,
              42.97502722783736
            ],
            [
              -87.9538916783617,
              42.97392666044368
            ],
            [
              -87.94845489325952,
              42.97393554946136
            ],
            [
              -87.94836144277895,
              42.98126515704408
            ],
            [
              -87.95323055928394,
              42.98123312405444
            ],
            [
              -87.95326861536108,
              42.9807018827876
            ],
            [
              -87.95330545794486,
              42.978530002754454
            ],
            [
              -87.95329458223905,
              42.97844751860165
            ],
            [
              -87.95331729467694,
              42.978430745422344
            ]
          ]
        ]
      }
    },
    {
      "type": "Feature",
      "properties": {
        "placeFips": "5553000",
        "city": "Milwaukee",
        "state": "WI",
        "boundaryType": "ward",
        "district": "313",
        "name": "313"
      },
      "geometry": {
        "type": "Polygon",
        "coordinates": [
          [
            [
              -87.93502480210634,
              42.94478286874513
            ],
            [
              -87.93520921155375,
              42.93028133203765
            ],
            [
              -87.92994906572015,
              42.930266002496346
            ],
            [
              -87.92961287519442,
              42.93123631787507
            ],
            [
              -87.92941762825508,
              42.944756333436764
            ],
            [
              -87.93502480210634,
              42.94478286874513
            ]
          ]
        ]
      }
    },
    {
      "type": "Feature",
      "properties": {
        "placeFips": "5553000",
        "city": "Milwaukee",
        "state": "WI",
        "boundaryType": "ward",
        "district": "314",
        "name": "314"
      },
      "geometry": {
        "type": "Polygon",
        "coordinates": [
          [
            [
              -87.94014944967681,
              42.93030894467782
            ],
            [
              -87.94049631048371,
              42.92089944166708
            ],
            [
              -87.93059731482843,
              42.92083264577413
            ],
            [
              -87.93050214220344,
              42.92380307449533
            ],
            [
              -87.93025320373808,
              42.93026651377974
            ],
            [
              -87.94014944967681,
              42.93030894467782
            ]
          ]
        ]
      }
    },
    {
      "type": "Feature",
      "properties": {
        "placeFips": "5553000",
        "city": "Milwaukee",
        "state": "WI",
        "boundaryType": "ward",
        "district": "315",
        "name": "315"
      },
      "geometry": {
        "type": "Polygon",
        "coordinates": [
          [
            [
              -88.03550488073928,
              43.13394762594213
            ],
            [
              -88.03086203776763,
              43.134001432824554
            ],
            [
              -88.03337300028838,
              43.1358329582569
            ],
            [
              -88.03299300055929,
              43.13611495751634
            ],
            [
              -88.03252600049453,
              43.13637095789846
            ],
            [
              -88.03163900086862,
              43.13590995806166
            ],
            [
              -88.02936100102347,
              43.14130295690047
            ],
            [
              -88.02755499982848,
              43.14674395532767
            ],
            [
              -88.02654500036572,
              43.14777395532779
            ],
            [
              -88.02557328763278,
              43.148408673727765
            ],
            [
              -88.02518956094744,
              43.1486342523321
            ],
            [
              -88.03511705066158,
              43.148454912000076
            ],
            [
              -88.04679643849215,
              43.14838833623222
            ],
            [
              -88.04729677965724,
              43.148342179468436
            ],
            [
              -88.04791747423138,
              43.148253054659975
            ],
            [
              -88.04839696536354,
              43.14815323269275
            ],
            [
              -88.048758752094,
              43.14805727133939
            ],
            [
              -88.05038216458938,
              43.147547703359926
            ],
            [
              -88.04885599460752,
              43.146515957360066
            ],
            [
              -88.0476319943982,
              43.145860957109534
            ],
            [
              -88.04514286090756,
              43.14456580938421
            ],
            [
              -88.04527281911703,
              43.13387367351566
            ],
            [
              -88.03550488073928,
              43.13394762594213
            ]
          ]
        ]
      }
    },
    {
      "type": "Feature",
      "properties": {
        "placeFips": "5553000",
        "city": "Milwaukee",
        "state": "WI",
        "boundaryType": "ward",
        "district": "318",
        "name": "318"
      },
      "geometry": {
        "type": "Polygon",
        "coordinates": [
          [
            [
              -88.00578391541018,
              43.13415023060001
            ],
            [
              -88.00726494475632,
              43.13413238363013
            ],
            [
              -88.01561512779884,
              43.13410555506781
            ],
            [
              -88.01575595925729,
              43.12785492376543
            ],
            [
              -88.00731000763943,
              43.129301957264886
            ],
            [
              -88.00589496095749,
              43.12952123543741
            ],
            [
              -88.00578391541018,
              43.13415023060001
            ]
          ]
        ]
      }
    },
    {
      "type": "Feature",
      "properties": {
        "placeFips": "5553000",
        "city": "Milwaukee",
        "state": "WI",
        "boundaryType": "ward",
        "district": "319",
        "name": "319"
      },
      "geometry": {
        "type": "Polygon",
        "coordinates": [
          [
            [
              -88.03776739012254,
              43.08233485008076
            ],
            [
              -88.03776785975175,
              43.08227452868911
            ],
            [
              -88.03554485005073,
              43.08229818391273
            ],
            [
              -88.03546723580571,
              43.08294596495301
            ],
            [
              -88.03546212648499,
              43.08412587162867
            ],
            [
              -88.03774707383445,
              43.08410871085233
            ],
            [
              -88.03774890391593,
              43.08377946942327
            ],
            [
              -88.03839790110656,
              43.08377836397948
            ],
            [
              -88.03841202816285,
              43.08232980686363
            ],
            [
              -88.03776739012254,
              43.08233485008076
            ]
          ]
        ]
      }
    },
    {
      "type": "Feature",
      "properties": {
        "placeFips": "5553000",
        "city": "Milwaukee",
        "state": "WI",
        "boundaryType": "ward",
        "district": "320",
        "name": "320"
      },
      "geometry": {
        "type": "Polygon",
        "coordinates": [
          [
            [
              -88.02995271710618,
              43.084195154762085
            ],
            [
              -88.02993914222172,
              43.082357647176785
            ],
            [
              -88.02766491089645,
              43.08238169432035
            ],
            [
              -88.02767777409666,
              43.08418797443279
            ],
            [
              -88.02835075028139,
              43.084187879366695
            ],
            [
              -88.0297295450148,
              43.0847348194283
            ],
            [
              -88.02989174843525,
              43.084461783659016
            ],
            [
              -88.0299255192211,
              43.08436568083139
            ],
            [
              -88.02995271710618,
              43.084195154762085
            ]
          ]
        ]
      }
    },
    {
      "type": "Feature",
      "properties": {
        "placeFips": "5553000",
        "city": "Milwaukee",
        "state": "WI",
        "boundaryType": "ward",
        "district": "321",
        "name": "321"
      },
      "geometry": {
        "type": "Polygon",
        "coordinates": [
          [
            [
              -88.02264947632062,
              43.08974086148225
            ],
            [
              -88.02261816138576,
              43.08609174446223
            ],
            [
              -88.02261862402125,
              43.08426311885723
            ],
            [
              -88.0232255894503,
              43.08324065997244
            ],
            [
              -88.02131406514026,
              43.08245941036798
            ],
            [
              -88.02010686385641,
              43.082474505632206
            ],
            [
              -88.0201322021281,
              43.08862233423592
            ],
            [
              -88.02011711209943,
              43.08977496556534
            ],
            [
              -88.02264947632062,
              43.08974086148225
            ]
          ]
        ]
      }
    },
    {
      "type": "Feature",
      "properties": {
        "placeFips": "5553000",
        "city": "Milwaukee",
        "state": "WI",
        "boundaryType": "ward",
        "district": "322",
        "name": "322"
      },
      "geometry": {
        "type": "Polygon",
        "coordinates": [
          [
            [
              -87.95552098988165,
              43.10460087605787
            ],
            [
              -87.95990341401529,
              43.10461574714653
            ],
            [
              -87.95838831405757,
              43.1007600299871
            ],
            [
              -87.95682534926516,
              43.09714281478163
            ],
            [
              -87.95683656495126,
              43.09687790093753
            ],
            [
              -87.9568988670354,
              43.0965215208884
            ],
            [
              -87.9541457341166,
              43.09652031708928
            ],
            [
              -87.9544889996369,
              43.101642999284444
            ],
            [
              -87.95458900000128,
              43.10404300079405
            ],
            [
              -87.95458960392004,
              43.10458722763628
            ],
            [
              -87.95552098988165,
              43.10460087605787
            ]
          ]
        ]
      }
    },
    {
      "type": "Feature",
      "properties": {
        "placeFips": "5553000",
        "city": "Milwaukee",
        "state": "WI",
        "boundaryType": "ward",
        "district": "323",
        "name": "323"
      },
      "geometry": {
        "type": "Polygon",
        "coordinates": [
          [
            [
              -87.97538378973105,
              43.07161114631096
            ],
            [
              -87.97487395974584,
              43.07160701993414
            ],
            [
              -87.97483958097742,
              43.07344871002993
            ],
            [
              -87.97478629014374,
              43.075243393025154
            ],
            [
              -87.97567532841823,
              43.075261547428006
            ],
            [
              -87.97732988104597,
              43.07526079598133
            ],
            [
              -87.9797068537732,
              43.07528456715586
            ],
            [
              -87.97978363141463,
              43.07164540879832
            ],
            [
              -87.97538378973105,
              43.07161114631096
            ]
          ]
        ]
      }
    },
    {
      "type": "Feature",
      "properties": {
        "placeFips": "5553000",
        "city": "Milwaukee",
        "state": "WI",
        "boundaryType": "ward",
        "district": "324",
        "name": "324"
      },
      "geometry": {
        "type": "Polygon",
        "coordinates": [
          [
            [
              -87.97487395974584,
              43.07160701993414
            ],
            [
              -87.97978363141463,
              43.07164540879832
            ],
            [
              -87.97984586790012,
              43.06798593240368
            ],
            [
              -87.97494215981118,
              43.06795244646431
            ],
            [
              -87.97487395974584,
              43.07160701993414
            ]
          ]
        ]
      }
    },
    {
      "type": "Feature",
      "properties": {
        "placeFips": "5553000",
        "city": "Milwaukee",
        "state": "WI",
        "boundaryType": "ward",
        "district": "325",
        "name": "325"
      },
      "geometry": {
        "type": "Polygon",
        "coordinates": [
          [
            [
              -87.97787589753214,
              43.064297605165045
            ],
            [
              -87.9775202286051,
              43.06429527599947
            ],
            [
              -87.97747912791831,
              43.067970214397924
            ],
            [
              -87.97984586790012,
              43.06798593240368
            ],
            [
              -87.97988641529795,
              43.064310542842264
            ],
            [
              -87.97787589753214,
              43.064297605165045
            ]
          ]
        ]
      }
    },
    {
      "type": "Feature",
      "properties": {
        "placeFips": "5553000",
        "city": "Milwaukee",
        "state": "WI",
        "boundaryType": "ward",
        "district": "326",
        "name": "326"
      },
      "geometry": {
        "type": "Polygon",
        "coordinates": [
          [
            [
              -87.97768611040446,
              43.06299321457882
            ],
            [
              -87.97753566302329,
              43.06291264215429
            ],
            [
              -87.9775202286051,
              43.06429527599947
            ],
            [
              -87.97988641529795,
              43.064310542842264
            ],
            [
              -87.97988804434468,
              43.06415789237577
            ],
            [
              -87.97768611040446,
              43.06299321457882
            ]
          ]
        ]
      }
    },
    {
      "type": "Feature",
      "properties": {
        "placeFips": "5553000",
        "city": "Milwaukee",
        "state": "WI",
        "boundaryType": "ward",
        "district": "327",
        "name": "327"
      },
      "geometry": {
        "type": "Polygon",
        "coordinates": [
          [
            [
              -87.9787523402315,
              43.06066301078053
            ],
            [
              -87.97756083422361,
              43.060657471473924
            ],
            [
              -87.97753566302329,
              43.06291264215429
            ],
            [
              -87.97871958278458,
              43.06354667981308
            ],
            [
              -87.9787523402315,
              43.06066301078053
            ]
          ]
        ]
      }
    },
    {
      "type": "Feature",
      "properties": {
        "placeFips": "5553000",
        "city": "Milwaukee",
        "state": "WI",
        "boundaryType": "ward",
        "district": "328",
        "name": "328"
      },
      "geometry": {
        "type": "Polygon",
        "coordinates": [
          [
            [
              -87.97988804434468,
              43.06415789237577
            ],
            [
              -87.97990590588348,
              43.06248530833725
            ],
            [
              -87.98752403841132,
              43.06253478161901
            ],
            [
              -87.98754423226883,
              43.06070344365596
            ],
            [
              -87.9787523402315,
              43.06066301078053
            ],
            [
              -87.97871958278458,
              43.06354667981308
            ],
            [
              -87.97988804434468,
              43.06415789237577
            ]
          ]
        ]
      }
    },
    {
      "type": "Feature",
      "properties": {
        "placeFips": "5553000",
        "city": "Milwaukee",
        "state": "WI",
        "boundaryType": "ward",
        "district": "329",
        "name": "329"
      },
      "geometry": {
        "type": "Polygon",
        "coordinates": [
          [
            [
              -87.93878202402878,
              43.07509896424176
            ],
            [
              -87.93861905434676,
              43.07499955146856
            ],
            [
              -87.93867107850454,
              43.07146081261424
            ],
            [
              -87.9374249979504,
              43.07143571193659
            ],
            [
              -87.93736809633872,
              43.075077056385474
            ],
            [
              -87.93878202402878,
              43.07509896424176
            ]
          ]
        ]
      }
    },
    {
      "type": "Feature",
      "properties": {
        "placeFips": "5553000",
        "city": "Milwaukee",
        "state": "WI",
        "boundaryType": "ward",
        "district": "330",
        "name": "330"
      },
      "geometry": {
        "type": "Polygon",
        "coordinates": [
          [
            [
              -87.9374249979504,
              43.07143571193659
            ],
            [
              -87.93745239702832,
              43.06962549780423
            ],
            [
              -87.93681378552093,
              43.06960323884552
            ],
            [
              -87.93562820912028,
              43.069601322899295
            ],
            [
              -87.92926054139355,
              43.06952210296596
            ],
            [
              -87.92924514392304,
              43.07043625817401
            ],
            [
              -87.92756351091826,
              43.07040563250992
            ],
            [
              -87.92754694573894,
              43.071226333137254
            ],
            [
              -87.93068939945452,
              43.07126513987219
            ],
            [
              -87.93133784544285,
              43.07131499691813
            ],
            [
              -87.93183219831262,
              43.07138775156062
            ],
            [
              -87.93219073797545,
              43.071367700119815
            ],
            [
              -87.9374249979504,
              43.07143571193659
            ]
          ]
        ]
      }
    },
    {
      "type": "Feature",
      "properties": {
        "placeFips": "5553000",
        "city": "Milwaukee",
        "state": "WI",
        "boundaryType": "ward",
        "district": "331",
        "name": "331"
      },
      "geometry": {
        "type": "Polygon",
        "coordinates": [
          [
            [
              -87.90528203878257,
              43.06932671127552
            ],
            [
              -87.90530036159423,
              43.06749334512429
            ],
            [
              -87.90159588853992,
              43.06747049119731
            ],
            [
              -87.90153962628736,
              43.07111617192522
            ],
            [
              -87.90152683439509,
              43.072927723266275
            ],
            [
              -87.9052458295603,
              43.07294820067458
            ],
            [
              -87.90528203878257,
              43.06932671127552
            ]
          ]
        ]
      }
    },
    {
      "type": "Feature",
      "properties": {
        "placeFips": "5553000",
        "city": "Milwaukee",
        "state": "WI",
        "boundaryType": "ward",
        "district": "332",
        "name": "332"
      },
      "geometry": {
        "type": "Polygon",
        "coordinates": [
          [
            [
              -87.90152683439509,
              43.072927723266275
            ],
            [
              -87.90153962628736,
              43.07111617192522
            ],
            [
              -87.89911151353513,
              43.07110067144803
            ],
            [
              -87.89909915604385,
              43.07291429029711
            ],
            [
              -87.90152683439509,
              43.072927723266275
            ]
          ]
        ]
      }
    },
    {
      "type": "Feature",
      "properties": {
        "placeFips": "5553000",
        "city": "Milwaukee",
        "state": "WI",
        "boundaryType": "ward",
        "district": "353",
        "name": "353"
      },
      "geometry": {
        "type": "Polygon",
        "coordinates": [
          [
            [
              -87.90444357684152,
              43.05458105579759
            ],
            [
              -87.90420772368691,
              43.05436874567522
            ],
            [
              -87.90170736699406,
              43.05605694212292
            ],
            [
              -87.90035863535617,
              43.05665763618855
            ],
            [
              -87.89921669824821,
              43.05679736041691
            ],
            [
              -87.8980226863359,
              43.056899786494476
            ],
            [
              -87.89801538775579,
              43.05717126454544
            ],
            [
              -87.89925538249412,
              43.05708992467172
            ],
            [
              -87.90050683303183,
              43.056930779528564
            ],
            [
              -87.90197035806311,
              43.05631929641061
            ],
            [
              -87.90331475365677,
              43.05539111457609
            ],
            [
              -87.90444357684152,
              43.05458105579759
            ]
          ]
        ]
      }
    },
    {
      "type": "Feature",
      "properties": {
        "placeFips": "5553000",
        "city": "Milwaukee",
        "state": "WI",
        "boundaryType": "ward",
        "district": "354",
        "name": "354"
      },
      "geometry": {
        "type": "Polygon",
        "coordinates": [
          [
            [
              -87.90771133519738,
              43.051606700302635
            ],
            [
              -87.90756990403321,
              43.05152767481908
            ],
            [
              -87.90645492377762,
              43.052804786379255
            ],
            [
              -87.90547944647247,
              43.05344719873524
            ],
            [
              -87.90420772368691,
              43.05436874567522
            ],
            [
              -87.90444357684152,
              43.05458105579759
            ],
            [
              -87.90663917089975,
              43.05298599203274
            ],
            [
              -87.9078429459457,
              43.05167884646952
            ],
            [
              -87.90771133519738,
              43.051606700302635
            ]
          ]
        ]
      }
    },
    {
      "type": "Feature",
      "properties": {
        "placeFips": "5553000",
        "city": "Milwaukee",
        "state": "WI",
        "boundaryType": "ward",
        "district": "333",
        "name": "333"
      },
      "geometry": {
        "type": "Polygon",
        "coordinates": [
          [
            [
              -87.9588679728957,
              43.04874083609847
            ],
            [
              -87.95764195609996,
              43.04871710215864
            ],
            [
              -87.95762004270301,
              43.05149156094927
            ],
            [
              -87.95956675650497,
              43.05150356903127
            ],
            [
              -87.9595705260399,
              43.04874534215019
            ],
            [
              -87.9588679728957,
              43.04874083609847
            ]
          ]
        ]
      }
    },
    {
      "type": "Feature",
      "properties": {
        "placeFips": "5553000",
        "city": "Milwaukee",
        "state": "WI",
        "boundaryType": "ward",
        "district": "334",
        "name": "334"
      },
      "geometry": {
        "type": "Polygon",
        "coordinates": [
          [
            [
              -87.9506143974332,
              43.045878920239744
            ],
            [
              -87.95058131800413,
              43.04453352473282
            ],
            [
              -87.94778222442994,
              43.044528068209566
            ],
            [
              -87.94776189156525,
              43.048647354456044
            ],
            [
              -87.94884423516649,
              43.04865277533582
            ],
            [
              -87.94886856187901,
              43.04587697190163
            ],
            [
              -87.9506143974332,
              43.045878920239744
            ]
          ]
        ]
      }
    },
    {
      "type": "Feature",
      "properties": {
        "placeFips": "5553000",
        "city": "Milwaukee",
        "state": "WI",
        "boundaryType": "ward",
        "district": "335",
        "name": "335"
      },
      "geometry": {
        "type": "Polygon",
        "coordinates": [
          [
            [
              -87.93937377939544,
              43.040244494047634
            ],
            [
              -87.93938687070586,
              43.03868340347104
            ],
            [
              -87.93665798205942,
              43.03867773865183
            ],
            [
              -87.9366421133187,
              43.04024755727293
            ],
            [
              -87.93937377939544,
              43.040244494047634
            ]
          ]
        ]
      }
    },
    {
      "type": "Feature",
      "properties": {
        "placeFips": "5553000",
        "city": "Milwaukee",
        "state": "WI",
        "boundaryType": "ward",
        "district": "336",
        "name": "336"
      },
      "geometry": {
        "type": "Polygon",
        "coordinates": [
          [
            [
              -87.94158689815713,
              43.03868762826801
            ],
            [
              -87.941614680885,
              43.03749065975792
            ],
            [
              -87.93790411824368,
              43.03748518932096
            ],
            [
              -87.93791352999176,
              43.03611960803457
            ],
            [
              -87.932912638319,
              43.03610848071988
            ],
            [
              -87.9329587311457,
              43.03866833345377
            ],
            [
              -87.94158689815713,
              43.03868762826801
            ]
          ]
        ]
      }
    },
    {
      "type": "Feature",
      "properties": {
        "placeFips": "5553000",
        "city": "Milwaukee",
        "state": "WI",
        "boundaryType": "ward",
        "district": "338",
        "name": "338"
      },
      "geometry": {
        "type": "Polygon",
        "coordinates": [
          [
            [
              -87.96777600010398,
              43.02657799984861
            ],
            [
              -87.96783021341568,
              43.02415682236377
            ],
            [
              -87.96240718283542,
              43.02416494564224
            ],
            [
              -87.95769439461901,
              43.02428355433038
            ],
            [
              -87.9577438461066,
              43.032163970402856
            ],
            [
              -87.96217603222382,
              43.03227497032077
            ],
            [
              -87.96284803150454,
              43.03235597099813
            ],
            [
              -87.96340303120265,
              43.0324369712931
            ],
            [
              -87.96392403132654,
              43.032575970964245
            ],
            [
              -87.96560803058676,
              43.032960971113006
            ],
            [
              -87.96674103124734,
              43.033284971143345
            ],
            [
              -87.96706703053167,
              43.033417971070634
            ],
            [
              -87.9680430312743,
              43.033557970923056
            ],
            [
              -87.96845697387327,
              43.03358433906936
            ],
            [
              -87.96840297504707,
              43.03289442692268
            ],
            [
              -87.96780051001048,
              43.03014624558218
            ],
            [
              -87.96776982952822,
              43.02990858663902
            ],
            [
              -87.96777600010398,
              43.02657799984861
            ]
          ]
        ]
      }
    },
    {
      "type": "Feature",
      "properties": {
        "placeFips": "5553000",
        "city": "Milwaukee",
        "state": "WI",
        "boundaryType": "ward",
        "district": "339",
        "name": "339"
      },
      "geometry": {
        "type": "Polygon",
        "coordinates": [
          [
            [
              -87.93298330244221,
              43.031434392213825
            ],
            [
              -87.93302584039724,
              43.024717878475165
            ],
            [
              -87.93302629771294,
              43.02423094218064
            ],
            [
              -87.93299731793392,
              43.023998598613325
            ],
            [
              -87.93299228779425,
              43.02298996696283
            ],
            [
              -87.92927267748485,
              43.023167005498024
            ],
            [
              -87.92808810727392,
              43.02320257495748
            ],
            [
              -87.92534370816776,
              43.02321154360207
            ],
            [
              -87.92533328872148,
              43.025330362384885
            ],
            [
              -87.92253234165746,
              43.02531509838444
            ],
            [
              -87.92253274770367,
              43.026185009943966
            ],
            [
              -87.92250981026176,
              43.02644158077253
            ],
            [
              -87.92076818430652,
              43.02845149610869
            ],
            [
              -87.92246146912653,
              43.02831568839245
            ],
            [
              -87.92247643991719,
              43.028547558606576
            ],
            [
              -87.92246108258685,
              43.03136218423377
            ],
            [
              -87.93298330244221,
              43.031434392213825
            ]
          ]
        ]
      }
    },
    {
      "type": "Feature",
      "properties": {
        "placeFips": "5553000",
        "city": "Milwaukee",
        "state": "WI",
        "boundaryType": "ward",
        "district": "337",
        "name": "337"
      },
      "geometry": {
        "type": "Polygon",
        "coordinates": [
          [
            [
              -87.9329665158894,
              43.03278123553654
            ],
            [
              -87.93298330244221,
              43.031434392213825
            ],
            [
              -87.92246108258685,
              43.03136218423377
            ],
            [
              -87.92240378701993,
              43.03144203037668
            ],
            [
              -87.92239245740002,
              43.032157617584865
            ],
            [
              -87.92786059050381,
              43.03206193867475
            ],
            [
              -87.9292738459631,
              43.03248684563474
            ],
            [
              -87.9329665158894,
              43.03278123553654
            ]
          ]
        ]
      }
    },
    {
      "type": "Feature",
      "properties": {
        "placeFips": "5553000",
        "city": "Milwaukee",
        "state": "WI",
        "boundaryType": "ward",
        "district": "340",
        "name": "340"
      },
      "geometry": {
        "type": "Polygon",
        "coordinates": [
          [
            [
              -87.90543447563705,
              43.02775856749726
            ],
            [
              -87.90531209278109,
              43.02763374362916
            ],
            [
              -87.90404092573938,
              43.026104204717576
            ],
            [
              -87.90383768110729,
              43.02542281633739
            ],
            [
              -87.90383267186766,
              43.025322231768186
            ],
            [
              -87.90279005068544,
              43.02548396862502
            ],
            [
              -87.90483998330464,
              43.028051692692706
            ],
            [
              -87.90543447563705,
              43.02775856749726
            ]
          ]
        ]
      }
    },
    {
      "type": "Feature",
      "properties": {
        "placeFips": "5553000",
        "city": "Milwaukee",
        "state": "WI",
        "boundaryType": "ward",
        "district": "341",
        "name": "341"
      },
      "geometry": {
        "type": "Polygon",
        "coordinates": [
          [
            [
              -87.90398785899583,
              43.01402635430082
            ],
            [
              -87.90212450381217,
              43.01700072448518
            ],
            [
              -87.90472605026017,
              43.02188296924996
            ],
            [
              -87.9047230507516,
              43.022949969541045
            ],
            [
              -87.90330404955195,
              43.02419396881509
            ],
            [
              -87.9023700497996,
              43.02512096885846
            ],
            [
              -87.90279005068544,
              43.02548396862502
            ],
            [
              -87.90383267186766,
              43.025322231768186
            ],
            [
              -87.9038240649972,
              43.02514936103634
            ],
            [
              -87.90406942287976,
              43.02458877980505
            ],
            [
              -87.9046203390209,
              43.024098515031234
            ],
            [
              -87.9056222155999,
              43.02301673335968
            ],
            [
              -87.90592086689483,
              43.02219296258803
            ],
            [
              -87.90582521935458,
              43.022192776852194
            ],
            [
              -87.90601256851625,
              43.021370091182504
            ],
            [
              -87.90569484479815,
              43.02084104563783
            ],
            [
              -87.90543169908894,
              43.02045160157411
            ],
            [
              -87.90514525578268,
              43.02007111188514
            ],
            [
              -87.90472807262522,
              43.01957901325537
            ],
            [
              -87.90739184191668,
              43.019585604667064
            ],
            [
              -87.90739942471173,
              43.019363861506925
            ],
            [
              -87.90445963163786,
              43.01933801567071
            ],
            [
              -87.90339902970668,
              43.01825101113218
            ],
            [
              -87.9035127096451,
              43.018125641305794
            ],
            [
              -87.9036500154172,
              43.01806208200602
            ],
            [
              -87.90759868361803,
              43.01804993227251
            ],
            [
              -87.90758777845004,
              43.01780424066672
            ],
            [
              -87.90302209141754,
              43.01782898119345
            ],
            [
              -87.90291503503073,
              43.01776091067968
            ],
            [
              -87.90280615325354,
              43.017182948741706
            ],
            [
              -87.90406522024388,
              43.01486613805383
            ],
            [
              -87.90443516470064,
              43.014150119489926
            ],
            [
              -87.90398785899583,
              43.01402635430082
            ]
          ]
        ]
      }
    },
    {
      "type": "Feature",
      "properties": {
        "placeFips": "5553000",
        "city": "Milwaukee",
        "state": "WI",
        "boundaryType": "ward",
        "district": "342",
        "name": "342"
      },
      "geometry": {
        "type": "Polygon",
        "coordinates": [
          [
            [
              -87.91207180619061,
              43.00301279944686
            ],
            [
              -87.91194171811682,
              43.00286545506839
            ],
            [
              -87.90896798797094,
              43.002883033196575
            ],
            [
              -87.90888381381951,
              43.00774235981846
            ],
            [
              -87.90833967015726,
              43.00827307217617
            ],
            [
              -87.90981300625906,
              43.01104409495421
            ],
            [
              -87.91113972945186,
              43.01106099862683
            ],
            [
              -87.9112020344532,
              43.00835220542872
            ],
            [
              -87.91381530362028,
              43.00806292504289
            ],
            [
              -87.91395578062156,
              43.00649194492898
            ],
            [
              -87.91397379011441,
              43.0064918964892
            ],
            [
              -87.91401704902204,
              43.00521597269992
            ],
            [
              -87.91207180619061,
              43.00301279944686
            ]
          ]
        ]
      }
    },
    {
      "type": "Feature",
      "properties": {
        "placeFips": "5553000",
        "city": "Milwaukee",
        "state": "WI",
        "boundaryType": "ward",
        "district": "307",
        "name": "307"
      },
      "geometry": {
        "type": "Polygon",
        "coordinates": [
          [
            [
              -87.92619047431903,
              42.99554924165986
            ],
            [
              -87.92497827222799,
              42.995552405965434
            ],
            [
              -87.92493687559256,
              42.99763725213685
            ],
            [
              -87.92858150977487,
              42.997630274643335
            ],
            [
              -87.93356784644189,
              42.9977123764882
            ],
            [
              -87.93360793228635,
              42.99563154626281
            ],
            [
              -87.92862584580827,
              42.99554285001682
            ],
            [
              -87.92619047431903,
              42.99554924165986
            ]
          ]
        ]
      }
    },
    {
      "type": "Feature",
      "properties": {
        "placeFips": "5553000",
        "city": "Milwaukee",
        "state": "WI",
        "boundaryType": "ward",
        "district": "347",
        "name": "347"
      },
      "geometry": {
        "type": "Polygon",
        "coordinates": [
          [
            [
              -87.90931028929324,
              42.989177282247475
            ],
            [
              -87.9093190669735,
              42.98828377093358
            ],
            [
              -87.90439658062962,
              42.98829850739835
            ],
            [
              -87.90428074004905,
              42.99475157744777
            ],
            [
              -87.90425732211928,
              42.995220101914505
            ],
            [
              -87.9099663927272,
              42.99519522466184
            ],
            [
              -87.90999005061863,
              42.99374611246039
            ],
            [
              -87.91091097692306,
              42.99374132086072
            ],
            [
              -87.90932710925603,
              42.99069336207805
            ],
            [
              -87.90930207773683,
              42.9900135018353
            ],
            [
              -87.90931028929324,
              42.989177282247475
            ]
          ]
        ]
      }
    },
    {
      "type": "Feature",
      "properties": {
        "placeFips": "5553000",
        "city": "Milwaukee",
        "state": "WI",
        "boundaryType": "ward",
        "district": "283",
        "name": "283"
      },
      "geometry": {
        "type": "Polygon",
        "coordinates": [
          [
            [
              -87.91503105094449,
              42.98570797577989
            ],
            [
              -87.91605905062171,
              42.98366997658941
            ],
            [
              -87.91628005098674,
              42.98317197694427
            ],
            [
              -87.9164480508187,
              42.98266197662767
            ],
            [
              -87.9165743751858,
              42.98212389778764
            ],
            [
              -87.9155927096761,
              42.98233393388173
            ],
            [
              -87.9155792667924,
              42.98104883176237
            ],
            [
              -87.90948189960235,
              42.981038245977565
            ],
            [
              -87.90946000149032,
              42.984299082760074
            ],
            [
              -87.90941115070358,
              42.98812265420545
            ],
            [
              -87.90975189123682,
              42.98792060763927
            ],
            [
              -87.91285661731489,
              42.986212842831314
            ],
            [
              -87.91323273886985,
              42.98606872580001
            ],
            [
              -87.91348418852924,
              42.9860008289749
            ],
            [
              -87.91395680177219,
              42.985929235345246
            ],
            [
              -87.91439516383633,
              42.98591981111835
            ],
            [
              -87.91487706804863,
              42.9859819467478
            ],
            [
              -87.91503105094449,
              42.98570797577989
            ]
          ]
        ]
      }
    },
    {
      "type": "Feature",
      "properties": {
        "placeFips": "5553000",
        "city": "Milwaukee",
        "state": "WI",
        "boundaryType": "ward",
        "district": "343",
        "name": "343"
      },
      "geometry": {
        "type": "Polygon",
        "coordinates": [
          [
            [
              -88.00208496892063,
              42.98801568261383
            ],
            [
              -88.0021257000786,
              42.986743651694105
            ],
            [
              -88.00160173260929,
              42.98674663856218
            ],
            [
              -88.00144936910792,
              42.98641866380125
            ],
            [
              -88.00143822695415,
              42.98494553205526
            ],
            [
              -88.00092293172213,
              42.98441887155386
            ],
            [
              -87.99955251778525,
              42.9824971570677
            ],
            [
              -87.9992863139194,
              42.981706267165855
            ],
            [
              -87.9992432164512,
              42.981195621733974
            ],
            [
              -87.99925907764428,
              42.98107122299102
            ],
            [
              -87.99785397727727,
              42.981080950621106
            ],
            [
              -87.9977285733674,
              42.98835151050859
            ],
            [
              -88.00207105382759,
              42.9883176013289
            ],
            [
              -88.00208496892063,
              42.98801568261383
            ]
          ]
        ]
      }
    },
    {
      "type": "Feature",
      "properties": {
        "placeFips": "5553000",
        "city": "Milwaukee",
        "state": "WI",
        "boundaryType": "ward",
        "district": "344",
        "name": "344"
      },
      "geometry": {
        "type": "Polygon",
        "coordinates": [
          [
            [
              -87.97795057966054,
              42.98294688890329
            ],
            [
              -87.97795059590004,
              42.98293540306213
            ],
            [
              -87.97739555605004,
              42.983271909493745
            ],
            [
              -87.97703224291706,
              42.98296585314455
            ],
            [
              -87.97602439795573,
              42.98359039447661
            ],
            [
              -87.9759999721794,
              42.983569898084724
            ],
            [
              -87.97591457197889,
              42.98362282188255
            ],
            [
              -87.97593899278525,
              42.98364332000522
            ],
            [
              -87.9757651345835,
              42.98375105252398
            ],
            [
              -87.97611794352021,
              42.98404724953585
            ],
            [
              -87.97143274331991,
              42.986890253876986
            ],
            [
              -87.97141247518415,
              42.98750182198489
            ],
            [
              -87.97166563578574,
              42.98749919888381
            ],
            [
              -87.97168164505467,
              42.9870136439263
            ],
            [
              -87.97228179315957,
              42.98701487678389
            ],
            [
              -87.97226103163555,
              42.987864900577904
            ],
            [
              -87.97165343327138,
              42.987869384041886
            ],
            [
              -87.97166496423625,
              42.98751961991728
            ],
            [
              -87.97111324175656,
              42.98752532783223
            ],
            [
              -87.97112825623763,
              42.98707499965132
            ],
            [
              -87.97082344674502,
              42.98725994328242
            ],
            [
              -87.97080361752398,
              42.987876696812194
            ],
            [
              -87.97038711054424,
              42.987873772757276
            ],
            [
              -87.97039471337344,
              42.98751536795202
            ],
            [
              -87.96912824067171,
              42.98829231980532
            ],
            [
              -87.9691366351079,
              42.988359333800865
            ],
            [
              -87.97785183776368,
              42.98841951398266
            ],
            [
              -87.97795057966054,
              42.98294688890329
            ]
          ]
        ]
      }
    },
    {
      "type": "Feature",
      "properties": {
        "placeFips": "5553000",
        "city": "Milwaukee",
        "state": "WI",
        "boundaryType": "ward",
        "district": "345",
        "name": "345"
      },
      "geometry": {
        "type": "Polygon",
        "coordinates": [
          [
            [
              -87.96175822477403,
              42.98841719647852
            ],
            [
              -87.96052771153245,
              42.98843072820178
            ],
            [
              -87.96049091668513,
              42.99292196834308
            ],
            [
              -87.96094663495471,
              42.99333721916717
            ],
            [
              -87.96560271519955,
              42.990515523199065
            ],
            [
              -87.96787849444203,
              42.98907391910126
            ],
            [
              -87.96784692689084,
              42.992025824848966
            ],
            [
              -87.97032125277352,
              42.99203608171458
            ],
            [
              -87.97038090641152,
              42.98836796623601
            ],
            [
              -87.96788625872465,
              42.98834960421868
            ],
            [
              -87.96175822477403,
              42.98841719647852
            ]
          ]
        ]
      }
    },
    {
      "type": "Feature",
      "properties": {
        "placeFips": "5553000",
        "city": "Milwaukee",
        "state": "WI",
        "boundaryType": "ward",
        "district": "351",
        "name": "351"
      },
      "geometry": {
        "type": "Polygon",
        "coordinates": [
          [
            [
              -87.95391504785415,
              42.978526416715724
            ],
            [
              -87.95392446438662,
              42.97798233206581
            ],
            [
              -87.95329458223905,
              42.97844751860165
            ],
            [
              -87.95330543182553,
              42.978531151265365
            ],
            [
              -87.95391504785415,
              42.978526416715724
            ]
          ]
        ]
      }
    },
    {
      "type": "Feature",
      "properties": {
        "placeFips": "5553000",
        "city": "Milwaukee",
        "state": "WI",
        "boundaryType": "ward",
        "district": "268",
        "name": "268"
      },
      "geometry": {
        "type": "Polygon",
        "coordinates": [
          [
            [
              -87.97092401446446,
              42.975845051063686
            ],
            [
              -87.97133636076889,
              42.97582654966263
            ],
            [
              -87.97188817380221,
              42.975863701097055
            ],
            [
              -87.97235782244911,
              42.975949514559865
            ],
            [
              -87.97278675246257,
              42.97607486286317
            ],
            [
              -87.9729670387529,
              42.97587972156773
            ],
            [
              -87.97317733648563,
              42.97569273255014
            ],
            [
              -87.9735800435748,
              42.97602167987885
            ],
            [
              -87.97345826963777,
              42.97612670465214
            ],
            [
              -87.97350660245579,
              42.976166282912175
            ],
            [
              -87.97331599551089,
              42.97633061833583
            ],
            [
              -87.97349149842967,
              42.97647624205335
            ],
            [
              -87.97360087750339,
              42.976594774256384
            ],
            [
              -87.97368733410819,
              42.976724363687495
            ],
            [
              -87.97376175697009,
              42.9768800143882
            ],
            [
              -87.97382068708906,
              42.977117089200036
            ],
            [
              -87.97382894879061,
              42.97813097730078
            ],
            [
              -87.97377317795193,
              42.97840548321309
            ],
            [
              -87.9736712624419,
              42.978628980978144
            ],
            [
              -87.97556079011792,
              42.978633358284426
            ],
            [
              -87.97560892100351,
              42.97571918649296
            ],
            [
              -87.97807465014047,
              42.97572475836128
            ],
            [
              -87.97804164705767,
              42.977624125456906
            ],
            [
              -87.97989929452157,
              42.977626244510354
            ],
            [
              -87.97991051433324,
              42.97680769644944
            ],
            [
              -87.97994784657273,
              42.97680794359535
            ],
            [
              -87.97995393921005,
              42.97645369647744
            ],
            [
              -87.98044507075495,
              42.976451553123056
            ],
            [
              -87.98043229956644,
              42.977028341742255
            ],
            [
              -87.98114333256287,
              42.97702727461116
            ],
            [
              -87.98109037857715,
              42.980679048894004
            ],
            [
              -87.98015345458667,
              42.980672767618756
            ],
            [
              -87.98015107187096,
              42.98160124366653
            ],
            [
              -87.9808586050384,
              42.98115397801344
            ],
            [
              -87.98187491519093,
              42.98056619123809
            ],
            [
              -87.98359029730398,
              42.979528205311304
            ],
            [
              -87.98366225424687,
              42.973903598818325
            ],
            [
              -87.97482158762489,
              42.9739075129753
            ],
            [
              -87.9748245818467,
              42.97375766298725
            ],
            [
              -87.9733269226437,
              42.97375617609073
            ],
            [
              -87.9733455378552,
              42.972999143619816
            ],
            [
              -87.9731963772887,
              42.97299912160887
            ],
            [
              -87.9731867226459,
              42.97339139639933
            ],
            [
              -87.97238313343783,
              42.973392772019544
            ],
            [
              -87.97238191263673,
              42.973905467058664
            ],
            [
              -87.97039552799559,
              42.97390413778938
            ],
            [
              -87.97039361689262,
              42.97448460133881
            ],
            [
              -87.97017650077687,
              42.97448472146104
            ],
            [
              -87.97015776941613,
              42.97499694350621
            ],
            [
              -87.97068372162838,
              42.974996793119296
            ],
            [
              -87.97066698326194,
              42.97587429908605
            ],
            [
              -87.97092401446446,
              42.975845051063686
            ]
          ]
        ]
      }
    },
    {
      "type": "Feature",
      "properties": {
        "placeFips": "5553000",
        "city": "Milwaukee",
        "state": "WI",
        "boundaryType": "ward",
        "district": "352",
        "name": "352"
      },
      "geometry": {
        "type": "Polygon",
        "coordinates": [
          [
            [
              -87.92916809033733,
              42.9665366153647
            ],
            [
              -87.92716455156904,
              42.966549377462606
            ],
            [
              -87.92723804912288,
              42.96822298001118
            ],
            [
              -87.92743404974675,
              42.97097197923408
            ],
            [
              -87.92744104960455,
              42.97145397890352
            ],
            [
              -87.9273590495659,
              42.97217297860651
            ],
            [
              -87.92729304913564,
              42.97249297894819
            ],
            [
              -87.92721104827426,
              42.972823978103214
            ],
            [
              -87.9270670489391,
              42.97325797860801
            ],
            [
              -87.92686814113154,
              42.97376895484643
            ],
            [
              -87.92911432057338,
              42.973769704533176
            ],
            [
              -87.92916809033733,
              42.9665366153647
            ]
          ]
        ]
      }
    },
    {
      "type": "Feature",
      "properties": {
        "placeFips": "5553000",
        "city": "Milwaukee",
        "state": "WI",
        "boundaryType": "ward",
        "district": "317",
        "name": "317"
      },
      "geometry": {
        "type": "Polygon",
        "coordinates": [
          [
            [
              -88.07101583761948,
              43.121532418894354
            ],
            [
              -88.06545599151488,
              43.120656172235
            ],
            [
              -88.06524346364289,
              43.125421458215314
            ],
            [
              -88.07023793996908,
              43.12548496797763
            ],
            [
              -88.07032020038936,
              43.1227606602889
            ],
            [
              -88.0707490678559,
              43.122387737753186
            ],
            [
              -88.07101583761948,
              43.121532418894354
            ]
          ]
        ]
      }
    },
    {
      "type": "Feature",
      "properties": {
        "placeFips": "5553000",
        "city": "Milwaukee",
        "state": "WI",
        "boundaryType": "ward",
        "district": "316",
        "name": "316"
      },
      "geometry": {
        "type": "Polygon",
        "coordinates": [
          [
            [
              -88.0633524885247,
              43.192126568931094
            ],
            [
              -88.06338389765875,
              43.19477274413109
            ],
            [
              -88.06737278285196,
              43.19475528979363
            ],
            [
              -88.0645715867077,
              43.192121248502445
            ],
            [
              -88.0633524885247,
              43.192126568931094
            ]
          ]
        ]
      }
    },
    {
      "type": "Feature",
      "properties": {
        "placeFips": "5553000",
        "city": "Milwaukee",
        "state": "WI",
        "boundaryType": "ward",
        "district": "350",
        "name": "350"
      },
      "geometry": {
        "type": "Polygon",
        "coordinates": [
          [
            [
              -87.95455401925389,
              42.98048662225751
            ],
            [
              -87.95455690906854,
              42.98032211248028
            ],
            [
              -87.95388389461714,
              42.980326777454735
            ],
            [
              -87.95387745745607,
              42.98069852981645
            ],
            [
              -87.9532649436843,
              42.98070272067619
            ],
            [
              -87.95323055928394,
              42.98123312405444
            ],
            [
              -87.95448522704945,
              42.98122483273476
            ],
            [
              -87.95449793615204,
              42.98048700968399
            ],
            [
              -87.95455401925389,
              42.98048662225751
            ]
          ]
        ]
      }
    },
    {
      "type": "Feature",
      "properties": {
        "placeFips": "5553000",
        "city": "Milwaukee",
        "state": "WI",
        "boundaryType": "ward",
        "district": "355",
        "name": "355"
      },
      "geometry": {
        "type": "Polygon",
        "coordinates": [
          [
            [
              -87.90292451633957,
              42.98102592900346
            ],
            [
              -87.90058471784872,
              42.98102147501422
            ],
            [
              -87.90056371009125,
              42.982427304059044
            ],
            [
              -87.90291736587331,
              42.98243419881266
            ],
            [
              -87.90292451633957,
              42.98102592900346
            ]
          ]
        ]
      }
    },
    {
      "type": "Feature",
      "properties": {
        "placeFips": "5553000",
        "city": "Milwaukee",
        "state": "WI",
        "boundaryType": "ward",
        "district": "356",
        "name": "356"
      },
      "geometry": {
        "type": "Polygon",
        "coordinates": [
          [
            [
              -87.90063652807622,
              42.97831925892459
            ],
            [
              -87.90058471784872,
              42.98102147501422
            ],
            [
              -87.90558891151575,
              42.98103094006618
            ],
            [
              -87.90568445207371,
              42.978336053347945
            ],
            [
              -87.90063652807622,
              42.97831925892459
            ]
          ]
        ]
      }
    }
  ]
}
