{
  "type": "FeatureCollection",
  "features": [
    {
      "type": "Feature",
      "properties": {
        "placeFips": "0455000",
        "city": "Phoenix",
        "state": "AZ",
        "boundaryType": "council-district",
        "district": "4",
        "name": "Councilmember Laura Pastor"
      },
      "geometry": {
        "type": "Polygon",
        "coordinates": [
          [
            [
              -112.19144328581737,
              33.487734180375774
            ],
            [
              -112.19140164923415,
              33.4860244474748
            ],
            [
              -112.19135392703626,
              33.48576790540805
            ],
            [
              -112.19123613462902,
              33.48551309743391
            ],
            [
              -112.1900437818937,
              33.48356880907902
            ],
            [
              -112.19174275235183,
              33.48283348023414
            ],
            [
              -112.19083990462498,
              33.481347168671704
            ],
            [
              -112.19078632850967,
              33.48120292699193
            ],
            [
              -112.19074959396524,
              33.4810410415799
            ],
            [
              -112.19073023408885,
              33.48049229219779
            ],
            [
              -112.1863846758728,
              33.480545836703826
            ],
            [
              -112.18640142118458,
              33.47314433421332
            ],
            [
              -112.18597699948836,
              33.473259999492626
            ],
            [
              -112.16903100018443,
              33.47329499876922
            ],
            [
              -112.16890903871641,
              33.46297331094446
            ],
            [
              -112.16044073775562,
              33.46262391030962
            ],
            [
              -112.15181949515811,
              33.46203689634493
            ],
            [
              -112.15176332448175,
              33.45136948129441
            ],
            [
              -112.1345191191436,
              33.45141781668252
            ],
            [
              -112.12602553175678,
              33.451339286753836
            ],
            [
              -112.11752292690386,
              33.451086390612375
            ],
            [
              -112.11724467946563,
              33.46174025576691
            ],
            [
              -112.10000605782432,
              33.46221400105796
            ],
            [
              -112.10003738748371,
              33.458595186953595
            ],
            [
              -112.09342757959442,
              33.4586282606451
            ],
            [
              -112.093427556835,
              33.458613864152625
            ],
            [
              -112.09021256285985,
              33.458640504006205
            ],
            [
              -112.08255692745043,
              33.458655207290306
            ],
            [
              -112.08266311640675,
              33.46582807113921
            ],
            [
              -112.07385087694463,
              33.46573764230754
            ],
            [
              -112.06561046457715,
              33.465719534013616
            ],
            [
              -112.04152162902108,
              33.46576626934344
            ],
            [
              -112.01291799967136,
              33.46573199928632
            ],
            [
              -112.01290900009154,
              33.47311199943321
            ],
            [
              -112.0215690002162,
              33.47307299889044
            ],
            [
              -112.02155400050901,
              33.48039799892625
            ],
            [
              -112.03019207186716,
              33.48029916322773
            ],
            [
              -112.03021447119472,
              33.49845460354126
            ],
            [
              -112.04370564318019,
              33.49835968730226
            ],
            [
              -112.04366787420658,
              33.50400360892405
            ],
            [
              -112.04371059574024,
              33.50442439340913
            ],
            [
              -112.04377786178652,
              33.50477410016429
            ],
            [
              -112.04423402047854,
              33.50635292389586
            ],
            [
              -112.04434600457306,
              33.50692066667408
            ],
            [
              -112.0443855301437,
              33.50748092873181
            ],
            [
              -112.0443722056423,
              33.50923732220504
            ],
            [
              -112.06500624116498,
              33.50922894449071
            ],
            [
              -112.0649995127229,
              33.51637932759203
            ],
            [
              -112.0824547864942,
              33.51660129407413
            ],
            [
              -112.08244153025507,
              33.53835601202712
            ],
            [
              -112.09957499999483,
              33.53864199922988
            ],
            [
              -112.09970267923556,
              33.52413844443514
            ],
            [
              -112.1122707411333,
              33.52405520472633
            ],
            [
              -112.11237482641792,
              33.50950550462607
            ],
            [
              -112.1341768786133,
              33.509450082855196
            ],
            [
              -112.13427241662781,
              33.49495795582149
            ],
            [
              -112.16887089465457,
              33.494949839126775
            ],
            [
              -112.1689242519272,
              33.488008355597486
            ],
            [
              -112.17590484366356,
              33.48788966642751
            ],
            [
              -112.17641803439334,
              33.48792697781148
            ],
            [
              -112.17669307745086,
              33.48798781621076
            ],
            [
              -112.17699581802272,
              33.48811769162442
            ],
            [
              -112.17774501642026,
              33.48853640529386
            ],
            [
              -112.17775594850525,
              33.4877688624073
            ],
            [
              -112.18640947116397,
              33.487801445309955
            ],
            [
              -112.19144328581737,
              33.487734180375774
            ]
          ],
          [
            [
              -112.06331407127786,
              33.4872470315184
            ],
            [
              -112.05635712607119,
              33.487237888457095
            ],
            [
              -112.05636263395382,
              33.48166902165757
            ],
            [
              -112.06112877217781,
              33.48167000872372
            ],
            [
              -112.06112559897659,
              33.482569833855244
            ],
            [
              -112.06332103082066,
              33.482566277143675
            ],
            [
              -112.06331407127786,
              33.4872470315184
            ]
          ]
        ]
      }
    },
    {
      "type": "Feature",
      "properties": {
        "placeFips": "0455000",
        "city": "Phoenix",
        "state": "AZ",
        "boundaryType": "council-district",
        "district": "6",
        "name": "Councilmember Kevin Robinson"
      },
      "geometry": {
        "type": "Polygon",
        "coordinates": [
          [
            [
              -112.15170908698146,
              33.3194952808485
            ],
            [
              -112.15172535474467,
              33.30784303400292
            ],
            [
              -112.14818385616219,
              33.30487346911382
            ],
            [
              -112.1431273204254,
              33.30068334578744
            ],
            [
              -112.13445431969053,
              33.291582936928805
            ],
            [
              -112.13325149950506,
              33.29044459703668
            ],
            [
              -112.12584307397529,
              33.29045016479004
            ],
            [
              -112.10046149896672,
              33.29056442022512
            ],
            [
              -112.09073543775209,
              33.29058890708675
            ],
            [
              -112.04566279864417,
              33.29066954689626
            ],
            [
              -112.0317902531516,
              33.29068467699141
            ],
            [
              -112.02313779709678,
              33.29067755931523
            ],
            [
              -112.0144801780195,
              33.29070311069393
            ],
            [
              -111.99707710378392,
              33.290703093554896
            ],
            [
              -111.97220207921421,
              33.290747932877096
            ],
            [
              -111.97237261692845,
              33.29176401654382
            ],
            [
              -111.9725013875793,
              33.29271595546406
            ],
            [
              -111.97259843111414,
              33.29371826789149
            ],
            [
              -111.97265336036303,
              33.29461979980783
            ],
            [
              -111.97268245822444,
              33.29588906722143
            ],
            [
              -111.9726944006676,
              33.30289823970455
            ],
            [
              -111.97332106154094,
              33.30513075683415
            ],
            [
              -111.97332148768302,
              33.30555230300395
            ],
            [
              -111.97269339934792,
              33.3078432254456
            ],
            [
              -111.97270207624099,
              33.312600806180846
            ],
            [
              -111.97276118315793,
              33.31988711028992
            ],
            [
              -111.97269457299575,
              33.33449801360941
            ],
            [
              -111.97272486783699,
              33.343505411047516
            ],
            [
              -111.97269800611691,
              33.34479386690012
            ],
            [
              -111.97262183586622,
              33.3462295093982
            ],
            [
              -111.9731595222242,
              33.348531127610165
            ],
            [
              -111.97315521881353,
              33.34936732545284
            ],
            [
              -111.97262023989231,
              33.35044123489755
            ],
            [
              -111.97188168272147,
              33.35244559963725
            ],
            [
              -111.97158168308286,
              33.35400713200721
            ],
            [
              -111.97102584767038,
              33.35645637005171
            ],
            [
              -111.97029326605859,
              33.359347635957924
            ],
            [
              -111.96999739690312,
              33.36045847136937
            ],
            [
              -111.96968284566084,
              33.3617682447184
            ],
            [
              -111.9694410323269,
              33.362898436734845
            ],
            [
              -111.96918559701942,
              33.364235096640016
            ],
            [
              -111.96898484149841,
              33.36540370641337
            ],
            [
              -111.96881758856627,
              33.366584918356665
            ],
            [
              -111.9686877334058,
              33.367747019498196
            ],
            [
              -111.9685900868759,
              33.368936822789806
            ],
            [
              -111.96853414170614,
              33.36997687976023
            ],
            [
              -111.96850686457357,
              33.370935529616006
            ],
            [
              -111.96850053636537,
              33.37427234642339
            ],
            [
              -111.96879753374864,
              33.37699302244458
            ],
            [
              -111.96879477492645,
              33.37728319102344
            ],
            [
              -111.97005488987992,
              33.37749308534527
            ],
            [
              -111.97033998104614,
              33.37751764046349
            ],
            [
              -111.9707374146526,
              33.37751548060722
            ],
            [
              -111.97349703115047,
              33.37731571066491
            ],
            [
              -111.9738345532346,
              33.3772261301694
            ],
            [
              -111.97494624335533,
              33.37680943420978
            ],
            [
              -111.97494615278241,
              33.37677676611592
            ],
            [
              -111.97516344112333,
              33.37671942591606
            ],
            [
              -111.97564150339507,
              33.37670811225756
            ],
            [
              -111.97653068337657,
              33.37677791198672
            ],
            [
              -111.97697367723968,
              33.376751916702325
            ],
            [
              -111.97740266270932,
              33.37666742990731
            ],
            [
              -111.97806241844395,
              33.376655985432
            ],
            [
              -111.97819279607407,
              33.37667833744815
            ],
            [
              -111.9781828224421,
              33.37840191929556
            ],
            [
              -111.97821874856935,
              33.37843202949032
            ],
            [
              -111.97821286552764,
              33.38001919244628
            ],
            [
              -111.97817846796204,
              33.3800193077835
            ],
            [
              -111.97816497302229,
              33.38366103541055
            ],
            [
              -111.97824851667193,
              33.383660752330165
            ],
            [
              -111.97824210711983,
              33.38534220343238
            ],
            [
              -111.97822531416257,
              33.38536595832349
            ],
            [
              -111.97819306170872,
              33.385371682146676
            ],
            [
              -111.9781622447242,
              33.39256396167467
            ],
            [
              -111.97812937190199,
              33.392591618076665
            ],
            [
              -111.97847340627094,
              33.392589798890256
            ],
            [
              -111.97838516290338,
              33.40737224463628
            ],
            [
              -111.97836961695563,
              33.421984320079005
            ],
            [
              -111.97849859869454,
              33.43652865139145
            ],
            [
              -111.9613456378803,
              33.43617239130139
            ],
            [
              -111.96117162799572,
              33.443800674652394
            ],
            [
              -111.96113313680813,
              33.448901051164
            ],
            [
              -111.9574870161519,
              33.44888331972066
            ],
            [
              -111.95740587661876,
              33.44886568206376
            ],
            [
              -111.95731705553978,
              33.4487987003312
            ],
            [
              -111.9572480313091,
              33.44877700274309
            ],
            [
              -111.95617690272972,
              33.448769303677295
            ],
            [
              -111.95604000702947,
              33.448733280043726
            ],
            [
              -111.95596118718606,
              33.448687418334224
            ],
            [
              -111.95588073612714,
              33.44860429966575
            ],
            [
              -111.955794030815,
              33.448469411696834
            ],
            [
              -111.95566816632984,
              33.4483924108298
            ],
            [
              -111.95554563459683,
              33.448371344070964
            ],
            [
              -111.95497612519546,
              33.44836728963752
            ],
            [
              -111.95481077205862,
              33.44831534847293
            ],
            [
              -111.9547213259128,
              33.44823730569072
            ],
            [
              -111.95466555596907,
              33.44811028920413
            ],
            [
              -111.95463804452893,
              33.4446912092667
            ],
            [
              -111.95404009681236,
              33.444598979027106
            ],
            [
              -111.95270185623521,
              33.44740209155014
            ],
            [
              -111.95251146741303,
              33.447665244484945
            ],
            [
              -111.95218690451152,
              33.44801012261962
            ],
            [
              -111.95212553730391,
              33.44811497747743
            ],
            [
              -111.95208516682605,
              33.448223775762685
            ],
            [
              -111.95206324422442,
              33.44836380102188
            ],
            [
              -111.95206376828776,
              33.44850735814727
            ],
            [
              -111.9511470648778,
              33.44733583290931
            ],
            [
              -111.9438555708513,
              33.44733888495044
            ],
            [
              -111.94146504532786,
              33.44735761666926
            ],
            [
              -111.94045523202229,
              33.44931618608496
            ],
            [
              -111.93997092861714,
              33.45006380153639
            ],
            [
              -111.94041005312562,
              33.45095192242088
            ],
            [
              -111.94087207735515,
              33.451620592742614
            ],
            [
              -111.94181625597315,
              33.45230545364904
            ],
            [
              -111.94318326437008,
              33.454960109304594
            ],
            [
              -111.94288428240944,
              33.455940769157245
            ],
            [
              -111.94209238418397,
              33.45654542175439
            ],
            [
              -111.94198655445072,
              33.456708447484544
            ],
            [
              -111.9420183712967,
              33.45879974370615
            ],
            [
              -111.94160963992604,
              33.461491672687345
            ],
            [
              -111.94042544638643,
              33.46338193165531
            ],
            [
              -111.93942040084488,
              33.46436809107368
            ],
            [
              -111.93909963900074,
              33.465323194665395
            ],
            [
              -111.94025383209377,
              33.46532222481202
            ],
            [
              -111.9411393384159,
              33.465351516203526
            ],
            [
              -111.94290399753346,
              33.46548769424511
            ],
            [
              -111.94339998676463,
              33.46554212757908
            ],
            [
              -111.94342075251868,
              33.47293307050656
            ],
            [
              -111.96086245229824,
              33.47276426192395
            ],
            [
              -111.9608239400683,
              33.4801389725097
            ],
            [
              -111.95718678381597,
              33.480178180921236
            ],
            [
              -111.95419301863036,
              33.48160159336052
            ],
            [
              -111.95355200854128,
              33.481803870550465
            ],
            [
              -111.95334952635798,
              33.48184944651417
            ],
            [
              -111.95317301032837,
              33.48186479862968
            ],
            [
              -111.95296367719882,
              33.48185504603978
            ],
            [
              -111.95279028040929,
              33.4818233858136
            ],
            [
              -111.95256141833283,
              33.48175647965098
            ],
            [
              -111.95234384687168,
              33.4816668939345
            ],
            [
              -111.95209050639639,
              33.481522819483956
            ],
            [
              -111.9519156007125,
              33.48139771648197
            ],
            [
              -111.95176738236498,
              33.481475235978934
            ],
            [
              -111.95180991657574,
              33.48150278159603
            ],
            [
              -111.95172289514137,
              33.48172546323083
            ],
            [
              -111.95161237355626,
              33.48194044461944
            ],
            [
              -111.95149470952666,
              33.48197760511978
            ],
            [
              -111.95130625660279,
              33.48222895551238
            ],
            [
              -111.95122417394019,
              33.482296008785674
            ],
            [
              -111.95108617939353,
              33.482371310940096
            ],
            [
              -111.9506525935311,
              33.4825135191183
            ],
            [
              -111.95017433894465,
              33.48260227894808
            ],
            [
              -111.94984628924412,
              33.482625923138315
            ],
            [
              -111.9490277661775,
              33.482633626352836
            ],
            [
              -111.9490133469025,
              33.48479014285306
            ],
            [
              -111.94925594392781,
              33.48478787464985
            ],
            [
              -111.94957831109791,
              33.48505310109952
            ],
            [
              -111.9495753180611,
              33.485430392522694
            ],
            [
              -111.9498929135986,
              33.485429785700816
            ],
            [
              -111.94986241913037,
              33.48649280395939
            ],
            [
              -111.9498537160456,
              33.487563334538564
            ],
            [
              -111.95199211385085,
              33.48757696410244
            ],
            [
              -111.95196639151614,
              33.490988332958295
            ],
            [
              -111.9495577396086,
              33.49043375117209
            ],
            [
              -111.94868206688868,
              33.490300601630175
            ],
            [
              -111.9473462234149,
              33.490251515781104
            ],
            [
              -111.94408164288767,
              33.49057247952049
            ],
            [
              -111.94329674096579,
              33.49079407562825
            ],
            [
              -111.94318852024007,
              33.490839821129846
            ],
            [
              -111.94319155914695,
              33.49156639525563
            ],
            [
              -111.9431676661494,
              33.49156669792709
            ],
            [
              -111.9431822036716,
              33.49653649097731
            ],
            [
              -111.94318296649412,
              33.49655340661321
            ],
            [
              -111.94320312097591,
              33.49655314982409
            ],
            [
              -111.94319477931944,
              33.50174783624306
            ],
            [
              -111.94330081932645,
              33.50174868813773
            ],
            [
              -111.94328722614007,
              33.505396000108355
            ],
            [
              -111.94225819875825,
              33.50539046683078
            ],
            [
              -111.94226758243558,
              33.502828218578856
            ],
            [
              -111.94003245553105,
              33.50286178848874
            ],
            [
              -111.94000059425481,
              33.507946114722415
            ],
            [
              -111.94066382065223,
              33.507949714733925
            ],
            [
              -111.94067467830288,
              33.50841854448605
            ],
            [
              -111.94118390246894,
              33.50841069200171
            ],
            [
              -111.94119793999269,
              33.50918684514816
            ],
            [
              -111.94340846710223,
              33.50916133958969
            ],
            [
              -111.94337026510176,
              33.516411365455305
            ],
            [
              -111.94754332892325,
              33.51626185263737
            ],
            [
              -111.94754604673723,
              33.516376194640195
            ],
            [
              -111.95188790013478,
              33.51622383779519
            ],
            [
              -111.96035182554745,
              33.51576488412592
            ],
            [
              -111.96938653889252,
              33.516086361893564
            ],
            [
              -111.9694011688808,
              33.52206096906819
            ],
            [
              -111.97370892058315,
              33.522061501078014
            ],
            [
              -111.97372369334644,
              33.523691809442276
            ],
            [
              -111.98643414456733,
              33.523689438368585
            ],
            [
              -111.98643545191459,
              33.523625574474515
            ],
            [
              -111.98660957196412,
              33.523626490677884
            ],
            [
              -111.98691072619103,
              33.52371202417099
            ],
            [
              -111.98714848159945,
              33.52382496745453
            ],
            [
              -111.98736903304719,
              33.52399091697848
            ],
            [
              -111.98769678975792,
              33.524330002339575
            ],
            [
              -111.98782779661332,
              33.524422942856695
            ],
            [
              -111.98799212212528,
              33.52450993814023
            ],
            [
              -111.9882025962831,
              33.52458488251422
            ],
            [
              -111.9884488409788,
              33.524637433956066
            ],
            [
              -111.98877324090687,
              33.52468439674137
            ],
            [
              -111.9891012924248,
              33.524707496903495
            ],
            [
              -111.98951023055432,
              33.52470217334887
            ],
            [
              -111.99006970425906,
              33.52464824475909
            ],
            [
              -111.99045268058434,
              33.524635555842586
            ],
            [
              -111.99080338988156,
              33.524649667978075
            ],
            [
              -111.99188421619812,
              33.52474354869104
            ],
            [
              -111.99211343780351,
              33.524741944032385
            ],
            [
              -111.99234071303185,
              33.52471695208609
            ],
            [
              -111.99257340216816,
              33.52466599853391
            ],
            [
              -111.99278791068936,
              33.5245939453366
            ],
            [
              -111.9946690049936,
              33.52380255759186
            ],
            [
              -111.99483941572208,
              33.52375811312186
            ],
            [
              -111.99502615960554,
              33.52374434172154
            ],
            [
              -111.99505746684162,
              33.5237260094735
            ],
            [
              -111.99513324425403,
              33.517417852121504
            ],
            [
              -111.99515041921438,
              33.51355719377196
            ],
            [
              -111.99969736710425,
              33.51360012671281
            ],
            [
              -111.99969976375583,
              33.51347443191356
            ],
            [
              -112.0016455050152,
              33.51453377296477
            ],
            [
              -112.00585943234164,
              33.51556628664444
            ],
            [
              -112.00607118964669,
              33.5156306157875
            ],
            [
              -112.00767876683386,
              33.516369221058184
            ],
            [
              -112.00981781487422,
              33.51728718972132
            ],
            [
              -112.01265180205391,
              33.51846419972664
            ],
            [
              -112.01265531581934,
              33.51866894136035
            ],
            [
              -112.01291845479345,
              33.51877062920025
            ],
            [
              -112.01291594201024,
              33.531674794695014
            ],
            [
              -112.01295082544239,
              33.531673376273616
            ],
            [
              -112.01295180349041,
              33.53200596456545
            ],
            [
              -111.99527005463754,
              33.531963352950974
            ],
            [
              -111.99527210902981,
              33.53345782441714
            ],
            [
              -111.9951882763245,
              33.53358795169843
            ],
            [
              -111.99518600815058,
              33.53910135548193
            ],
            [
              -111.99531189806373,
              33.53910235311403
            ],
            [
              -111.99533784820099,
              33.5455572790283
            ],
            [
              -111.99546598515724,
              33.546323537291435
            ],
            [
              -111.99533830834693,
              33.553714888026825
            ],
            [
              -112.01294929048984,
              33.553701565895906
            ],
            [
              -112.02134151825985,
              33.552909716416536
            ],
            [
              -112.03025086959619,
              33.55290258126052
            ],
            [
              -112.03784111897802,
              33.55325005538514
            ],
            [
              -112.0383115176825,
              33.56053245461694
            ],
            [
              -112.04798637380085,
              33.560633743126175
            ],
            [
              -112.06099990129258,
              33.56054870788214
            ],
            [
              -112.06125553956883,
              33.560534252222176
            ],
            [
              -112.06174361814489,
              33.560458462675506
            ],
            [
              -112.06203087679607,
              33.56043917590126
            ],
            [
              -112.06431609543822,
              33.560436600413816
            ],
            [
              -112.06528150979149,
              33.56052162192503
            ],
            [
              -112.0652542214815,
              33.564137354646356
            ],
            [
              -112.06784023391273,
              33.56413488543731
            ],
            [
              -112.07389861728349,
              33.56408162056716
            ],
            [
              -112.07390532748225,
              33.552817115391825
            ],
            [
              -112.09962940722937,
              33.55310113519437
            ],
            [
              -112.09957499999483,
              33.53864199922988
            ],
            [
              -112.08244153025507,
              33.53835601202712
            ],
            [
              -112.0824547864942,
              33.51660129407413
            ],
            [
              -112.0649995127229,
              33.51637932759203
            ],
            [
              -112.06500624116498,
              33.50922894449071
            ],
            [
              -112.0443722056423,
              33.50923732220504
            ],
            [
              -112.0443855301437,
              33.50748092873181
            ],
            [
              -112.04434600457306,
              33.50692066667408
            ],
            [
              -112.04423402047854,
              33.50635292389586
            ],
            [
              -112.04377786178652,
              33.50477410016429
            ],
            [
              -112.04371059574024,
              33.50442439340913
            ],
            [
              -112.04366787420658,
              33.50400360892405
            ],
            [
              -112.04370564318019,
              33.49835968730226
            ],
            [
              -112.03021447119472,
              33.49845460354126
            ],
            [
              -112.03019580062276,
              33.4875612958949
            ],
            [
              -112.01294585892398,
              33.48786740511535
            ],
            [
              -112.01291000010947,
              33.48049099926673
            ],
            [
              -111.99549849035809,
              33.48047162447948
            ],
            [
              -111.98699755108521,
              33.48024950674465
            ],
            [
              -111.98258594032885,
              33.48017029912536
            ],
            [
              -111.98271743633252,
              33.46923264819335
            ],
            [
              -111.98224832793186,
              33.469005361669055
            ],
            [
              -111.98229773663203,
              33.46564315020348
            ],
            [
              -111.97846711223895,
              33.46563417507416
            ],
            [
              -111.97841333432345,
              33.44175387841705
            ],
            [
              -111.98027500002188,
              33.44271199941323
            ],
            [
              -111.97881663836672,
              33.43674973442104
            ],
            [
              -111.97850312282588,
              33.435336203688024
            ],
            [
              -111.97838976847294,
              33.41836769170294
            ],
            [
              -111.97842093216094,
              33.404512083661025
            ],
            [
              -111.97850050108327,
              33.39257875297133
            ],
            [
              -111.97818440807187,
              33.39258089021489
            ],
            [
              -111.97821266290657,
              33.38538096005262
            ],
            [
              -111.97824485380235,
              33.38536719659895
            ],
            [
              -111.97825876840484,
              33.38533903737331
            ],
            [
              -111.97826513984508,
              33.383643624190384
            ],
            [
              -111.97818137701321,
              33.38364400387368
            ],
            [
              -111.97819462934778,
              33.3800296171606
            ],
            [
              -111.97822917416197,
              33.38002949904072
            ],
            [
              -111.97823500665814,
              33.37842288347717
            ],
            [
              -111.97819956017698,
              33.37839319865742
            ],
            [
              -111.97820001439206,
              33.37818200753905
            ],
            [
              -111.99224295722775,
              33.37810720871208
            ],
            [
              -111.99228074872376,
              33.37444886680302
            ],
            [
              -111.99679078616278,
              33.37440108196082
            ],
            [
              -111.99681940271056,
              33.37434004640374
            ],
            [
              -111.996899795119,
              33.374340016111326
            ],
            [
              -111.99694378840731,
              33.3707524061028
            ],
            [
              -112.00566511298015,
              33.370755026441294
            ],
            [
              -112.01614122306556,
              33.370730514185496
            ],
            [
              -112.02296683447746,
              33.37063312696363
            ],
            [
              -112.02297291129571,
              33.36887356242505
            ],
            [
              -112.02677268337123,
              33.368820684310386
            ],
            [
              -112.02675111108559,
              33.367803836170204
            ],
            [
              -112.02676428685218,
              33.367740374537064
            ],
            [
              -112.02680041988003,
              33.3676835381648
            ],
            [
              -112.02685589683702,
              33.36763901013203
            ],
            [
              -112.02722672075579,
              33.36744636847172
            ],
            [
              -112.02739319014583,
              33.36732213986514
            ],
            [
              -112.02835584769008,
              33.36625166344432
            ],
            [
              -112.03164173283254,
              33.366687058911815
            ],
            [
              -112.03162858057595,
              33.36326168414001
            ],
            [
              -112.04019738241,
              33.36325336865785
            ],
            [
              -112.04019272617528,
              33.35601244605188
            ],
            [
              -112.04877442239,
              33.35600507769543
            ],
            [
              -112.04910636770931,
              33.34876645396221
            ],
            [
              -112.0659665702632,
              33.34885417815204
            ],
            [
              -112.08165667616694,
              33.34868394914488
            ],
            [
              -112.08217200157574,
              33.348496998833504
            ],
            [
              -112.08297600155753,
              33.348342998336896
            ],
            [
              -112.08305800105458,
              33.3483119984401
            ],
            [
              -112.08373900120463,
              33.34784499927592
            ],
            [
              -112.0842210008718,
              33.34756299850979
            ],
            [
              -112.08428300060064,
              33.347512998592876
            ],
            [
              -112.08433200030653,
              33.34745299814032
            ],
            [
              -112.0844180009006,
              33.347243997855614
            ],
            [
              -112.0845210003284,
              33.34708499808874
            ],
            [
              -112.08493300079009,
              33.3467349987996
            ],
            [
              -112.08525000094133,
              33.34644099921539
            ],
            [
              -112.08548900015245,
              33.34617299853028
            ],
            [
              -112.08560200191874,
              33.34596999947005
            ],
            [
              -112.08570700136535,
              33.34569699839714
            ],
            [
              -112.08581000014094,
              33.345381998040345
            ],
            [
              -112.08594400030768,
              33.344813997958646
            ],
            [
              -112.08604900058346,
              33.3444649981505
            ],
            [
              -112.08640300018907,
              33.343459998111044
            ],
            [
              -112.08655999998125,
              33.34309699881985
            ],
            [
              -112.08692300005626,
              33.34242399750365
            ],
            [
              -112.08706899980082,
              33.34203599899315
            ],
            [
              -112.08716599977436,
              33.34182999779254
            ],
            [
              -112.08726000135452,
              33.341680999001476
            ],
            [
              -112.08738600059017,
              33.34152399941477
            ],
            [
              -112.08751100130914,
              33.34139999846876
            ],
            [
              -112.08777200155795,
              33.341229998420296
            ],
            [
              -112.08856099964527,
              33.34085899793277
            ],
            [
              -112.08895900140853,
              33.34060599929564
            ],
            [
              -112.08917500022153,
              33.340381999016195
            ],
            [
              -112.08928299999778,
              33.34023499906899
            ],
            [
              -112.08936200096439,
              33.340074997828125
            ],
            [
              -112.0894420007567,
              33.33980999840065
            ],
            [
              -112.08949000147763,
              33.33972899897544
            ],
            [
              -112.08959500068752,
              33.33963699949774
            ],
            [
              -112.0897589999473,
              33.33955699801291
            ],
            [
              -112.0924030006693,
              33.33898299912846
            ],
            [
              -112.09364700082794,
              33.33884199782602
            ],
            [
              -112.0937640000488,
              33.33879899952982
            ],
            [
              -112.09382800021247,
              33.338757998289076
            ],
            [
              -112.09443300134745,
              33.338140998269274
            ],
            [
              -112.09450300035486,
              33.33803699869106
            ],
            [
              -112.09471200137834,
              33.33759499887035
            ],
            [
              -112.09475300001425,
              33.33743199901955
            ],
            [
              -112.09475000142945,
              33.337358999447865
            ],
            [
              -112.09466900105457,
              33.336895999343476
            ],
            [
              -112.09465600089432,
              33.33665699814821
            ],
            [
              -112.09470299982719,
              33.33643899940289
            ],
            [
              -112.09475000038731,
              33.336336998365766
            ],
            [
              -112.09496000084715,
              33.336046997168104
            ],
            [
              -112.09539700129297,
              33.335582998522746
            ],
            [
              -112.09551100032151,
              33.3354169987973
            ],
            [
              -112.09560200158137,
              33.33518899848763
            ],
            [
              -112.09565700148124,
              33.334856999075846
            ],
            [
              -112.0957040009669,
              33.33473599848223
            ],
            [
              -112.09586900157895,
              33.334507999475896
            ],
            [
              -112.09616999987371,
              33.33418999818411
            ],
            [
              -112.09636000008851,
              33.33402599871255
            ],
            [
              -112.09647500078425,
              33.33395099789777
            ],
            [
              -112.0969189997761,
              33.33370199807043
            ],
            [
              -112.09705700133361,
              33.33359599927375
            ],
            [
              -112.09766099988407,
              33.33327299845654
            ],
            [
              -112.09782000054552,
              33.33319699809143
            ],
            [
              -112.0981080007236,
              33.3330979993221
            ],
            [
              -112.09828899986384,
              33.3330899980688
            ],
            [
              -112.09845000084722,
              33.333119998027676
            ],
            [
              -112.0992200010851,
              33.333317998546505
            ],
            [
              -112.09943200136131,
              33.333345998002926
            ],
            [
              -112.0995470009089,
              33.33333999914072
            ],
            [
              -112.09966600101187,
              33.33331199869515
            ],
            [
              -112.1000189996696,
              33.333162997801224
            ],
            [
              -112.10033468361232,
              33.33306432361213
            ],
            [
              -112.10046925264881,
              33.33299689794727
            ],
            [
              -112.10045971587013,
              33.319572889832145
            ],
            [
              -112.15170908698146,
              33.3194952808485
            ]
          ],
          [
            [
              -111.97324390013478,
              33.348532026080775
            ],
            [
              -111.97276508776251,
              33.34647892816413
            ],
            [
              -111.97422409713114,
              33.347263347390744
            ],
            [
              -111.97445326678762,
              33.34736777787668
            ],
            [
              -111.97468286528127,
              33.34743597766557
            ],
            [
              -111.97494850274764,
              33.34747555406341
            ],
            [
              -111.97516275527212,
              33.34747947408301
            ],
            [
              -111.9753892806593,
              33.34745627782061
            ],
            [
              -111.97558012518613,
              33.3477757783314
            ],
            [
              -111.97570821231781,
              33.3480938647359
            ],
            [
              -111.97577605905174,
              33.34838881097611
            ],
            [
              -111.97580289118628,
              33.34876067147192
            ],
            [
              -111.97599537298072,
              33.348763061187555
            ],
            [
              -111.97597023528654,
              33.34837196360744
            ],
            [
              -111.97591422990105,
              33.348110268030695
            ],
            [
              -111.97584009646054,
              33.34788972548072
            ],
            [
              -111.97574628212959,
              33.34768274955137
            ],
            [
              -111.97559364481309,
              33.347422455013394
            ],
            [
              -111.97615616292777,
              33.34732932534263
            ],
            [
              -111.97647914859549,
              33.347293630845954
            ],
            [
              -111.97682793784132,
              33.347283268462554
            ],
            [
              -111.97715300227134,
              33.34730389422985
            ],
            [
              -111.97752108556634,
              33.34736331336659
            ],
            [
              -111.97787582924512,
              33.347457374724634
            ],
            [
              -111.9781847822805,
              33.34757477795296
            ],
            [
              -111.97848891872164,
              33.34772889709876
            ],
            [
              -111.97843521770874,
              33.34780565719279
            ],
            [
              -111.97844577173122,
              33.34881001349418
            ],
            [
              -111.97647257336136,
              33.34883056742359
            ],
            [
              -111.97647016663322,
              33.34876920227283
            ],
            [
              -111.97609913963528,
              33.348765139620944
            ],
            [
              -111.97609899378145,
              33.34918773808925
            ],
            [
              -111.97482328171542,
              33.34920212570577
            ],
            [
              -111.97323539188802,
              33.349360989567614
            ],
            [
              -111.97324390013478,
              33.348532026080775
            ]
          ]
        ]
      }
    },
    {
      "type": "Feature",
      "properties": {
        "placeFips": "0455000",
        "city": "Phoenix",
        "state": "AZ",
        "boundaryType": "council-district",
        "district": "3",
        "name": "Councilmember Debra Stark"
      },
      "geometry": {
        "type": "Polygon",
        "coordinates": [
          [
            [
              -111.99533830834693,
              33.553714888026825
            ],
            [
              -111.98656849697257,
              33.553718366456636
            ],
            [
              -111.98658328552878,
              33.561049175808776
            ],
            [
              -111.97777413505865,
              33.56098622556599
            ],
            [
              -111.97776800282605,
              33.56192888569719
            ],
            [
              -111.97758076599489,
              33.56192752445342
            ],
            [
              -111.97757642713022,
              33.564663726254665
            ],
            [
              -111.977625671053,
              33.5646638670231
            ],
            [
              -111.97760433144695,
              33.56815903645089
            ],
            [
              -111.97777524345713,
              33.58258444735604
            ],
            [
              -111.97357538279839,
              33.58257722658208
            ],
            [
              -111.97357658950033,
              33.58261845364986
            ],
            [
              -111.97136980976474,
              33.58261460312501
            ],
            [
              -111.97136991195151,
              33.58257337816158
            ],
            [
              -111.97030754130745,
              33.58257150963748
            ],
            [
              -111.97030743861552,
              33.58261273460054
            ],
            [
              -111.96924135361797,
              33.582610133581454
            ],
            [
              -111.96919670426742,
              33.575533484531796
            ],
            [
              -111.96057814504144,
              33.575488807840166
            ],
            [
              -111.9605682549553,
              33.58907869105322
            ],
            [
              -111.96060808009099,
              33.597165987234185
            ],
            [
              -111.96057163679245,
              33.60435540325342
            ],
            [
              -111.97527199975319,
              33.60431199884507
            ],
            [
              -111.97598799965066,
              33.60420799876077
            ],
            [
              -111.97625099977196,
              33.60448499896101
            ],
            [
              -111.9765520002501,
              33.60469999877818
            ],
            [
              -111.97715300042337,
              33.60492799892845
            ],
            [
              -111.97788400002582,
              33.6049829988647
            ],
            [
              -111.97785998083756,
              33.61154002917517
            ],
            [
              -111.9959268756023,
              33.611875109023735
            ],
            [
              -111.99598157332335,
              33.61914849705114
            ],
            [
              -112.0048014332978,
              33.61903787119266
            ],
            [
              -112.00516804199997,
              33.61904869103483
            ],
            [
              -112.00633660130426,
              33.6191313041035
            ],
            [
              -112.00763359691466,
              33.619123154453156
            ],
            [
              -112.00810062186075,
              33.61909966857087
            ],
            [
              -112.00880098607962,
              33.61901252568666
            ],
            [
              -112.00929090849219,
              33.618982482899625
            ],
            [
              -112.00888857539458,
              33.620492318291426
            ],
            [
              -112.00866252376703,
              33.621244294572506
            ],
            [
              -112.00816364192583,
              33.622737851458275
            ],
            [
              -112.00760262401957,
              33.624215868922406
            ],
            [
              -112.00729908217167,
              33.624948518606026
            ],
            [
              -112.00668487899426,
              33.62631842158025
            ],
            [
              -112.02221127830241,
              33.626327791867794
            ],
            [
              -112.02271341013336,
              33.62638102014922
            ],
            [
              -112.02319970365045,
              33.62649813653211
            ],
            [
              -112.0236587799059,
              33.62667646224653
            ],
            [
              -112.02406604578023,
              33.62690502662273
            ],
            [
              -112.02455304730745,
              33.62654002651254
            ],
            [
              -112.0248133923497,
              33.62640948267932
            ],
            [
              -112.02508700034522,
              33.62632700040256
            ],
            [
              -112.02533265077045,
              33.62630714541906
            ],
            [
              -112.03073382370366,
              33.626278211687996
            ],
            [
              -112.03084976862617,
              33.64051196779601
            ],
            [
              -112.03087302384397,
              33.65502775716751
            ],
            [
              -112.04847927144496,
              33.654916791448855
            ],
            [
              -112.05687905587034,
              33.65484626265686
            ],
            [
              -112.05686673975484,
              33.64760474840315
            ],
            [
              -112.06554191327419,
              33.64756653880652
            ],
            [
              -112.06556388810722,
              33.65483210151909
            ],
            [
              -112.07788099966923,
              33.65468999905724
            ],
            [
              -112.07520800020797,
              33.65861699876702
            ],
            [
              -112.07417799952489,
              33.65940199926111
            ],
            [
              -112.0727500004402,
              33.6615849995124
            ],
            [
              -112.07316200032133,
              33.66174299935465
            ],
            [
              -112.07074100034762,
              33.66639299930934
            ],
            [
              -112.07012199992043,
              33.66825099900306
            ],
            [
              -112.0701151708839,
              33.66927561239386
            ],
            [
              -112.08309303979901,
              33.66919328512729
            ],
            [
              -112.09983296934256,
              33.66923183570735
            ],
            [
              -112.0997783108125,
              33.66077399095528
            ],
            [
              -112.09969900645295,
              33.64013587909393
            ],
            [
              -112.11575157002486,
              33.63989498850532
            ],
            [
              -112.11624655092915,
              33.63252396671664
            ],
            [
              -112.11632039496106,
              33.63252224795317
            ],
            [
              -112.11642085980093,
              33.62527349614939
            ],
            [
              -112.116519959787,
              33.610974977221524
            ],
            [
              -112.11669654890568,
              33.59641344810524
            ],
            [
              -112.11676030760982,
              33.58919238842162
            ],
            [
              -112.11681611054627,
              33.58197221590892
            ],
            [
              -112.11691184607959,
              33.565067546134806
            ],
            [
              -112.11654983000665,
              33.56392975369028
            ],
            [
              -112.11614158367522,
              33.562925012005
            ],
            [
              -112.1157749931483,
              33.562174859733865
            ],
            [
              -112.11550424547642,
              33.56168322822706
            ],
            [
              -112.11466083770769,
              33.5603214463542
            ],
            [
              -112.09965700047358,
              33.56043099954562
            ],
            [
              -112.09962940722937,
              33.55310113519437
            ],
            [
              -112.07390532748225,
              33.552817115391825
            ],
            [
              -112.07389861728349,
              33.56408162056716
            ],
            [
              -112.06784023391273,
              33.56413488543731
            ],
            [
              -112.0652542214815,
              33.564137354646356
            ],
            [
              -112.06528150979149,
              33.56052162192503
            ],
            [
              -112.06431609543822,
              33.560436600413816
            ],
            [
              -112.06203087679607,
              33.56043917590126
            ],
            [
              -112.06174361814489,
              33.560458462675506
            ],
            [
              -112.06125553956883,
              33.560534252222176
            ],
            [
              -112.06099990129258,
              33.56054870788214
            ],
            [
              -112.04798637380085,
              33.560633743126175
            ],
            [
              -112.0383115176825,
              33.56053245461694
            ],
            [
              -112.03784111897802,
              33.55325005538514
            ],
            [
              -112.03025086959619,
              33.55290258126052
            ],
            [
              -112.02134151825985,
              33.552909716416536
            ],
            [
              -112.01294929048984,
              33.553701565895906
            ],
            [
              -111.99533830834693,
              33.553714888026825
            ]
          ]
        ]
      }
    },
    {
      "type": "Feature",
      "properties": {
        "placeFips": "0455000",
        "city": "Phoenix",
        "state": "AZ",
        "boundaryType": "council-district",
        "district": "1",
        "name": "Vice Mayor Ann O'Brien"
      },
      "geometry": {
        "type": "Polygon",
        "coordinates": [
          [
            [
              -112.14571696197773,
              33.91470878534853
            ],
            [
              -112.15223080587526,
              33.91471548162603
            ],
            [
              -112.15222749028385,
              33.91835497562639
            ],
            [
              -112.20353708620036,
              33.9183596898287
            ],
            [
              -112.2035481904721,
              33.91472798646883
            ],
            [
              -112.20357787042765,
              33.91375229898065
            ],
            [
              -112.22070188846989,
              33.91368916328414
            ],
            [
              -112.22078238063537,
              33.89927452579344
            ],
            [
              -112.22108562533454,
              33.89928476681986
            ],
            [
              -112.220888762746,
              33.88473061188979
            ],
            [
              -112.22096424834108,
              33.87427317308239
            ],
            [
              -112.20792171145371,
              33.87415883341424
            ],
            [
              -112.20796449904408,
              33.87749179812112
            ],
            [
              -112.20356852571936,
              33.87747291961024
            ],
            [
              -112.2035754165685,
              33.87385193416117
            ],
            [
              -112.21227393801134,
              33.87385975447704
            ],
            [
              -112.22096800917858,
              33.87396195995186
            ],
            [
              -112.22107270799862,
              33.8558846275783
            ],
            [
              -112.22108537606476,
              33.84856875770717
            ],
            [
              -112.2209967538474,
              33.84025392194792
            ],
            [
              -112.22129113047598,
              33.84035273244588
            ],
            [
              -112.22827277045693,
              33.843147773420945
            ],
            [
              -112.22874084068121,
              33.84329163175093
            ],
            [
              -112.22909866384968,
              33.843354494857934
            ],
            [
              -112.22948459239005,
              33.84337990635931
            ],
            [
              -112.22982976240863,
              33.84336524855062
            ],
            [
              -112.23025827602783,
              33.84329844159703
            ],
            [
              -112.23068067480673,
              33.84317362373577
            ],
            [
              -112.23086456002413,
              33.84309936871054
            ],
            [
              -112.23124693074502,
              33.84289566731183
            ],
            [
              -112.23154858556298,
              33.84267733351908
            ],
            [
              -112.23180570110863,
              33.84243103218104
            ],
            [
              -112.23202151130853,
              33.84215698792403
            ],
            [
              -112.23219311285874,
              33.84185546716112
            ],
            [
              -112.23230576789479,
              33.84156121551065
            ],
            [
              -112.23411654306366,
              33.83415506042618
            ],
            [
              -112.23589011649118,
              33.82710041077239
            ],
            [
              -112.22100398091436,
              33.82712957605009
            ],
            [
              -112.21632235907211,
              33.82710457744432
            ],
            [
              -112.21633064194461,
              33.82322627801738
            ],
            [
              -112.20795824325005,
              33.823173226662
            ],
            [
              -112.20795970934368,
              33.819552123281106
            ],
            [
              -112.21666771061919,
              33.81959769569663
            ],
            [
              -112.2166521587802,
              33.826831962098964
            ],
            [
              -112.22100300722302,
              33.826854757992905
            ],
            [
              -112.23850432829484,
              33.8268269717974
            ],
            [
              -112.25299126517935,
              33.826897109090666
            ],
            [
              -112.2403698975882,
              33.812390124469424
            ],
            [
              -112.2384278746972,
              33.812386812319204
            ],
            [
              -112.23823220326163,
              33.808872650335594
            ],
            [
              -112.23392997339839,
              33.80881094959102
            ],
            [
              -112.23398567366598,
              33.80526515907152
            ],
            [
              -112.22090432322224,
              33.80495498667175
            ],
            [
              -112.21746107762485,
              33.80496570092439
            ],
            [
              -112.21771493011092,
              33.80475270995793
            ],
            [
              -112.21773418826601,
              33.8044830088002
            ],
            [
              -112.21799336909949,
              33.8034880216166
            ],
            [
              -112.21867689381736,
              33.802508851893535
            ],
            [
              -112.21913887179542,
              33.801732458995936
            ],
            [
              -112.21959929334804,
              33.800517881779825
            ],
            [
              -112.21959709643522,
              33.79989430887981
            ],
            [
              -112.21933153879242,
              33.799069140392604
            ],
            [
              -112.21930900894621,
              33.79893717664561
            ],
            [
              -112.21924108706277,
              33.7977607274574
            ],
            [
              -112.21927366620014,
              33.79652895356483
            ],
            [
              -112.219121143714,
              33.79514367807128
            ],
            [
              -112.21915491520964,
              33.79425062782391
            ],
            [
              -112.21911497139746,
              33.793388548504744
            ],
            [
              -112.21962901197223,
              33.7926174783139
            ],
            [
              -112.22021707912937,
              33.79190781081651
            ],
            [
              -112.2203991238713,
              33.79119914964957
            ],
            [
              -112.22043310154434,
              33.79036766880888
            ],
            [
              -112.22024670851938,
              33.78984465725805
            ],
            [
              -112.22009646397817,
              33.78910601314747
            ],
            [
              -112.22009528559595,
              33.78877194662467
            ],
            [
              -112.22013816395014,
              33.78857301346172
            ],
            [
              -112.22027796379072,
              33.78824338424237
            ],
            [
              -112.22075494573768,
              33.787441610558126
            ],
            [
              -112.22119294145962,
              33.78605487983207
            ],
            [
              -112.22138302822603,
              33.78496668048034
            ],
            [
              -112.2216644438356,
              33.783713503991365
            ],
            [
              -112.22199430752954,
              33.78306605044313
            ],
            [
              -112.2224783512971,
              33.7824839567536
            ],
            [
              -112.22298933751141,
              33.78088149148937
            ],
            [
              -112.22337403014524,
              33.7803467347296
            ],
            [
              -112.22370993609964,
              33.780205440578364
            ],
            [
              -112.22389989711074,
              33.78001768723852
            ],
            [
              -112.22401123043814,
              33.77979267586889
            ],
            [
              -112.22421200357759,
              33.779492531644756
            ],
            [
              -112.22430020413582,
              33.779070934355666
            ],
            [
              -112.22456195891125,
              33.77877758741089
            ],
            [
              -112.22478030146404,
              33.778489171219206
            ],
            [
              -112.22494753182302,
              33.77821719856461
            ],
            [
              -112.22508101745439,
              33.77791722094277
            ],
            [
              -112.22485436897786,
              33.77725294724569
            ],
            [
              -112.2248078067468,
              33.77677550146292
            ],
            [
              -112.22485138458956,
              33.77641956311519
            ],
            [
              -112.22500756367145,
              33.776194436935874
            ],
            [
              -112.22520694759432,
              33.77551037216211
            ],
            [
              -112.22511633869833,
              33.775257772580794
            ],
            [
              -112.22525012137572,
              33.77504206476226
            ],
            [
              -112.2264586201847,
              33.774346107805655
            ],
            [
              -112.22667058350775,
              33.774045930391615
            ],
            [
              -112.22655167456121,
              33.773561507653
            ],
            [
              -112.22099445031964,
              33.77120497533557
            ],
            [
              -112.21923612059477,
              33.76801315355327
            ],
            [
              -112.21836916891128,
              33.76632952160919
            ],
            [
              -112.21796525067512,
              33.76559894476894
            ],
            [
              -112.21746840297479,
              33.764817767833506
            ],
            [
              -112.21685680193323,
              33.76402507521231
            ],
            [
              -112.21637443482153,
              33.76343674056095
            ],
            [
              -112.21549252651076,
              33.76245025943066
            ],
            [
              -112.21527115734442,
              33.76227576835522
            ],
            [
              -112.21492781766153,
              33.761944985429224
            ],
            [
              -112.21441158907068,
              33.761525191057686
            ],
            [
              -112.21422063423775,
              33.76134996287886
            ],
            [
              -112.2035407943612,
              33.76131117319361
            ],
            [
              -112.20354689332197,
              33.75120085131807
            ],
            [
              -112.20358324314081,
              33.751230046239336
            ],
            [
              -112.20357100144925,
              33.74984412395147
            ],
            [
              -112.2035631226858,
              33.74948878067659
            ],
            [
              -112.2035282659292,
              33.749153768344904
            ],
            [
              -112.20350103593024,
              33.7491007052661
            ],
            [
              -112.2033663068028,
              33.74862226975376
            ],
            [
              -112.20335534477894,
              33.73950184086313
            ],
            [
              -112.20351189745774,
              33.73950250426065
            ],
            [
              -112.20344084065694,
              33.7249845393552
            ],
            [
              -112.20340269579546,
              33.72498394086017
            ],
            [
              -112.20334829378247,
              33.71100132826776
            ],
            [
              -112.20331551189005,
              33.71100140434429
            ],
            [
              -112.20332256840265,
              33.71205136575556
            ],
            [
              -112.20291428805227,
              33.71205466498447
            ],
            [
              -112.20291926381343,
              33.70984635966946
            ],
            [
              -112.20287831156084,
              33.6978512073189
            ],
            [
              -112.19536174447136,
              33.69790527834478
            ],
            [
              -112.18690806195835,
              33.697989450545506
            ],
            [
              -112.17876457445367,
              33.698031597299334
            ],
            [
              -112.17878472663466,
              33.697986260456716
            ],
            [
              -112.17895541350799,
              33.69792072247751
            ],
            [
              -112.17895496003644,
              33.69784958771559
            ],
            [
              -112.17875614379157,
              33.697512767277736
            ],
            [
              -112.17846315697892,
              33.69761668736716
            ],
            [
              -112.17840502092763,
              33.69760770285218
            ],
            [
              -112.17836736268866,
              33.69764402132576
            ],
            [
              -112.1781726382952,
              33.697690219132305
            ],
            [
              -112.17807395184447,
              33.69770903106506
            ],
            [
              -112.17801422366637,
              33.69769544675007
            ],
            [
              -112.17794714014612,
              33.6977290619384
            ],
            [
              -112.17752966328939,
              33.69777022315328
            ],
            [
              -112.17744812456445,
              33.69774920893301
            ],
            [
              -112.17585711540843,
              33.697798351414036
            ],
            [
              -112.17268582346135,
              33.69781690166006
            ],
            [
              -112.17075881679949,
              33.69777575066928
            ],
            [
              -112.16969249914301,
              33.697780821668445
            ],
            [
              -112.16969263861536,
              33.69782840210246
            ],
            [
              -112.16951179684338,
              33.697828255676036
            ],
            [
              -112.16933416838788,
              33.69088253334323
            ],
            [
              -112.16940362312492,
              33.68356649276959
            ],
            [
              -112.16937109775175,
              33.68169112142147
            ],
            [
              -112.16943969838856,
              33.681690326513085
            ],
            [
              -112.169376185835,
              33.6780639456522
            ],
            [
              -112.1693122091023,
              33.67806464811256
            ],
            [
              -112.16915954607288,
              33.67027977503409
            ],
            [
              -112.16947319226672,
              33.67027834314528
            ],
            [
              -112.16895662272302,
              33.65450160979997
            ],
            [
              -112.1692412572193,
              33.6391843177421
            ],
            [
              -112.16935394226448,
              33.63918020943591
            ],
            [
              -112.1693538595716,
              33.639012390622085
            ],
            [
              -112.16933336444554,
              33.63885062675776
            ],
            [
              -112.16925080885876,
              33.63885148249071
            ],
            [
              -112.16842896989311,
              33.63237742659187
            ],
            [
              -112.16862339949719,
              33.61079732695916
            ],
            [
              -112.16880291384206,
              33.595302020999384
            ],
            [
              -112.16806435210754,
              33.59516928748323
            ],
            [
              -112.1678078580894,
              33.5950995009652
            ],
            [
              -112.16765421237116,
              33.59503571428438
            ],
            [
              -112.16748312778752,
              33.59494081792487
            ],
            [
              -112.16733043288117,
              33.594828603426585
            ],
            [
              -112.16719589121129,
              33.59469889731161
            ],
            [
              -112.16703622341178,
              33.594478366330364
            ],
            [
              -112.16694309555496,
              33.59426709063155
            ],
            [
              -112.16672693900313,
              33.59322873650824
            ],
            [
              -112.1666499306595,
              33.59302165052035
            ],
            [
              -112.16651312785417,
              33.592763676416524
            ],
            [
              -112.16632525806257,
              33.59251527551475
            ],
            [
              -112.16495782233213,
              33.590949500536745
            ],
            [
              -112.16399051363229,
              33.58978578068323
            ],
            [
              -112.16377552217469,
              33.589574609760675
            ],
            [
              -112.16360467530068,
              33.58945311785137
            ],
            [
              -112.16340496517748,
              33.58934837422413
            ],
            [
              -112.16115396128532,
              33.588418244325794
            ],
            [
              -112.16065378135139,
              33.58818474732958
            ],
            [
              -112.1600985773872,
              33.58788736532336
            ],
            [
              -112.15895692743094,
              33.58709043455342
            ],
            [
              -112.15729706482541,
              33.5847550030705
            ],
            [
              -112.15697180384632,
              33.58441853513469
            ],
            [
              -112.15679042599815,
              33.584267286980186
            ],
            [
              -112.15648516467651,
              33.58405501589459
            ],
            [
              -112.15625755947994,
              33.583924625799895
            ],
            [
              -112.15595962365255,
              33.58378357909497
            ],
            [
              -112.15249299370656,
              33.58237682763597
            ],
            [
              -112.15220077925585,
              33.58222638074276
            ],
            [
              -112.15166126335754,
              33.58188776618971
            ],
            [
              -112.15175917930006,
              33.567581592492346
            ],
            [
              -112.15169884365692,
              33.5531128863278
            ],
            [
              -112.13426762676089,
              33.55309909991683
            ],
            [
              -112.13424320524298,
              33.56031098271504
            ],
            [
              -112.11466083770769,
              33.5603214463542
            ],
            [
              -112.11550424547642,
              33.56168322822706
            ],
            [
              -112.1157749931483,
              33.562174859733865
            ],
            [
              -112.11614158367522,
              33.562925012005
            ],
            [
              -112.11654983000665,
              33.56392975369028
            ],
            [
              -112.11691184607959,
              33.565067546134806
            ],
            [
              -112.11681611054627,
              33.58197221590892
            ],
            [
              -112.11676030760982,
              33.58919238842162
            ],
            [
              -112.11669654890568,
              33.59641344810524
            ],
            [
              -112.116519959787,
              33.610974977221524
            ],
            [
              -112.11642085980093,
              33.62527349614939
            ],
            [
              -112.11632039496106,
              33.63252224795317
            ],
            [
              -112.11624655092915,
              33.63252396671664
            ],
            [
              -112.11575157002486,
              33.63989498850532
            ],
            [
              -112.09969900645295,
              33.64013587909393
            ],
            [
              -112.0997783108125,
              33.66077399095528
            ],
            [
              -112.09983296934256,
              33.66923183570735
            ],
            [
              -112.08309303979901,
              33.66919328512729
            ],
            [
              -112.06562683548813,
              33.669309438924905
            ],
            [
              -112.06565354967069,
              33.684785512404936
            ],
            [
              -112.06569483178062,
              33.69108960811749
            ],
            [
              -112.06571283210943,
              33.701970371230026
            ],
            [
              -112.06598281795144,
              33.702172298346035
            ],
            [
              -112.06947065885183,
              33.70439939603276
            ],
            [
              -112.07640752543146,
              33.708701872602596
            ],
            [
              -112.07736539352686,
              33.7093269792542
            ],
            [
              -112.07786988576723,
              33.709712440014165
            ],
            [
              -112.07834520927526,
              33.71012945898454
            ],
            [
              -112.07922587395464,
              33.710962015455586
            ],
            [
              -112.08128048943216,
              33.71296847471646
            ],
            [
              -112.08264983928609,
              33.71425774369936
            ],
            [
              -112.08260316725637,
              33.71317381402089
            ],
            [
              -112.08368782428458,
              33.71316298389803
            ],
            [
              -112.08368604843768,
              33.71312177583824
            ],
            [
              -112.08477068737135,
              33.71311093623238
            ],
            [
              -112.08484379779229,
              33.7148074748706
            ],
            [
              -112.08593777397743,
              33.71480465509242
            ],
            [
              -112.08587033134498,
              33.71309993761187
            ],
            [
              -112.08695459418797,
              33.713089082951946
            ],
            [
              -112.0869581890721,
              33.71318305190695
            ],
            [
              -112.0880429510525,
              33.71318186814779
            ],
            [
              -112.08803825099606,
              33.713058985363716
            ],
            [
              -112.08912280643021,
              33.71304811036513
            ],
            [
              -112.08925791757937,
              33.71657763032743
            ],
            [
              -112.08708888061629,
              33.71659937411701
            ],
            [
              -112.08712344164566,
              33.71750278569051
            ],
            [
              -112.08929259108419,
              33.717483305171775
            ],
            [
              -112.08932723709306,
              33.71838833432129
            ],
            [
              -112.08986899047834,
              33.71838346423696
            ],
            [
              -112.08983858159333,
              33.71736570993064
            ],
            [
              -112.09086949566502,
              33.71736068967981
            ],
            [
              -112.09090432109484,
              33.71837414827961
            ],
            [
              -112.09149641460165,
              33.718368815024135
            ],
            [
              -112.09139235082421,
              33.71565189708357
            ],
            [
              -112.09015738581535,
              33.71566324866724
            ],
            [
              -112.09012272896871,
              33.71475816167323
            ],
            [
              -112.09135761631185,
              33.71474575562311
            ],
            [
              -112.0912924461106,
              33.71304339410273
            ],
            [
              -112.0924393141889,
              33.713026810672496
            ],
            [
              -112.0924956433493,
              33.71473068810903
            ],
            [
              -112.09477577338095,
              33.71470573456739
            ],
            [
              -112.09475399789798,
              33.71379830575991
            ],
            [
              -112.09589991764422,
              33.71378610338165
            ],
            [
              -112.09590948825239,
              33.71424381802125
            ],
            [
              -112.0960081373718,
              33.714242699232926
            ],
            [
              -112.09601770117757,
              33.71469683604608
            ],
            [
              -112.09591904411016,
              33.71469437976649
            ],
            [
              -112.09595729730592,
              33.71651093212372
            ],
            [
              -112.09709588524991,
              33.71649798987005
            ],
            [
              -112.09711985825982,
              33.71831470461182
            ],
            [
              -112.09978481834322,
              33.71828437180891
            ],
            [
              -112.09978581061887,
              33.71919643096071
            ],
            [
              -112.09991035094612,
              33.71919501188058
            ],
            [
              -112.09991419767928,
              33.72010308943411
            ],
            [
              -112.09891349297845,
              33.720108634772586
            ],
            [
              -112.09892404666557,
              33.72101743990347
            ],
            [
              -112.09979715785757,
              33.72100928586101
            ],
            [
              -112.09981065815796,
              33.72282657680935
            ],
            [
              -112.09734875036027,
              33.722850748218605
            ],
            [
              -112.09735128029446,
              33.723760035514715
            ],
            [
              -112.09721112692954,
              33.72376144419406
            ],
            [
              -112.0972283142636,
              33.7255997010321
            ],
            [
              -112.09831889329274,
              33.72558948639753
            ],
            [
              -112.09831556132576,
              33.724657826797326
            ],
            [
              -112.0998230182431,
              33.724643681365784
            ],
            [
              -112.09978362493766,
              33.72507059372667
            ],
            [
              -112.09966606951888,
              33.72557688049698
            ],
            [
              -112.0998796241673,
              33.72557676404231
            ],
            [
              -112.09981206663481,
              33.72582228884298
            ],
            [
              -112.12030992561925,
              33.72564969649647
            ],
            [
              -112.12184165654286,
              33.73288499977716
            ],
            [
              -112.12182162718338,
              33.73288455156882
            ],
            [
              -112.12334428751049,
              33.7401409401473
            ],
            [
              -112.12331218406332,
              33.740135175485065
            ],
            [
              -112.124913713923,
              33.74738499464784
            ],
            [
              -112.12488524408487,
              33.74738507061687
            ],
            [
              -112.12643660902275,
              33.75465058565525
            ],
            [
              -112.12628045840046,
              33.75465868086705
            ],
            [
              -112.12936097518406,
              33.769209629958006
            ],
            [
              -112.12931188048296,
              33.769211858683335
            ],
            [
              -112.13158500326983,
              33.77994875391064
            ],
            [
              -112.13491963594345,
              33.79589783900431
            ],
            [
              -112.13563978803032,
              33.79824161225156
            ],
            [
              -112.13742650298558,
              33.80668342211039
            ],
            [
              -112.1379708483549,
              33.80876421002031
            ],
            [
              -112.13888592696993,
              33.81177722409943
            ],
            [
              -112.13922000426676,
              33.81280655888446
            ],
            [
              -112.13945311738696,
              33.81280587297485
            ],
            [
              -112.14105956724792,
              33.81727883311096
            ],
            [
              -112.14158094953692,
              33.81843642935875
            ],
            [
              -112.1422707391158,
              33.819583178590605
            ],
            [
              -112.14236585324241,
              33.81984628045721
            ],
            [
              -112.14257996332373,
              33.82119898539883
            ],
            [
              -112.14286589507412,
              33.82227520292149
            ],
            [
              -112.1437586180321,
              33.82474511806317
            ],
            [
              -112.14408383497968,
              33.82569977038397
            ],
            [
              -112.14435317763632,
              33.826583221935444
            ],
            [
              -112.14463662986613,
              33.82766285703169
            ],
            [
              -112.14613441431399,
              33.82766352611212
            ],
            [
              -112.14608565212204,
              33.82758697980648
            ],
            [
              -112.1460643998744,
              33.82750101152445
            ],
            [
              -112.14609688357784,
              33.82655721020743
            ],
            [
              -112.14608475486654,
              33.825999510870815
            ],
            [
              -112.14605903924823,
              33.82567977345872
            ],
            [
              -112.14563454219693,
              33.821144975471675
            ],
            [
              -112.14554770464039,
              33.8206775643305
            ],
            [
              -112.1467206537625,
              33.82041734652646
            ],
            [
              -112.14691554238036,
              33.82099860333561
            ],
            [
              -112.14845062865211,
              33.82126900474902
            ],
            [
              -112.14857488661013,
              33.82138073380611
            ],
            [
              -112.14915798555039,
              33.82171540398481
            ],
            [
              -112.14935047011112,
              33.82189403548921
            ],
            [
              -112.14949679726509,
              33.82198627438775
            ],
            [
              -112.14971685257025,
              33.822051582342645
            ],
            [
              -112.14973795445258,
              33.822037881647354
            ],
            [
              -112.1498225189225,
              33.8220711863486
            ],
            [
              -112.14989745082022,
              33.822119319623376
            ],
            [
              -112.15000060478852,
              33.82224441884718
            ],
            [
              -112.15079248017268,
              33.82261614126724
            ],
            [
              -112.15227612712576,
              33.82234222195222
            ],
            [
              -112.15227456749284,
              33.83491377013116
            ],
            [
              -112.15224508625576,
              33.8566553101561
            ],
            [
              -112.1522218903668,
              33.86391306708581
            ],
            [
              -112.14587175403122,
              33.863922181036735
            ],
            [
              -112.14619350011036,
              33.8665825625764
            ],
            [
              -112.14633345816212,
              33.867879517508364
            ],
            [
              -112.1465283151042,
              33.86919296336523
            ],
            [
              -112.14682078176082,
              33.86972175017681
            ],
            [
              -112.14760426781862,
              33.8705882515083
            ],
            [
              -112.1476042086202,
              33.87116552237446
            ],
            [
              -112.14757306617658,
              33.871345983066824
            ],
            [
              -112.1475733750848,
              33.871510882068684
            ],
            [
              -112.1469919156635,
              33.87375948149938
            ],
            [
              -112.14749177638294,
              33.878114522471314
            ],
            [
              -112.15200674749389,
              33.878108593920274
            ],
            [
              -112.15201240771268,
              33.88118947666978
            ],
            [
              -112.14784492337617,
              33.88119103333937
            ],
            [
              -112.14683768228791,
              33.8812044282368
            ],
            [
              -112.14682003820697,
              33.88104396996681
            ],
            [
              -112.14682713167905,
              33.88091342866015
            ],
            [
              -112.14654267676116,
              33.8784205511122
            ],
            [
              -112.14346554063665,
              33.87841758806629
            ],
            [
              -112.14347828427532,
              33.883859615165434
            ],
            [
              -112.14309145640898,
              33.88386534238369
            ],
            [
              -112.14309185414763,
              33.88393242155172
            ],
            [
              -112.14527700601826,
              33.88392486146846
            ],
            [
              -112.14527379206194,
              33.88566126972674
            ],
            [
              -112.14351577253274,
              33.88566098712718
            ],
            [
              -112.14355705070284,
              33.900089517590615
            ],
            [
              -112.14558997721623,
              33.90008725701262
            ],
            [
              -112.14555890257608,
              33.89953246579142
            ],
            [
              -112.14645890451982,
              33.89656240773893
            ],
            [
              -112.14676913809814,
              33.89291693585349
            ],
            [
              -112.15226295802405,
              33.89291003959394
            ],
            [
              -112.1609274598496,
              33.89293765135177
            ],
            [
              -112.16094604468859,
              33.9002093102169
            ],
            [
              -112.15225613439698,
              33.90020666497612
            ],
            [
              -112.15224315684686,
              33.90746030276667
            ],
            [
              -112.14789084018594,
              33.90745806798083
            ],
            [
              -112.14788509840477,
              33.91108455878566
            ],
            [
              -112.14571713942188,
              33.91108482517327
            ],
            [
              -112.14571696197773,
              33.91470878534853
            ]
          ],
          [
            [
              -112.14812468900321,
              33.88566167467412
            ],
            [
              -112.14712005204639,
              33.885661540764325
            ],
            [
              -112.14706128526424,
              33.883856606923096
            ],
            [
              -112.14699670635426,
              33.88282857345023
            ],
            [
              -112.15013189235827,
              33.88281695418586
            ],
            [
              -112.15013254893942,
              33.8837513964624
            ],
            [
              -112.15057479144451,
              33.883750956284565
            ],
            [
              -112.15057430966112,
              33.88470222508495
            ],
            [
              -112.14809957916498,
              33.884701013913265
            ],
            [
              -112.14812468900321,
              33.88566167467412
            ]
          ],
          [
            [
              -112.08422715651534,
              33.71289648769012
            ],
            [
              -112.08368335059468,
              33.71290192363323
            ],
            [
              -112.08368343800757,
              33.71286069411741
            ],
            [
              -112.08277388029505,
              33.71286977496573
            ],
            [
              -112.08277266065316,
              33.71233383227269
            ],
            [
              -112.0827266254192,
              33.71233429180177
            ],
            [
              -112.08272559706145,
              33.71188355047118
            ],
            [
              -112.08259376903094,
              33.71188486281435
            ],
            [
              -112.08258285301741,
              33.707591404998965
            ],
            [
              -112.08369468768151,
              33.70757794072927
            ],
            [
              -112.08369084409064,
              33.70938223062503
            ],
            [
              -112.08479153667723,
              33.709371148295176
            ],
            [
              -112.08481047101824,
              33.70676247075633
            ],
            [
              -112.08592513259373,
              33.7067476787766
            ],
            [
              -112.08593545685126,
              33.70574163058596
            ],
            [
              -112.0881723729511,
              33.705714956910754
            ],
            [
              -112.08813803147562,
              33.70751895965713
            ],
            [
              -112.0903575302377,
              33.70748944019794
            ],
            [
              -112.09030532258716,
              33.709315495681935
            ],
            [
              -112.09366613956314,
              33.70927063343593
            ],
            [
              -112.09372690154457,
              33.706545548968116
            ],
            [
              -112.09484351020065,
              33.7065323210705
            ],
            [
              -112.09485756067592,
              33.70572028311992
            ],
            [
              -112.09597013136896,
              33.70570610593856
            ],
            [
              -112.09596012386702,
              33.706519085778254
            ],
            [
              -112.09819357551154,
              33.70649258729186
            ],
            [
              -112.09818921045981,
              33.70830799748531
            ],
            [
              -112.09762634802571,
              33.70831482295991
            ],
            [
              -112.0976304442518,
              33.70747571271233
            ],
            [
              -112.09706966157987,
              33.707482419886915
            ],
            [
              -112.09707016629858,
              33.70741370164217
            ],
            [
              -112.09594894356206,
              33.70742711597548
            ],
            [
              -112.09592658345953,
              33.70924317596673
            ],
            [
              -112.09819691239558,
              33.70921664542217
            ],
            [
              -112.09819515149015,
              33.70984882955616
            ],
            [
              -112.08921925283579,
              33.70995200967059
            ],
            [
              -112.08919347223376,
              33.7111294579048
            ],
            [
              -112.0902538013529,
              33.71111747706665
            ],
            [
              -112.09020495335191,
              33.712836607652875
            ],
            [
              -112.08477006256163,
              33.7128910613976
            ],
            [
              -112.0847702399995,
              33.71285089572049
            ],
            [
              -112.08422746419468,
              33.71285492245726
            ],
            [
              -112.08422715651534,
              33.71289648769012
            ]
          ],
          [
            [
              -112.08240335788705,
              33.707589238507786
            ],
            [
              -112.08240749902497,
              33.70939970670463
            ],
            [
              -112.08049422409239,
              33.70937712600527
            ],
            [
              -112.08049727760938,
              33.707566422713185
            ],
            [
              -112.08240335788705,
              33.707589238507786
            ]
          ],
          [
            [
              -112.0766377125527,
              33.70016083886801
            ],
            [
              -112.07661295716073,
              33.70200963620342
            ],
            [
              -112.07431075951466,
              33.70200131100284
            ],
            [
              -112.07433564224067,
              33.700159200624476
            ],
            [
              -112.0766377125527,
              33.70016083886801
            ]
          ]
        ]
      }
    },
    {
      "type": "Feature",
      "properties": {
        "placeFips": "0455000",
        "city": "Phoenix",
        "state": "AZ",
        "boundaryType": "council-district",
        "district": "5",
        "name": "Councilmember Betty Guardado"
      },
      "geometry": {
        "type": "Polygon",
        "coordinates": [
          [
            [
              -112.09962940722937,
              33.55310113519437
            ],
            [
              -112.09965700047358,
              33.56043099954562
            ],
            [
              -112.11465618499533,
              33.56032144838531
            ],
            [
              -112.13424320524298,
              33.56031098271504
            ],
            [
              -112.13426762676089,
              33.55309909991683
            ],
            [
              -112.15169884365692,
              33.5531128863278
            ],
            [
              -112.1515527503028,
              33.5457671218201
            ],
            [
              -112.15159168034296,
              33.53125224877609
            ],
            [
              -112.15169310993973,
              33.50999891174888
            ],
            [
              -112.15177513159037,
              33.509999099663546
            ],
            [
              -112.15177687266308,
              33.50961998884457
            ],
            [
              -112.15222430485866,
              33.50962085934632
            ],
            [
              -112.15223494124847,
              33.509347375419736
            ],
            [
              -112.16877576964227,
              33.50937866393631
            ],
            [
              -112.1863589238039,
              33.50949419833029
            ],
            [
              -112.18635907285636,
              33.50947770791248
            ],
            [
              -112.20291355735128,
              33.50926837267855
            ],
            [
              -112.22051593434148,
              33.50889326169104
            ],
            [
              -112.23772009727548,
              33.5087035097076
            ],
            [
              -112.25510949833594,
              33.5087027347224
            ],
            [
              -112.27249220094124,
              33.50822028629101
            ],
            [
              -112.27286304075025,
              33.50814629584793
            ],
            [
              -112.27270717822503,
              33.50841531751091
            ],
            [
              -112.27249898473636,
              33.5227910749821
            ],
            [
              -112.28018849698415,
              33.52270779046609
            ],
            [
              -112.28006814021997,
              33.52246322908657
            ],
            [
              -112.28032808347177,
              33.52245685950366
            ],
            [
              -112.28031976399778,
              33.522515263470225
            ],
            [
              -112.28125218526556,
              33.522488436681385
            ],
            [
              -112.28125173240959,
              33.52236177303366
            ],
            [
              -112.28999444722173,
              33.522318067065385
            ],
            [
              -112.29438313206508,
              33.52213318856556
            ],
            [
              -112.29437553326129,
              33.518937002955134
            ],
            [
              -112.29867271496467,
              33.51875703999431
            ],
            [
              -112.29866118374512,
              33.51513614071894
            ],
            [
              -112.30675729951686,
              33.514798942313554
            ],
            [
              -112.30684608494576,
              33.5216084079681
            ],
            [
              -112.31538352511976,
              33.52154359072364
            ],
            [
              -112.32377543964333,
              33.52152714600843
            ],
            [
              -112.32376458057944,
              33.51469594751164
            ],
            [
              -112.32406466439836,
              33.514697390125164
            ],
            [
              -112.32403681349079,
              33.50756974371269
            ],
            [
              -112.32398803551058,
              33.50392877744692
            ],
            [
              -112.32369827675575,
              33.50392652511865
            ],
            [
              -112.32360720356118,
              33.496705348018594
            ],
            [
              -112.31961238578562,
              33.49666696465402
            ],
            [
              -112.31956810734967,
              33.493416990394614
            ],
            [
              -112.31287043166525,
              33.49334187474294
            ],
            [
              -112.30657046882678,
              33.493299928848124
            ],
            [
              -112.30657049668017,
              33.49327829096958
            ],
            [
              -112.30635994968077,
              33.493285265986216
            ],
            [
              -112.3063597919104,
              33.493258214960385
            ],
            [
              -112.30283597301589,
              33.49338450109119
            ],
            [
              -112.3028358772178,
              33.49343977032324
            ],
            [
              -112.30260121975398,
              33.49344819367191
            ],
            [
              -112.3026010015324,
              33.49339318420182
            ],
            [
              -112.2986546048883,
              33.493521013091865
            ],
            [
              -112.29865474328243,
              33.49358978167526
            ],
            [
              -112.2964382176193,
              33.49367093689498
            ],
            [
              -112.29643878762346,
              33.493616619284275
            ],
            [
              -112.29609891105208,
              33.4936293796845
            ],
            [
              -112.29609876424527,
              33.49368355804034
            ],
            [
              -112.2943614468663,
              33.493746718703534
            ],
            [
              -112.29436187678012,
              33.493677931239375
            ],
            [
              -112.29246503908593,
              33.49374726001572
            ],
            [
              -112.29246404384722,
              33.49381606993171
            ],
            [
              -112.29020046434076,
              33.49389963405356
            ],
            [
              -112.29019731710109,
              33.49403686871856
            ],
            [
              -112.2900890394839,
              33.49404037982306
            ],
            [
              -112.29009346157052,
              33.493791443824215
            ],
            [
              -112.27243940364978,
              33.49392510647719
            ],
            [
              -112.27243028193945,
              33.486533496149576
            ],
            [
              -112.27244563548665,
              33.479274669996244
            ],
            [
              -112.27242267042848,
              33.47927524176381
            ],
            [
              -112.2724702454301,
              33.46834107099819
            ],
            [
              -112.27238825250396,
              33.468343021328835
            ],
            [
              -112.27240171262108,
              33.46558068189346
            ],
            [
              -112.27202767220915,
              33.46558615762803
            ],
            [
              -112.27116962531167,
              33.46486450355016
            ],
            [
              -112.26393863597542,
              33.464973739351095
            ],
            [
              -112.25525102251048,
              33.465154796695984
            ],
            [
              -112.25525259449543,
              33.46521821120702
            ],
            [
              -112.2381402932463,
              33.46547859876204
            ],
            [
              -112.22052800048289,
              33.465667999409355
            ],
            [
              -112.2203694861379,
              33.48019734768979
            ],
            [
              -112.21190749186309,
              33.48026391265098
            ],
            [
              -112.21188520986863,
              33.494744535458416
            ],
            [
              -112.20322719667706,
              33.49481395074924
            ],
            [
              -112.20324817673281,
              33.48757655629615
            ],
            [
              -112.18640947116397,
              33.487801445309955
            ],
            [
              -112.17775594850525,
              33.4877688624073
            ],
            [
              -112.17774501642026,
              33.48853640529386
            ],
            [
              -112.17699581802272,
              33.48811769162442
            ],
            [
              -112.17669307745086,
              33.48798781621076
            ],
            [
              -112.17641803439334,
              33.48792697781148
            ],
            [
              -112.17590484366356,
              33.48788966642751
            ],
            [
              -112.1689242519272,
              33.488008355597486
            ],
            [
              -112.16887089465457,
              33.494949839126775
            ],
            [
              -112.13427241662781,
              33.49495795582149
            ],
            [
              -112.1341768786133,
              33.509450082855196
            ],
            [
              -112.11237482641792,
              33.50950550462607
            ],
            [
              -112.1122707411333,
              33.52405520472633
            ],
            [
              -112.09970267923556,
              33.52413844443514
            ],
            [
              -112.09957499999483,
              33.53864199922988
            ],
            [
              -112.09962940722937,
              33.55310113519437
            ]
          ],
          [
            [
              -112.30683340500796,
              33.51472572843065
            ],
            [
              -112.30676337114124,
              33.50762685978854
            ],
            [
              -112.30286772571951,
              33.50779234227214
            ],
            [
              -112.3028275007648,
              33.49687596411094
            ],
            [
              -112.30283256968802,
              33.49464549535409
            ],
            [
              -112.30669215731436,
              33.49451049562703
            ],
            [
              -112.30882113122915,
              33.4945276593324
            ],
            [
              -112.3088147529802,
              33.49344177138787
            ],
            [
              -112.31520724677176,
              33.49349425204616
            ],
            [
              -112.319472478656,
              33.49354985644885
            ],
            [
              -112.31951266600232,
              33.496738918850305
            ],
            [
              -112.32344582477397,
              33.496771980511824
            ],
            [
              -112.32353517520767,
              33.50406969118002
            ],
            [
              -112.32382737248999,
              33.5040717573404
            ],
            [
              -112.32387430170719,
              33.507567367328285
            ],
            [
              -112.3238940858806,
              33.5145554363068
            ],
            [
              -112.32360397880423,
              33.514553717952126
            ],
            [
              -112.3236149300143,
              33.52138984767187
            ],
            [
              -112.31538318728984,
              33.52140849176554
            ],
            [
              -112.30692479577522,
              33.521469684904105
            ],
            [
              -112.30683340500796,
              33.51472572843065
            ]
          ]
        ]
      }
    },
    {
      "type": "Feature",
      "properties": {
        "placeFips": "0455000",
        "city": "Phoenix",
        "state": "AZ",
        "boundaryType": "council-district",
        "district": "7",
        "name": "Councilmember Anna Hernandez"
      },
      "geometry": {
        "type": "MultiPolygon",
        "coordinates": [
          [
            [
              [
                -112.2028489901222,
                33.39182557051811
              ],
              [
                -112.20753212681839,
                33.39180520600544
              ],
              [
                -112.20753864475404,
                33.38926577679461
              ],
              [
                -112.21132940531169,
                33.38925498246623
              ],
              [
                -112.2113392713293,
                33.38970372005386
              ],
              [
                -112.21153577930075,
                33.38970312167644
              ],
              [
                -112.2115418344024,
                33.38997791387932
              ],
              [
                -112.21134531182992,
                33.38997850959779
              ],
              [
                -112.21138391455021,
                33.39173406245159
              ],
              [
                -112.21523464557207,
                33.391722744584754
              ],
              [
                -112.21519845486561,
                33.38930176455992
              ],
              [
                -112.2197569895701,
                33.38709984012716
              ],
              [
                -112.21975045404119,
                33.386415485533426
              ],
              [
                -112.22414543472017,
                33.38639980246754
              ],
              [
                -112.22414351441053,
                33.38623383110723
              ],
              [
                -112.22629085183753,
                33.386223061820225
              ],
              [
                -112.22630796593137,
                33.388205118100885
              ],
              [
                -112.22737907281507,
                33.38820161613881
              ],
              [
                -112.22735119178715,
                33.38457366970646
              ],
              [
                -112.22841996107587,
                33.38457007188128
              ],
              [
                -112.22841001632617,
                33.38251048169245
              ],
              [
                -112.22011498620846,
                33.374500430896816
              ],
              [
                -112.2200989412122,
                33.36993133453582
              ],
              [
                -112.21542858981563,
                33.369974466944555
              ],
              [
                -112.19337248427712,
                33.34861541626482
              ],
              [
                -112.18998590026926,
                33.34531333529163
              ],
              [
                -112.18627600036083,
                33.345338999201815
              ],
              [
                -112.18634296091633,
                33.34839121328542
              ],
              [
                -112.18631669516098,
                33.34839123695728
              ],
              [
                -112.18623228403595,
                33.36768063129807
              ],
              [
                -112.18600200040532,
                33.36885699945256
              ],
              [
                -112.18532100017524,
                33.36979899876523
              ],
              [
                -112.18472100013423,
                33.37031999875544
              ],
              [
                -112.1841929124996,
                33.3708740535385
              ],
              [
                -112.18377400026402,
                33.37156199955923
              ],
              [
                -112.18363600015981,
                33.37209499924143
              ],
              [
                -112.18375400006003,
                33.37309999883292
              ],
              [
                -112.18418100913203,
                33.374024262658395
              ],
              [
                -112.18440384056737,
                33.374459656658075
              ],
              [
                -112.18478799973629,
                33.37530299924453
              ],
              [
                -112.18503763828348,
                33.37621783934139
              ],
              [
                -112.18503200035022,
                33.37745699930401
              ],
              [
                -112.18521167480196,
                33.37744858822597
              ],
              [
                -112.18546502515153,
                33.391844533100105
              ],
              [
                -112.19412922038352,
                33.39183055767771
              ],
              [
                -112.19396993751745,
                33.3840901051943
              ],
              [
                -112.1925642651364,
                33.38409692844463
              ],
              [
                -112.19257596756806,
                33.38465828914377
              ],
              [
                -112.19117042653876,
                33.3846650692913
              ],
              [
                -112.19109512925304,
                33.381049921511995
              ],
              [
                -112.18968967012202,
                33.38105716786103
              ],
              [
                -112.18961232554479,
                33.377340247378534
              ],
              [
                -112.20296386685557,
                33.37727649523019
              ],
              [
                -112.21106540017726,
                33.377269525502726
              ],
              [
                -112.211129093338,
                33.38016326581288
              ],
              [
                -112.2068403214845,
                33.380162605854
              ],
              [
                -112.2067862640388,
                33.37750171274469
              ],
              [
                -112.2027056363765,
                33.37751138403267
              ],
              [
                -112.20264804716118,
                33.37753945434161
              ],
              [
                -112.20268542595707,
                33.37987439371144
              ],
              [
                -112.20284929842572,
                33.379874382092844
              ],
              [
                -112.20285496415192,
                33.38016295422967
              ],
              [
                -112.2026224581918,
                33.380163244820004
              ],
              [
                -112.2028489901222,
                33.39182557051811
              ]
            ]
          ],
          [
            [
              [
                -112.20322719667706,
                33.49481395074924
              ],
              [
                -112.21188520986863,
                33.494744535458416
              ],
              [
                -112.21190749186309,
                33.48026391265098
              ],
              [
                -112.2203694861379,
                33.48019734768979
              ],
              [
                -112.22052800048289,
                33.465667999409355
              ],
              [
                -112.2381402932463,
                33.46547859876204
              ],
              [
                -112.23808078476807,
                33.46517849977213
              ],
              [
                -112.23810603607257,
                33.46436627571008
              ],
              [
                -112.23806660206733,
                33.46436637795079
              ],
              [
                -112.23816879322736,
                33.46138030350426
              ],
              [
                -112.2381643367602,
                33.46114991405212
              ],
              [
                -112.23870340505562,
                33.46115766175276
              ],
              [
                -112.2387054149688,
                33.46102798923814
              ],
              [
                -112.23855438038254,
                33.460915082635
              ],
              [
                -112.23835935283785,
                33.45911646427195
              ],
              [
                -112.23834550216472,
                33.458103254720754
              ],
              [
                -112.23852576384324,
                33.45162792856423
              ],
              [
                -112.23833897558188,
                33.45164436248021
              ],
              [
                -112.23404633320219,
                33.4516179886633
              ],
              [
                -112.23404668691583,
                33.45170593829923
              ],
              [
                -112.22248386550123,
                33.451669730118425
              ],
              [
                -112.22248425108265,
                33.4516189970145
              ],
              [
                -112.22186466810581,
                33.45161347954278
              ],
              [
                -112.22146456967344,
                33.451469193159014
              ],
              [
                -112.22139899946531,
                33.451468969298986
              ],
              [
                -112.2213975826397,
                33.44950387078124
              ],
              [
                -112.22136487927526,
                33.44950400615039
              ],
              [
                -112.22136389175652,
                33.44824184018249
              ],
              [
                -112.22144915346365,
                33.448182172740296
              ],
              [
                -112.2214514316859,
                33.44802442154518
              ],
              [
                -112.22139393188009,
                33.448007151992456
              ],
              [
                -112.22136617206846,
                33.447957287828345
              ],
              [
                -112.22136537018424,
                33.44687552186377
              ],
              [
                -112.22137965951121,
                33.44683671827675
              ],
              [
                -112.22143091353666,
                33.44680815729564
              ],
              [
                -112.22143162354435,
                33.44664087266777
              ],
              [
                -112.22136724147347,
                33.446641030883775
              ],
              [
                -112.2213600369161,
                33.44426995840388
              ],
              [
                -112.2213797104407,
                33.44426999482304
              ],
              [
                -112.2213775718046,
                33.44416005698347
              ],
              [
                -112.22135790151891,
                33.44416001694914
              ],
              [
                -112.22129259806397,
                33.440798634914685
              ],
              [
                -112.2213122708051,
                33.44079867134902
              ],
              [
                -112.22131013345,
                33.44068873344315
              ],
              [
                -112.22129045965502,
                33.44068869610929
              ],
              [
                -112.22122586308708,
                33.43735238033555
              ],
              [
                -112.22128551454894,
                33.43730076848086
              ],
              [
                -112.22149353997816,
                33.4373046134613
              ],
              [
                -112.22157620922043,
                33.43733057753827
              ],
              [
                -112.2216909159357,
                33.43732844789344
              ],
              [
                -112.2217721345667,
                33.43729944785731
              ],
              [
                -112.22293730133904,
                33.437263716232366
              ],
              [
                -112.22293384639711,
                33.43704071936199
              ],
              [
                -112.22956919041921,
                33.43697325604695
              ],
              [
                -112.23829315100858,
                33.43706389998229
              ],
              [
                -112.24682399652309,
                33.43639535637534
              ],
              [
                -112.25512266889604,
                33.43568246596269
              ],
              [
                -112.2696820928534,
                33.43562973143823
              ],
              [
                -112.2696824155589,
                33.43557662686723
              ],
              [
                -112.27482869603466,
                33.43553656216328
              ],
              [
                -112.27482866031616,
                33.43558755503486
              ],
              [
                -112.28957904668171,
                33.43539415483042
              ],
              [
                -112.28945484899663,
                33.42107393841659
              ],
              [
                -112.28932192115006,
                33.41368209264226
              ],
              [
                -112.28934022052725,
                33.41368348850882
              ],
              [
                -112.28928039389517,
                33.41004549323575
              ],
              [
                -112.28924961319672,
                33.41004344503807
              ],
              [
                -112.2891859800269,
                33.406389368148254
              ],
              [
                -112.28894549260421,
                33.40639043528883
              ],
              [
                -112.28894193862551,
                33.406239277637496
              ],
              [
                -112.28907041840559,
                33.40612873221468
              ],
              [
                -112.28905361965094,
                33.40541429569927
              ],
              [
                -112.28908638196255,
                33.40541375373133
              ],
              [
                -112.28894775750685,
                33.39950665246723
              ],
              [
                -112.2890296030617,
                33.399506339267596
              ],
              [
                -112.28887552495092,
                33.39339492939109
              ],
              [
                -112.28873380431337,
                33.38674244598746
              ],
              [
                -112.28873509791596,
                33.386582595321194
              ],
              [
                -112.28897371454795,
                33.38648778609793
              ],
              [
                -112.28894401576714,
                33.384974796608724
              ],
              [
                -112.2889552954653,
                33.380722917879346
              ],
              [
                -112.28873909384205,
                33.38072273838535
              ],
              [
                -112.28873807892185,
                33.381013642979596
              ],
              [
                -112.28871514741066,
                33.381013719832026
              ],
              [
                -112.28871379678927,
                33.381401217787136
              ],
              [
                -112.28861465971823,
                33.381403070341875
              ],
              [
                -112.28861270480857,
                33.3810516964525
              ],
              [
                -112.28456815778856,
                33.38104202198913
              ],
              [
                -112.28461292437306,
                33.384812144649004
              ],
              [
                -112.27184886897821,
                33.38478484763447
              ],
              [
                -112.271793317378,
                33.383195230164596
              ],
              [
                -112.27134194144051,
                33.38312411120865
              ],
              [
                -112.27108227056036,
                33.3831198124228
              ],
              [
                -112.27082449966488,
                33.383146452375975
              ],
              [
                -112.27062005886481,
                33.38319052296653
              ],
              [
                -112.2703789145628,
                33.38327143868453
              ],
              [
                -112.27005051921606,
                33.383445734954556
              ],
              [
                -112.26978551425016,
                33.38368050139049
              ],
              [
                -112.26961574404073,
                33.38380530230007
              ],
              [
                -112.26942511260434,
                33.38390764760396
              ],
              [
                -112.26921962275367,
                33.383987220790345
              ],
              [
                -112.26894189926726,
                33.38406516731097
              ],
              [
                -112.26862359552217,
                33.3841243312644
              ],
              [
                -112.26829916090433,
                33.38415129205939
              ],
              [
                -112.26807087781233,
                33.3841507753878
              ],
              [
                -112.26774662339706,
                33.38412235423014
              ],
              [
                -112.26744437741374,
                33.38406553936564
              ],
              [
                -112.26667112643149,
                33.383792928652326
              ],
              [
                -112.26638046408294,
                33.38371073610723
              ],
              [
                -112.26613142862762,
                33.383661416357825
              ],
              [
                -112.26581475790948,
                33.38362397879154
              ],
              [
                -112.26488998898714,
                33.383614760790394
              ],
              [
                -112.26455459016752,
                33.38356520223592
              ],
              [
                -112.26398515840658,
                33.38344553297637
              ],
              [
                -112.26334949334337,
                33.38338576242826
              ],
              [
                -112.26209007457732,
                33.38341484161622
              ],
              [
                -112.26170289451167,
                33.38345112019533
              ],
              [
                -112.26117711420243,
                33.383534038015775
              ],
              [
                -112.26072703959112,
                33.38358367735028
              ],
              [
                -112.25945087728664,
                33.38364171730997
              ],
              [
                -112.25810074252603,
                33.38375810313728
              ],
              [
                -112.25626989653468,
                33.383792762388886
              ],
              [
                -112.2542897365189,
                33.38376929283748
              ],
              [
                -112.2537575680376,
                33.383685107031766
              ],
              [
                -112.25327282521572,
                33.383567438956284
              ],
              [
                -112.25197299900493,
                33.38315709517228
              ],
              [
                -112.25108526928145,
                33.382858760563344
              ],
              [
                -112.2507168708165,
                33.382761049199324
              ],
              [
                -112.25031544468263,
                33.38269446583648
              ],
              [
                -112.24950403746783,
                33.382613730689606
              ],
              [
                -112.24918107822195,
                33.38262831936073
              ],
              [
                -112.24885810982744,
                33.38266710088048
              ],
              [
                -112.24800079932581,
                33.38282796183513
              ],
              [
                -112.24729035963448,
                33.3830188195293
              ],
              [
                -112.24604288471677,
                33.383411130225525
              ],
              [
                -112.24565489446962,
                33.38350724048266
              ],
              [
                -112.24416191842876,
                33.383714570272865
              ],
              [
                -112.24302628218572,
                33.38374591655732
              ],
              [
                -112.24238817748399,
                33.383836734480845
              ],
              [
                -112.24180320723485,
                33.38399116956002
              ],
              [
                -112.2406010697253,
                33.384413248898575
              ],
              [
                -112.23991213655503,
                33.38492163860681
              ],
              [
                -112.23909315458077,
                33.38560188391746
              ],
              [
                -112.23885912870583,
                33.385835294890235
              ],
              [
                -112.23819438588018,
                33.38662322748083
              ],
              [
                -112.23747544155196,
                33.38741886457837
              ],
              [
                -112.23728289675029,
                33.38756937704094
              ],
              [
                -112.23712087490514,
                33.387664291498304
              ],
              [
                -112.23712557429131,
                33.391805951263976
              ],
              [
                -112.23690384225064,
                33.391806345079814
              ],
              [
                -112.23686777499267,
                33.39906730315718
              ],
              [
                -112.23708351336252,
                33.39905561565268
              ],
              [
                -112.23743821470504,
                33.399074226560224
              ],
              [
                -112.23932374742871,
                33.39906900544974
              ],
              [
                -112.23932076624556,
                33.40269722038395
              ],
              [
                -112.2455186176664,
                33.402710846263204
              ],
              [
                -112.24562016353255,
                33.40271044455067
              ],
              [
                -112.24564527040813,
                33.39902808394225
              ],
              [
                -112.25394760984526,
                33.399031773829606
              ],
              [
                -112.25395236913003,
                33.402775911401115
              ],
              [
                -112.25397752387565,
                33.40321391174209
              ],
              [
                -112.25403558879015,
                33.40355308164733
              ],
              [
                -112.25412693786402,
                33.403887053745855
              ],
              [
                -112.25450679886488,
                33.40482678500745
              ],
              [
                -112.25461468214279,
                33.405200560571174
              ],
              [
                -112.25467818145869,
                33.40558142709013
              ],
              [
                -112.25474638907274,
                33.40667417895837
              ],
              [
                -112.25295567921209,
                33.406872179951655
              ],
              [
                -112.25307883176026,
                33.41041497571914
              ],
              [
                -112.2424076468331,
                33.41158422142696
              ],
              [
                -112.24225845461068,
                33.40803739604708
              ],
              [
                -112.23809232125575,
                33.408498751926324
              ],
              [
                -112.23809513973013,
                33.408532761343174
              ],
              [
                -112.22409436032076,
                33.408565768913014
              ],
              [
                -112.22126230654739,
                33.40855430408323
              ],
              [
                -112.22125411729917,
                33.40833468109198
              ],
              [
                -112.22121406246335,
                33.40833479294124
              ],
              [
                -112.22121246372149,
                33.408301821591046
              ],
              [
                -112.22125179072957,
                33.4083017250546
              ],
              [
                -112.22112235117669,
                33.40515840541432
              ],
              [
                -112.22036965938052,
                33.40516704976502
              ],
              [
                -112.21971187081425,
                33.40504110219028
              ],
              [
                -112.21912218808397,
                33.404821469459634
              ],
              [
                -112.21870992257385,
                33.40462322879351
              ],
              [
                -112.21706133144636,
                33.40375392646012
              ],
              [
                -112.21705510872643,
                33.40856612482134
              ],
              [
                -112.2127225616085,
                33.408578152556196
              ],
              [
                -112.2127227877052,
                33.408558913278846
              ],
              [
                -112.20890236750212,
                33.40852942358965
              ],
              [
                -112.20890128747459,
                33.40367744469838
              ],
              [
                -112.2087613776325,
                33.403694393435856
              ],
              [
                -112.20876093959157,
                33.403651519345324
              ],
              [
                -112.20751678210904,
                33.403966706492184
              ],
              [
                -112.20702213948074,
                33.40405276218865
              ],
              [
                -112.20560691006077,
                33.40415176545
              ],
              [
                -112.20410332144702,
                33.40423541462217
              ],
              [
                -112.20410904751955,
                33.408161698078224
              ],
              [
                -112.2042892735319,
                33.40816310005592
              ],
              [
                -112.20428929316769,
                33.40819058934176
              ],
              [
                -112.20435817434135,
                33.40824881945206
              ],
              [
                -112.2044368493469,
                33.40824943771543
              ],
              [
                -112.20443570468943,
                33.40856550094152
              ],
              [
                -112.20428720723086,
                33.40868803599653
              ],
              [
                -112.20428136189746,
                33.40936143888597
              ],
              [
                -112.20420948402959,
                33.40936081379167
              ],
              [
                -112.20418326698903,
                33.4124975964978
              ],
              [
                -112.20770260637593,
                33.412522203671934
              ],
              [
                -112.2077073306087,
                33.41202475564556
              ],
              [
                -112.21268557148889,
                33.412059308030734
              ],
              [
                -112.21264737627848,
                33.41565042970433
              ],
              [
                -112.20390173093907,
                33.41559443839755
              ],
              [
                -112.2039113788047,
                33.414326864936
              ],
              [
                -112.20277034027008,
                33.4143162239817
              ],
              [
                -112.20278094827567,
                33.41304986538247
              ],
              [
                -112.20392297542378,
                33.41306340568188
              ],
              [
                -112.20393290133721,
                33.411740274436816
              ],
              [
                -112.20210584244282,
                33.41171990191474
              ],
              [
                -112.20203763585738,
                33.41304104546396
              ],
              [
                -112.19541228563972,
                33.41295627231954
              ],
              [
                -112.19544688264074,
                33.40820056410177
              ],
              [
                -112.20284693383911,
                33.408294979374915
              ],
              [
                -112.20281901623046,
                33.4096240842165
              ],
              [
                -112.20395151851338,
                33.40963847683221
              ],
              [
                -112.20396007072233,
                33.40861604448739
              ],
              [
                -112.20382992994598,
                33.408504449778846
              ],
              [
                -112.20382998962823,
                33.40830333911772
              ],
              [
                -112.20399873590867,
                33.4083054768242
              ],
              [
                -112.20398578921721,
                33.401137190252484
              ],
              [
                -112.20330697984546,
                33.39652141642316
              ],
              [
                -112.19447804053631,
                33.39622033708911
              ],
              [
                -112.19447977440409,
                33.396242270800336
              ],
              [
                -112.18594583516283,
                33.39597071942968
              ],
              [
                -112.18621239825033,
                33.39999189684589
              ],
              [
                -112.1864517918762,
                33.40400853680822
              ],
              [
                -112.1863453774985,
                33.40400349676879
              ],
              [
                -112.18662148924443,
                33.40813797699247
              ],
              [
                -112.18639402912996,
                33.40813607224581
              ],
              [
                -112.18639691303551,
                33.408017228601835
              ],
              [
                -112.17791170303624,
                33.40787419159119
              ],
              [
                -112.17791215924467,
                33.4094725902096
              ],
              [
                -112.17557093975634,
                33.410595080583114
              ],
              [
                -112.17557116363733,
                33.41146344801383
              ],
              [
                -112.17402915916189,
                33.41143534460214
              ],
              [
                -112.17402904113763,
                33.41097863542426
              ],
              [
                -112.17556992435826,
                33.41024376891291
              ],
              [
                -112.17556982757104,
                33.40986650245969
              ],
              [
                -112.1732405036037,
                33.40983007116516
              ],
              [
                -112.17324125161349,
                33.40874238711227
              ],
              [
                -112.17303520105467,
                33.40873884463789
              ],
              [
                -112.16963642623863,
                33.409682328257304
              ],
              [
                -112.16963251496978,
                33.40903290715469
              ],
              [
                -112.16971692188433,
                33.40902602635269
              ],
              [
                -112.169673239556,
                33.408548273430334
              ],
              [
                -112.16959154848011,
                33.408553524696025
              ],
              [
                -112.1691961105791,
                33.40425114988186
              ],
              [
                -112.16909298963863,
                33.40350735470777
              ],
              [
                -112.16941104077752,
                33.403517841533336
              ],
              [
                -112.16904965788552,
                33.403164264676526
              ],
              [
                -112.1689636872566,
                33.40251584742048
              ],
              [
                -112.16884974258156,
                33.40252677868274
              ],
              [
                -112.16869866500772,
                33.40138372498802
              ],
              [
                -112.16866553713774,
                33.40138254971918
              ],
              [
                -112.1685259709324,
                33.4003332883748
              ],
              [
                -112.168613703531,
                33.40033619951926
              ],
              [
                -112.16856343754021,
                33.39928425265478
              ],
              [
                -112.17735391082681,
                33.39963915980539
              ],
              [
                -112.17709000129474,
                33.39581581597758
              ],
              [
                -112.1855936300983,
                33.39596146793748
              ],
              [
                -112.18533519165221,
                33.39193053495706
              ],
              [
                -112.16818254045201,
                33.3919886087877
              ],
              [
                -112.16814060569237,
                33.377522309665025
              ],
              [
                -112.15105214765532,
                33.37760632577766
              ],
              [
                -112.15101212541276,
                33.37734010851386
              ],
              [
                -112.1511316198316,
                33.39219330454676
              ],
              [
                -112.15353751792514,
                33.392186435600614
              ],
              [
                -112.15353702411724,
                33.39259882872151
              ],
              [
                -112.15306193636157,
                33.392600290042516
              ],
              [
                -112.15306077556792,
                33.39567530412466
              ],
              [
                -112.15413703967968,
                33.39567224387393
              ],
              [
                -112.15413843006723,
                33.39195362961302
              ],
              [
                -112.15737349123403,
                33.39194263169139
              ],
              [
                -112.15737638743087,
                33.395662974019366
              ],
              [
                -112.15845925993165,
                33.39565985715299
              ],
              [
                -112.1584526623546,
                33.39193779360476
              ],
              [
                -112.15953945914612,
                33.39192724234077
              ],
              [
                -112.15954609899934,
                33.390240913298356
              ],
              [
                -112.16062650149355,
                33.39023772752044
              ],
              [
                -112.16062260528334,
                33.391924045764355
              ],
              [
                -112.1617057512902,
                33.39192084334167
              ],
              [
                -112.16170581981945,
                33.39180505500331
              ],
              [
                -112.16461730772613,
                33.39179655720889
              ],
              [
                -112.16461998585729,
                33.392209004342654
              ],
              [
                -112.16602176012348,
                33.39220481073051
              ],
              [
                -112.166030913461,
                33.396041022864104
              ],
              [
                -112.16671990824581,
                33.39576664306683
              ],
              [
                -112.16806174978973,
                33.39570560245444
              ],
              [
                -112.16807219470452,
                33.399269579933325
              ],
              [
                -112.16802316645214,
                33.39926972614255
              ],
              [
                -112.16813825096038,
                33.40018366840403
              ],
              [
                -112.16766310833204,
                33.400120790528234
              ],
              [
                -112.16777511452403,
                33.40096558382827
              ],
              [
                -112.1677561215274,
                33.40096291263649
              ],
              [
                -112.16783217693518,
                33.401536539190744
              ],
              [
                -112.16785048202897,
                33.401539211762795
              ],
              [
                -112.1680577540394,
                33.403103980304685
              ],
              [
                -112.1676909549558,
                33.40308959858709
              ],
              [
                -112.16761941620112,
                33.40310597488737
              ],
              [
                -112.16637612437104,
                33.40311853085073
              ],
              [
                -112.16429224272267,
                33.40311264578149
              ],
              [
                -112.16429235502501,
                33.40306317439472
              ],
              [
                -112.16393001739289,
                33.40306671118033
              ],
              [
                -112.1639291716668,
                33.403116175913425
              ],
              [
                -112.16207885667615,
                33.403113181138984
              ],
              [
                -112.16207894523697,
                33.40307470339037
              ],
              [
                -112.16203634638076,
                33.40307463434487
              ],
              [
                -112.16203625780115,
                33.403113112093536
              ],
              [
                -112.16197475153236,
                33.40311301098264
              ],
              [
                -112.16191587457648,
                33.403063436183466
              ],
              [
                -112.16167293082766,
                33.40306304236616
              ],
              [
                -112.16167305821321,
                33.40300807415139
              ],
              [
                -112.16144099546801,
                33.403007698971074
              ],
              [
                -112.16116269811943,
                33.40309519098289
              ],
              [
                -112.15929450907358,
                33.403108724478045
              ],
              [
                -112.15331050097262,
                33.40310037678905
              ],
              [
                -112.15278797932888,
                33.40311167043349
              ],
              [
                -112.15226650648137,
                33.40314663447089
              ],
              [
                -112.15225976514762,
                33.40309422210303
              ],
              [
                -112.15190197379405,
                33.40313226759438
              ],
              [
                -112.15191111147794,
                33.4031843634486
              ],
              [
                -112.15115096086504,
                33.403302732740556
              ],
              [
                -112.15107332838357,
                33.403251008801625
              ],
              [
                -112.15107123220874,
                33.402945222717
              ],
              [
                -112.15056388648584,
                33.40294668865673
              ],
              [
                -112.1507107824742,
                33.40302824777933
              ],
              [
                -112.15071080065266,
                33.40334697997013
              ],
              [
                -112.15066544703036,
                33.403397336500035
              ],
              [
                -112.15019627661485,
                33.40350643317959
              ],
              [
                -112.15013289317959,
                33.4035421824512
              ],
              [
                -112.14935245863987,
                33.40380283919274
              ],
              [
                -112.14355217122852,
                33.4059880993372
              ],
              [
                -112.14310186005007,
                33.406135621885895
              ],
              [
                -112.14241410697984,
                33.40631475604501
              ],
              [
                -112.14238247009345,
                33.395013768547464
              ],
              [
                -112.14239599646794,
                33.3950470277566
              ],
              [
                -112.14243519777557,
                33.39506748921734
              ],
              [
                -112.14275105798664,
                33.39506769506036
              ],
              [
                -112.1427502072483,
                33.394558104047846
              ],
              [
                -112.14238283637923,
                33.39455705231916
              ],
              [
                -112.14237125490206,
                33.39227930747463
              ],
              [
                -112.13358607968233,
                33.39212227973759
              ],
              [
                -112.1336578621495,
                33.40238239213769
              ],
              [
                -112.13369517087513,
                33.404802838678435
              ],
              [
                -112.13367044423698,
                33.40664734267469
              ],
              [
                -112.13237298617584,
                33.40665027322799
              ],
              [
                -112.132374232353,
                33.406756463130996
              ],
              [
                -112.13221759316367,
                33.40675741343096
              ],
              [
                -112.13221500476524,
                33.40673845595981
              ],
              [
                -112.13015091205993,
                33.40674988742649
              ],
              [
                -112.13015196517847,
                33.406767705122206
              ],
              [
                -112.12718907844709,
                33.406785814419806
              ],
              [
                -112.12718790637635,
                33.406767460384586
              ],
              [
                -112.1250217385648,
                33.40677367493952
              ],
              [
                -112.125031121427,
                33.40668373206339
              ],
              [
                -112.11530010454015,
                33.40672436344134
              ],
              [
                -112.09942548597107,
                33.40673967844404
              ],
              [
                -112.0991495153818,
                33.39226977273699
              ],
              [
                -112.09916192853194,
                33.386673308341685
              ],
              [
                -112.09915152609813,
                33.37776970465375
              ],
              [
                -112.06462693600605,
                33.377742017115466
              ],
              [
                -112.06460145095797,
                33.402167755052815
              ],
              [
                -112.0645681246102,
                33.40670596233827
              ],
              [
                -112.06463329438746,
                33.413446124416936
              ],
              [
                -112.06483919427794,
                33.419740418136016
              ],
              [
                -112.06520396425333,
                33.41973759599866
              ],
              [
                -112.06663403738001,
                33.419935356939796
              ],
              [
                -112.06739069674938,
                33.419689722576614
              ],
              [
                -112.07057682540831,
                33.42009600064563
              ],
              [
                -112.07242214944453,
                33.4203475093545
              ],
              [
                -112.07391726976091,
                33.42046853631996
              ],
              [
                -112.07602412121255,
                33.42043873799802
              ],
              [
                -112.0763084728042,
                33.420263731110815
              ],
              [
                -112.07681514340867,
                33.420133122547334
              ],
              [
                -112.08061075120737,
                33.41823028666711
              ],
              [
                -112.08056573422911,
                33.41808943850652
              ],
              [
                -112.0809315256566,
                33.41808716030422
              ],
              [
                -112.08092825391475,
                33.41801706157704
              ],
              [
                -112.08155092680174,
                33.418009295119695
              ],
              [
                -112.0831261592308,
                33.418089542388614
              ],
              [
                -112.09954063989827,
                33.41836663871011
              ],
              [
                -112.0996703030068,
                33.418380177759666
              ],
              [
                -112.09997973032257,
                33.435546801005486
              ],
              [
                -112.10007312809785,
                33.44400386854793
              ],
              [
                -112.08237439344038,
                33.44412375956743
              ],
              [
                -112.06992941595198,
                33.444099023218484
              ],
              [
                -112.06997424815103,
                33.45137651388733
              ],
              [
                -112.0700233367672,
                33.45137674443391
              ],
              [
                -112.07002176294898,
                33.45243274655439
              ],
              [
                -112.06997176038006,
                33.45243306897874
              ],
              [
                -112.06996298227423,
                33.45799831529883
              ],
              [
                -112.06994164017918,
                33.45815896230379
              ],
              [
                -112.06986451425834,
                33.45842029436701
              ],
              [
                -112.0696260778122,
                33.458877171433116
              ],
              [
                -112.06951437741019,
                33.45914957458524
              ],
              [
                -112.06947393044621,
                33.45932478132672
              ],
              [
                -112.06945542693683,
                33.459530066943465
              ],
              [
                -112.0694358470866,
                33.45989209894942
              ],
              [
                -112.0694277503391,
                33.46572784273753
              ],
              [
                -112.07385087694463,
                33.46573764230754
              ],
              [
                -112.08266311640675,
                33.46582807113921
              ],
              [
                -112.08255692745043,
                33.458655207290306
              ],
              [
                -112.09021256285985,
                33.458640504006205
              ],
              [
                -112.093427556835,
                33.458613864152625
              ],
              [
                -112.09342757959442,
                33.4586282606451
              ],
              [
                -112.10003738748371,
                33.458595186953595
              ],
              [
                -112.10000605782432,
                33.46221400105796
              ],
              [
                -112.11724467946563,
                33.46174025576691
              ],
              [
                -112.11752292690386,
                33.451086390612375
              ],
              [
                -112.12602553175678,
                33.451339286753836
              ],
              [
                -112.1345191191436,
                33.45141781668252
              ],
              [
                -112.15176332448175,
                33.45136948129441
              ],
              [
                -112.15181949515811,
                33.46203689634493
              ],
              [
                -112.16044073775562,
                33.46262391030962
              ],
              [
                -112.16890903871641,
                33.46297331094446
              ],
              [
                -112.16903100018443,
                33.47329499876922
              ],
              [
                -112.18597699948836,
                33.473259999492626
              ],
              [
                -112.18640142118458,
                33.47314433421332
              ],
              [
                -112.1863846758728,
                33.480545836703826
              ],
              [
                -112.19073023408885,
                33.48049229219779
              ],
              [
                -112.19074959396524,
                33.4810410415799
              ],
              [
                -112.19078632850967,
                33.48120292699193
              ],
              [
                -112.19083990462498,
                33.481347168671704
              ],
              [
                -112.19174275235183,
                33.48283348023414
              ],
              [
                -112.1900437818937,
                33.48356880907902
              ],
              [
                -112.19123613462902,
                33.48551309743391
              ],
              [
                -112.19135392703626,
                33.48576790540805
              ],
              [
                -112.19140164923415,
                33.4860244474748
              ],
              [
                -112.19144328581737,
                33.487734180375774
              ],
              [
                -112.20324817673281,
                33.48757655629615
              ],
              [
                -112.20322719667706,
                33.49481395074924
              ]
            ],
            [
              [
                -112.18666217785287,
                33.436759356184375
              ],
              [
                -112.18656640575324,
                33.43676178282492
              ],
              [
                -112.18631531965981,
                33.43687486924609
              ],
              [
                -112.17789654030229,
                33.43674541823631
              ],
              [
                -112.17790372654632,
                33.429873092072164
              ],
              [
                -112.16965741229943,
                33.42974647017862
              ],
              [
                -112.16965963650466,
                33.429531204281695
              ],
              [
                -112.18663941894367,
                33.42978313955087
              ],
              [
                -112.18666217785287,
                33.436759356184375
              ]
            ],
            [
              [
                -112.20957268095401,
                33.419250221271064
              ],
              [
                -112.21250830159326,
                33.41927167411002
              ],
              [
                -112.21246906446328,
                33.422754227463926
              ],
              [
                -112.21241674351343,
                33.42279815595339
              ],
              [
                -112.21081515332116,
                33.42278478126519
              ],
              [
                -112.21081530780548,
                33.4227655422037
              ],
              [
                -112.21032671584031,
                33.42276145823202
              ],
              [
                -112.21032656124822,
                33.422780697293504
              ],
              [
                -112.20533033030004,
                33.42273882002465
              ],
              [
                -112.20533048276828,
                33.42271958097083
              ],
              [
                -112.2042698796882,
                33.42271061183493
              ],
              [
                -112.20410061644043,
                33.42256625133145
              ],
              [
                -112.20412425428961,
                33.419665187244064
              ],
              [
                -112.20830630922416,
                33.419695843907874
              ],
              [
                -112.2083105466292,
                33.419240975942216
              ],
              [
                -112.20957268095401,
                33.419250221271064
              ]
            ],
            [
              [
                -112.26248104782901,
                33.40638844322673
              ],
              [
                -112.2550776021517,
                33.406407655381614
              ],
              [
                -112.25507581757472,
                33.40637579500281
              ],
              [
                -112.25488675648094,
                33.4063966321634
              ],
              [
                -112.25484812660684,
                33.4055886041357
              ],
              [
                -112.25478411583967,
                33.405182473406065
              ],
              [
                -112.25466541862549,
                33.40478538237861
              ],
              [
                -112.25435561610803,
                33.40405583623217
              ],
              [
                -112.25426606174369,
                33.40380813431614
              ],
              [
                -112.2541795318304,
                33.40347473170882
              ],
              [
                -112.25413796848737,
                33.403216141815115
              ],
              [
                -112.25411634494125,
                33.40288976628613
              ],
              [
                -112.25411581411711,
                33.39919123176847
              ],
              [
                -112.25467183624383,
                33.399160362642064
              ],
              [
                -112.26779303790225,
                33.39916127079216
              ],
              [
                -112.26772291402318,
                33.395674320264725
              ],
              [
                -112.27195428799551,
                33.395735978711166
              ],
              [
                -112.27193325468586,
                33.39231224418729
              ],
              [
                -112.26779673669512,
                33.392195004628924
              ],
              [
                -112.26771192361286,
                33.38927519773309
              ],
              [
                -112.26996944426793,
                33.38926221469844
              ],
              [
                -112.2699662044186,
                33.38912481236124
              ],
              [
                -112.27200326554565,
                33.38911306084142
              ],
              [
                -112.27204833526665,
                33.390462999603905
              ],
              [
                -112.27696492338234,
                33.39040189518233
              ],
              [
                -112.27701477135139,
                33.39212462058684
              ],
              [
                -112.27718407375997,
                33.392121091945725
              ],
              [
                -112.27713966690837,
                33.39039655011528
              ],
              [
                -112.27942382172992,
                33.39034894379908
              ],
              [
                -112.27941417915417,
                33.38992127241937
              ],
              [
                -112.2805632483417,
                33.3896030418216
              ],
              [
                -112.28061637389877,
                33.39195785632983
              ],
              [
                -112.28101532214605,
                33.39194950726242
              ],
              [
                -112.28099839895117,
                33.3911532187248
              ],
              [
                -112.28473242156865,
                33.39108074961358
              ],
              [
                -112.28474930406718,
                33.39187129649758
              ],
              [
                -112.28873495120823,
                33.39178768900339
              ],
              [
                -112.28883737980972,
                33.39553653648626
              ],
              [
                -112.27949269999345,
                33.39564718074126
              ],
              [
                -112.27949067901355,
                33.395523517235645
              ],
              [
                -112.27739715349966,
                33.39549397974755
              ],
              [
                -112.27739704874348,
                33.395468623270276
              ],
              [
                -112.2757514981959,
                33.39548623325663
              ],
              [
                -112.27358178555092,
                33.3955142488156
              ],
              [
                -112.27358351523934,
                33.39572175271438
              ],
              [
                -112.27225007907315,
                33.39573815221559
              ],
              [
                -112.27227857202456,
                33.39916098060623
              ],
              [
                -112.28892798400906,
                33.39909808763284
              ],
              [
                -112.28892636618473,
                33.39951031443118
              ],
              [
                -112.27228420513048,
                33.3995732146587
              ],
              [
                -112.27233242702465,
                33.402846076444185
              ],
              [
                -112.26355482440106,
                33.402871310622054
              ],
              [
                -112.26356374653707,
                33.403062611547284
              ],
              [
                -112.2623815769663,
                33.403408742556
              ],
              [
                -112.26248104782901,
                33.40638844322673
              ]
            ],
            [
              [
                -112.28366120799959,
                33.40545479662056
              ],
              [
                -112.28464429171747,
                33.40545001306981
              ],
              [
                -112.28465878855471,
                33.406274466454654
              ],
              [
                -112.28367569448909,
                33.40627925289137
              ],
              [
                -112.28366120799959,
                33.40545479662056
              ]
            ],
            [
              [
                -112.16846299563953,
                33.407436549619895
              ],
              [
                -112.16849247169499,
                33.40768410419128
              ],
              [
                -112.16849112041507,
                33.40779594174432
              ],
              [
                -112.15090484824024,
                33.40669517445844
              ],
              [
                -112.14241481549696,
                33.40672834990049
              ],
              [
                -112.14241487164581,
                33.40668272080023
              ],
              [
                -112.14274490829493,
                33.406606079973415
              ],
              [
                -112.14335867506928,
                33.406603624702065
              ],
              [
                -112.14335930904733,
                33.40643502266833
              ],
              [
                -112.14395284123933,
                33.406234098195334
              ],
              [
                -112.14952766543779,
                33.40412833823
              ],
              [
                -112.1499759040568,
                33.40397127833204
              ],
              [
                -112.15043074825472,
                33.40383452151596
              ],
              [
                -112.15089127891207,
                33.40371834413103
              ],
              [
                -112.15125715459516,
                33.40364713276022
              ],
              [
                -112.15156651780379,
                33.40360095865616
              ],
              [
                -112.15156960519295,
                33.403614453147895
              ],
              [
                -112.15171418955092,
                33.40359016602715
              ],
              [
                -112.15177919384152,
                33.403564089983036
              ],
              [
                -112.15203300474981,
                33.40353128477843
              ],
              [
                -112.15279809624865,
                33.40346898950968
              ],
              [
                -112.15330977956631,
                33.403457667293885
              ],
              [
                -112.16158044264671,
                33.40346853341476
              ],
              [
                -112.16158031842926,
                33.40352350161927
              ],
              [
                -112.16194076569114,
                33.40352408449827
              ],
              [
                -112.1619408914197,
                33.403469734860884
              ],
              [
                -112.16202979526791,
                33.40346985845968
              ],
              [
                -112.16202970668614,
                33.40350833620591
              ],
              [
                -112.16207230575658,
                33.4035084061544
              ],
              [
                -112.16207239393931,
                33.403469793153185
              ],
              [
                -112.16636905424512,
                33.40347502884663
              ],
              [
                -112.16810902513465,
                33.40349132021786
              ],
              [
                -112.16813158461846,
                33.403659275701926
              ],
              [
                -112.16746707560509,
                33.40372125577477
              ],
              [
                -112.16755263054732,
                33.404366502610245
              ],
              [
                -112.16805437711145,
                33.40431976793951
              ],
              [
                -112.16846299563953,
                33.407436549619895
              ]
            ],
            [
              [
                -112.11798414094362,
                33.40683103217589
              ],
              [
                -112.11773413889865,
                33.40683143755672
              ],
              [
                -112.1177337426795,
                33.40681158714223
              ],
              [
                -112.11798309408529,
                33.40681065712342
              ],
              [
                -112.11798414094362,
                33.40683103217589
              ]
            ],
            [
              [
                -112.16804546819516,
                33.38203927996411
              ],
              [
                -112.166713769204,
                33.38204185171303
              ],
              [
                -112.16671120221694,
                33.381146109666204
              ],
              [
                -112.16804288692134,
                33.38114331799276
              ],
              [
                -112.16804546819516,
                33.38203927996411
              ]
            ],
            [
              [
                -112.15531822502278,
                33.37843257582233
              ],
              [
                -112.15531376996394,
                33.37903967809472
              ],
              [
                -112.1545777136459,
                33.379043283999266
              ],
              [
                -112.15458841320725,
                33.37768402072423
              ],
              [
                -112.15532288532681,
                33.377680278065235
              ],
              [
                -112.15531822502278,
                33.37843257582233
              ]
            ]
          ]
        ]
      }
    },
    {
      "type": "Feature",
      "properties": {
        "placeFips": "0455000",
        "city": "Phoenix",
        "state": "AZ",
        "boundaryType": "council-district",
        "district": "2",
        "name": "Councilmember Jim Waring"
      },
      "geometry": {
        "type": "MultiPolygon",
        "coordinates": [
          [
            [
              [
                -112.10015796607141,
                33.813177511469895
              ],
              [
                -112.10015435902011,
                33.82768333192373
              ],
              [
                -112.11750759459366,
                33.82768281666625
              ],
              [
                -112.11752515052257,
                33.81296792193289
              ],
              [
                -112.12621423494295,
                33.81285621035305
              ],
              [
                -112.13922028455895,
                33.81280300859732
              ],
              [
                -112.13888592696993,
                33.81177722409943
              ],
              [
                -112.1379708483549,
                33.80876421002031
              ],
              [
                -112.13742650298558,
                33.80668342211039
              ],
              [
                -112.13563978803032,
                33.79824161225156
              ],
              [
                -112.13491963594345,
                33.79589783900431
              ],
              [
                -112.13158500326983,
                33.77994875391064
              ],
              [
                -112.12931188048296,
                33.769211858683335
              ],
              [
                -112.12936097518406,
                33.769209629958006
              ],
              [
                -112.12628045840046,
                33.75465868086705
              ],
              [
                -112.12643660902275,
                33.75465058565525
              ],
              [
                -112.12488524408487,
                33.74738507061687
              ],
              [
                -112.124913713923,
                33.74738499464784
              ],
              [
                -112.12331218406332,
                33.740135175485065
              ],
              [
                -112.12334428751049,
                33.7401409401473
              ],
              [
                -112.12182162718338,
                33.73288455156882
              ],
              [
                -112.12184165654286,
                33.73288499977716
              ],
              [
                -112.12030992561925,
                33.72564969649647
              ],
              [
                -112.09981206663481,
                33.72582228884298
              ],
              [
                -112.0998796241673,
                33.72557676404231
              ],
              [
                -112.09613775210592,
                33.72561349191363
              ],
              [
                -112.0961318129015,
                33.7252215489591
              ],
              [
                -112.09506423322475,
                33.72523226106518
              ],
              [
                -112.09558672927106,
                33.725618644644754
              ],
              [
                -112.08959754753094,
                33.725676034429526
              ],
              [
                -112.08957530582293,
                33.72505193916071
              ],
              [
                -112.08918595549066,
                33.72507147622656
              ],
              [
                -112.08905417312913,
                33.725154776176076
              ],
              [
                -112.08849028308826,
                33.725153665794046
              ],
              [
                -112.0884951670051,
                33.72538111899572
              ],
              [
                -112.08740959306147,
                33.725391960385245
              ],
              [
                -112.08741967774473,
                33.72569421086122
              ],
              [
                -112.0852418139561,
                33.725715973553946
              ],
              [
                -112.0852301215562,
                33.72533756184789
              ],
              [
                -112.08305320906183,
                33.72535923233759
              ],
              [
                -112.08306396102543,
                33.72574118544951
              ],
              [
                -112.0755709239118,
                33.72576611695524
              ],
              [
                -112.0755680673299,
                33.7256312989742
              ],
              [
                -112.07522461528468,
                33.72556113227982
              ],
              [
                -112.07449714356999,
                33.7256039606588
              ],
              [
                -112.07450049401024,
                33.72577015220854
              ],
              [
                -112.06588609809188,
                33.72586961593203
              ],
              [
                -112.06578271536615,
                33.72008783971565
              ],
              [
                -112.08290824299033,
                33.72025663185484
              ],
              [
                -112.08264983928609,
                33.71425774369936
              ],
              [
                -112.08128048943216,
                33.71296847471646
              ],
              [
                -112.07922587395464,
                33.710962015455586
              ],
              [
                -112.07834520927526,
                33.71012945898454
              ],
              [
                -112.07786988576723,
                33.709712440014165
              ],
              [
                -112.07736539352686,
                33.7093269792542
              ],
              [
                -112.07640752543146,
                33.708701872602596
              ],
              [
                -112.06947065885183,
                33.70439939603276
              ],
              [
                -112.06598281795144,
                33.702172298346035
              ],
              [
                -112.06571283210943,
                33.701970371230026
              ],
              [
                -112.06569483178062,
                33.69108960811749
              ],
              [
                -112.06565354967069,
                33.684785512404936
              ],
              [
                -112.06562683548813,
                33.669309438924905
              ],
              [
                -112.0701151708839,
                33.66927561239386
              ],
              [
                -112.07012199992043,
                33.66825099900306
              ],
              [
                -112.07074100034762,
                33.66639299930934
              ],
              [
                -112.07316200032133,
                33.66174299935465
              ],
              [
                -112.0727500004402,
                33.6615849995124
              ],
              [
                -112.07417799952489,
                33.65940199926111
              ],
              [
                -112.07520800020797,
                33.65861699876702
              ],
              [
                -112.07788099966923,
                33.65468999905724
              ],
              [
                -112.06556388810722,
                33.65483210151909
              ],
              [
                -112.06554191327419,
                33.64756653880652
              ],
              [
                -112.05686673975484,
                33.64760474840315
              ],
              [
                -112.05687905587034,
                33.65484626265686
              ],
              [
                -112.04847927144496,
                33.654916791448855
              ],
              [
                -112.03087302384397,
                33.65502775716751
              ],
              [
                -112.03084976862617,
                33.64051196779601
              ],
              [
                -112.03073382370366,
                33.626278211687996
              ],
              [
                -112.02533265077045,
                33.62630714541906
              ],
              [
                -112.02508700034522,
                33.62632700040256
              ],
              [
                -112.0248133923497,
                33.62640948267932
              ],
              [
                -112.02455304730745,
                33.62654002651254
              ],
              [
                -112.02406604578023,
                33.62690502662273
              ],
              [
                -112.0236587799059,
                33.62667646224653
              ],
              [
                -112.02319970365045,
                33.62649813653211
              ],
              [
                -112.02271341013336,
                33.62638102014922
              ],
              [
                -112.02221127830241,
                33.626327791867794
              ],
              [
                -112.00668487899426,
                33.62631842158025
              ],
              [
                -112.00729908217167,
                33.624948518606026
              ],
              [
                -112.00760262401957,
                33.624215868922406
              ],
              [
                -112.00816364192583,
                33.622737851458275
              ],
              [
                -112.00866252376703,
                33.621244294572506
              ],
              [
                -112.00888857539458,
                33.620492318291426
              ],
              [
                -112.00929090849219,
                33.618982482899625
              ],
              [
                -112.00880098607962,
                33.61901252568666
              ],
              [
                -112.00810062186075,
                33.61909966857087
              ],
              [
                -112.00763359691466,
                33.619123154453156
              ],
              [
                -112.00633660130426,
                33.6191313041035
              ],
              [
                -112.00516804199997,
                33.61904869103483
              ],
              [
                -112.0048014332978,
                33.61903787119266
              ],
              [
                -111.99598157332335,
                33.61914849705114
              ],
              [
                -111.9959268756023,
                33.611875109023735
              ],
              [
                -111.97785998083756,
                33.61154002917517
              ],
              [
                -111.97788400002582,
                33.6049829988647
              ],
              [
                -111.97715300042337,
                33.60492799892845
              ],
              [
                -111.9765520002501,
                33.60469999877818
              ],
              [
                -111.97625099977196,
                33.60448499896101
              ],
              [
                -111.97598799965066,
                33.60420799876077
              ],
              [
                -111.97527199975319,
                33.60431199884507
              ],
              [
                -111.96057163679245,
                33.60435540325342
              ],
              [
                -111.96060808009099,
                33.597165987234185
              ],
              [
                -111.9605682549553,
                33.58907869105322
              ],
              [
                -111.96057814504144,
                33.575488807840166
              ],
              [
                -111.94351286811529,
                33.57495153506182
              ],
              [
                -111.94350426109793,
                33.58214870732384
              ],
              [
                -111.94341899063691,
                33.5894111352768
              ],
              [
                -111.95210614325836,
                33.589607521472075
              ],
              [
                -111.95209410457335,
                33.59709526344839
              ],
              [
                -111.94311572564443,
                33.59689764737459
              ],
              [
                -111.93897110298916,
                33.5968774890309
              ],
              [
                -111.93898090373166,
                33.5989737721714
              ],
              [
                -111.93896843421938,
                33.600406968655264
              ],
              [
                -111.93459046772033,
                33.60038770271842
              ],
              [
                -111.93462335661043,
                33.596856537124395
              ],
              [
                -111.92608287341466,
                33.596816031571954
              ],
              [
                -111.92603139529295,
                33.60088662006607
              ],
              [
                -111.92594021077053,
                33.611293195804365
              ],
              [
                -111.92590173184374,
                33.618516131208764
              ],
              [
                -111.92571973005222,
                33.62578211747037
              ],
              [
                -111.9255955211247,
                33.63303924983231
              ],
              [
                -111.92550945435815,
                33.6401491770275
              ],
              [
                -111.92557946789695,
                33.64053456103703
              ],
              [
                -111.92554180966465,
                33.64162897596562
              ],
              [
                -111.9255778154962,
                33.64793462199139
              ],
              [
                -111.92555267944674,
                33.6552167028134
              ],
              [
                -111.9255763188046,
                33.684206621722126
              ],
              [
                -111.92557342741327,
                33.726530632878664
              ],
              [
                -111.94269099621584,
                33.72647823568566
              ],
              [
                -111.94340202716441,
                33.726500731740416
              ],
              [
                -111.95139770867408,
                33.72645828804904
              ],
              [
                -111.95206933318855,
                33.726467378147156
              ],
              [
                -111.96091880702843,
                33.72643310859
              ],
              [
                -111.96089939711857,
                33.73386779455755
              ],
              [
                -111.96090034198382,
                33.741125973484316
              ],
              [
                -111.97717378552352,
                33.741096882288524
              ],
              [
                -111.97815303113939,
                33.74027974592646
              ],
              [
                -111.97815273593189,
                33.74090823683486
              ],
              [
                -111.98468269322531,
                33.74087853359695
              ],
              [
                -111.98467749565951,
                33.73744328801972
              ],
              [
                -111.98250046137507,
                33.73745030795433
              ],
              [
                -111.98249293585734,
                33.73201086539968
              ],
              [
                -111.98307004585348,
                33.73200938787012
              ],
              [
                -111.9829575329827,
                33.731372726316266
              ],
              [
                -111.98294890726822,
                33.731152295671784
              ],
              [
                -111.98284142049263,
                33.7312250722441
              ],
              [
                -111.98275703551914,
                33.731259206516256
              ],
              [
                -111.98249320028035,
                33.731271747972805
              ],
              [
                -111.98249234827955,
                33.72838065603413
              ],
              [
                -111.98684187891557,
                33.728371403927305
              ],
              [
                -111.98684453610981,
                33.73018553862892
              ],
              [
                -111.99554501444645,
                33.73016770069593
              ],
              [
                -111.99555892348043,
                33.74466777012395
              ],
              [
                -111.99379220345371,
                33.744671805039964
              ],
              [
                -111.99379272465055,
                33.74501533660862
              ],
              [
                -111.99338150343979,
                33.74501627175092
              ],
              [
                -111.99338374822786,
                33.746485254001435
              ],
              [
                -111.9912051137344,
                33.746490105891766
              ],
              [
                -111.99120593306867,
                33.74823560921352
              ],
              [
                -111.99112534035491,
                33.74823573268253
              ],
              [
                -111.99112363511786,
                33.74649111171514
              ],
              [
                -111.99010567833282,
                33.74649407925079
              ],
              [
                -111.99010538430066,
                33.74740021710061
              ],
              [
                -111.99052897722946,
                33.74739874987592
              ],
              [
                -111.99053063716258,
                33.74823835668134
              ],
              [
                -111.98695933499879,
                33.74824807059095
              ],
              [
                -111.98696124864907,
                33.745594188074854
              ],
              [
                -111.98903021910746,
                33.745589213929264
              ],
              [
                -111.98902947355904,
                33.74332371415741
              ],
              [
                -111.99011701514743,
                33.74332165187084
              ],
              [
                -111.99011756703823,
                33.74421221533409
              ],
              [
                -111.99120178562542,
                33.744209943489835
              ],
              [
                -111.9912041275406,
                33.74115892508359
              ],
              [
                -111.987400188378,
                33.74116429247955
              ],
              [
                -111.98739902058057,
                33.74196111449311
              ],
              [
                -111.98695408478446,
                33.74196163276419
              ],
              [
                -111.98695502537691,
                33.74105851609161
              ],
              [
                -111.9781518229898,
                33.741095984373075
              ],
              [
                -111.9781530066439,
                33.741246818739064
              ],
              [
                -111.96943313165072,
                33.74126420937312
              ],
              [
                -111.96943316082402,
                33.74122019666965
              ],
              [
                -111.96736193131846,
                33.741223359163094
              ],
              [
                -111.96736015970824,
                33.74383871929328
              ],
              [
                -111.96943234282107,
                33.74383430849459
              ],
              [
                -111.96943026150092,
                33.75563261659666
              ],
              [
                -111.96506678817363,
                33.75563745480526
              ],
              [
                -111.96506774977067,
                33.752008338423714
              ],
              [
                -111.96070600983302,
                33.752013401328284
              ],
              [
                -111.96071551985797,
                33.770163631180786
              ],
              [
                -111.94328361675018,
                33.77020143276213
              ],
              [
                -111.94327592171007,
                33.78459767995701
              ],
              [
                -111.9528410242491,
                33.7845702924703
              ],
              [
                -111.9532024958144,
                33.78450655361986
              ],
              [
                -111.95355467579894,
                33.78437412856489
              ],
              [
                -111.95459138960094,
                33.78372276221084
              ],
              [
                -111.9548941783209,
                33.78357361831487
              ],
              [
                -111.95530305845827,
                33.7834521834652
              ],
              [
                -111.95553714539183,
                33.78341697974182
              ],
              [
                -111.95577931942583,
                33.78340455778522
              ],
              [
                -111.95703079092505,
                33.78340374271527
              ],
              [
                -111.95726482353048,
                33.78342223819103
              ],
              [
                -111.95750330136616,
                33.78346485908697
              ],
              [
                -111.95778904898641,
                33.7835503391854
              ],
              [
                -111.9580320114251,
                33.7836571588687
              ],
              [
                -111.95906128929104,
                33.78430094143634
              ],
              [
                -111.95938263391777,
                33.78444901006498
              ],
              [
                -111.95961595748575,
                33.78451568655688
              ],
              [
                -111.95986739480257,
                33.78455539864749
              ],
              [
                -111.96073079334612,
                33.784564077423845
              ],
              [
                -111.96073361518246,
                33.79195534290499
              ],
              [
                -111.96619409480093,
                33.79194849849834
              ],
              [
                -111.96619374040908,
                33.791042333998845
              ],
              [
                -111.96401699423609,
                33.791041061551304
              ],
              [
                -111.96401701322408,
                33.79087153654832
              ],
              [
                -111.963016494378,
                33.79087427697513
              ],
              [
                -111.9630134436031,
                33.78832073336069
              ],
              [
                -111.96836818760117,
                33.788323591100294
              ],
              [
                -111.96837542389919,
                33.79104356597541
              ],
              [
                -111.96890437040891,
                33.791047960528154
              ],
              [
                -111.96847040042458,
                33.7917362932243
              ],
              [
                -111.96853776237168,
                33.79183375241983
              ],
              [
                -111.96882624042094,
                33.79183285087632
              ],
              [
                -111.96882629041855,
                33.791915297896196
              ],
              [
                -111.96947050923637,
                33.79191335040942
              ],
              [
                -111.96946761356577,
                33.79014993237289
              ],
              [
                -111.97059883080905,
                33.78831369549357
              ],
              [
                -111.97794713494602,
                33.78830646707782
              ],
              [
                -111.97795589111188,
                33.79193869570373
              ],
              [
                -111.97802072135741,
                33.79193857782618
              ],
              [
                -111.97802454601468,
                33.795130562012794
              ],
              [
                -111.97725531258413,
                33.795130436340706
              ],
              [
                -111.97725534743482,
                33.79517990451911
              ],
              [
                -111.97564404731966,
                33.795180669048385
              ],
              [
                -111.97564420352508,
                33.79541317237512
              ],
              [
                -111.97434452753168,
                33.79541377238097
              ],
              [
                -111.97434460218574,
                33.795529915846366
              ],
              [
                -111.97254597357988,
                33.79553045234765
              ],
              [
                -111.97254627883825,
                33.795782519630436
              ],
              [
                -111.97238169305403,
                33.79578266890161
              ],
              [
                -111.97236657817726,
                33.79575302763109
              ],
              [
                -111.97233027653301,
                33.79574152361693
              ],
              [
                -111.97172285277146,
                33.79576246562388
              ],
              [
                -111.97182584379885,
                33.796859651514836
              ],
              [
                -111.97182793261199,
                33.79850983679774
              ],
              [
                -111.97161518196701,
                33.79851927915194
              ],
              [
                -111.97161553277905,
                33.79905812713943
              ],
              [
                -111.97821210825832,
                33.799060816625335
              ],
              [
                -111.99122971192647,
                33.79900281067971
              ],
              [
                -111.99123588270315,
                33.79550394174325
              ],
              [
                -111.99558401161416,
                33.79548472067082
              ],
              [
                -111.99558587470135,
                33.79883879300015
              ],
              [
                -112.00426887190395,
                33.798937585804765
              ],
              [
                -112.03040548352139,
                33.79890914349181
              ],
              [
                -112.04801359690106,
                33.798835207604746
              ],
              [
                -112.04796154956212,
                33.78460532482264
              ],
              [
                -112.05665362636745,
                33.784499537821276
              ],
              [
                -112.06749140770157,
                33.78444462017182
              ],
              [
                -112.06748501225293,
                33.78812826233922
              ],
              [
                -112.0741753113938,
                33.788070201765066
              ],
              [
                -112.07417218113,
                33.789957606671145
              ],
              [
                -112.07562227230548,
                33.78994276150649
              ],
              [
                -112.07642662242051,
                33.7905851578324
              ],
              [
                -112.07816863354383,
                33.79073461165052
              ],
              [
                -112.07818747124378,
                33.791761702343635
              ],
              [
                -112.08269351981497,
                33.79171536604763
              ],
              [
                -112.08267605995432,
                33.79908132796405
              ],
              [
                -112.08275582637215,
                33.8063538566568
              ],
              [
                -112.10016874494274,
                33.80547283899968
              ],
              [
                -112.10015796607141,
                33.813177511469895
              ]
            ],
            [
              [
                -111.93101603823699,
                33.65336621531445
              ],
              [
                -111.9300508167317,
                33.653366232508134
              ],
              [
                -111.92988836473783,
                33.6533188644094
              ],
              [
                -111.92998318073539,
                33.65312289200702
              ],
              [
                -111.9302465073482,
                33.65272938440979
              ],
              [
                -111.93034521533203,
                33.65251411008605
              ],
              [
                -111.93101588042269,
                33.65251270680314
              ],
              [
                -111.93101603823699,
                33.65336621531445
              ]
            ],
            [
              [
                -111.98902931686608,
                33.74286978764708
              ],
              [
                -111.98794370927233,
                33.742871397419734
              ],
              [
                -111.9879440210738,
                33.741960473778214
              ],
              [
                -111.98902900227927,
                33.741959197090196
              ],
              [
                -111.98902931686608,
                33.74286978764708
              ]
            ],
            [
              [
                -111.92821753432162,
                33.653330439763806
              ],
              [
                -111.92564277830392,
                33.653316818256044
              ],
              [
                -111.92564509740446,
                33.6527451723091
              ],
              [
                -111.92622850208647,
                33.652748261875324
              ],
              [
                -111.92622945783488,
                33.65271369348908
              ],
              [
                -111.92627010485872,
                33.652713907641406
              ],
              [
                -111.92627041349625,
                33.65276497382758
              ],
              [
                -111.92647126274669,
                33.65276603826574
              ],
              [
                -111.92647165790514,
                33.652713823293766
              ],
              [
                -111.92670389150163,
                33.65271504626031
              ],
              [
                -111.92670347832522,
                33.65286161582837
              ],
              [
                -111.92678671969523,
                33.65286206799368
              ],
              [
                -111.92678691076335,
                33.65283641269685
              ],
              [
                -111.92767897735267,
                33.652841127039984
              ],
              [
                -111.92768784868801,
                33.65166644643466
              ],
              [
                -111.92823012489657,
                33.651666778311984
              ],
              [
                -111.92821753432162,
                33.653330439763806
              ]
            ],
            [
              [
                -112.0334868310245,
                33.701869243403806
              ],
              [
                -112.03132964739534,
                33.70185193628636
              ],
              [
                -112.03131998828282,
                33.70043996746381
              ],
              [
                -112.03347466422575,
                33.70046454909137
              ],
              [
                -112.0334868310245,
                33.701869243403806
              ]
            ],
            [
              [
                -111.99558531747908,
                33.77915243287128
              ],
              [
                -111.99558550949791,
                33.78096887382912
              ],
              [
                -111.99340491240837,
                33.78097670674236
              ],
              [
                -111.99340496563423,
                33.779162083328245
              ],
              [
                -111.99558531747908,
                33.77915243287128
              ]
            ],
            [
              [
                -111.984698836127,
                33.78337199315927
              ],
              [
                -111.98314550569752,
                33.783385915535874
              ],
              [
                -111.98314499616063,
                33.78465223496267
              ],
              [
                -111.97818627380842,
                33.78467077685421
              ],
              [
                -111.97818511208595,
                33.782861785739925
              ],
              [
                -111.97709878854386,
                33.782862299982156
              ],
              [
                -111.97709756621184,
                33.78104349204231
              ],
              [
                -111.98252241624361,
                33.78101531936161
              ],
              [
                -111.98252177076445,
                33.78283416154097
              ],
              [
                -111.98469558706125,
                33.782825796111595
              ],
              [
                -111.984698836127,
                33.78337199315927
              ]
            ],
            [
              [
                -111.98698225813428,
                33.773662724686965
              ],
              [
                -111.9955847228291,
                33.77362926852427
              ],
              [
                -111.99558521988328,
                33.77824539020303
              ],
              [
                -111.99340499575428,
                33.778255040562186
              ],
              [
                -111.99340502077098,
                33.77743064775747
              ],
              [
                -111.99122429113332,
                33.777440258988804
              ],
              [
                -111.99122486648501,
                33.77917238667836
              ],
              [
                -111.98905291932837,
                33.779181921804174
              ],
              [
                -111.98905223569898,
                33.78099419143273
              ],
              [
                -111.98687899542657,
                33.78100143224823
              ],
              [
                -111.98688144592954,
                33.77745820204263
              ],
              [
                -111.98361922328691,
                33.77747265979046
              ],
              [
                -111.98361835589407,
                33.77730841499913
              ],
              [
                -111.98419099628161,
                33.777305958870684
              ],
              [
                -111.98419090876104,
                33.77603708207768
              ],
              [
                -111.98361843903996,
                33.77603710544535
              ],
              [
                -111.98361819747538,
                33.775590563205554
              ],
              [
                -111.9825307902633,
                33.77559142604518
              ],
              [
                -111.98253219156702,
                33.777477458173365
              ],
              [
                -111.97818428463925,
                33.77750105600065
              ],
              [
                -111.9781842863079,
                33.777415782987845
              ],
              [
                -111.97745240379977,
                33.77741592384299
              ],
              [
                -111.9781793835997,
                33.776253087335654
              ],
              [
                -111.9781842863079,
                33.777415782987845
              ],
              [
                -111.97927123753152,
                33.777409369310845
              ],
              [
                -111.97927099942586,
                33.77732695826842
              ],
              [
                -111.98035782011776,
                33.77732233749409
              ],
              [
                -111.98035602786842,
                33.775580420450424
              ],
              [
                -111.97926867461406,
                33.77557372931374
              ],
              [
                -111.97926710993991,
                33.77436366236274
              ],
              [
                -111.97957304359073,
                33.77386579541128
              ],
              [
                -111.97970070023203,
                33.77370083842799
              ],
              [
                -111.98081542035895,
                33.77190250018682
              ],
              [
                -111.98307503166879,
                33.771898897619074
              ],
              [
                -111.98304089691274,
                33.77195461208975
              ],
              [
                -111.98307789791993,
                33.77195455341406
              ],
              [
                -111.98363727866877,
                33.771039924597254
              ],
              [
                -111.98359914693968,
                33.77104183064258
              ],
              [
                -111.98417058080766,
                33.77012534254808
              ],
              [
                -111.98698221919044,
                33.7701139401918
              ],
              [
                -111.98698225813428,
                33.773662724686965
              ]
            ],
            [
              [
                -112.04864068997189,
                33.71263269993937
              ],
              [
                -112.0486299118904,
                33.70968375644233
              ],
              [
                -112.04852139413343,
                33.70968396068458
              ],
              [
                -112.04851307635204,
                33.70741499810301
              ],
              [
                -112.04862162032654,
                33.707414755973936
              ],
              [
                -112.04855736377465,
                33.69868402093468
              ],
              [
                -112.05713174882328,
                33.69844314614801
              ],
              [
                -112.05731641339875,
                33.712618116412784
              ],
              [
                -112.04864068997189,
                33.71263269993937
              ]
            ],
            [
              [
                -111.97776233393859,
                33.776265045760894
              ],
              [
                -111.97704724768124,
                33.77741651495871
              ],
              [
                -111.96944702604615,
                33.777420926396275
              ],
              [
                -111.96944165550836,
                33.771973002581475
              ],
              [
                -111.97490103504337,
                33.77196837617181
              ],
              [
                -111.97490157172147,
                33.770262505434374
              ],
              [
                -111.97380459093273,
                33.770264048746135
              ],
              [
                -111.97380433731246,
                33.770153585312755
              ],
              [
                -111.96508014225455,
                33.77016091881257
              ],
              [
                -111.9650791606497,
                33.764711983884766
              ],
              [
                -111.96725770732529,
                33.764708815473824
              ],
              [
                -111.96725578538455,
                33.76652910033839
              ],
              [
                -111.96943745515036,
                33.766528313097204
              ],
              [
                -111.96943505352121,
                33.76289508856706
              ],
              [
                -111.97816586215569,
                33.76288292615953
              ],
              [
                -111.97817290542574,
                33.770259437128054
              ],
              [
                -111.97598986928902,
                33.77026149483452
              ],
              [
                -111.97599294000945,
                33.77196776777145
              ],
              [
                -111.97817561843597,
                33.771965110562746
              ],
              [
                -111.97818138649764,
                33.775592991694836
              ],
              [
                -111.97776233393859,
                33.776265045760894
              ]
            ]
          ],
          [
            [
              [
                -111.98698225813428,
                33.773662724686965
              ],
              [
                -111.98579389644888,
                33.77366829020888
              ],
              [
                -111.98579250073148,
                33.776433921264214
              ],
              [
                -111.9869818239343,
                33.7764338534693
              ],
              [
                -111.98698225813428,
                33.773662724686965
              ]
            ]
          ]
        ]
      }
    },
    {
      "type": "Feature",
      "properties": {
        "placeFips": "0455000",
        "city": "Phoenix",
        "state": "AZ",
        "boundaryType": "council-district",
        "district": "8",
        "name": "Councilmember Kesha Hodge Washington"
      },
      "geometry": {
        "type": "Polygon",
        "coordinates": [
          [
            [
              -112.15170908698146,
              33.3194952808485
            ],
            [
              -112.10045971587013,
              33.319572889832145
            ],
            [
              -112.10046925264881,
              33.33299689794727
            ],
            [
              -112.10033468361232,
              33.33306432361213
            ],
            [
              -112.1000189996696,
              33.333162997801224
            ],
            [
              -112.09966600101187,
              33.33331199869515
            ],
            [
              -112.0995470009089,
              33.33333999914072
            ],
            [
              -112.09943200136131,
              33.333345998002926
            ],
            [
              -112.0992200010851,
              33.333317998546505
            ],
            [
              -112.09845000084722,
              33.333119998027676
            ],
            [
              -112.09828899986384,
              33.3330899980688
            ],
            [
              -112.0981080007236,
              33.3330979993221
            ],
            [
              -112.09782000054552,
              33.33319699809143
            ],
            [
              -112.09766099988407,
              33.33327299845654
            ],
            [
              -112.09705700133361,
              33.33359599927375
            ],
            [
              -112.0969189997761,
              33.33370199807043
            ],
            [
              -112.09647500078425,
              33.33395099789777
            ],
            [
              -112.09636000008851,
              33.33402599871255
            ],
            [
              -112.09616999987371,
              33.33418999818411
            ],
            [
              -112.09586900157895,
              33.334507999475896
            ],
            [
              -112.0957040009669,
              33.33473599848223
            ],
            [
              -112.09565700148124,
              33.334856999075846
            ],
            [
              -112.09560200158137,
              33.33518899848763
            ],
            [
              -112.09551100032151,
              33.3354169987973
            ],
            [
              -112.09539700129297,
              33.335582998522746
            ],
            [
              -112.09496000084715,
              33.336046997168104
            ],
            [
              -112.09475000038731,
              33.336336998365766
            ],
            [
              -112.09470299982719,
              33.33643899940289
            ],
            [
              -112.09465600089432,
              33.33665699814821
            ],
            [
              -112.09466900105457,
              33.336895999343476
            ],
            [
              -112.09475000142945,
              33.337358999447865
            ],
            [
              -112.09475300001425,
              33.33743199901955
            ],
            [
              -112.09471200137834,
              33.33759499887035
            ],
            [
              -112.09450300035486,
              33.33803699869106
            ],
            [
              -112.09443300134745,
              33.338140998269274
            ],
            [
              -112.09382800021247,
              33.338757998289076
            ],
            [
              -112.0937640000488,
              33.33879899952982
            ],
            [
              -112.09364700082794,
              33.33884199782602
            ],
            [
              -112.0924030006693,
              33.33898299912846
            ],
            [
              -112.0897589999473,
              33.33955699801291
            ],
            [
              -112.08959500068752,
              33.33963699949774
            ],
            [
              -112.08949000147763,
              33.33972899897544
            ],
            [
              -112.0894420007567,
              33.33980999840065
            ],
            [
              -112.08936200096439,
              33.340074997828125
            ],
            [
              -112.08928299999778,
              33.34023499906899
            ],
            [
              -112.08917500022153,
              33.340381999016195
            ],
            [
              -112.08895900140853,
              33.34060599929564
            ],
            [
              -112.08856099964527,
              33.34085899793277
            ],
            [
              -112.08777200155795,
              33.341229998420296
            ],
            [
              -112.08751100130914,
              33.34139999846876
            ],
            [
              -112.08738600059017,
              33.34152399941477
            ],
            [
              -112.08726000135452,
              33.341680999001476
            ],
            [
              -112.08716599977436,
              33.34182999779254
            ],
            [
              -112.08706899980082,
              33.34203599899315
            ],
            [
              -112.08692300005626,
              33.34242399750365
            ],
            [
              -112.08655999998125,
              33.34309699881985
            ],
            [
              -112.08640300018907,
              33.343459998111044
            ],
            [
              -112.08604900058346,
              33.3444649981505
            ],
            [
              -112.08594400030768,
              33.344813997958646
            ],
            [
              -112.08581000014094,
              33.345381998040345
            ],
            [
              -112.08570700136535,
              33.34569699839714
            ],
            [
              -112.08560200191874,
              33.34596999947005
            ],
            [
              -112.08548900015245,
              33.34617299853028
            ],
            [
              -112.08525000094133,
              33.34644099921539
            ],
            [
              -112.08493300079009,
              33.3467349987996
            ],
            [
              -112.0845210003284,
              33.34708499808874
            ],
            [
              -112.0844180009006,
              33.347243997855614
            ],
            [
              -112.08433200030653,
              33.34745299814032
            ],
            [
              -112.08428300060064,
              33.347512998592876
            ],
            [
              -112.0842210008718,
              33.34756299850979
            ],
            [
              -112.08373900120463,
              33.34784499927592
            ],
            [
              -112.08305800105458,
              33.3483119984401
            ],
            [
              -112.08297600155753,
              33.348342998336896
            ],
            [
              -112.08217200157574,
              33.348496998833504
            ],
            [
              -112.08165667616694,
              33.34868394914488
            ],
            [
              -112.0659665702632,
              33.34885417815204
            ],
            [
              -112.04910636770931,
              33.34876645396221
            ],
            [
              -112.04877442239,
              33.35600507769543
            ],
            [
              -112.04019272617528,
              33.35601244605188
            ],
            [
              -112.04019738241,
              33.36325336865785
            ],
            [
              -112.03162858057595,
              33.36326168414001
            ],
            [
              -112.03164173283254,
              33.366687058911815
            ],
            [
              -112.02835584769008,
              33.36625166344432
            ],
            [
              -112.02739319014583,
              33.36732213986514
            ],
            [
              -112.02722672075579,
              33.36744636847172
            ],
            [
              -112.02685589683702,
              33.36763901013203
            ],
            [
              -112.02680041988003,
              33.3676835381648
            ],
            [
              -112.02676428685218,
              33.367740374537064
            ],
            [
              -112.02675111108559,
              33.367803836170204
            ],
            [
              -112.02677268337123,
              33.368820684310386
            ],
            [
              -112.02297291129571,
              33.36887356242505
            ],
            [
              -112.02296683447746,
              33.37063312696363
            ],
            [
              -112.01614122306556,
              33.370730514185496
            ],
            [
              -112.00566511298015,
              33.370755026441294
            ],
            [
              -111.99694378840731,
              33.3707524061028
            ],
            [
              -111.996899795119,
              33.374340016111326
            ],
            [
              -111.99681940271056,
              33.37434004640374
            ],
            [
              -111.99679078616278,
              33.37440108196082
            ],
            [
              -111.99228074872376,
              33.37444886680302
            ],
            [
              -111.99224295722775,
              33.37810720871208
            ],
            [
              -111.97820001439206,
              33.37818200753905
            ],
            [
              -111.97819956017698,
              33.37839319865742
            ],
            [
              -111.97823500665814,
              33.37842288347717
            ],
            [
              -111.97822917416197,
              33.38002949904072
            ],
            [
              -111.97819462934778,
              33.3800296171606
            ],
            [
              -111.97818137701321,
              33.38364400387368
            ],
            [
              -111.97826513984508,
              33.383643624190384
            ],
            [
              -111.97825876840484,
              33.38533903737331
            ],
            [
              -111.97824485380235,
              33.38536719659895
            ],
            [
              -111.97821266290657,
              33.38538096005262
            ],
            [
              -111.97818440807187,
              33.39258089021489
            ],
            [
              -111.97850050108327,
              33.39257875297133
            ],
            [
              -111.97842093216094,
              33.404512083661025
            ],
            [
              -111.97838976847294,
              33.41836769170294
            ],
            [
              -111.97850312282588,
              33.435336203688024
            ],
            [
              -111.97881663836672,
              33.43674973442104
            ],
            [
              -111.98027500002188,
              33.44271199941323
            ],
            [
              -111.97841333432345,
              33.44175387841705
            ],
            [
              -111.97846711223895,
              33.46563417507416
            ],
            [
              -111.98229773663203,
              33.46564315020348
            ],
            [
              -111.98224832793186,
              33.469005361669055
            ],
            [
              -111.98271743633252,
              33.46923264819335
            ],
            [
              -111.98258594032885,
              33.48017029912536
            ],
            [
              -111.98699755108521,
              33.48024950674465
            ],
            [
              -111.99549849035809,
              33.48047162447948
            ],
            [
              -112.01291000010947,
              33.48049099926673
            ],
            [
              -112.01294585892398,
              33.48786740511535
            ],
            [
              -112.03019580062276,
              33.4875612958949
            ],
            [
              -112.03019207186716,
              33.48029916322773
            ],
            [
              -112.02155400050901,
              33.48039799892625
            ],
            [
              -112.0215690002162,
              33.47307299889044
            ],
            [
              -112.01290900009154,
              33.47311199943321
            ],
            [
              -112.01291799967136,
              33.46573199928632
            ],
            [
              -112.04152162902108,
              33.46576626934344
            ],
            [
              -112.06476718188242,
              33.465719466783305
            ],
            [
              -112.0694277503391,
              33.46572784273753
            ],
            [
              -112.0694358470866,
              33.45989209894942
            ],
            [
              -112.06945542693683,
              33.459530066943465
            ],
            [
              -112.06947393044621,
              33.45932478132672
            ],
            [
              -112.06951437741019,
              33.45914957458524
            ],
            [
              -112.0696260778122,
              33.458877171433116
            ],
            [
              -112.06986451425834,
              33.45842029436701
            ],
            [
              -112.06994164017918,
              33.45815896230379
            ],
            [
              -112.06996298227423,
              33.45799831529883
            ],
            [
              -112.06997176038006,
              33.45243306897874
            ],
            [
              -112.07002176294898,
              33.45243274655439
            ],
            [
              -112.0700233367672,
              33.45137674443391
            ],
            [
              -112.06997424815103,
              33.45137651388733
            ],
            [
              -112.06992941595198,
              33.444099023218484
            ],
            [
              -112.08237439344038,
              33.44412375956743
            ],
            [
              -112.10007312809785,
              33.44400386854793
            ],
            [
              -112.09997973032257,
              33.435546801005486
            ],
            [
              -112.0996703030068,
              33.418380177759666
            ],
            [
              -112.09954063989827,
              33.41836663871011
            ],
            [
              -112.0831261592308,
              33.418089542388614
            ],
            [
              -112.08155092680174,
              33.418009295119695
            ],
            [
              -112.08092825391475,
              33.41801706157704
            ],
            [
              -112.0809315256566,
              33.41808716030422
            ],
            [
              -112.08056573422911,
              33.41808943850652
            ],
            [
              -112.08061075120737,
              33.41823028666711
            ],
            [
              -112.07681514340867,
              33.420133122547334
            ],
            [
              -112.0763084728042,
              33.420263731110815
            ],
            [
              -112.07602412121255,
              33.42043873799802
            ],
            [
              -112.07391726976091,
              33.42046853631996
            ],
            [
              -112.07242214944453,
              33.4203475093545
            ],
            [
              -112.07057682540831,
              33.42009600064563
            ],
            [
              -112.06739069674938,
              33.419689722576614
            ],
            [
              -112.06663403738001,
              33.419935356939796
            ],
            [
              -112.06520396425333,
              33.41973759599866
            ],
            [
              -112.06483919427794,
              33.419740418136016
            ],
            [
              -112.06463329438746,
              33.413446124416936
            ],
            [
              -112.0645681246102,
              33.40670596233827
            ],
            [
              -112.06460145095797,
              33.402167755052815
            ],
            [
              -112.06462693600605,
              33.377742017115466
            ],
            [
              -112.09915152609813,
              33.37776970465375
            ],
            [
              -112.09916192853194,
              33.386673308341685
            ],
            [
              -112.0991495153818,
              33.39226977273699
            ],
            [
              -112.09942548597107,
              33.40673967844404
            ],
            [
              -112.11530010454015,
              33.40672436344134
            ],
            [
              -112.125031121427,
              33.40668373206339
            ],
            [
              -112.1250217385648,
              33.40677367493952
            ],
            [
              -112.13221500476524,
              33.40673845595981
            ],
            [
              -112.13221759316367,
              33.40675741343096
            ],
            [
              -112.132374232353,
              33.406756463130996
            ],
            [
              -112.13237298617584,
              33.40665027322799
            ],
            [
              -112.13367044423698,
              33.40664734267469
            ],
            [
              -112.13369517087513,
              33.404802838678435
            ],
            [
              -112.1336578621495,
              33.40238239213769
            ],
            [
              -112.13358607968233,
              33.39212227973759
            ],
            [
              -112.14237125490206,
              33.39227930747463
            ],
            [
              -112.14238286817545,
              33.39110011794349
            ],
            [
              -112.14295683642437,
              33.39109514488113
            ],
            [
              -112.14355858939109,
              33.39105505186286
            ],
            [
              -112.14418488460208,
              33.390977463921814
            ],
            [
              -112.14475724769324,
              33.39086490544514
            ],
            [
              -112.14475876799608,
              33.39092266333697
            ],
            [
              -112.14648033003715,
              33.39091351446914
            ],
            [
              -112.14648262849313,
              33.39221418720506
            ],
            [
              -112.15063304959739,
              33.39219500741745
            ],
            [
              -112.15071492070456,
              33.39226339812652
            ],
            [
              -112.15071137190766,
              33.39401272211673
            ],
            [
              -112.15102171265076,
              33.394012136449
            ],
            [
              -112.15107117492776,
              33.39396131570108
            ],
            [
              -112.15107535004299,
              33.39222094447427
            ],
            [
              -112.1511079090169,
              33.39219337188313
            ],
            [
              -112.1511316198316,
              33.39219330454676
            ],
            [
              -112.15101212541276,
              33.37734010851386
            ],
            [
              -112.15105214765532,
              33.37760632577766
            ],
            [
              -112.16814060569237,
              33.377522309665025
            ],
            [
              -112.16818254045201,
              33.3919886087877
            ],
            [
              -112.18533519165221,
              33.39193053495706
            ],
            [
              -112.18532727977941,
              33.39184551305697
            ],
            [
              -112.18546502515153,
              33.391844533100105
            ],
            [
              -112.18521167480196,
              33.37744858822597
            ],
            [
              -112.18503200035022,
              33.37745699930401
            ],
            [
              -112.18503763828348,
              33.37621783934139
            ],
            [
              -112.18478799973629,
              33.37530299924453
            ],
            [
              -112.18440384056737,
              33.374459656658075
            ],
            [
              -112.18418100913203,
              33.374024262658395
            ],
            [
              -112.18375400006003,
              33.37309999883292
            ],
            [
              -112.18363600015981,
              33.37209499924143
            ],
            [
              -112.18377400026402,
              33.37156199955923
            ],
            [
              -112.1841929124996,
              33.3708740535385
            ],
            [
              -112.18472100013423,
              33.37031999875544
            ],
            [
              -112.18532100017524,
              33.36979899876523
            ],
            [
              -112.18600200040532,
              33.36885699945256
            ],
            [
              -112.18623228403595,
              33.36768063129807
            ],
            [
              -112.18631669516098,
              33.34839123695728
            ],
            [
              -112.18634296091633,
              33.34839121328542
            ],
            [
              -112.18627600036083,
              33.345338999201815
            ],
            [
              -112.18998590026926,
              33.34531333529163
            ],
            [
              -112.18548240816475,
              33.340932894325036
            ],
            [
              -112.17812369869979,
              33.33386428530069
            ],
            [
              -112.17779368751854,
              33.333859304117944
            ],
            [
              -112.17779148146545,
              33.33355879598315
            ],
            [
              -112.174395332186,
              33.33027178203112
            ],
            [
              -112.17346046705852,
              33.33027272267798
            ],
            [
              -112.17345686067178,
              33.329363407517995
            ],
            [
              -112.16932365458372,
              33.32537029367529
            ],
            [
              -112.16933355363857,
              33.33005691984918
            ],
            [
              -112.1692616374122,
              33.330057947987235
            ],
            [
              -112.16926166651899,
              33.330276862885064
            ],
            [
              -112.16928458509825,
              33.33027684152665
            ],
            [
              -112.16928517999368,
              33.33119090233357
            ],
            [
              -112.16933429147176,
              33.331190760967445
            ],
            [
              -112.16933607840946,
              33.33393265853157
            ],
            [
              -112.1690249031181,
              33.333934126117576
            ],
            [
              -112.1690293712211,
              33.341068631121196
            ],
            [
              -112.1557936353995,
              33.34115135835558
            ],
            [
              -112.15578919396043,
              33.34842803787359
            ],
            [
              -112.15484306093143,
              33.34843672082752
            ],
            [
              -112.15485141031795,
              33.35171081500787
            ],
            [
              -112.15514524860508,
              33.35167780922284
            ],
            [
              -112.15602605011026,
              33.351694341797064
            ],
            [
              -112.15602926878557,
              33.35206992701585
            ],
            [
              -112.15475739613441,
              33.352077253103154
            ],
            [
              -112.15432932381962,
              33.35236809468333
            ],
            [
              -112.15412409310424,
              33.35247009953608
            ],
            [
              -112.15384254642716,
              33.35256600186521
            ],
            [
              -112.15357558845419,
              33.3526160434575
            ],
            [
              -112.1533025898088,
              33.35263042151735
            ],
            [
              -112.15267071660975,
              33.35257873675661
            ],
            [
              -112.15246817069533,
              33.35259387716993
            ],
            [
              -112.15233714816323,
              33.35262352895855
            ],
            [
              -112.15218236429376,
              33.35268160799561
            ],
            [
              -112.15190344022642,
              33.35286239994043
            ],
            [
              -112.15191095063496,
              33.355722788140596
            ],
            [
              -112.14335758022656,
              33.355757625861365
            ],
            [
              -112.14335700445491,
              33.35451955982202
            ],
            [
              -112.14475610840725,
              33.35451353517179
            ],
            [
              -112.14475313657604,
              33.353274771806994
            ],
            [
              -112.14335643137852,
              33.353281242854656
            ],
            [
              -112.14335422452507,
              33.348510141999235
            ],
            [
              -112.1480554520614,
              33.34848356514125
            ],
            [
              -112.14804121144891,
              33.34484906216827
            ],
            [
              -112.13939051786191,
              33.34483843473336
            ],
            [
              -112.13939178571619,
              33.34526849523595
            ],
            [
              -112.13798598843515,
              33.346646559229725
            ],
            [
              -112.13515327854809,
              33.34853061041743
            ],
            [
              -112.13499091997207,
              33.34853135493185
            ],
            [
              -112.13496689426172,
              33.34298081193613
            ],
            [
              -112.12913934301156,
              33.34304366062315
            ],
            [
              -112.12914024961562,
              33.34213184303237
            ],
            [
              -112.12906610629672,
              33.34213275344371
            ],
            [
              -112.129066561508,
              33.34206270653445
            ],
            [
              -112.12954078845108,
              33.34205271425102
            ],
            [
              -112.12953790591743,
              33.341207050139445
            ],
            [
              -112.13495888820476,
              33.34113046631699
            ],
            [
              -112.13938553791563,
              33.341164940838325
            ],
            [
              -112.13937406801968,
              33.33759633133097
            ],
            [
              -112.14369391084227,
              33.33760984054373
            ],
            [
              -112.14368457855225,
              33.33514954107145
            ],
            [
              -112.1443559078666,
              33.33509445368922
            ],
            [
              -112.14515375568224,
              33.3346139511883
            ],
            [
              -112.14582878512425,
              33.33401450935
            ],
            [
              -112.15169356979563,
              33.33400251469754
            ],
            [
              -112.15169344437422,
              33.333921806868716
            ],
            [
              -112.16891451299519,
              33.33393454872304
            ],
            [
              -112.16890569573364,
              33.326620840834146
            ],
            [
              -112.16888266390661,
              33.32528670526332
            ],
            [
              -112.16675127227835,
              33.3232346808278
            ],
            [
              -112.16677157313812,
              33.32297240986388
            ],
            [
              -112.1648009361442,
              33.322959128819946
            ],
            [
              -112.16479440011537,
              33.32220328659
            ],
            [
              -112.16385735890101,
              33.32220047376505
            ],
            [
              -112.16385465352332,
              33.32172953302189
            ],
            [
              -112.16049532200918,
              33.31978185874305
            ],
            [
              -112.16049400946164,
              33.31937372680815
            ],
            [
              -112.15170908698146,
              33.3194952808485
            ]
          ],
          [
            [
              -112.11664063641904,
              33.37861116193705
            ],
            [
              -112.11664495982309,
              33.37801132748104
            ],
            [
              -112.11682623369194,
              33.3778596553051
            ],
            [
              -112.11833976694106,
              33.37785181329287
            ],
            [
              -112.11833421907431,
              33.378606192971965
            ],
            [
              -112.11664063641904,
              33.37861116193705
            ]
          ],
          [
            [
              -112.11628454498076,
              33.38501548564789
            ],
            [
              -112.11632648861669,
              33.3790737796092
            ],
            [
              -112.11663734976293,
              33.379067606544055
            ],
            [
              -112.1166246855048,
              33.38080275120848
            ],
            [
              -112.11803513944426,
              33.38079812749808
            ],
            [
              -112.1180308707295,
              33.381327098968434
            ],
            [
              -112.11840770433072,
              33.38132580537467
            ],
            [
              -112.11840461627382,
              33.381750697766634
            ],
            [
              -112.11849642590428,
              33.381750383501625
            ],
            [
              -112.1184928886596,
              33.38223700402272
            ],
            [
              -112.11654206348216,
              33.38223792363799
            ],
            [
              -112.11653067620124,
              33.3838020399529
            ],
            [
              -112.11801156915352,
              33.38379629124739
            ],
            [
              -112.11800976713796,
              33.38404365646922
            ],
            [
              -112.11652886461785,
              33.38404940517736
            ],
            [
              -112.11652224766351,
              33.38495506101613
            ],
            [
              -112.12073568739054,
              33.384938599062096
            ],
            [
              -112.12072812583791,
              33.38584408332719
            ],
            [
              -112.11651547552236,
              33.38586104699807
            ],
            [
              -112.1164951654721,
              33.38857873903701
            ],
            [
              -112.12070767901625,
              33.388562147511664
            ],
            [
              -112.1206766542569,
              33.39200730398423
            ],
            [
              -112.1167217127532,
              33.392022691773434
            ],
            [
              -112.11654263098167,
              33.391872221934435
            ],
            [
              -112.11623593528236,
              33.391878613574725
            ],
            [
              -112.11628454498076,
              33.38501548564789
            ]
          ],
          [
            [
              -112.13397887259866,
              33.38020663174132
            ],
            [
              -112.1339302639427,
              33.380206578871146
            ],
            [
              -112.13394214437402,
              33.37935894301891
            ],
            [
              -112.13807841283614,
              33.37935268079211
            ],
            [
              -112.13801864087523,
              33.38397047327209
            ],
            [
              -112.13389043439679,
              33.38398282086327
            ],
            [
              -112.1338929730179,
              33.383800792048234
            ],
            [
              -112.13385742632289,
              33.38376588598232
            ],
            [
              -112.13386707562339,
              33.38307874791457
            ],
            [
              -112.13389001119488,
              33.38307868343113
            ],
            [
              -112.13390267462495,
              33.38217136427687
            ],
            [
              -112.13588263449446,
              33.38216275158712
            ],
            [
              -112.13589976837848,
              33.38117989888404
            ],
            [
              -112.13391631983274,
              33.381200786559944
            ],
            [
              -112.1339283822828,
              33.38034586922198
            ],
            [
              -112.13397752513688,
              33.38034590131987
            ],
            [
              -112.13397887259866,
              33.38020663174132
            ]
          ],
          [
            [
              -112.13384700559438,
              33.386240788170454
            ],
            [
              -112.1379903704755,
              33.38622772494393
            ],
            [
              -112.13797859935032,
              33.38711975557229
            ],
            [
              -112.13383305825396,
              33.387140493143704
            ],
            [
              -112.13384700559438,
              33.386240788170454
            ]
          ],
          [
            [
              -112.14012237271976,
              33.388515416021825
            ],
            [
              -112.14012289649709,
              33.38847436211254
            ],
            [
              -112.14215310494352,
              33.38846761267825
            ],
            [
              -112.14213218504015,
              33.390272058404996
            ],
            [
              -112.14009975842656,
              33.39028067812336
            ],
            [
              -112.14012237271976,
              33.388515416021825
            ]
          ],
          [
            [
              -112.1330268431159,
              33.391549157547054
            ],
            [
              -112.13341356541395,
              33.3915464295599
            ],
            [
              -112.13340482930776,
              33.39196216366581
            ],
            [
              -112.1330181750389,
              33.39196489151117
            ],
            [
              -112.1330268431159,
              33.391549157547054
            ]
          ],
          [
            [
              -112.12067589812678,
              33.39238350141727
            ],
            [
              -112.1206760336226,
              33.392276313361855
            ],
            [
              -112.12154768389573,
              33.39227419033052
            ],
            [
              -112.12154764632453,
              33.3928556324118
            ],
            [
              -112.12067612425368,
              33.392858980665565
            ],
            [
              -112.12067589812678,
              33.39238350141727
            ]
          ],
          [
            [
              -112.11645730288886,
              33.4065040464859
            ],
            [
              -112.11646236034973,
              33.39946653441069
            ],
            [
              -112.13333899994844,
              33.39938670319956
            ],
            [
              -112.13333939000344,
              33.39945550273763
            ],
            [
              -112.13082546425163,
              33.399467573683175
            ],
            [
              -112.13083942461712,
              33.40306252160972
            ],
            [
              -112.1310045594125,
              33.40299042368867
            ],
            [
              -112.13163094323518,
              33.402781547332886
            ],
            [
              -112.13250351063424,
              33.4025528937333
            ],
            [
              -112.13352678963258,
              33.40238602702275
            ],
            [
              -112.13354954228998,
              33.405821102039035
            ],
            [
              -112.13346471453866,
              33.40582037112092
            ],
            [
              -112.13346840563285,
              33.40646624383526
            ],
            [
              -112.13237087727599,
              33.40647167425123
            ],
            [
              -112.13206140451632,
              33.40645823362958
            ],
            [
              -112.1293506816004,
              33.40647572568145
            ],
            [
              -112.12933979699322,
              33.403861782703444
            ],
            [
              -112.12855087917062,
              33.4042021693623
            ],
            [
              -112.12824950558935,
              33.40431446903161
            ],
            [
              -112.1266916413224,
              33.4050178621446
            ],
            [
              -112.12545020018342,
              33.40530482873497
            ],
            [
              -112.12537506333406,
              33.40523595118753
            ],
            [
              -112.12501578605513,
              33.405315511071784
            ],
            [
              -112.12501599057617,
              33.405421458478365
            ],
            [
              -112.12488505280061,
              33.40542461332724
            ],
            [
              -112.12452325937622,
              33.405488266307366
            ],
            [
              -112.12391295092205,
              33.40546636762352
            ],
            [
              -112.12364621539079,
              33.40548389207007
            ],
            [
              -112.12335297768539,
              33.405540590526684
            ],
            [
              -112.12289170107793,
              33.405675683385105
            ],
            [
              -112.12231119785429,
              33.40577468212858
            ],
            [
              -112.12206124804561,
              33.40589329175754
            ],
            [
              -112.12115153405148,
              33.406525892916626
            ],
            [
              -112.12082699454149,
              33.40652742733744
            ],
            [
              -112.12131244200734,
              33.40616121399356
            ],
            [
              -112.12194002269514,
              33.40573081378526
            ],
            [
              -112.12100423834924,
              33.405393678497326
            ],
            [
              -112.11971690261812,
              33.40483679803727
            ],
            [
              -112.11959449484358,
              33.40487211974554
            ],
            [
              -112.11959331808946,
              33.406560628507926
            ],
            [
              -112.1176362829726,
              33.40656967395334
            ],
            [
              -112.11763626347327,
              33.40659715798348
            ],
            [
              -112.11749535584238,
              33.40659780632768
            ],
            [
              -112.11749537538608,
              33.40657032229739
            ],
            [
              -112.11654231178524,
              33.40657471423688
            ],
            [
              -112.11645730288886,
              33.4065040464859
            ]
          ],
          [
            [
              -112.11782583698677,
              33.34414925564204
            ],
            [
              -112.11783852818346,
              33.341370544509196
            ],
            [
              -112.12213316808658,
              33.341310793360385
            ],
            [
              -112.12212838273432,
              33.34494394220476
            ],
            [
              -112.12428209655512,
              33.344925859964846
            ],
            [
              -112.12428097308039,
              33.34674721365983
            ],
            [
              -112.12555619540566,
              33.346736535996214
            ],
            [
              -112.1255561456129,
              33.34856979624683
            ],
            [
              -112.13489803708772,
              33.34854437843613
            ],
            [
              -112.13488605924789,
              33.355793006509955
            ],
            [
              -112.1326376852973,
              33.355801022216646
            ],
            [
              -112.13263816003305,
              33.35670674967987
            ],
            [
              -112.13488656813945,
              33.35669878344627
            ],
            [
              -112.13488769083293,
              33.35871590556165
            ],
            [
              -112.13867648474678,
              33.35874215287478
            ],
            [
              -112.13887330244556,
              33.35870990543407
            ],
            [
              -112.1390673977942,
              33.35861074106584
            ],
            [
              -112.13906833043227,
              33.35939859888893
            ],
            [
              -112.14045568253191,
              33.35939351461606
            ],
            [
              -112.14045806712416,
              33.36311055312829
            ],
            [
              -112.13692767983834,
              33.36312333344809
            ],
            [
              -112.13692307203165,
              33.359033186995624
            ],
            [
              -112.13488784583292,
              33.35901825851703
            ],
            [
              -112.13488847860224,
              33.36037009743321
            ],
            [
              -112.13475736965293,
              33.360398032002756
            ],
            [
              -112.13467540698421,
              33.36039914618466
            ],
            [
              -112.13467314910494,
              33.35941214298908
            ],
            [
              -112.13049523470843,
              33.35942733787702
            ],
            [
              -112.13049761304674,
              33.36296435976597
            ],
            [
              -112.13046648835274,
              33.372124164301134
            ],
            [
              -112.12615784174481,
              33.37213905733278
            ],
            [
              -112.12614678319645,
              33.37395532146828
            ],
            [
              -112.13045880146706,
              33.37394040117628
            ],
            [
              -112.1304512177756,
              33.37611734124131
            ],
            [
              -112.13152930821151,
              33.37611391359091
            ],
            [
              -112.13152427375054,
              33.37745953332424
            ],
            [
              -112.12180119550088,
              33.37748996581546
            ],
            [
              -112.12180090354553,
              33.37751896800061
            ],
            [
              -112.1188801297547,
              33.37752669004446
            ],
            [
              -112.11888688286312,
              33.37677269058171
            ],
            [
              -112.1176190657602,
              33.376775809875255
            ],
            [
              -112.11763070106889,
              33.37537251501223
            ],
            [
              -112.11739107091609,
              33.3753728720628
            ],
            [
              -112.11750265211407,
              33.36319810329352
            ],
            [
              -112.12552912908953,
              33.36316669623648
            ],
            [
              -112.12553076562939,
              33.36184158139105
            ],
            [
              -112.1262119573901,
              33.36183875191884
            ],
            [
              -112.12621354456805,
              33.35944816249471
            ],
            [
              -112.1232662013966,
              33.359460918552784
            ],
            [
              -112.12326621925148,
              33.35943664171168
            ],
            [
              -112.12161974103073,
              33.35949611157136
            ],
            [
              -112.1213846901102,
              33.35954330183542
            ],
            [
              -112.12112083318466,
              33.359644001639396
            ],
            [
              -112.11839634649056,
              33.36114727851338
            ],
            [
              -112.11797914033521,
              33.36131318006351
            ],
            [
              -112.11763510935776,
              33.36140810431613
            ],
            [
              -112.11763452086457,
              33.36302290903426
            ],
            [
              -112.11750210614629,
              33.363023123295996
            ],
            [
              -112.11751052491029,
              33.34859422775278
            ],
            [
              -112.11767675455545,
              33.34859473607652
            ],
            [
              -112.11769383974988,
              33.344982646818025
            ],
            [
              -112.11782199908795,
              33.34498269809428
            ],
            [
              -112.11782583698677,
              33.34414925564204
            ]
          ],
          [
            [
              -112.16051395000619,
              33.35573985706221
            ],
            [
              -112.16051873376078,
              33.35204790895392
            ],
            [
              -112.16586291539535,
              33.352041812515246
            ],
            [
              -112.16896393658249,
              33.352015277573244
            ],
            [
              -112.16893942888672,
              33.35569665381249
            ],
            [
              -112.16929855102649,
              33.3556958831057
            ],
            [
              -112.16929943311463,
              33.35555898788687
            ],
            [
              -112.16938065860086,
              33.35566816511575
            ],
            [
              -112.17340029612707,
              33.35565676689349
            ],
            [
              -112.17339727909048,
              33.35568426001805
            ],
            [
              -112.17768211365627,
              33.355671998757465
            ],
            [
              -112.17762975008783,
              33.363015632427434
            ],
            [
              -112.17335143244094,
              33.36302443574823
            ],
            [
              -112.17335138417238,
              33.363094003747186
            ],
            [
              -112.17109453992838,
              33.36310338754771
            ],
            [
              -112.17109227990413,
              33.362816424457534
            ],
            [
              -112.16961483326538,
              33.362807342295866
            ],
            [
              -112.16943562421864,
              33.36265652729269
            ],
            [
              -112.16944470059619,
              33.3611920017931
            ],
            [
              -112.16926424015146,
              33.36119258366614
            ],
            [
              -112.16927013650294,
              33.36030302438764
            ],
            [
              -112.16890969570528,
              33.36030432884931
            ],
            [
              -112.1689004671964,
              33.361801918799216
            ],
            [
              -112.1689496251634,
              33.36180187663357
            ],
            [
              -112.16894767791227,
              33.362115752734
            ],
            [
              -112.16889851138022,
              33.362116239460356
            ],
            [
              -112.16889654212902,
              33.36246240676666
            ],
            [
              -112.16896859947208,
              33.36246269137852
            ],
            [
              -112.1689666505892,
              33.36280986222892
            ],
            [
              -112.16839285627266,
              33.362810062070736
            ],
            [
              -112.16839285307513,
              33.36287052992114
            ],
            [
              -112.16697211525744,
              33.36287189913576
            ],
            [
              -112.16697317188549,
              33.36305328881947
            ],
            [
              -112.1626446892057,
              33.363057367165474
            ],
            [
              -112.16264231023015,
              33.36660877130198
            ],
            [
              -112.15622698827076,
              33.36661910947351
            ],
            [
              -112.15623143888739,
              33.37026144725136
            ],
            [
              -112.1518468922047,
              33.370266827196254
            ],
            [
              -112.1518246435161,
              33.3628857255905
            ],
            [
              -112.16050173209094,
              33.362884434121874
            ],
            [
              -112.16051395000619,
              33.35573985706221
            ]
          ],
          [
            [
              -112.16795400593762,
              33.36308532550054
            ],
            [
              -112.1679542290614,
              33.36311285518945
            ],
            [
              -112.16889288096914,
              33.36311195006093
            ],
            [
              -112.16889173092454,
              33.36361580235422
            ],
            [
              -112.16894086058039,
              33.36361565023812
            ],
            [
              -112.16893978777487,
              33.36408621477406
            ],
            [
              -112.16696942835455,
              33.36408852013317
            ],
            [
              -112.16697121948863,
              33.36311375518948
            ],
            [
              -112.16751182649496,
              33.36311323582188
            ],
            [
              -112.16751194643147,
              33.36308575142595
            ],
            [
              -112.16795400593762,
              33.36308532550054
            ]
          ],
          [
            [
              -112.17334487020625,
              33.36658552295061
            ],
            [
              -112.17347897767544,
              33.36658695525866
            ],
            [
              -112.17347180145478,
              33.37011993899138
            ],
            [
              -112.17337283999267,
              33.37012039343688
            ],
            [
              -112.17337266356598,
              33.370216195066924
            ],
            [
              -112.17754920791225,
              33.37020353906335
            ],
            [
              -112.17755093607278,
              33.37010096233841
            ],
            [
              -112.17775249787104,
              33.37010082985425
            ],
            [
              -112.17775503868782,
              33.37020669876276
            ],
            [
              -112.18048908393064,
              33.37018908644863
            ],
            [
              -112.18048083795442,
              33.37738271421887
            ],
            [
              -112.17761141535264,
              33.37740369546059
            ],
            [
              -112.1776162743546,
              33.370212072556825
            ],
            [
              -112.16942042997633,
              33.37024494292322
            ],
            [
              -112.16933186442556,
              33.370171333574085
            ],
            [
              -112.16923726543045,
              33.37013030529944
            ],
            [
              -112.16924529594361,
              33.3666035305992
            ],
            [
              -112.17334487020625,
              33.36658552295061
            ]
          ],
          [
            [
              -112.16484367575595,
              33.348386468728336
            ],
            [
              -112.15988545882134,
              33.348389035916455
            ],
            [
              -112.15983671559869,
              33.34453372280067
            ],
            [
              -112.16375849369012,
              33.344513224530914
            ],
            [
              -112.16376097227294,
              33.34798903166232
            ],
            [
              -112.16415016873508,
              33.34799176883548
            ],
            [
              -112.16429706528703,
              33.34770672303647
            ],
            [
              -112.16442397376548,
              33.34751185761645
            ],
            [
              -112.16460237659258,
              33.34730698574702
            ],
            [
              -112.16484321034002,
              33.347101493829456
            ],
            [
              -112.16484367575595,
              33.348386468728336
            ]
          ]
        ]
      }
    }
  ]
}
