{
  "type": "FeatureCollection",
  "features": [
    {
      "type": "Feature",
      "properties": {
        "placeFips": "1714000",
        "city": "Chicago",
        "state": "IL",
        "boundaryType": "ward",
        "district": "12",
        "name": "12"
      },
      "geometry": {
        "type": "Polygon",
        "coordinates": [
          [
            [
              -87.696235,
              41.857555
            ],
            [
              -87.696252,
              41.857378
            ],
            [
              -87.695634,
              41.857388
            ],
            [
              -87.695565,
              41.855241
            ],
            [
              -87.69313,
              41.855775
            ],
            [
              -87.693121,
              41.855613
            ],
            [
              -87.692975,
              41.8556
            ],
            [
              -87.692121,
              41.855585
            ],
            [
              -87.690655,
              41.855616
            ],
            [
              -87.690612,
              41.854292
            ],
            [
              -87.693069,
              41.854256
            ],
            [
              -87.693061,
              41.853967
            ],
            [
              -87.692918,
              41.849203
            ],
            [
              -87.690465,
              41.849233
            ],
            [
              -87.690391,
              41.846516
            ],
            [
              -87.695272,
              41.84645
            ],
            [
              -87.695215,
              41.844692
            ],
            [
              -87.69585,
              41.844681
            ],
            [
              -87.695868,
              41.845116
            ],
            [
              -87.698784,
              41.845081
            ],
            [
              -87.70016,
              41.84508
            ],
            [
              -87.699925,
              41.837324
            ],
            [
              -87.69503,
              41.837412
            ],
            [
              -87.69402,
              41.838074
            ],
            [
              -87.694134,
              41.838124
            ],
            [
              -87.694174,
              41.83816
            ],
            [
              -87.694198,
              41.838217
            ],
            [
              -87.694267,
              41.840582
            ],
            [
              -87.694331,
              41.841033
            ],
            [
              -87.69438,
              41.841231
            ],
            [
              -87.693145,
              41.841387
            ],
            [
              -87.692985,
              41.84146
            ],
            [
              -87.692867,
              41.841565
            ],
            [
              -87.692816,
              41.841649
            ],
            [
              -87.692783,
              41.841793
            ],
            [
              -87.69275,
              41.84291
            ],
            [
              -87.692734,
              41.842975
            ],
            [
              -87.692641,
              41.843083
            ],
            [
              -87.692583,
              41.843119
            ],
            [
              -87.691892,
              41.843383
            ],
            [
              -87.691826,
              41.843446
            ],
            [
              -87.691789,
              41.84351
            ],
            [
              -87.69177,
              41.843575
            ],
            [
              -87.69177,
              41.843661
            ],
            [
              -87.691797,
              41.844737
            ],
            [
              -87.68756,
              41.844795
            ],
            [
              -87.687489,
              41.837019
            ],
            [
              -87.687513,
              41.836812
            ],
            [
              -87.687458,
              41.834913
            ],
            [
              -87.687399,
              41.834801
            ],
            [
              -87.687451,
              41.834692
            ],
            [
              -87.687393,
              41.832044
            ],
            [
              -87.684641,
              41.832111
            ],
            [
              -87.679,
              41.832165
            ],
            [
              -87.679107,
              41.835797
            ],
            [
              -87.680064,
              41.835777
            ],
            [
              -87.684557,
              41.834397
            ],
            [
              -87.684569,
              41.835412
            ],
            [
              -87.682954,
              41.835933
            ],
            [
              -87.680745,
              41.836601
            ],
            [
              -87.679986,
              41.836797
            ],
            [
              -87.679547,
              41.836881
            ],
            [
              -87.679131,
              41.836934
            ],
            [
              -87.678388,
              41.836988
            ],
            [
              -87.675441,
              41.837048
            ],
            [
              -87.675376,
              41.834023
            ],
            [
              -87.671969,
              41.834079
            ],
            [
              -87.671952,
              41.834457
            ],
            [
              -87.671124,
              41.834964
            ],
            [
              -87.670743,
              41.834625
            ],
            [
              -87.668055,
              41.836261
            ],
            [
              -87.668501,
              41.83669
            ],
            [
              -87.668235,
              41.836872
            ],
            [
              -87.6674,
              41.837368
            ],
            [
              -87.666947,
              41.836945
            ],
            [
              -87.664764,
              41.838283
            ],
            [
              -87.664041,
              41.838693
            ],
            [
              -87.66344,
              41.837805
            ],
            [
              -87.663361,
              41.837636
            ],
            [
              -87.663173,
              41.836981
            ],
            [
              -87.663078,
              41.836823
            ],
            [
              -87.662487,
              41.836141
            ],
            [
              -87.66199,
              41.835691
            ],
            [
              -87.661671,
              41.835253
            ],
            [
              -87.661287,
              41.834863
            ],
            [
              -87.660354,
              41.83437
            ],
            [
              -87.658659,
              41.832557
            ],
            [
              -87.65743,
              41.831197
            ],
            [
              -87.657366,
              41.830883
            ],
            [
              -87.657385,
              41.8306
            ],
            [
              -87.665568,
              41.830501
            ],
            [
              -87.665531,
              41.829348
            ],
            [
              -87.665477,
              41.826509
            ],
            [
              -87.665484,
              41.826185
            ],
            [
              -87.665452,
              41.823956
            ],
            [
              -87.665464,
              41.823803
            ],
            [
              -87.665463,
              41.822927
            ],
            [
              -87.665428,
              41.822575
            ],
            [
              -87.665345,
              41.822035
            ],
            [
              -87.665256,
              41.820427
            ],
            [
              -87.665148,
              41.815871
            ],
            [
              -87.672449,
              41.815807
            ],
            [
              -87.672304,
              41.810356
            ],
            [
              -87.674989,
              41.810322
            ],
            [
              -87.674945,
              41.808507
            ],
            [
              -87.67712,
              41.808503
            ],
            [
              -87.679016,
              41.808463
            ],
            [
              -87.683874,
              41.808417
            ],
            [
              -87.683884,
              41.809196
            ],
            [
              -87.684072,
              41.815703
            ],
            [
              -87.684628,
              41.815696
            ],
            [
              -87.684674,
              41.817512
            ],
            [
              -87.694153,
              41.817374
            ],
            [
              -87.694582,
              41.817351
            ],
            [
              -87.698171,
              41.817288
            ],
            [
              -87.698508,
              41.817607
            ],
            [
              -87.699397,
              41.817064
            ],
            [
              -87.699427,
              41.817896
            ],
            [
              -87.69945,
              41.818105
            ],
            [
              -87.699444,
              41.818331
            ],
            [
              -87.699469,
              41.819079
            ],
            [
              -87.704399,
              41.818989
            ],
            [
              -87.704528,
              41.822226
            ],
            [
              -87.704516,
              41.822394
            ],
            [
              -87.70444,
              41.82259
            ],
            [
              -87.713007,
              41.822469
            ],
            [
              -87.714305,
              41.822464
            ],
            [
              -87.714382,
              41.826733
            ],
            [
              -87.713811,
              41.826813
            ],
            [
              -87.712833,
              41.827085
            ],
            [
              -87.705429,
              41.829401
            ],
            [
              -87.705272,
              41.82949
            ],
            [
              -87.705231,
              41.829545
            ],
            [
              -87.705092,
              41.829828
            ],
            [
              -87.705002,
              41.829954
            ],
            [
              -87.70488,
              41.830014
            ],
            [
              -87.704812,
              41.830026
            ],
            [
              -87.704614,
              41.830014
            ],
            [
              -87.704662,
              41.831319
            ],
            [
              -87.704681,
              41.832427
            ],
            [
              -87.704823,
              41.837233
            ],
            [
              -87.707277,
              41.837184
            ],
            [
              -87.707319,
              41.839013
            ],
            [
              -87.704874,
              41.839057
            ],
            [
              -87.704984,
              41.842697
            ],
            [
              -87.709862,
              41.842623
            ],
            [
              -87.709916,
              41.844913
            ],
            [
              -87.710019,
              41.848077
            ],
            [
              -87.707586,
              41.84811
            ],
            [
              -87.707614,
              41.849945
            ],
            [
              -87.707639,
              41.849982
            ],
            [
              -87.707642,
              41.85005
            ],
            [
              -87.707689,
              41.851736
            ],
            [
              -87.699089,
              41.851853
            ],
            [
              -87.699237,
              41.85611
            ],
            [
              -87.69998,
              41.856259
            ],
            [
              -87.700255,
              41.856351
            ],
            [
              -87.700586,
              41.85654
            ],
            [
              -87.700728,
              41.856654
            ],
            [
              -87.700858,
              41.856792
            ],
            [
              -87.700932,
              41.856902
            ],
            [
              -87.700989,
              41.857033
            ],
            [
              -87.70101,
              41.857247
            ],
            [
              -87.701028,
              41.857903
            ],
            [
              -87.701059,
              41.858108
            ],
            [
              -87.701142,
              41.858286
            ],
            [
              -87.701617,
              41.859105
            ],
            [
              -87.696435,
              41.859217
            ],
            [
              -87.696382,
              41.858848
            ],
            [
              -87.696231,
              41.858175
            ],
            [
              -87.696212,
              41.857962
            ],
            [
              -87.696235,
              41.857555
            ]
          ]
        ]
      }
    },
    {
      "type": "Feature",
      "properties": {
        "placeFips": "1714000",
        "city": "Chicago",
        "state": "IL",
        "boundaryType": "ward",
        "district": "16",
        "name": "16"
      },
      "geometry": {
        "type": "Polygon",
        "coordinates": [
          [
            [
              -87.662889,
              41.798838
            ],
            [
              -87.662774,
              41.794523
            ],
            [
              -87.66217,
              41.794539
            ],
            [
              -87.662143,
              41.793693
            ],
            [
              -87.655115,
              41.793805
            ],
            [
              -87.654678,
              41.7938
            ],
            [
              -87.650374,
              41.793872
            ],
            [
              -87.647583,
              41.793901
            ],
            [
              -87.647493,
              41.790632
            ],
            [
              -87.645065,
              41.790667
            ],
            [
              -87.644969,
              41.787025
            ],
            [
              -87.643762,
              41.787045
            ],
            [
              -87.643737,
              41.785058
            ],
            [
              -87.642609,
              41.785074
            ],
            [
              -87.642489,
              41.785091
            ],
            [
              -87.64247,
              41.784169
            ],
            [
              -87.640097,
              41.784221
            ],
            [
              -87.640017,
              41.780889
            ],
            [
              -87.64004,
              41.780585
            ],
            [
              -87.64002,
              41.779825
            ],
            [
              -87.64607,
              41.779731
            ],
            [
              -87.646054,
              41.779046
            ],
            [
              -87.646013,
              41.779007
            ],
            [
              -87.645995,
              41.778933
            ],
            [
              -87.645976,
              41.778155
            ],
            [
              -87.646011,
              41.777874
            ],
            [
              -87.645971,
              41.777833
            ],
            [
              -87.645953,
              41.777726
            ],
            [
              -87.645908,
              41.776093
            ],
            [
              -87.651977,
              41.776006
            ],
            [
              -87.651882,
              41.772369
            ],
            [
              -87.650668,
              41.772386
            ],
            [
              -87.650572,
              41.768748
            ],
            [
              -87.654211,
              41.768693
            ],
            [
              -87.654452,
              41.777792
            ],
            [
              -87.659311,
              41.777722
            ],
            [
              -87.659153,
              41.771815
            ],
            [
              -87.658548,
              41.771829
            ],
            [
              -87.65851,
              41.770451
            ],
            [
              -87.661542,
              41.770407
            ],
            [
              -87.661443,
              41.766765
            ],
            [
              -87.663838,
              41.766731
            ],
            [
              -87.663887,
              41.768387
            ],
            [
              -87.663931,
              41.769007
            ],
            [
              -87.663968,
              41.770372
            ],
            [
              -87.673668,
              41.770259
            ],
            [
              -87.673625,
              41.768441
            ],
            [
              -87.679591,
              41.768375
            ],
            [
              -87.679639,
              41.77019
            ],
            [
              -87.680857,
              41.770175
            ],
            [
              -87.680899,
              41.771746
            ],
            [
              -87.680889,
              41.771988
            ],
            [
              -87.683028,
              41.771984
            ],
            [
              -87.687109,
              41.771919
            ],
            [
              -87.687209,
              41.775562
            ],
            [
              -87.68838,
              41.775548
            ],
            [
              -87.688492,
              41.775496
            ],
            [
              -87.689643,
              41.775479
            ],
            [
              -87.689689,
              41.777279
            ],
            [
              -87.690906,
              41.777263
            ],
            [
              -87.690959,
              41.779153
            ],
            [
              -87.703137,
              41.778973
            ],
            [
              -87.703349,
              41.786248
            ],
            [
              -87.698471,
              41.786327
            ],
            [
              -87.69868,
              41.793605
            ],
            [
              -87.693798,
              41.793691
            ],
            [
              -87.693697,
              41.790048
            ],
            [
              -87.685452,
              41.790192
            ],
            [
              -87.681276,
              41.790234
            ],
            [
              -87.681221,
              41.790261
            ],
            [
              -87.681196,
              41.79033
            ],
            [
              -87.681232,
              41.791165
            ],
            [
              -87.681243,
              41.792042
            ],
            [
              -87.680077,
              41.792044
            ],
            [
              -87.680153,
              41.791736
            ],
            [
              -87.680192,
              41.791373
            ],
            [
              -87.680064,
              41.786553
            ],
            [
              -87.672889,
              41.786642
            ],
            [
              -87.67274,
              41.781178
            ],
            [
              -87.673951,
              41.781163
            ],
            [
              -87.673713,
              41.772076
            ],
            [
              -87.664021,
              41.772192
            ],
            [
              -87.664171,
              41.777655
            ],
            [
              -87.665436,
              41.777636
            ],
            [
              -87.665486,
              41.779328
            ],
            [
              -87.66543,
              41.779557
            ],
            [
              -87.665473,
              41.781277
            ],
            [
              -87.664884,
              41.781285
            ],
            [
              -87.665015,
              41.786738
            ],
            [
              -87.66682,
              41.786718
            ],
            [
              -87.666969,
              41.792182
            ],
            [
              -87.666366,
              41.792188
            ],
            [
              -87.666392,
              41.793122
            ],
            [
              -87.666994,
              41.793117
            ],
            [
              -87.667008,
              41.793629
            ],
            [
              -87.675503,
              41.79354
            ],
            [
              -87.67552,
              41.793905
            ],
            [
              -87.682908,
              41.793821
            ],
            [
              -87.683275,
              41.79383
            ],
            [
              -87.683478,
              41.793853
            ],
            [
              -87.683603,
              41.798827
            ],
            [
              -87.679622,
              41.798871
            ],
            [
              -87.679682,
              41.801167
            ],
            [
              -87.674368,
              41.801235
            ],
            [
              -87.665057,
              41.801314
            ],
            [
              -87.662347,
              41.80135
            ],
            [
              -87.662335,
              41.800896
            ],
            [
              -87.662945,
              41.800885
            ],
            [
              -87.662889,
              41.798838
            ]
          ]
        ]
      }
    },
    {
      "type": "Feature",
      "properties": {
        "placeFips": "1714000",
        "city": "Chicago",
        "state": "IL",
        "boundaryType": "ward",
        "district": "15",
        "name": "15"
      },
      "geometry": {
        "type": "Polygon",
        "coordinates": [
          [
            [
              -87.698175,
              41.817294
            ],
            [
              -87.694824,
              41.817346
            ],
            [
              -87.694153,
              41.817374
            ],
            [
              -87.684674,
              41.817512
            ],
            [
              -87.684628,
              41.815696
            ],
            [
              -87.684072,
              41.815703
            ],
            [
              -87.683884,
              41.809196
            ],
            [
              -87.683874,
              41.808417
            ],
            [
              -87.679016,
              41.808463
            ],
            [
              -87.67712,
              41.808503
            ],
            [
              -87.674945,
              41.808507
            ],
            [
              -87.674989,
              41.810322
            ],
            [
              -87.672304,
              41.810356
            ],
            [
              -87.672449,
              41.815807
            ],
            [
              -87.665148,
              41.815871
            ],
            [
              -87.665064,
              41.812222
            ],
            [
              -87.664919,
              41.812209
            ],
            [
              -87.664444,
              41.812213
            ],
            [
              -87.660418,
              41.812262
            ],
            [
              -87.660367,
              41.812258
            ],
            [
              -87.660341,
              41.812239
            ],
            [
              -87.660106,
              41.808669
            ],
            [
              -87.666116,
              41.808582
            ],
            [
              -87.666329,
              41.808593
            ],
            [
              -87.667395,
              41.808582
            ],
            [
              -87.667305,
              41.804941
            ],
            [
              -87.669735,
              41.804918
            ],
            [
              -87.669692,
              41.803098
            ],
            [
              -87.67273,
              41.80307
            ],
            [
              -87.672683,
              41.801249
            ],
            [
              -87.679682,
              41.801167
            ],
            [
              -87.679622,
              41.798871
            ],
            [
              -87.683603,
              41.798827
            ],
            [
              -87.683478,
              41.793853
            ],
            [
              -87.683275,
              41.79383
            ],
            [
              -87.682908,
              41.793821
            ],
            [
              -87.67552,
              41.793905
            ],
            [
              -87.675503,
              41.79354
            ],
            [
              -87.667008,
              41.793629
            ],
            [
              -87.666994,
              41.793117
            ],
            [
              -87.666392,
              41.793122
            ],
            [
              -87.666366,
              41.792188
            ],
            [
              -87.666969,
              41.792182
            ],
            [
              -87.66682,
              41.786718
            ],
            [
              -87.665015,
              41.786738
            ],
            [
              -87.664884,
              41.781285
            ],
            [
              -87.665473,
              41.781277
            ],
            [
              -87.66543,
              41.779557
            ],
            [
              -87.665486,
              41.779328
            ],
            [
              -87.665436,
              41.777636
            ],
            [
              -87.664171,
              41.777655
            ],
            [
              -87.664021,
              41.772192
            ],
            [
              -87.673713,
              41.772076
            ],
            [
              -87.673951,
              41.781163
            ],
            [
              -87.67274,
              41.781178
            ],
            [
              -87.672889,
              41.786642
            ],
            [
              -87.680064,
              41.786553
            ],
            [
              -87.680192,
              41.791373
            ],
            [
              -87.680153,
              41.791736
            ],
            [
              -87.680077,
              41.792044
            ],
            [
              -87.681243,
              41.792042
            ],
            [
              -87.681232,
              41.791165
            ],
            [
              -87.681196,
              41.79033
            ],
            [
              -87.681221,
              41.790261
            ],
            [
              -87.681276,
              41.790234
            ],
            [
              -87.685452,
              41.790192
            ],
            [
              -87.693697,
              41.790048
            ],
            [
              -87.693798,
              41.793691
            ],
            [
              -87.685838,
              41.793838
            ],
            [
              -87.685876,
              41.795209
            ],
            [
              -87.685272,
              41.795217
            ],
            [
              -87.685294,
              41.795243
            ],
            [
              -87.685303,
              41.795327
            ],
            [
              -87.685311,
              41.795674
            ],
            [
              -87.684757,
              41.795685
            ],
            [
              -87.684857,
              41.799321
            ],
            [
              -87.684178,
              41.799334
            ],
            [
              -87.684292,
              41.803676
            ],
            [
              -87.684367,
              41.804499
            ],
            [
              -87.684374,
              41.804771
            ],
            [
              -87.684348,
              41.805679
            ],
            [
              -87.684371,
              41.806614
            ],
            [
              -87.686778,
              41.806578
            ],
            [
              -87.686801,
              41.806614
            ],
            [
              -87.686873,
              41.806614
            ],
            [
              -87.69048,
              41.806568
            ],
            [
              -87.690546,
              41.808341
            ],
            [
              -87.701536,
              41.808166
            ],
            [
              -87.70171,
              41.813616
            ],
            [
              -87.70419,
              41.813578
            ],
            [
              -87.704399,
              41.818989
            ],
            [
              -87.699469,
              41.819079
            ],
            [
              -87.699444,
              41.818331
            ],
            [
              -87.69945,
              41.818105
            ],
            [
              -87.699427,
              41.817896
            ],
            [
              -87.699397,
              41.817064
            ],
            [
              -87.698508,
              41.817607
            ],
            [
              -87.698175,
              41.817294
            ]
          ]
        ]
      }
    },
    {
      "type": "Feature",
      "properties": {
        "placeFips": "1714000",
        "city": "Chicago",
        "state": "IL",
        "boundaryType": "ward",
        "district": "20",
        "name": "20"
      },
      "geometry": {
        "type": "Polygon",
        "coordinates": [
          [
            [
              -87.655241,
              41.808833
            ],
            [
              -87.65524,
              41.808734
            ],
            [
              -87.645538,
              41.808864
            ],
            [
              -87.645432,
              41.804947
            ],
            [
              -87.642997,
              41.80498
            ],
            [
              -87.642863,
              41.800412
            ],
            [
              -87.642856,
              41.799371
            ],
            [
              -87.642776,
              41.796172
            ],
            [
              -87.640442,
              41.796213
            ],
            [
              -87.640409,
              41.795303
            ],
            [
              -87.637888,
              41.795352
            ],
            [
              -87.637858,
              41.794434
            ],
            [
              -87.635362,
              41.794478
            ],
            [
              -87.635265,
              41.790837
            ],
            [
              -87.630165,
              41.790912
            ],
            [
              -87.625768,
              41.790993
            ],
            [
              -87.625607,
              41.791008
            ],
            [
              -87.625691,
              41.7943
            ],
            [
              -87.620837,
              41.794399
            ],
            [
              -87.620824,
              41.79383
            ],
            [
              -87.615958,
              41.793922
            ],
            [
              -87.615981,
              41.794801
            ],
            [
              -87.614705,
              41.794823
            ],
            [
              -87.6147,
              41.794952
            ],
            [
              -87.614668,
              41.795094
            ],
            [
              -87.614604,
              41.795928
            ],
            [
              -87.614556,
              41.796184
            ],
            [
              -87.614491,
              41.796415
            ],
            [
              -87.614201,
              41.797168
            ],
            [
              -87.614063,
              41.797639
            ],
            [
              -87.613966,
              41.798138
            ],
            [
              -87.613929,
              41.798509
            ],
            [
              -87.607914,
              41.798624
            ],
            [
              -87.607861,
              41.798408
            ],
            [
              -87.607731,
              41.798015
            ],
            [
              -87.607456,
              41.797255
            ],
            [
              -87.607337,
              41.796856
            ],
            [
              -87.607278,
              41.796571
            ],
            [
              -87.607239,
              41.796245
            ],
            [
              -87.607239,
              41.795737
            ],
            [
              -87.607271,
              41.795427
            ],
            [
              -87.607383,
              41.794971
            ],
            [
              -87.606215,
              41.794965
            ],
            [
              -87.606161,
              41.791625
            ],
            [
              -87.606037,
              41.785874
            ],
            [
              -87.59711,
              41.785967
            ],
            [
              -87.596582,
              41.785986
            ],
            [
              -87.596,
              41.786043
            ],
            [
              -87.595636,
              41.786056
            ],
            [
              -87.589082,
              41.786122
            ],
            [
              -87.589958,
              41.782331
            ],
            [
              -87.589441,
              41.782199
            ],
            [
              -87.589483,
              41.781959
            ],
            [
              -87.589154,
              41.78196
            ],
            [
              -87.589114,
              41.780581
            ],
            [
              -87.586458,
              41.780619
            ],
            [
              -87.58642,
              41.778769
            ],
            [
              -87.588,
              41.77875
            ],
            [
              -87.588105,
              41.778776
            ],
            [
              -87.588932,
              41.778772
            ],
            [
              -87.588851,
              41.775615
            ],
            [
              -87.591077,
              41.775594
            ],
            [
              -87.591174,
              41.775127
            ],
            [
              -87.59295,
              41.775079
            ],
            [
              -87.597904,
              41.775043
            ],
            [
              -87.597942,
              41.776861
            ],
            [
              -87.599998,
              41.776841
            ],
            [
              -87.600374,
              41.776836
            ],
            [
              -87.600333,
              41.775018
            ],
            [
              -87.605809,
              41.77496
            ],
            [
              -87.605662,
              41.768501
            ],
            [
              -87.608021,
              41.768463
            ],
            [
              -87.608203,
              41.76837
            ],
            [
              -87.608622,
              41.768045
            ],
            [
              -87.612183,
              41.770603
            ],
            [
              -87.613727,
              41.76938
            ],
            [
              -87.618573,
              41.76928
            ],
            [
              -87.618673,
              41.772911
            ],
            [
              -87.623001,
              41.77283
            ],
            [
              -87.623801,
              41.772796
            ],
            [
              -87.623925,
              41.772807
            ],
            [
              -87.624048,
              41.77278
            ],
            [
              -87.624917,
              41.772728
            ],
            [
              -87.626763,
              41.772685
            ],
            [
              -87.626769,
              41.772944
            ],
            [
              -87.626835,
              41.773212
            ],
            [
              -87.627429,
              41.774309
            ],
            [
              -87.62751,
              41.774425
            ],
            [
              -87.627581,
              41.774479
            ],
            [
              -87.627658,
              41.774518
            ],
            [
              -87.627795,
              41.774554
            ],
            [
              -87.628049,
              41.774567
            ],
            [
              -87.634118,
              41.774466
            ],
            [
              -87.634903,
              41.774417
            ],
            [
              -87.644237,
              41.774306
            ],
            [
              -87.645861,
              41.774273
            ],
            [
              -87.645953,
              41.777726
            ],
            [
              -87.645971,
              41.777833
            ],
            [
              -87.646011,
              41.777874
            ],
            [
              -87.645976,
              41.778155
            ],
            [
              -87.645995,
              41.778933
            ],
            [
              -87.646013,
              41.779007
            ],
            [
              -87.646054,
              41.779046
            ],
            [
              -87.64607,
              41.779731
            ],
            [
              -87.64002,
              41.779825
            ],
            [
              -87.64004,
              41.780585
            ],
            [
              -87.640017,
              41.780889
            ],
            [
              -87.640097,
              41.784221
            ],
            [
              -87.64247,
              41.784169
            ],
            [
              -87.642489,
              41.785091
            ],
            [
              -87.642609,
              41.785074
            ],
            [
              -87.643737,
              41.785058
            ],
            [
              -87.643762,
              41.787045
            ],
            [
              -87.644969,
              41.787025
            ],
            [
              -87.645065,
              41.790667
            ],
            [
              -87.647493,
              41.790632
            ],
            [
              -87.647583,
              41.793901
            ],
            [
              -87.650374,
              41.793872
            ],
            [
              -87.654678,
              41.7938
            ],
            [
              -87.655115,
              41.793805
            ],
            [
              -87.662143,
              41.793693
            ],
            [
              -87.66217,
              41.794539
            ],
            [
              -87.662774,
              41.794523
            ],
            [
              -87.662784,
              41.79478
            ],
            [
              -87.662945,
              41.800885
            ],
            [
              -87.662335,
              41.800896
            ],
            [
              -87.662347,
              41.80135
            ],
            [
              -87.672683,
              41.801249
            ],
            [
              -87.67273,
              41.80307
            ],
            [
              -87.669692,
              41.803098
            ],
            [
              -87.669735,
              41.804918
            ],
            [
              -87.667305,
              41.804941
            ],
            [
              -87.667395,
              41.808582
            ],
            [
              -87.666329,
              41.808593
            ],
            [
              -87.666116,
              41.808582
            ],
            [
              -87.660106,
              41.808669
            ],
            [
              -87.660341,
              41.812239
            ],
            [
              -87.658564,
              41.812361
            ],
            [
              -87.655246,
              41.81237
            ],
            [
              -87.655197,
              41.810712
            ],
            [
              -87.655208,
              41.81036
            ],
            [
              -87.655259,
              41.809864
            ],
            [
              -87.655241,
              41.808833
            ]
          ]
        ]
      }
    },
    {
      "type": "Feature",
      "properties": {
        "placeFips": "1714000",
        "city": "Chicago",
        "state": "IL",
        "boundaryType": "ward",
        "district": "49",
        "name": "49"
      },
      "geometry": {
        "type": "Polygon",
        "coordinates": [
          [
            [
              -87.664204,
              42.021262
            ],
            [
              -87.664186,
              42.021252
            ],
            [
              -87.66401,
              42.021332
            ],
            [
              -87.66386,
              42.020728
            ],
            [
              -87.663885,
              42.020719
            ],
            [
              -87.663809,
              42.02045
            ],
            [
              -87.663739,
              42.02039
            ],
            [
              -87.663729,
              42.020361
            ],
            [
              -87.663927,
              42.020317
            ],
            [
              -87.663888,
              42.020179
            ],
            [
              -87.664007,
              42.020177
            ],
            [
              -87.663855,
              42.019659
            ],
            [
              -87.663878,
              42.019642
            ],
            [
              -87.663927,
              42.019639
            ],
            [
              -87.663928,
              42.019603
            ],
            [
              -87.663878,
              42.019515
            ],
            [
              -87.663644,
              42.019504
            ],
            [
              -87.663638,
              42.019373
            ],
            [
              -87.663834,
              42.019364
            ],
            [
              -87.663856,
              42.019348
            ],
            [
              -87.663868,
              42.01933
            ],
            [
              -87.663869,
              42.019204
            ],
            [
              -87.663986,
              42.019185
            ],
            [
              -87.66398,
              42.019076
            ],
            [
              -87.663715,
              42.018741
            ],
            [
              -87.663566,
              42.018628
            ],
            [
              -87.663418,
              42.018621
            ],
            [
              -87.663355,
              42.018583
            ],
            [
              -87.663282,
              42.018434
            ],
            [
              -87.663282,
              42.018322
            ],
            [
              -87.663324,
              42.018302
            ],
            [
              -87.663333,
              42.018151
            ],
            [
              -87.663412,
              42.018149
            ],
            [
              -87.663344,
              42.017968
            ],
            [
              -87.663288,
              42.017922
            ],
            [
              -87.663269,
              42.017852
            ],
            [
              -87.663298,
              42.017823
            ],
            [
              -87.663273,
              42.017765
            ],
            [
              -87.663147,
              42.017723
            ],
            [
              -87.66313,
              42.017294
            ],
            [
              -87.66319,
              42.01729
            ],
            [
              -87.663184,
              42.017211
            ],
            [
              -87.663153,
              42.017172
            ],
            [
              -87.662999,
              42.017139
            ],
            [
              -87.662995,
              42.017093
            ],
            [
              -87.663059,
              42.016884
            ],
            [
              -87.663089,
              42.016857
            ],
            [
              -87.663005,
              42.016742
            ],
            [
              -87.662877,
              42.016697
            ],
            [
              -87.662842,
              42.01665
            ],
            [
              -87.662805,
              42.016648
            ],
            [
              -87.662767,
              42.01654
            ],
            [
              -87.662744,
              42.01636
            ],
            [
              -87.66275,
              42.016263
            ],
            [
              -87.662725,
              42.016191
            ],
            [
              -87.662625,
              42.016122
            ],
            [
              -87.662554,
              42.016045
            ],
            [
              -87.662539,
              42.015948
            ],
            [
              -87.662583,
              42.015857
            ],
            [
              -87.662547,
              42.015804
            ],
            [
              -87.662527,
              42.015606
            ],
            [
              -87.662465,
              42.015427
            ],
            [
              -87.662291,
              42.015215
            ],
            [
              -87.662219,
              42.015105
            ],
            [
              -87.662171,
              42.014981
            ],
            [
              -87.662086,
              42.014963
            ],
            [
              -87.662071,
              42.014847
            ],
            [
              -87.662021,
              42.014714
            ],
            [
              -87.661999,
              42.014584
            ],
            [
              -87.661895,
              42.014426
            ],
            [
              -87.661784,
              42.014043
            ],
            [
              -87.661702,
              42.013976
            ],
            [
              -87.661572,
              42.013731
            ],
            [
              -87.661504,
              42.013473
            ],
            [
              -87.661515,
              42.013406
            ],
            [
              -87.661605,
              42.01336
            ],
            [
              -87.661621,
              42.01332
            ],
            [
              -87.6615,
              42.013124
            ],
            [
              -87.661329,
              42.012953
            ],
            [
              -87.661249,
              42.012773
            ],
            [
              -87.661191,
              42.01277
            ],
            [
              -87.661197,
              42.012693
            ],
            [
              -87.661176,
              42.012588
            ],
            [
              -87.661108,
              42.012463
            ],
            [
              -87.660934,
              42.012227
            ],
            [
              -87.660939,
              42.012209
            ],
            [
              -87.661074,
              42.012168
            ],
            [
              -87.661015,
              42.012028
            ],
            [
              -87.660788,
              42.011753
            ],
            [
              -87.660643,
              42.01162
            ],
            [
              -87.660384,
              42.011447
            ],
            [
              -87.660147,
              42.01124
            ],
            [
              -87.660139,
              42.011222
            ],
            [
              -87.660278,
              42.011155
            ],
            [
              -87.66012,
              42.010981
            ],
            [
              -87.659217,
              42.01024
            ],
            [
              -87.658897,
              42.009849
            ],
            [
              -87.658883,
              42.009816
            ],
            [
              -87.65889,
              42.009783
            ],
            [
              -87.658953,
              42.00976
            ],
            [
              -87.658842,
              42.009749
            ],
            [
              -87.65879,
              42.00971
            ],
            [
              -87.658661,
              42.00954
            ],
            [
              -87.658116,
              42.009051
            ],
            [
              -87.657519,
              42.008454
            ],
            [
              -87.657338,
              42.008316
            ],
            [
              -87.65698,
              42.008001
            ],
            [
              -87.65684,
              42.007844
            ],
            [
              -87.656745,
              42.00768
            ],
            [
              -87.65646,
              42.007422
            ],
            [
              -87.655371,
              42.006709
            ],
            [
              -87.655096,
              42.006922
            ],
            [
              -87.655062,
              42.006899
            ],
            [
              -87.655842,
              42.006309
            ],
            [
              -87.657394,
              42.006279
            ],
            [
              -87.657412,
              42.006201
            ],
            [
              -87.657421,
              42.005616
            ],
            [
              -87.657312,
              42.005072
            ],
            [
              -87.657071,
              42.004622
            ],
            [
              -87.657027,
              42.004595
            ],
            [
              -87.657026,
              42.004531
            ],
            [
              -87.656968,
              42.004418
            ],
            [
              -87.656821,
              42.004242
            ],
            [
              -87.656744,
              42.004243
            ],
            [
              -87.656744,
              42.004296
            ],
            [
              -87.656712,
              42.004296
            ],
            [
              -87.656711,
              42.004216
            ],
            [
              -87.657287,
              42.004212
            ],
            [
              -87.657289,
              42.003925
            ],
            [
              -87.657238,
              42.003711
            ],
            [
              -87.657197,
              42.00368
            ],
            [
              -87.657114,
              42.003563
            ],
            [
              -87.656975,
              42.003201
            ],
            [
              -87.657005,
              42.003129
            ],
            [
              -87.656919,
              42.002949
            ],
            [
              -87.656875,
              42.002753
            ],
            [
              -87.656898,
              42.002676
            ],
            [
              -87.656897,
              42.0026
            ],
            [
              -87.656865,
              42.002521
            ],
            [
              -87.65659,
              42.002151
            ],
            [
              -87.656448,
              42.002065
            ],
            [
              -87.656042,
              42.00122
            ],
            [
              -87.655993,
              42.001096
            ],
            [
              -87.655965,
              42.000933
            ],
            [
              -87.656038,
              42.000795
            ],
            [
              -87.656007,
              42.00066
            ],
            [
              -87.655622,
              41.99955
            ],
            [
              -87.655308,
              41.99911
            ],
            [
              -87.655214,
              41.99906
            ],
            [
              -87.655135,
              41.998959
            ],
            [
              -87.654824,
              41.998501
            ],
            [
              -87.654596,
              41.998241
            ],
            [
              -87.654564,
              41.998182
            ],
            [
              -87.655737,
              41.998175
            ],
            [
              -87.655847,
              41.998221
            ],
            [
              -87.656004,
              41.998236
            ],
            [
              -87.667962,
              41.998109
            ],
            [
              -87.668059,
              42.001763
            ],
            [
              -87.675118,
              42.001646
            ],
            [
              -87.675196,
              42.004368
            ],
            [
              -87.675588,
              42.00442
            ],
            [
              -87.67869,
              42.004355
            ],
            [
              -87.679667,
              42.004107
            ],
            [
              -87.681761,
              42.00865
            ],
            [
              -87.681931,
              42.009055
            ],
            [
              -87.683053,
              42.01222
            ],
            [
              -87.683523,
              42.012209
            ],
            [
              -87.687557,
              42.012253
            ],
            [
              -87.687507,
              42.017311
            ],
            [
              -87.68751,
              42.017374
            ],
            [
              -87.687547,
              42.017413
            ],
            [
              -87.690197,
              42.017437
            ],
            [
              -87.690174,
              42.019528
            ],
            [
              -87.686294,
              42.019508
            ],
            [
              -87.682899,
              42.019467
            ],
            [
              -87.67728,
              42.019427
            ],
            [
              -87.677079,
              42.019408
            ],
            [
              -87.67607,
              42.019395
            ],
            [
              -87.673121,
              42.019386
            ],
            [
              -87.676241,
              42.021928
            ],
            [
              -87.676646,
              42.02246
            ],
            [
              -87.677056,
              42.023039
            ],
            [
              -87.665126,
              42.022948
            ],
            [
              -87.665267,
              42.022747
            ],
            [
              -87.665284,
              42.022696
            ],
            [
              -87.665267,
              42.022618
            ],
            [
              -87.665165,
              42.022472
            ],
            [
              -87.665051,
              42.022362
            ],
            [
              -87.664939,
              42.022291
            ],
            [
              -87.664846,
              42.022266
            ],
            [
              -87.664793,
              42.022225
            ],
            [
              -87.664749,
              42.022089
            ],
            [
              -87.664699,
              42.022025
            ],
            [
              -87.664632,
              42.021872
            ],
            [
              -87.664649,
              42.021785
            ],
            [
              -87.664718,
              42.021734
            ],
            [
              -87.664645,
              42.02161
            ],
            [
              -87.664449,
              42.021428
            ],
            [
              -87.664204,
              42.021262
            ]
          ]
        ]
      }
    },
    {
      "type": "Feature",
      "properties": {
        "placeFips": "1714000",
        "city": "Chicago",
        "state": "IL",
        "boundaryType": "ward",
        "district": "23",
        "name": "23"
      },
      "geometry": {
        "type": "Polygon",
        "coordinates": [
          [
            [
              -87.713611,
              41.800536
            ],
            [
              -87.713396,
              41.793258
            ],
            [
              -87.713276,
              41.789731
            ],
            [
              -87.712873,
              41.789719
            ],
            [
              -87.712838,
              41.789733
            ],
            [
              -87.712277,
              41.789743
            ],
            [
              -87.703454,
              41.789884
            ],
            [
              -87.703137,
              41.778973
            ],
            [
              -87.705559,
              41.778935
            ],
            [
              -87.705534,
              41.778008
            ],
            [
              -87.703116,
              41.778047
            ],
            [
              -87.703095,
              41.777144
            ],
            [
              -87.705514,
              41.777103
            ],
            [
              -87.705395,
              41.772114
            ],
            [
              -87.707824,
              41.772075
            ],
            [
              -87.70781,
              41.771599
            ],
            [
              -87.712771,
              41.771522
            ],
            [
              -87.712836,
              41.774257
            ],
            [
              -87.720191,
              41.774141
            ],
            [
              -87.720308,
              41.778696
            ],
            [
              -87.72276,
              41.778658
            ],
            [
              -87.722748,
              41.77819
            ],
            [
              -87.723176,
              41.778202
            ],
            [
              -87.723329,
              41.778189
            ],
            [
              -87.727471,
              41.778146
            ],
            [
              -87.727759,
              41.778124
            ],
            [
              -87.729957,
              41.778097
            ],
            [
              -87.73014,
              41.778117
            ],
            [
              -87.733733,
              41.778075
            ],
            [
              -87.733799,
              41.780352
            ],
            [
              -87.727697,
              41.780421
            ],
            [
              -87.727851,
              41.785886
            ],
            [
              -87.723234,
              41.785931
            ],
            [
              -87.720507,
              41.785977
            ],
            [
              -87.720711,
              41.793237
            ],
            [
              -87.720864,
              41.79324
            ],
            [
              -87.723421,
              41.793201
            ],
            [
              -87.739211,
              41.793068
            ],
            [
              -87.741985,
              41.793031
            ],
            [
              -87.741674,
              41.792445
            ],
            [
              -87.74162,
              41.792215
            ],
            [
              -87.741587,
              41.791947
            ],
            [
              -87.741516,
              41.790574
            ],
            [
              -87.741528,
              41.790292
            ],
            [
              -87.741504,
              41.78942
            ],
            [
              -87.741357,
              41.786737
            ],
            [
              -87.741367,
              41.786453
            ],
            [
              -87.741343,
              41.785743
            ],
            [
              -87.741406,
              41.785742
            ],
            [
              -87.74134,
              41.785657
            ],
            [
              -87.741299,
              41.78493
            ],
            [
              -87.741302,
              41.784657
            ],
            [
              -87.741402,
              41.784317
            ],
            [
              -87.741847,
              41.783672
            ],
            [
              -87.742195,
              41.783206
            ],
            [
              -87.742377,
              41.782833
            ],
            [
              -87.742421,
              41.782411
            ],
            [
              -87.742293,
              41.778429
            ],
            [
              -87.761715,
              41.778053
            ],
            [
              -87.762024,
              41.785393
            ],
            [
              -87.76568,
              41.785327
            ],
            [
              -87.765689,
              41.784756
            ],
            [
              -87.766098,
              41.784535
            ],
            [
              -87.766439,
              41.784395
            ],
            [
              -87.766863,
              41.784262
            ],
            [
              -87.767454,
              41.784144
            ],
            [
              -87.768062,
              41.784095
            ],
            [
              -87.771735,
              41.78403
            ],
            [
              -87.772066,
              41.792542
            ],
            [
              -87.779561,
              41.79239
            ],
            [
              -87.779724,
              41.792347
            ],
            [
              -87.780508,
              41.792331
            ],
            [
              -87.781409,
              41.792319
            ],
            [
              -87.781806,
              41.792349
            ],
            [
              -87.783026,
              41.792319
            ],
            [
              -87.782959,
              41.790489
            ],
            [
              -87.786624,
              41.790431
            ],
            [
              -87.786554,
              41.788597
            ],
            [
              -87.797584,
              41.788419
            ],
            [
              -87.797442,
              41.78476
            ],
            [
              -87.796186,
              41.784778
            ],
            [
              -87.796301,
              41.784741
            ],
            [
              -87.796275,
              41.78383
            ],
            [
              -87.791259,
              41.783926
            ],
            [
              -87.791201,
              41.7835
            ],
            [
              -87.791214,
              41.783171
            ],
            [
              -87.791202,
              41.783026
            ],
            [
              -87.790624,
              41.783035
            ],
            [
              -87.790472,
              41.779186
            ],
            [
              -87.790436,
              41.777996
            ],
            [
              -87.791015,
              41.777988
            ],
            [
              -87.791018,
              41.77753
            ],
            [
              -87.778824,
              41.777722
            ],
            [
              -87.778732,
              41.77545
            ],
            [
              -87.773845,
              41.775547
            ],
            [
              -87.773796,
              41.774161
            ],
            [
              -87.781898,
              41.773998
            ],
            [
              -87.800806,
              41.773697
            ],
            [
              -87.800821,
              41.774052
            ],
            [
              -87.800777,
              41.774137
            ],
            [
              -87.800775,
              41.774202
            ],
            [
              -87.800831,
              41.775431
            ],
            [
              -87.800819,
              41.775602
            ],
            [
              -87.80085,
              41.776338
            ],
            [
              -87.800886,
              41.776567
            ],
            [
              -87.800867,
              41.776801
            ],
            [
              -87.800872,
              41.776948
            ],
            [
              -87.800924,
              41.77761
            ],
            [
              -87.800956,
              41.778464
            ],
            [
              -87.801011,
              41.779135
            ],
            [
              -87.801007,
              41.77968
            ],
            [
              -87.801024,
              41.780219
            ],
            [
              -87.801538,
              41.792195
            ],
            [
              -87.801615,
              41.794814
            ],
            [
              -87.801606,
              41.79576
            ],
            [
              -87.801626,
              41.797995
            ],
            [
              -87.797187,
              41.799402
            ],
            [
              -87.795168,
              41.799436
            ],
            [
              -87.794472,
              41.799463
            ],
            [
              -87.79405,
              41.799453
            ],
            [
              -87.793248,
              41.799473
            ],
            [
              -87.792824,
              41.799465
            ],
            [
              -87.790851,
              41.799511
            ],
            [
              -87.789342,
              41.799567
            ],
            [
              -87.789239,
              41.795941
            ],
            [
              -87.782136,
              41.796039
            ],
            [
              -87.769732,
              41.796288
            ],
            [
              -87.769695,
              41.79508
            ],
            [
              -87.769577,
              41.794611
            ],
            [
              -87.762615,
              41.795668
            ],
            [
              -87.757915,
              41.796407
            ],
            [
              -87.746812,
              41.798108
            ],
            [
              -87.742929,
              41.798661
            ],
            [
              -87.74286,
              41.796674
            ],
            [
              -87.742254,
              41.796686
            ],
            [
              -87.742235,
              41.795918
            ],
            [
              -87.739788,
              41.795936
            ],
            [
              -87.739806,
              41.796711
            ],
            [
              -87.739191,
              41.796717
            ],
            [
              -87.739257,
              41.799266
            ],
            [
              -87.730724,
              41.800571
            ],
            [
              -87.73072,
              41.800429
            ],
            [
              -87.729552,
              41.800446
            ],
            [
              -87.729432,
              41.800477
            ],
            [
              -87.723373,
              41.800546
            ],
            [
              -87.713614,
              41.800688
            ],
            [
              -87.713611,
              41.800536
            ]
          ]
        ]
      }
    },
    {
      "type": "Feature",
      "properties": {
        "placeFips": "1714000",
        "city": "Chicago",
        "state": "IL",
        "boundaryType": "ward",
        "district": "29",
        "name": "29"
      },
      "geometry": {
        "type": "Polygon",
        "coordinates": [
          [
            [
              -87.803107,
              41.940008
            ],
            [
              -87.803102,
              41.93987
            ],
            [
              -87.801289,
              41.939898
            ],
            [
              -87.800825,
              41.926448
            ],
            [
              -87.8008,
              41.92537
            ],
            [
              -87.804433,
              41.92534
            ],
            [
              -87.8044,
              41.924291
            ],
            [
              -87.803558,
              41.924289
            ],
            [
              -87.803535,
              41.924269
            ],
            [
              -87.803524,
              41.924155
            ],
            [
              -87.803492,
              41.92413
            ],
            [
              -87.800762,
              41.92416
            ],
            [
              -87.800626,
              41.919904
            ],
            [
              -87.798888,
              41.91992
            ],
            [
              -87.798829,
              41.919907
            ],
            [
              -87.79881,
              41.921154
            ],
            [
              -87.798754,
              41.921135
            ],
            [
              -87.792335,
              41.921195
            ],
            [
              -87.792408,
              41.923621
            ],
            [
              -87.792795,
              41.923618
            ],
            [
              -87.793028,
              41.930913
            ],
            [
              -87.790636,
              41.930942
            ],
            [
              -87.790428,
              41.924219
            ],
            [
              -87.790412,
              41.923773
            ],
            [
              -87.790393,
              41.923636
            ],
            [
              -87.788573,
              41.923652
            ],
            [
              -87.788085,
              41.923349
            ],
            [
              -87.787883,
              41.923263
            ],
            [
              -87.787693,
              41.917063
            ],
            [
              -87.787655,
              41.917004
            ],
            [
              -87.787075,
              41.91685
            ],
            [
              -87.78657,
              41.916753
            ],
            [
              -87.785846,
              41.916664
            ],
            [
              -87.785232,
              41.916638
            ],
            [
              -87.785277,
              41.918228
            ],
            [
              -87.780401,
              41.918292
            ],
            [
              -87.780389,
              41.917922
            ],
            [
              -87.780373,
              41.917879
            ],
            [
              -87.780325,
              41.917853
            ],
            [
              -87.780259,
              41.917846
            ],
            [
              -87.769529,
              41.917991
            ],
            [
              -87.769332,
              41.918035
            ],
            [
              -87.768201,
              41.918052
            ],
            [
              -87.76816,
              41.916856
            ],
            [
              -87.76694,
              41.916869
            ],
            [
              -87.767018,
              41.91898
            ],
            [
              -87.76579,
              41.91876
            ],
            [
              -87.765636,
              41.912853
            ],
            [
              -87.765533,
              41.910164
            ],
            [
              -87.765549,
              41.90994
            ],
            [
              -87.765666,
              41.909533
            ],
            [
              -87.765835,
              41.909089
            ],
            [
              -87.765887,
              41.908864
            ],
            [
              -87.765885,
              41.908615
            ],
            [
              -87.765388,
              41.894634
            ],
            [
              -87.765124,
              41.887885
            ],
            [
              -87.765002,
              41.884235
            ],
            [
              -87.763326,
              41.884256
            ],
            [
              -87.763257,
              41.882266
            ],
            [
              -87.758806,
              41.882325
            ],
            [
              -87.758729,
              41.880325
            ],
            [
              -87.755067,
              41.880372
            ],
            [
              -87.754859,
              41.874848
            ],
            [
              -87.753349,
              41.874869
            ],
            [
              -87.753384,
              41.875774
            ],
            [
              -87.749248,
              41.875828
            ],
            [
              -87.749282,
              41.876731
            ],
            [
              -87.745769,
              41.876774
            ],
            [
              -87.745753,
              41.875962
            ],
            [
              -87.745712,
              41.875772
            ],
            [
              -87.745686,
              41.874968
            ],
            [
              -87.745168,
              41.874974
            ],
            [
              -87.745067,
              41.875
            ],
            [
              -87.744993,
              41.872958
            ],
            [
              -87.744943,
              41.872458
            ],
            [
              -87.744934,
              41.872203
            ],
            [
              -87.744924,
              41.870978
            ],
            [
              -87.744865,
              41.86954
            ],
            [
              -87.744754,
              41.865897
            ],
            [
              -87.774139,
              41.865459
            ],
            [
              -87.77427,
              41.869254
            ],
            [
              -87.774286,
              41.870023
            ],
            [
              -87.774276,
              41.870567
            ],
            [
              -87.774343,
              41.871364
            ],
            [
              -87.774419,
              41.872997
            ],
            [
              -87.775236,
              41.897769
            ],
            [
              -87.775599,
              41.909254
            ],
            [
              -87.802566,
              41.908932
            ],
            [
              -87.805745,
              41.908839
            ],
            [
              -87.805886,
              41.912373
            ],
            [
              -87.806232,
              41.923464
            ],
            [
              -87.806624,
              41.934511
            ],
            [
              -87.81639,
              41.934313
            ],
            [
              -87.81664,
              41.941352
            ],
            [
              -87.806873,
              41.941547
            ],
            [
              -87.806875,
              41.941628
            ],
            [
              -87.803171,
              41.941692
            ],
            [
              -87.803107,
              41.940008
            ]
          ]
        ]
      }
    },
    {
      "type": "Feature",
      "properties": {
        "placeFips": "1714000",
        "city": "Chicago",
        "state": "IL",
        "boundaryType": "ward",
        "district": "14",
        "name": "14"
      },
      "geometry": {
        "type": "Polygon",
        "coordinates": [
          [
            [
              -87.714382,
              41.826733
            ],
            [
              -87.714305,
              41.822464
            ],
            [
              -87.713007,
              41.822469
            ],
            [
              -87.70444,
              41.82259
            ],
            [
              -87.704516,
              41.822394
            ],
            [
              -87.704528,
              41.822226
            ],
            [
              -87.70419,
              41.813578
            ],
            [
              -87.70171,
              41.813616
            ],
            [
              -87.701536,
              41.808166
            ],
            [
              -87.690546,
              41.808341
            ],
            [
              -87.69048,
              41.806568
            ],
            [
              -87.686873,
              41.806614
            ],
            [
              -87.686801,
              41.806614
            ],
            [
              -87.686778,
              41.806578
            ],
            [
              -87.684371,
              41.806614
            ],
            [
              -87.684348,
              41.805679
            ],
            [
              -87.684374,
              41.804771
            ],
            [
              -87.684367,
              41.804499
            ],
            [
              -87.684292,
              41.803676
            ],
            [
              -87.684178,
              41.799334
            ],
            [
              -87.684857,
              41.799321
            ],
            [
              -87.684757,
              41.795685
            ],
            [
              -87.685311,
              41.795674
            ],
            [
              -87.685303,
              41.795327
            ],
            [
              -87.685294,
              41.795243
            ],
            [
              -87.685272,
              41.795217
            ],
            [
              -87.685876,
              41.795209
            ],
            [
              -87.685838,
              41.793838
            ],
            [
              -87.69868,
              41.793605
            ],
            [
              -87.698471,
              41.786327
            ],
            [
              -87.703349,
              41.786248
            ],
            [
              -87.703454,
              41.789884
            ],
            [
              -87.712277,
              41.789743
            ],
            [
              -87.712838,
              41.789733
            ],
            [
              -87.712873,
              41.789719
            ],
            [
              -87.713276,
              41.789731
            ],
            [
              -87.713396,
              41.793258
            ],
            [
              -87.713614,
              41.800688
            ],
            [
              -87.723373,
              41.800546
            ],
            [
              -87.729432,
              41.800477
            ],
            [
              -87.729552,
              41.800446
            ],
            [
              -87.73072,
              41.800429
            ],
            [
              -87.730724,
              41.800571
            ],
            [
              -87.739257,
              41.799266
            ],
            [
              -87.739191,
              41.796717
            ],
            [
              -87.739806,
              41.796711
            ],
            [
              -87.739788,
              41.795936
            ],
            [
              -87.742235,
              41.795918
            ],
            [
              -87.742254,
              41.796686
            ],
            [
              -87.74286,
              41.796674
            ],
            [
              -87.742929,
              41.798661
            ],
            [
              -87.746812,
              41.798108
            ],
            [
              -87.757915,
              41.796407
            ],
            [
              -87.762615,
              41.795668
            ],
            [
              -87.769577,
              41.794611
            ],
            [
              -87.769695,
              41.79508
            ],
            [
              -87.769732,
              41.796288
            ],
            [
              -87.782136,
              41.796039
            ],
            [
              -87.789239,
              41.795941
            ],
            [
              -87.789342,
              41.799567
            ],
            [
              -87.787939,
              41.799607
            ],
            [
              -87.783764,
              41.799667
            ],
            [
              -87.781794,
              41.799669
            ],
            [
              -87.774794,
              41.799809
            ],
            [
              -87.772129,
              41.799889
            ],
            [
              -87.764956,
              41.800034
            ],
            [
              -87.762873,
              41.800063
            ],
            [
              -87.762114,
              41.800054
            ],
            [
              -87.757282,
              41.800118
            ],
            [
              -87.742959,
              41.800327
            ],
            [
              -87.743094,
              41.805007
            ],
            [
              -87.743152,
              41.807623
            ],
            [
              -87.742924,
              41.807642
            ],
            [
              -87.7424,
              41.807651
            ],
            [
              -87.741798,
              41.807639
            ],
            [
              -87.738272,
              41.807684
            ],
            [
              -87.738502,
              41.814952
            ],
            [
              -87.738539,
              41.816847
            ],
            [
              -87.738505,
              41.817252
            ],
            [
              -87.73857,
              41.820494
            ],
            [
              -87.736837,
              41.820951
            ],
            [
              -87.73532,
              41.821446
            ],
            [
              -87.734261,
              41.821755
            ],
            [
              -87.730962,
              41.822886
            ],
            [
              -87.730215,
              41.823107
            ],
            [
              -87.729771,
              41.823159
            ],
            [
              -87.729288,
              41.823425
            ],
            [
              -87.72788,
              41.823813
            ],
            [
              -87.727301,
              41.82407
            ],
            [
              -87.726037,
              41.824522
            ],
            [
              -87.724316,
              41.825015
            ],
            [
              -87.721727,
              41.825845
            ],
            [
              -87.720451,
              41.826234
            ],
            [
              -87.720293,
              41.826385
            ],
            [
              -87.719945,
              41.826464
            ],
            [
              -87.719259,
              41.826559
            ],
            [
              -87.717273,
              41.827177
            ],
            [
              -87.714576,
              41.828052
            ],
            [
              -87.714408,
              41.828193
            ],
            [
              -87.714382,
              41.826733
            ]
          ]
        ]
      }
    },
    {
      "type": "Feature",
      "properties": {
        "placeFips": "1714000",
        "city": "Chicago",
        "state": "IL",
        "boundaryType": "ward",
        "district": "3",
        "name": "3"
      },
      "geometry": {
        "type": "Polygon",
        "coordinates": [
          [
            [
              -87.618215,
              41.855424
            ],
            [
              -87.617211,
              41.853008
            ],
            [
              -87.617737,
              41.853022
            ],
            [
              -87.619041,
              41.853002
            ],
            [
              -87.619175,
              41.852913
            ],
            [
              -87.622274,
              41.852888
            ],
            [
              -87.62225,
              41.851322
            ],
            [
              -87.622174,
              41.84839
            ],
            [
              -87.622929,
              41.848475
            ],
            [
              -87.623209,
              41.848467
            ],
            [
              -87.623688,
              41.84842
            ],
            [
              -87.623669,
              41.847468
            ],
            [
              -87.62358,
              41.847384
            ],
            [
              -87.623516,
              41.846707
            ],
            [
              -87.623405,
              41.846083
            ],
            [
              -87.623288,
              41.841547
            ],
            [
              -87.622537,
              41.841557
            ],
            [
              -87.622549,
              41.842006
            ],
            [
              -87.621978,
              41.841993
            ],
            [
              -87.621906,
              41.838803
            ],
            [
              -87.621925,
              41.838365
            ],
            [
              -87.620636,
              41.838381
            ],
            [
              -87.620601,
              41.836604
            ],
            [
              -87.620623,
              41.836554
            ],
            [
              -87.619444,
              41.836568
            ],
            [
              -87.619411,
              41.834741
            ],
            [
              -87.620621,
              41.83472
            ],
            [
              -87.620551,
              41.831071
            ],
            [
              -87.618406,
              41.831091
            ],
            [
              -87.618337,
              41.827455
            ],
            [
              -87.617072,
              41.827474
            ],
            [
              -87.616997,
              41.823834
            ],
            [
              -87.612624,
              41.823891
            ],
            [
              -87.613358,
              41.820568
            ],
            [
              -87.614072,
              41.81689
            ],
            [
              -87.614095,
              41.816748
            ],
            [
              -87.61409,
              41.816683
            ],
            [
              -87.612858,
              41.816706
            ],
            [
              -87.612797,
              41.81489
            ],
            [
              -87.608319,
              41.814967
            ],
            [
              -87.608278,
              41.813149
            ],
            [
              -87.609912,
              41.813123
            ],
            [
              -87.609867,
              41.811306
            ],
            [
              -87.611499,
              41.81128
            ],
            [
              -87.611411,
              41.807643
            ],
            [
              -87.612629,
              41.807625
            ],
            [
              -87.612587,
              41.805803
            ],
            [
              -87.615554,
              41.805756
            ],
            [
              -87.615507,
              41.803936
            ],
            [
              -87.612546,
              41.803983
            ],
            [
              -87.612503,
              41.802151
            ],
            [
              -87.616111,
              41.802103
            ],
            [
              -87.616143,
              41.80191
            ],
            [
              -87.616146,
              41.801597
            ],
            [
              -87.615958,
              41.793922
            ],
            [
              -87.620824,
              41.79383
            ],
            [
              -87.620837,
              41.794399
            ],
            [
              -87.625691,
              41.7943
            ],
            [
              -87.625607,
              41.791008
            ],
            [
              -87.625768,
              41.790993
            ],
            [
              -87.630165,
              41.790912
            ],
            [
              -87.635265,
              41.790837
            ],
            [
              -87.635362,
              41.794478
            ],
            [
              -87.637858,
              41.794434
            ],
            [
              -87.637888,
              41.795352
            ],
            [
              -87.640409,
              41.795303
            ],
            [
              -87.640442,
              41.796213
            ],
            [
              -87.642776,
              41.796172
            ],
            [
              -87.642856,
              41.799371
            ],
            [
              -87.642863,
              41.800412
            ],
            [
              -87.642997,
              41.80498
            ],
            [
              -87.641513,
              41.805008
            ],
            [
              -87.641015,
              41.805077
            ],
            [
              -87.640657,
              41.805174
            ],
            [
              -87.640599,
              41.805429
            ],
            [
              -87.640593,
              41.805567
            ],
            [
              -87.640605,
              41.806596
            ],
            [
              -87.64063,
              41.807002
            ],
            [
              -87.640679,
              41.808952
            ],
            [
              -87.635774,
              41.809047
            ],
            [
              -87.63583,
              41.809605
            ],
            [
              -87.636169,
              41.823585
            ],
            [
              -87.633763,
              41.823616
            ],
            [
              -87.633851,
              41.827188
            ],
            [
              -87.633842,
              41.827265
            ],
            [
              -87.632627,
              41.827281
            ],
            [
              -87.632667,
              41.829035
            ],
            [
              -87.632571,
              41.829052
            ],
            [
              -87.631465,
              41.829062
            ],
            [
              -87.631504,
              41.830939
            ],
            [
              -87.629561,
              41.830971
            ],
            [
              -87.630135,
              41.851882
            ],
            [
              -87.630179,
              41.852363
            ],
            [
              -87.630231,
              41.85264
            ],
            [
              -87.630295,
              41.852875
            ],
            [
              -87.630061,
              41.852877
            ],
            [
              -87.630104,
              41.853299
            ],
            [
              -87.630157,
              41.854962
            ],
            [
              -87.630159,
              41.855502
            ],
            [
              -87.630273,
              41.859537
            ],
            [
              -87.630249,
              41.861785
            ],
            [
              -87.630339,
              41.864986
            ],
            [
              -87.6304,
              41.865896
            ],
            [
              -87.630435,
              41.867374
            ],
            [
              -87.6204,
              41.867513
            ],
            [
              -87.620414,
              41.867251
            ],
            [
              -87.620399,
              41.867189
            ],
            [
              -87.620062,
              41.866134
            ],
            [
              -87.619937,
              41.865813
            ],
            [
              -87.619611,
              41.864816
            ],
            [
              -87.61895,
              41.862915
            ],
            [
              -87.618845,
              41.862644
            ],
            [
              -87.618527,
              41.862077
            ],
            [
              -87.618242,
              41.861299
            ],
            [
              -87.617993,
              41.860698
            ],
            [
              -87.617583,
              41.859243
            ],
            [
              -87.617167,
              41.857929
            ],
            [
              -87.617113,
              41.857845
            ],
            [
              -87.617546,
              41.857728
            ],
            [
              -87.618612,
              41.857708
            ],
            [
              -87.618281,
              41.855576
            ],
            [
              -87.618215,
              41.855424
            ]
          ]
        ]
      }
    },
    {
      "type": "Feature",
      "properties": {
        "placeFips": "1714000",
        "city": "Chicago",
        "state": "IL",
        "boundaryType": "ward",
        "district": "4",
        "name": "4"
      },
      "geometry": {
        "type": "Polygon",
        "coordinates": [
          [
            [
              -87.625971,
              41.873357
            ],
            [
              -87.625966,
              41.873126
            ],
            [
              -87.624411,
              41.87316
            ],
            [
              -87.617082,
              41.873259
            ],
            [
              -87.616228,
              41.873297
            ],
            [
              -87.6162,
              41.87197
            ],
            [
              -87.616281,
              41.871967
            ],
            [
              -87.616274,
              41.871786
            ],
            [
              -87.616234,
              41.871714
            ],
            [
              -87.616234,
              41.871628
            ],
            [
              -87.616267,
              41.871563
            ],
            [
              -87.616212,
              41.868903
            ],
            [
              -87.615944,
              41.868791
            ],
            [
              -87.615705,
              41.868651
            ],
            [
              -87.615502,
              41.868481
            ],
            [
              -87.615353,
              41.868304
            ],
            [
              -87.61474,
              41.868324
            ],
            [
              -87.614577,
              41.868394
            ],
            [
              -87.614313,
              41.868468
            ],
            [
              -87.614139,
              41.868495
            ],
            [
              -87.613805,
              41.868507
            ],
            [
              -87.613471,
              41.868501
            ],
            [
              -87.613211,
              41.868477
            ],
            [
              -87.612982,
              41.86841
            ],
            [
              -87.612773,
              41.868308
            ],
            [
              -87.612598,
              41.868176
            ],
            [
              -87.612464,
              41.868019
            ],
            [
              -87.612366,
              41.867819
            ],
            [
              -87.612333,
              41.867638
            ],
            [
              -87.612353,
              41.867446
            ],
            [
              -87.612425,
              41.867266
            ],
            [
              -87.612533,
              41.867116
            ],
            [
              -87.612689,
              41.866969
            ],
            [
              -87.612688,
              41.866753
            ],
            [
              -87.610652,
              41.866787
            ],
            [
              -87.610593,
              41.866817
            ],
            [
              -87.607749,
              41.866859
            ],
            [
              -87.607588,
              41.867
            ],
            [
              -87.607319,
              41.867144
            ],
            [
              -87.607087,
              41.867211
            ],
            [
              -87.606759,
              41.867242
            ],
            [
              -87.606433,
              41.867203
            ],
            [
              -87.606205,
              41.867129
            ],
            [
              -87.606066,
              41.867061
            ],
            [
              -87.605835,
              41.866884
            ],
            [
              -87.605747,
              41.866779
            ],
            [
              -87.605661,
              41.866624
            ],
            [
              -87.60562,
              41.866486
            ],
            [
              -87.605609,
              41.866362
            ],
            [
              -87.605621,
              41.866238
            ],
            [
              -87.605657,
              41.866117
            ],
            [
              -87.605715,
              41.866001
            ],
            [
              -87.605795,
              41.865892
            ],
            [
              -87.605894,
              41.865794
            ],
            [
              -87.606051,
              41.865681
            ],
            [
              -87.606045,
              41.864794
            ],
            [
              -87.606286,
              41.864786
            ],
            [
              -87.606297,
              41.864935
            ],
            [
              -87.606311,
              41.864961
            ],
            [
              -87.606363,
              41.865024
            ],
            [
              -87.606504,
              41.865129
            ],
            [
              -87.606586,
              41.865213
            ],
            [
              -87.60667,
              41.865232
            ],
            [
              -87.606832,
              41.865194
            ],
            [
              -87.606988,
              41.865127
            ],
            [
              -87.607092,
              41.865059
            ],
            [
              -87.607244,
              41.864933
            ],
            [
              -87.607358,
              41.864812
            ],
            [
              -87.607462,
              41.864664
            ],
            [
              -87.60751,
              41.864557
            ],
            [
              -87.607569,
              41.864375
            ],
            [
              -87.607579,
              41.864274
            ],
            [
              -87.607575,
              41.864102
            ],
            [
              -87.607525,
              41.863846
            ],
            [
              -87.606956,
              41.862377
            ],
            [
              -87.606919,
              41.862346
            ],
            [
              -87.606807,
              41.862312
            ],
            [
              -87.606754,
              41.862196
            ],
            [
              -87.606624,
              41.862165
            ],
            [
              -87.606532,
              41.862204
            ],
            [
              -87.606413,
              41.86207
            ],
            [
              -87.606086,
              41.862074
            ],
            [
              -87.606081,
              41.862059
            ],
            [
              -87.606042,
              41.862052
            ],
            [
              -87.606022,
              41.862009
            ],
            [
              -87.605965,
              41.86008
            ],
            [
              -87.606838,
              41.860057
            ],
            [
              -87.607072,
              41.859958
            ],
            [
              -87.606597,
              41.853411
            ],
            [
              -87.606513,
              41.853415
            ],
            [
              -87.606511,
              41.853363
            ],
            [
              -87.608394,
              41.853195
            ],
            [
              -87.608754,
              41.853171
            ],
            [
              -87.609004,
              41.853181
            ],
            [
              -87.609317,
              41.853256
            ],
            [
              -87.609459,
              41.853317
            ],
            [
              -87.609593,
              41.853397
            ],
            [
              -87.609775,
              41.853559
            ],
            [
              -87.609847,
              41.853661
            ],
            [
              -87.609897,
              41.85377
            ],
            [
              -87.609923,
              41.85388
            ],
            [
              -87.609915,
              41.854033
            ],
            [
              -87.609441,
              41.856447
            ],
            [
              -87.609342,
              41.85667
            ],
            [
              -87.609335,
              41.856817
            ],
            [
              -87.609358,
              41.856907
            ],
            [
              -87.609407,
              41.857004
            ],
            [
              -87.609464,
              41.857078
            ],
            [
              -87.609601,
              41.85719
            ],
            [
              -87.609719,
              41.857313
            ],
            [
              -87.609817,
              41.857445
            ],
            [
              -87.609925,
              41.857656
            ],
            [
              -87.609972,
              41.857824
            ],
            [
              -87.609994,
              41.85808
            ],
            [
              -87.60998,
              41.858186
            ],
            [
              -87.60988,
              41.858488
            ],
            [
              -87.609885,
              41.858643
            ],
            [
              -87.609942,
              41.858791
            ],
            [
              -87.610007,
              41.858882
            ],
            [
              -87.610216,
              41.859056
            ],
            [
              -87.610393,
              41.859164
            ],
            [
              -87.610445,
              41.859218
            ],
            [
              -87.610476,
              41.859281
            ],
            [
              -87.610482,
              41.859348
            ],
            [
              -87.610465,
              41.859432
            ],
            [
              -87.610397,
              41.859582
            ],
            [
              -87.610364,
              41.859708
            ],
            [
              -87.610363,
              41.859868
            ],
            [
              -87.610429,
              41.860087
            ],
            [
              -87.610458,
              41.860127
            ],
            [
              -87.61054,
              41.860181
            ],
            [
              -87.610668,
              41.860206
            ],
            [
              -87.610675,
              41.860651
            ],
            [
              -87.610595,
              41.860662
            ],
            [
              -87.610523,
              41.860692
            ],
            [
              -87.610455,
              41.860752
            ],
            [
              -87.610425,
              41.860849
            ],
            [
              -87.610348,
              41.860848
            ],
            [
              -87.610361,
              41.861396
            ],
            [
              -87.610285,
              41.861398
            ],
            [
              -87.610036,
              41.861803
            ],
            [
              -87.609898,
              41.862109
            ],
            [
              -87.609777,
              41.862486
            ],
            [
              -87.609799,
              41.862492
            ],
            [
              -87.609713,
              41.862867
            ],
            [
              -87.609676,
              41.863215
            ],
            [
              -87.609655,
              41.863286
            ],
            [
              -87.609634,
              41.863289
            ],
            [
              -87.609628,
              41.863374
            ],
            [
              -87.609652,
              41.863377
            ],
            [
              -87.609644,
              41.863404
            ],
            [
              -87.609605,
              41.863405
            ],
            [
              -87.609611,
              41.863508
            ],
            [
              -87.609645,
              41.863508
            ],
            [
              -87.60974,
              41.864091
            ],
            [
              -87.609876,
              41.864446
            ],
            [
              -87.610025,
              41.86477
            ],
            [
              -87.610181,
              41.865035
            ],
            [
              -87.610371,
              41.865322
            ],
            [
              -87.610444,
              41.865319
            ],
            [
              -87.61048,
              41.865865
            ],
            [
              -87.612669,
              41.865843
            ],
            [
              -87.61265,
              41.865279
            ],
            [
              -87.612741,
              41.865288
            ],
            [
              -87.612947,
              41.864871
            ],
            [
              -87.613131,
              41.864449
            ],
            [
              -87.613286,
              41.864029
            ],
            [
              -87.61344,
              41.863371
            ],
            [
              -87.613457,
              41.863091
            ],
            [
              -87.613445,
              41.86294
            ],
            [
              -87.613355,
              41.862613
            ],
            [
              -87.61326,
              41.862376
            ],
            [
              -87.61303,
              41.861928
            ],
            [
              -87.612872,
              41.861674
            ],
            [
              -87.612648,
              41.861372
            ],
            [
              -87.61257,
              41.861373
            ],
            [
              -87.612548,
              41.860825
            ],
            [
              -87.612471,
              41.860828
            ],
            [
              -87.612464,
              41.86078
            ],
            [
              -87.612418,
              41.860705
            ],
            [
              -87.612358,
              41.860666
            ],
            [
              -87.612206,
              41.860634
            ],
            [
              -87.612205,
              41.860461
            ],
            [
              -87.612391,
              41.860448
            ],
            [
              -87.612393,
              41.860354
            ],
            [
              -87.61215,
              41.860346
            ],
            [
              -87.612152,
              41.860272
            ],
            [
              -87.612187,
              41.860265
            ],
            [
              -87.612185,
              41.860175
            ],
            [
              -87.612316,
              41.860152
            ],
            [
              -87.612409,
              41.860084
            ],
            [
              -87.612443,
              41.859988
            ],
            [
              -87.6124,
              41.859778
            ],
            [
              -87.612352,
              41.859639
            ],
            [
              -87.612258,
              41.859443
            ],
            [
              -87.612201,
              41.859265
            ],
            [
              -87.612165,
              41.858668
            ],
            [
              -87.612177,
              41.858621
            ],
            [
              -87.612192,
              41.858579
            ],
            [
              -87.612265,
              41.858508
            ],
            [
              -87.612403,
              41.85849
            ],
            [
              -87.612542,
              41.858493
            ],
            [
              -87.612724,
              41.858359
            ],
            [
              -87.612804,
              41.858246
            ],
            [
              -87.612861,
              41.858127
            ],
            [
              -87.612968,
              41.857856
            ],
            [
              -87.613042,
              41.857611
            ],
            [
              -87.61307,
              41.857261
            ],
            [
              -87.613055,
              41.857032
            ],
            [
              -87.612975,
              41.856757
            ],
            [
              -87.612899,
              41.856582
            ],
            [
              -87.612853,
              41.856362
            ],
            [
              -87.612779,
              41.856206
            ],
            [
              -87.612684,
              41.856064
            ],
            [
              -87.612476,
              41.855843
            ],
            [
              -87.612236,
              41.855661
            ],
            [
              -87.611426,
              41.85515
            ],
            [
              -87.611306,
              41.855043
            ],
            [
              -87.611175,
              41.854884
            ],
            [
              -87.61109,
              41.854729
            ],
            [
              -87.611024,
              41.85451
            ],
            [
              -87.611,
              41.854097
            ],
            [
              -87.610935,
              41.853699
            ],
            [
              -87.61084,
              41.853379
            ],
            [
              -87.610717,
              41.853078
            ],
            [
              -87.610519,
              41.852717
            ],
            [
              -87.610343,
              41.852464
            ],
            [
              -87.609388,
              41.851283
            ],
            [
              -87.609305,
              41.851138
            ],
            [
              -87.609222,
              41.850909
            ],
            [
              -87.609188,
              41.850687
            ],
            [
              -87.6092,
              41.850442
            ],
            [
              -87.609498,
              41.848981
            ],
            [
              -87.609522,
              41.848703
            ],
            [
              -87.609543,
              41.848696
            ],
            [
              -87.60949,
              41.848074
            ],
            [
              -87.609433,
              41.84785
            ],
            [
              -87.609326,
              41.847636
            ],
            [
              -87.608538,
              41.846576
            ],
            [
              -87.608472,
              41.846435
            ],
            [
              -87.608429,
              41.84629
            ],
            [
              -87.608408,
              41.846066
            ],
            [
              -87.60845,
              41.845808
            ],
            [
              -87.608526,
              41.845632
            ],
            [
              -87.608685,
              41.845401
            ],
            [
              -87.609002,
              41.845006
            ],
            [
              -87.609107,
              41.844803
            ],
            [
              -87.609149,
              41.844662
            ],
            [
              -87.609167,
              41.844529
            ],
            [
              -87.60915,
              41.844239
            ],
            [
              -87.609072,
              41.844195
            ],
            [
              -87.608916,
              41.843955
            ],
            [
              -87.608867,
              41.843804
            ],
            [
              -87.608771,
              41.843365
            ],
            [
              -87.608582,
              41.843075
            ],
            [
              -87.608474,
              41.842948
            ],
            [
              -87.608177,
              41.842507
            ],
            [
              -87.60802,
              41.842306
            ],
            [
              -87.608021,
              41.84218
            ],
            [
              -87.607975,
              41.841791
            ],
            [
              -87.607979,
              41.841395
            ],
            [
              -87.607947,
              41.84127
            ],
            [
              -87.607849,
              41.841031
            ],
            [
              -87.607733,
              41.840886
            ],
            [
              -87.607528,
              41.84056
            ],
            [
              -87.606984,
              41.840667
            ],
            [
              -87.606678,
              41.840561
            ],
            [
              -87.606714,
              41.840503
            ],
            [
              -87.606995,
              41.8406
            ],
            [
              -87.607501,
              41.840503
            ],
            [
              -87.607461,
              41.84046
            ],
            [
              -87.607433,
              41.840394
            ],
            [
              -87.60745,
              41.840348
            ],
            [
              -87.607348,
              41.840105
            ],
            [
              -87.607213,
              41.839658
            ],
            [
              -87.607098,
              41.839516
            ],
            [
              -87.606701,
              41.839303
            ],
            [
              -87.606512,
              41.839144
            ],
            [
              -87.606451,
              41.839084
            ],
            [
              -87.606147,
              41.838637
            ],
            [
              -87.60471,
              41.83896
            ],
            [
              -87.604278,
              41.839582
            ],
            [
              -87.604275,
              41.839827
            ],
            [
              -87.604185,
              41.839829
            ],
            [
              -87.604195,
              41.839554
            ],
            [
              -87.604667,
              41.83888
            ],
            [
              -87.606127,
              41.838553
            ],
            [
              -87.606136,
              41.838524
            ],
            [
              -87.606079,
              41.838024
            ],
            [
              -87.606105,
              41.837843
            ],
            [
              -87.606072,
              41.837293
            ],
            [
              -87.605975,
              41.836866
            ],
            [
              -87.605847,
              41.836444
            ],
            [
              -87.605655,
              41.836121
            ],
            [
              -87.605308,
              41.835681
            ],
            [
              -87.605092,
              41.835463
            ],
            [
              -87.604558,
              41.834992
            ],
            [
              -87.604544,
              41.834811
            ],
            [
              -87.604734,
              41.83459
            ],
            [
              -87.605033,
              41.834422
            ],
            [
              -87.604944,
              41.834036
            ],
            [
              -87.604868,
              41.833796
            ],
            [
              -87.604746,
              41.833602
            ],
            [
              -87.604553,
              41.833349
            ],
            [
              -87.604352,
              41.833196
            ],
            [
              -87.604072,
              41.833077
            ],
            [
              -87.603916,
              41.833035
            ],
            [
              -87.603486,
              41.833009
            ],
            [
              -87.603354,
              41.832968
            ],
            [
              -87.603229,
              41.832914
            ],
            [
              -87.603012,
              41.832732
            ],
            [
              -87.602797,
              41.832473
            ],
            [
              -87.602704,
              41.832332
            ],
            [
              -87.602765,
              41.831771
            ],
            [
              -87.602708,
              41.83135
            ],
            [
              -87.602596,
              41.831027
            ],
            [
              -87.602502,
              41.830846
            ],
            [
              -87.602395,
              41.830693
            ],
            [
              -87.602086,
              41.830382
            ],
            [
              -87.601637,
              41.829975
            ],
            [
              -87.600296,
              41.828266
            ],
            [
              -87.600165,
              41.82816
            ],
            [
              -87.600065,
              41.828025
            ],
            [
              -87.599972,
              41.82793
            ],
            [
              -87.599212,
              41.827394
            ],
            [
              -87.598703,
              41.827059
            ],
            [
              -87.598258,
              41.826797
            ],
            [
              -87.597948,
              41.826555
            ],
            [
              -87.597755,
              41.826344
            ],
            [
              -87.59764,
              41.826174
            ],
            [
              -87.597578,
              41.82605
            ],
            [
              -87.597483,
              41.825648
            ],
            [
              -87.597483,
              41.8255
            ],
            [
              -87.597508,
              41.825354
            ],
            [
              -87.597623,
              41.824934
            ],
            [
              -87.597697,
              41.824566
            ],
            [
              -87.597655,
              41.824156
            ],
            [
              -87.597633,
              41.824034
            ],
            [
              -87.597535,
              41.823706
            ],
            [
              -87.597368,
              41.823294
            ],
            [
              -87.597324,
              41.823103
            ],
            [
              -87.597259,
              41.822927
            ],
            [
              -87.597249,
              41.822797
            ],
            [
              -87.597339,
              41.822844
            ],
            [
              -87.597348,
              41.822827
            ],
            [
              -87.597323,
              41.82277
            ],
            [
              -87.597327,
              41.822743
            ],
            [
              -87.597252,
              41.822684
            ],
            [
              -87.597273,
              41.822623
            ],
            [
              -87.597201,
              41.822608
            ],
            [
              -87.597199,
              41.822576
            ],
            [
              -87.597116,
              41.822523
            ],
            [
              -87.597089,
              41.822407
            ],
            [
              -87.597051,
              41.822351
            ],
            [
              -87.597022,
              41.822234
            ],
            [
              -87.596871,
              41.822052
            ],
            [
              -87.596831,
              41.821957
            ],
            [
              -87.596679,
              41.821826
            ],
            [
              -87.59659,
              41.821694
            ],
            [
              -87.596418,
              41.82151
            ],
            [
              -87.596204,
              41.821333
            ],
            [
              -87.596063,
              41.821142
            ],
            [
              -87.595862,
              41.82084
            ],
            [
              -87.595779,
              41.820655
            ],
            [
              -87.59571,
              41.820562
            ],
            [
              -87.595694,
              41.820489
            ],
            [
              -87.595727,
              41.820439
            ],
            [
              -87.595646,
              41.820323
            ],
            [
              -87.595115,
              41.819814
            ],
            [
              -87.594688,
              41.819735
            ],
            [
              -87.594621,
              41.819696
            ],
            [
              -87.594471,
              41.819546
            ],
            [
              -87.594327,
              41.819433
            ],
            [
              -87.593701,
              41.819039
            ],
            [
              -87.593485,
              41.818812
            ],
            [
              -87.593345,
              41.818729
            ],
            [
              -87.592957,
              41.818575
            ],
            [
              -87.592683,
              41.818401
            ],
            [
              -87.592616,
              41.818343
            ],
            [
              -87.59239,
              41.818045
            ],
            [
              -87.592237,
              41.817787
            ],
            [
              -87.592191,
              41.817681
            ],
            [
              -87.592151,
              41.816882
            ],
            [
              -87.592154,
              41.816575
            ],
            [
              -87.591989,
              41.816289
            ],
            [
              -87.591898,
              41.816231
            ],
            [
              -87.59178,
              41.816123
            ],
            [
              -87.591753,
              41.816072
            ],
            [
              -87.591705,
              41.81603
            ],
            [
              -87.591599,
              41.815981
            ],
            [
              -87.591503,
              41.815982
            ],
            [
              -87.591456,
              41.815959
            ],
            [
              -87.591302,
              41.815691
            ],
            [
              -87.591178,
              41.815404
            ],
            [
              -87.591094,
              41.81534
            ],
            [
              -87.590887,
              41.815001
            ],
            [
              -87.590694,
              41.814827
            ],
            [
              -87.590678,
              41.814782
            ],
            [
              -87.590619,
              41.814715
            ],
            [
              -87.590504,
              41.81468
            ],
            [
              -87.590459,
              41.814649
            ],
            [
              -87.590374,
              41.814498
            ],
            [
              -87.590346,
              41.814376
            ],
            [
              -87.590366,
              41.814349
            ],
            [
              -87.5905,
              41.814368
            ],
            [
              -87.590516,
              41.814347
            ],
            [
              -87.590424,
              41.814212
            ],
            [
              -87.590324,
              41.814145
            ],
            [
              -87.590288,
              41.813938
            ],
            [
              -87.590254,
              41.813893
            ],
            [
              -87.590221,
              41.813754
            ],
            [
              -87.590134,
              41.813621
            ],
            [
              -87.59006,
              41.813563
            ],
            [
              -87.590036,
              41.813516
            ],
            [
              -87.589823,
              41.813293
            ],
            [
              -87.589724,
              41.813222
            ],
            [
              -87.589662,
              41.813132
            ],
            [
              -87.589566,
              41.813058
            ],
            [
              -87.589344,
              41.812969
            ],
            [
              -87.58913,
              41.812817
            ],
            [
              -87.588911,
              41.812546
            ],
            [
              -87.588796,
              41.812319
            ],
            [
              -87.588757,
              41.812276
            ],
            [
              -87.588626,
              41.81219
            ],
            [
              -87.588446,
              41.812092
            ],
            [
              -87.5883,
              41.812041
            ],
            [
              -87.587998,
              41.811997
            ],
            [
              -87.587709,
              41.811981
            ],
            [
              -87.587654,
              41.811966
            ],
            [
              -87.587644,
              41.811944
            ],
            [
              -87.587556,
              41.811935
            ],
            [
              -87.587348,
              41.811853
            ],
            [
              -87.587319,
              41.811725
            ],
            [
              -87.587292,
              41.811673
            ],
            [
              -87.587202,
              41.811609
            ],
            [
              -87.587196,
              41.811562
            ],
            [
              -87.587221,
              41.811514
            ],
            [
              -87.587202,
              41.811488
            ],
            [
              -87.587093,
              41.811444
            ],
            [
              -87.587041,
              41.811404
            ],
            [
              -87.58699,
              41.811323
            ],
            [
              -87.586998,
              41.811273
            ],
            [
              -87.586986,
              41.811226
            ],
            [
              -87.58694,
              41.811197
            ],
            [
              -87.586934,
              41.811175
            ],
            [
              -87.58696,
              41.811085
            ],
            [
              -87.587,
              41.811071
            ],
            [
              -87.58701,
              41.811044
            ],
            [
              -87.586989,
              41.810907
            ],
            [
              -87.587037,
              41.810637
            ],
            [
              -87.587009,
              41.8104
            ],
            [
              -87.586925,
              41.810107
            ],
            [
              -87.586771,
              41.80983
            ],
            [
              -87.586642,
              41.809714
            ],
            [
              -87.586544,
              41.809592
            ],
            [
              -87.586451,
              41.809439
            ],
            [
              -87.586435,
              41.809397
            ],
            [
              -87.58648,
              41.809306
            ],
            [
              -87.586388,
              41.809259
            ],
            [
              -87.586334,
              41.809249
            ],
            [
              -87.586273,
              41.809196
            ],
            [
              -87.586291,
              41.809097
            ],
            [
              -87.586222,
              41.809085
            ],
            [
              -87.586107,
              41.808844
            ],
            [
              -87.586105,
              41.808796
            ],
            [
              -87.586148,
              41.808718
            ],
            [
              -87.585703,
              41.808066
            ],
            [
              -87.585684,
              41.807996
            ],
            [
              -87.585692,
              41.807959
            ],
            [
              -87.585667,
              41.807902
            ],
            [
              -87.585618,
              41.807848
            ],
            [
              -87.585584,
              41.807844
            ],
            [
              -87.585458,
              41.807617
            ],
            [
              -87.585158,
              41.807215
            ],
            [
              -87.584853,
              41.806908
            ],
            [
              -87.585796,
              41.806345
            ],
            [
              -87.586552,
              41.805843
            ],
            [
              -87.587589,
              41.80671
            ],
            [
              -87.587752,
              41.806794
            ],
            [
              -87.589147,
              41.80635
            ],
            [
              -87.588889,
              41.805891
            ],
            [
              -87.588443,
              41.804969
            ],
            [
              -87.588324,
              41.804689
            ],
            [
              -87.588163,
              41.804282
            ],
            [
              -87.587724,
              41.803001
            ],
            [
              -87.58744,
              41.801997
            ],
            [
              -87.587285,
              41.801313
            ],
            [
              -87.587127,
              41.800385
            ],
            [
              -87.587033,
              41.799565
            ],
            [
              -87.592656,
              41.7995
            ],
            [
              -87.592627,
              41.798428
            ],
            [
              -87.591758,
              41.798438
            ],
            [
              -87.591748,
              41.798046
            ],
            [
              -87.593407,
              41.798029
            ],
            [
              -87.593446,
              41.798002
            ],
            [
              -87.59346,
              41.797968
            ],
            [
              -87.593397,
              41.795201
            ],
            [
              -87.593347,
              41.795108
            ],
            [
              -87.594923,
              41.795085
            ],
            [
              -87.595026,
              41.799473
            ],
            [
              -87.596642,
              41.799458
            ],
            [
              -87.596707,
              41.802366
            ],
            [
              -87.598247,
              41.80235
            ],
            [
              -87.59821,
              41.800906
            ],
            [
              -87.598444,
              41.800903
            ],
            [
              -87.599772,
              41.80089
            ],
            [
              -87.599809,
              41.802331
            ],
            [
              -87.605213,
              41.802273
            ],
            [
              -87.606407,
              41.802251
            ],
            [
              -87.606359,
              41.800722
            ],
            [
              -87.606242,
              41.795286
            ],
            [
              -87.606212,
              41.795063
            ],
            [
              -87.606215,
              41.794965
            ],
            [
              -87.607383,
              41.794971
            ],
            [
              -87.607271,
              41.795427
            ],
            [
              -87.607239,
              41.795737
            ],
            [
              -87.607239,
              41.796245
            ],
            [
              -87.607278,
              41.796571
            ],
            [
              -87.607337,
              41.796856
            ],
            [
              -87.607456,
              41.797255
            ],
            [
              -87.607731,
              41.798015
            ],
            [
              -87.607861,
              41.798408
            ],
            [
              -87.607914,
              41.798624
            ],
            [
              -87.613929,
              41.798509
            ],
            [
              -87.613966,
              41.798138
            ],
            [
              -87.614063,
              41.797639
            ],
            [
              -87.614201,
              41.797168
            ],
            [
              -87.614491,
              41.796415
            ],
            [
              -87.614556,
              41.796184
            ],
            [
              -87.614604,
              41.795928
            ],
            [
              -87.614668,
              41.795094
            ],
            [
              -87.6147,
              41.794952
            ],
            [
              -87.614705,
              41.794823
            ],
            [
              -87.615981,
              41.794801
            ],
            [
              -87.616146,
              41.801597
            ],
            [
              -87.616143,
              41.80191
            ],
            [
              -87.616111,
              41.802103
            ],
            [
              -87.612503,
              41.802151
            ],
            [
              -87.612546,
              41.803983
            ],
            [
              -87.615507,
              41.803936
            ],
            [
              -87.615554,
              41.805756
            ],
            [
              -87.612587,
              41.805803
            ],
            [
              -87.612629,
              41.807625
            ],
            [
              -87.611411,
              41.807643
            ],
            [
              -87.611499,
              41.81128
            ],
            [
              -87.609867,
              41.811306
            ],
            [
              -87.609912,
              41.813123
            ],
            [
              -87.608278,
              41.813149
            ],
            [
              -87.608319,
              41.814967
            ],
            [
              -87.612797,
              41.81489
            ],
            [
              -87.612858,
              41.816706
            ],
            [
              -87.61409,
              41.816683
            ],
            [
              -87.614095,
              41.816748
            ],
            [
              -87.614072,
              41.81689
            ],
            [
              -87.613358,
              41.820568
            ],
            [
              -87.612624,
              41.823891
            ],
            [
              -87.616997,
              41.823834
            ],
            [
              -87.617072,
              41.827474
            ],
            [
              -87.618337,
              41.827455
            ],
            [
              -87.618406,
              41.831091
            ],
            [
              -87.620551,
              41.831071
            ],
            [
              -87.620621,
              41.83472
            ],
            [
              -87.619411,
              41.834741
            ],
            [
              -87.619444,
              41.836568
            ],
            [
              -87.620623,
              41.836554
            ],
            [
              -87.620601,
              41.836604
            ],
            [
              -87.620636,
              41.838381
            ],
            [
              -87.621925,
              41.838365
            ],
            [
              -87.621906,
              41.838803
            ],
            [
              -87.621978,
              41.841993
            ],
            [
              -87.622549,
              41.842006
            ],
            [
              -87.622537,
              41.841557
            ],
            [
              -87.623288,
              41.841547
            ],
            [
              -87.623405,
              41.846083
            ],
            [
              -87.623516,
              41.846707
            ],
            [
              -87.62358,
              41.847384
            ],
            [
              -87.623669,
              41.847468
            ],
            [
              -87.623688,
              41.84842
            ],
            [
              -87.623209,
              41.848467
            ],
            [
              -87.622929,
              41.848475
            ],
            [
              -87.622174,
              41.84839
            ],
            [
              -87.62225,
              41.851322
            ],
            [
              -87.622274,
              41.852888
            ],
            [
              -87.619175,
              41.852913
            ],
            [
              -87.619041,
              41.853002
            ],
            [
              -87.617737,
              41.853022
            ],
            [
              -87.617211,
              41.853008
            ],
            [
              -87.618281,
              41.855576
            ],
            [
              -87.618612,
              41.857708
            ],
            [
              -87.617546,
              41.857728
            ],
            [
              -87.617113,
              41.857845
            ],
            [
              -87.617167,
              41.857929
            ],
            [
              -87.617583,
              41.859243
            ],
            [
              -87.617993,
              41.860698
            ],
            [
              -87.618242,
              41.861299
            ],
            [
              -87.618527,
              41.862077
            ],
            [
              -87.618845,
              41.862644
            ],
            [
              -87.61895,
              41.862915
            ],
            [
              -87.619611,
              41.864816
            ],
            [
              -87.619937,
              41.865813
            ],
            [
              -87.620062,
              41.866134
            ],
            [
              -87.620399,
              41.867189
            ],
            [
              -87.620414,
              41.867251
            ],
            [
              -87.6204,
              41.867513
            ],
            [
              -87.631529,
              41.867354
            ],
            [
              -87.631592,
              41.867567
            ],
            [
              -87.631729,
              41.868235
            ],
            [
              -87.632034,
              41.869886
            ],
            [
              -87.632111,
              41.872193
            ],
            [
              -87.633056,
              41.872161
            ],
            [
              -87.633122,
              41.874488
            ],
            [
              -87.633056,
              41.874488
            ],
            [
              -87.63311,
              41.876863
            ],
            [
              -87.630749,
              41.876884
            ],
            [
              -87.630785,
              41.878148
            ],
            [
              -87.627677,
              41.878176
            ],
            [
              -87.627575,
              41.878219
            ],
            [
              -87.626082,
              41.878246
            ],
            [
              -87.625971,
              41.873357
            ]
          ]
        ]
      }
    },
    {
      "type": "Feature",
      "properties": {
        "placeFips": "1714000",
        "city": "Chicago",
        "state": "IL",
        "boundaryType": "ward",
        "district": "2",
        "name": "2"
      },
      "geometry": {
        "type": "Polygon",
        "coordinates": [
          [
            [
              -87.661367,
              41.927232
            ],
            [
              -87.661386,
              41.927064
            ],
            [
              -87.660579,
              41.927076
            ],
            [
              -87.660515,
              41.925261
            ],
            [
              -87.660886,
              41.925255
            ],
            [
              -87.660769,
              41.921641
            ],
            [
              -87.658335,
              41.921661
            ],
            [
              -87.658203,
              41.917343
            ],
            [
              -87.658214,
              41.91728
            ],
            [
              -87.65828,
              41.917194
            ],
            [
              -87.653396,
              41.913695
            ],
            [
              -87.653146,
              41.913747
            ],
            [
              -87.652392,
              41.913766
            ],
            [
              -87.652369,
              41.913637
            ],
            [
              -87.652219,
              41.913492
            ],
            [
              -87.651844,
              41.913189
            ],
            [
              -87.649518,
              41.911605
            ],
            [
              -87.649501,
              41.9109
            ],
            [
              -87.648272,
              41.91092
            ],
            [
              -87.648361,
              41.913827
            ],
            [
              -87.644449,
              41.913886
            ],
            [
              -87.644356,
              41.910987
            ],
            [
              -87.643624,
              41.911004
            ],
            [
              -87.643064,
              41.911043
            ],
            [
              -87.639806,
              41.911097
            ],
            [
              -87.639861,
              41.912875
            ],
            [
              -87.639775,
              41.912865
            ],
            [
              -87.638778,
              41.912876
            ],
            [
              -87.638382,
              41.912823
            ],
            [
              -87.633115,
              41.912911
            ],
            [
              -87.633069,
              41.91298
            ],
            [
              -87.632913,
              41.91307
            ],
            [
              -87.632815,
              41.913108
            ],
            [
              -87.631861,
              41.911553
            ],
            [
              -87.631712,
              41.911292
            ],
            [
              -87.631682,
              41.911181
            ],
            [
              -87.631382,
              41.911198
            ],
            [
              -87.631006,
              41.911189
            ],
            [
              -87.628886,
              41.911223
            ],
            [
              -87.628789,
              41.90812
            ],
            [
              -87.628773,
              41.906599
            ],
            [
              -87.628678,
              41.903942
            ],
            [
              -87.625004,
              41.904001
            ],
            [
              -87.623631,
              41.904247
            ],
            [
              -87.623573,
              41.90408
            ],
            [
              -87.623723,
              41.904049
            ],
            [
              -87.623607,
              41.903947
            ],
            [
              -87.623279,
              41.90379
            ],
            [
              -87.623128,
              41.903693
            ],
            [
              -87.622876,
              41.903478
            ],
            [
              -87.622591,
              41.903188
            ],
            [
              -87.6223,
              41.902853
            ],
            [
              -87.62193,
              41.902369
            ],
            [
              -87.621858,
              41.902197
            ],
            [
              -87.621867,
              41.902051
            ],
            [
              -87.621518,
              41.901933
            ],
            [
              -87.620569,
              41.90175
            ],
            [
              -87.619912,
              41.901559
            ],
            [
              -87.619733,
              41.901471
            ],
            [
              -87.619486,
              41.901317
            ],
            [
              -87.619232,
              41.901096
            ],
            [
              -87.619035,
              41.900857
            ],
            [
              -87.618807,
              41.90049
            ],
            [
              -87.617201,
              41.898064
            ],
            [
              -87.616849,
              41.89755
            ],
            [
              -87.616362,
              41.896882
            ],
            [
              -87.615707,
              41.895877
            ],
            [
              -87.624271,
              41.89574
            ],
            [
              -87.624279,
              41.896529
            ],
            [
              -87.624201,
              41.896964
            ],
            [
              -87.624095,
              41.89785
            ],
            [
              -87.624142,
              41.899726
            ],
            [
              -87.624193,
              41.90045
            ],
            [
              -87.624177,
              41.900599
            ],
            [
              -87.624118,
              41.90082
            ],
            [
              -87.62419,
              41.900875
            ],
            [
              -87.624228,
              41.900946
            ],
            [
              -87.624208,
              41.901339
            ],
            [
              -87.624234,
              41.901615
            ],
            [
              -87.624313,
              41.90177
            ],
            [
              -87.624449,
              41.902178
            ],
            [
              -87.624507,
              41.902438
            ],
            [
              -87.628321,
              41.902373
            ],
            [
              -87.62835,
              41.902323
            ],
            [
              -87.628344,
              41.901681
            ],
            [
              -87.628265,
              41.89914
            ],
            [
              -87.62685,
              41.899166
            ],
            [
              -87.626904,
              41.89909
            ],
            [
              -87.62692,
              41.898837
            ],
            [
              -87.626872,
              41.89754
            ],
            [
              -87.628222,
              41.89752
            ],
            [
              -87.628153,
              41.894876
            ],
            [
              -87.632676,
              41.894812
            ],
            [
              -87.632691,
              41.895614
            ],
            [
              -87.634175,
              41.895595
            ],
            [
              -87.634233,
              41.897419
            ],
            [
              -87.635712,
              41.897403
            ],
            [
              -87.635741,
              41.898183
            ],
            [
              -87.634262,
              41.898204
            ],
            [
              -87.634382,
              41.901325
            ],
            [
              -87.633432,
              41.90134
            ],
            [
              -87.633435,
              41.90149
            ],
            [
              -87.632852,
              41.901498
            ],
            [
              -87.632895,
              41.903115
            ],
            [
              -87.631424,
              41.903135
            ],
            [
              -87.631445,
              41.903901
            ],
            [
              -87.637052,
              41.903809
            ],
            [
              -87.637131,
              41.905686
            ],
            [
              -87.634542,
              41.905729
            ],
            [
              -87.634575,
              41.906692
            ],
            [
              -87.637171,
              41.906655
            ],
            [
              -87.637212,
              41.907621
            ],
            [
              -87.633299,
              41.907686
            ],
            [
              -87.633046,
              41.907703
            ],
            [
              -87.633151,
              41.911156
            ],
            [
              -87.635051,
              41.911161
            ],
            [
              -87.636662,
              41.911142
            ],
            [
              -87.636684,
              41.911748
            ],
            [
              -87.638034,
              41.911724
            ],
            [
              -87.638055,
              41.91161
            ],
            [
              -87.638038,
              41.911123
            ],
            [
              -87.638592,
              41.911115
            ],
            [
              -87.638534,
              41.909242
            ],
            [
              -87.640956,
              41.90921
            ],
            [
              -87.640837,
              41.905128
            ],
            [
              -87.64084,
              41.905084
            ],
            [
              -87.640857,
              41.905063
            ],
            [
              -87.641108,
              41.904873
            ],
            [
              -87.642114,
              41.905596
            ],
            [
              -87.642061,
              41.90576
            ],
            [
              -87.642167,
              41.909193
            ],
            [
              -87.643378,
              41.909177
            ],
            [
              -87.643411,
              41.910367
            ],
            [
              -87.643783,
              41.91033
            ],
            [
              -87.645479,
              41.91032
            ],
            [
              -87.645407,
              41.910465
            ],
            [
              -87.645406,
              41.910962
            ],
            [
              -87.645845,
              41.910956
            ],
            [
              -87.645819,
              41.910311
            ],
            [
              -87.646785,
              41.910312
            ],
            [
              -87.647022,
              41.910142
            ],
            [
              -87.647255,
              41.910028
            ],
            [
              -87.64775,
              41.909644
            ],
            [
              -87.648251,
              41.910003
            ],
            [
              -87.648211,
              41.908577
            ],
            [
              -87.650066,
              41.908543
            ],
            [
              -87.651032,
              41.908536
            ],
            [
              -87.651106,
              41.910874
            ],
            [
              -87.655821,
              41.910794
            ],
            [
              -87.659865,
              41.910755
            ],
            [
              -87.662831,
              41.910699
            ],
            [
              -87.662801,
              41.909795
            ],
            [
              -87.662795,
              41.908255
            ],
            [
              -87.662054,
              41.907573
            ],
            [
              -87.661787,
              41.907262
            ],
            [
              -87.661448,
              41.906773
            ],
            [
              -87.661288,
              41.906472
            ],
            [
              -87.661147,
              41.906133
            ],
            [
              -87.661062,
              41.905874
            ],
            [
              -87.660979,
              41.905489
            ],
            [
              -87.660938,
              41.905142
            ],
            [
              -87.660942,
              41.904757
            ],
            [
              -87.66111,
              41.903443
            ],
            [
              -87.664288,
              41.90338
            ],
            [
              -87.666485,
              41.903358
            ],
            [
              -87.66253,
              41.900823
            ],
            [
              -87.662453,
              41.897969
            ],
            [
              -87.664922,
              41.897929
            ],
            [
              -87.664897,
              41.897991
            ],
            [
              -87.664932,
              41.899277
            ],
            [
              -87.666838,
              41.89925
            ],
            [
              -87.666852,
              41.899627
            ],
            [
              -87.666834,
              41.899718
            ],
            [
              -87.667392,
              41.899708
            ],
            [
              -87.667418,
              41.900617
            ],
            [
              -87.666851,
              41.900626
            ],
            [
              -87.666884,
              41.900679
            ],
            [
              -87.666901,
              41.901481
            ],
            [
              -87.666867,
              41.901534
            ],
            [
              -87.667444,
              41.901524
            ],
            [
              -87.66759,
              41.907007
            ],
            [
              -87.667732,
              41.907025
            ],
            [
              -87.670029,
              41.906992
            ],
            [
              -87.670021,
              41.906698
            ],
            [
              -87.670139,
              41.906732
            ],
            [
              -87.670275,
              41.906805
            ],
            [
              -87.671153,
              41.90737
            ],
            [
              -87.671313,
              41.907496
            ],
            [
              -87.671334,
              41.907558
            ],
            [
              -87.672494,
              41.907544
            ],
            [
              -87.672525,
              41.908756
            ],
            [
              -87.673109,
              41.908754
            ],
            [
              -87.673106,
              41.908264
            ],
            [
              -87.673118,
              41.908183
            ],
            [
              -87.67633,
              41.910226
            ],
            [
              -87.676341,
              41.910505
            ],
            [
              -87.679907,
              41.91044
            ],
            [
              -87.679686,
              41.902656
            ],
            [
              -87.676853,
              41.902712
            ],
            [
              -87.674805,
              41.902729
            ],
            [
              -87.674766,
              41.901409
            ],
            [
              -87.673545,
              41.901432
            ],
            [
              -87.67344,
              41.897787
            ],
            [
              -87.674664,
              41.897768
            ],
            [
              -87.674626,
              41.896419
            ],
            [
              -87.677066,
              41.896382
            ],
            [
              -87.677052,
              41.895912
            ],
            [
              -87.684397,
              41.895785
            ],
            [
              -87.68458,
              41.903061
            ],
            [
              -87.68214,
              41.903107
            ],
            [
              -87.682307,
              41.90872
            ],
            [
              -87.68238,
              41.911877
            ],
            [
              -87.679846,
              41.911919
            ],
            [
              -87.680358,
              41.912248
            ],
            [
              -87.673847,
              41.912364
            ],
            [
              -87.673799,
              41.910542
            ],
            [
              -87.664459,
              41.910675
            ],
            [
              -87.664672,
              41.911084
            ],
            [
              -87.664911,
              41.911437
            ],
            [
              -87.665336,
              41.911929
            ],
            [
              -87.665612,
              41.912275
            ],
            [
              -87.664543,
              41.912811
            ],
            [
              -87.663901,
              41.913071
            ],
            [
              -87.667381,
              41.917756
            ],
            [
              -87.667775,
              41.91824
            ],
            [
              -87.66798,
              41.918466
            ],
            [
              -87.668095,
              41.91855
            ],
            [
              -87.668252,
              41.919121
            ],
            [
              -87.6686,
              41.92133
            ],
            [
              -87.668627,
              41.921609
            ],
            [
              -87.668102,
              41.924062
            ],
            [
              -87.668146,
              41.925152
            ],
            [
              -87.665769,
              41.925183
            ],
            [
              -87.665745,
              41.925268
            ],
            [
              -87.665861,
              41.928813
            ],
            [
              -87.661041,
              41.928887
            ],
            [
              -87.661055,
              41.928734
            ],
            [
              -87.661169,
              41.928205
            ],
            [
              -87.661239,
              41.927974
            ],
            [
              -87.661293,
              41.927719
            ],
            [
              -87.661357,
              41.92737
            ],
            [
              -87.661367,
              41.927232
            ]
          ]
        ]
      }
    },
    {
      "type": "Feature",
      "properties": {
        "placeFips": "1714000",
        "city": "Chicago",
        "state": "IL",
        "boundaryType": "ward",
        "district": "35",
        "name": "35"
      },
      "geometry": {
        "type": "Polygon",
        "coordinates": [
          [
            [
              -87.718267,
              41.968803
            ],
            [
              -87.718087,
              41.962889
            ],
            [
              -87.713198,
              41.962955
            ],
            [
              -87.712926,
              41.954315
            ],
            [
              -87.712879,
              41.953274
            ],
            [
              -87.712805,
              41.950504
            ],
            [
              -87.712791,
              41.94933
            ],
            [
              -87.708843,
              41.946623
            ],
            [
              -87.707822,
              41.946631
            ],
            [
              -87.707787,
              41.94528
            ],
            [
              -87.707186,
              41.944856
            ],
            [
              -87.707169,
              41.94483
            ],
            [
              -87.707067,
              41.941043
            ],
            [
              -87.70767,
              41.941038
            ],
            [
              -87.707652,
              41.940291
            ],
            [
              -87.707625,
              41.939928
            ],
            [
              -87.707647,
              41.939762
            ],
            [
              -87.707709,
              41.939568
            ],
            [
              -87.707712,
              41.939512
            ],
            [
              -87.707581,
              41.937697
            ],
            [
              -87.707388,
              41.930622
            ],
            [
              -87.707358,
              41.929042
            ],
            [
              -87.707489,
              41.929005
            ],
            [
              -87.707513,
              41.928974
            ],
            [
              -87.707518,
              41.928921
            ],
            [
              -87.707895,
              41.928365
            ],
            [
              -87.709393,
              41.928347
            ],
            [
              -87.709294,
              41.924771
            ],
            [
              -87.709236,
              41.924697
            ],
            [
              -87.710479,
              41.92468
            ],
            [
              -87.710363,
              41.921021
            ],
            [
              -87.713622,
              41.920984
            ],
            [
              -87.713563,
              41.91915
            ],
            [
              -87.721721,
              41.919052
            ],
            [
              -87.721777,
              41.920884
            ],
            [
              -87.729109,
              41.920795
            ],
            [
              -87.729,
              41.917135
            ],
            [
              -87.726559,
              41.917166
            ],
            [
              -87.726518,
              41.91545
            ],
            [
              -87.726449,
              41.913627
            ],
            [
              -87.736224,
              41.913507
            ],
            [
              -87.736495,
              41.922535
            ],
            [
              -87.731611,
              41.922594
            ],
            [
              -87.731667,
              41.924426
            ],
            [
              -87.716994,
              41.924603
            ],
            [
              -87.717103,
              41.928711
            ],
            [
              -87.720767,
              41.928665
            ],
            [
              -87.720857,
              41.931664
            ],
            [
              -87.720859,
              41.931867
            ],
            [
              -87.717195,
              41.931911
            ],
            [
              -87.717336,
              41.937528
            ],
            [
              -87.717414,
              41.939544
            ],
            [
              -87.71753,
              41.943576
            ],
            [
              -87.717553,
              41.943835
            ],
            [
              -87.71754,
              41.943898
            ],
            [
              -87.717588,
              41.946504
            ],
            [
              -87.717625,
              41.946898
            ],
            [
              -87.71761,
              41.947019
            ],
            [
              -87.717652,
              41.94708
            ],
            [
              -87.717629,
              41.947174
            ],
            [
              -87.717867,
              41.955608
            ],
            [
              -87.72154,
              41.95556
            ],
            [
              -87.721595,
              41.95738
            ],
            [
              -87.72282,
              41.957365
            ],
            [
              -87.722875,
              41.959187
            ],
            [
              -87.724105,
              41.959172
            ],
            [
              -87.724158,
              41.960992
            ],
            [
              -87.727828,
              41.960947
            ],
            [
              -87.727838,
              41.961291
            ],
            [
              -87.727928,
              41.964594
            ],
            [
              -87.727319,
              41.964601
            ],
            [
              -87.727393,
              41.967794
            ],
            [
              -87.728014,
              41.967785
            ],
            [
              -87.728042,
              41.968699
            ],
            [
              -87.726647,
              41.968728
            ],
            [
              -87.725616,
              41.968729
            ],
            [
              -87.725615,
              41.968694
            ],
            [
              -87.724416,
              41.968704
            ],
            [
              -87.724454,
              41.970103
            ],
            [
              -87.721587,
              41.970137
            ],
            [
              -87.718304,
              41.970168
            ],
            [
              -87.718267,
              41.968803
            ]
          ]
        ]
      }
    },
    {
      "type": "Feature",
      "properties": {
        "placeFips": "1714000",
        "city": "Chicago",
        "state": "IL",
        "boundaryType": "ward",
        "district": "21",
        "name": "21"
      },
      "geometry": {
        "type": "Polygon",
        "coordinates": [
          [
            [
              -87.662817,
              41.750023
            ],
            [
              -87.662815,
              41.749955
            ],
            [
              -87.656226,
              41.750066
            ],
            [
              -87.656072,
              41.750057
            ],
            [
              -87.653727,
              41.750091
            ],
            [
              -87.65369,
              41.748677
            ],
            [
              -87.642458,
              41.748845
            ],
            [
              -87.64007,
              41.748866
            ],
            [
              -87.640088,
              41.748772
            ],
            [
              -87.640735,
              41.74703
            ],
            [
              -87.640523,
              41.747023
            ],
            [
              -87.63366,
              41.747158
            ],
            [
              -87.625292,
              41.747281
            ],
            [
              -87.625234,
              41.744707
            ],
            [
              -87.625194,
              41.743642
            ],
            [
              -87.624332,
              41.743655
            ],
            [
              -87.624194,
              41.738499
            ],
            [
              -87.624181,
              41.73721
            ],
            [
              -87.624108,
              41.73409
            ],
            [
              -87.624059,
              41.733666
            ],
            [
              -87.624007,
              41.731667
            ],
            [
              -87.624057,
              41.730701
            ],
            [
              -87.624044,
              41.73002
            ],
            [
              -87.623947,
              41.729296
            ],
            [
              -87.623923,
              41.728622
            ],
            [
              -87.623776,
              41.723484
            ],
            [
              -87.623788,
              41.723135
            ],
            [
              -87.623744,
              41.722242
            ],
            [
              -87.623681,
              41.719807
            ],
            [
              -87.623624,
              41.719417
            ],
            [
              -87.623513,
              41.718979
            ],
            [
              -87.622878,
              41.717162
            ],
            [
              -87.622805,
              41.716982
            ],
            [
              -87.622761,
              41.716921
            ],
            [
              -87.622732,
              41.716538
            ],
            [
              -87.622746,
              41.71623
            ],
            [
              -87.6228,
              41.715957
            ],
            [
              -87.622854,
              41.715802
            ],
            [
              -87.62341,
              41.714673
            ],
            [
              -87.623665,
              41.714789
            ],
            [
              -87.624149,
              41.714966
            ],
            [
              -87.624798,
              41.715132
            ],
            [
              -87.625555,
              41.715241
            ],
            [
              -87.626213,
              41.715264
            ],
            [
              -87.626736,
              41.715241
            ],
            [
              -87.627242,
              41.715179
            ],
            [
              -87.628369,
              41.71496
            ],
            [
              -87.628808,
              41.714852
            ],
            [
              -87.629377,
              41.714752
            ],
            [
              -87.630162,
              41.714658
            ],
            [
              -87.631195,
              41.714623
            ],
            [
              -87.632212,
              41.714659
            ],
            [
              -87.636978,
              41.714591
            ],
            [
              -87.637052,
              41.717907
            ],
            [
              -87.642847,
              41.717832
            ],
            [
              -87.643113,
              41.717827
            ],
            [
              -87.643107,
              41.71762
            ],
            [
              -87.651596,
              41.717516
            ],
            [
              -87.652042,
              41.717526
            ],
            [
              -87.65332,
              41.714084
            ],
            [
              -87.659973,
              41.714001
            ],
            [
              -87.661066,
              41.71569
            ],
            [
              -87.663085,
              41.720102
            ],
            [
              -87.663445,
              41.721202
            ],
            [
              -87.667084,
              41.728033
            ],
            [
              -87.66732,
              41.728437
            ],
            [
              -87.667309,
              41.728682
            ],
            [
              -87.667245,
              41.728847
            ],
            [
              -87.668057,
              41.730141
            ],
            [
              -87.669051,
              41.731134
            ],
            [
              -87.673079,
              41.735657
            ],
            [
              -87.672785,
              41.735661
            ],
            [
              -87.672964,
              41.742944
            ],
            [
              -87.666897,
              41.743023
            ],
            [
              -87.666943,
              41.744846
            ],
            [
              -87.668157,
              41.74483
            ],
            [
              -87.668202,
              41.746652
            ],
            [
              -87.667593,
              41.74666
            ],
            [
              -87.667639,
              41.748481
            ],
            [
              -87.665211,
              41.74851
            ],
            [
              -87.665247,
              41.749875
            ],
            [
              -87.664036,
              41.749891
            ],
            [
              -87.664046,
              41.750345
            ],
            [
              -87.662826,
              41.750369
            ],
            [
              -87.662817,
              41.750023
            ]
          ]
        ]
      }
    },
    {
      "type": "Feature",
      "properties": {
        "placeFips": "1714000",
        "city": "Chicago",
        "state": "IL",
        "boundaryType": "ward",
        "district": "24",
        "name": "24"
      },
      "geometry": {
        "type": "Polygon",
        "coordinates": [
          [
            [
              -87.740039,
              41.872002
            ],
            [
              -87.740036,
              41.871903
            ],
            [
              -87.739721,
              41.871931
            ],
            [
              -87.739044,
              41.872044
            ],
            [
              -87.738501,
              41.872178
            ],
            [
              -87.738171,
              41.872276
            ],
            [
              -87.737599,
              41.872486
            ],
            [
              -87.737045,
              41.872731
            ],
            [
              -87.73639,
              41.873052
            ],
            [
              -87.735826,
              41.873306
            ],
            [
              -87.735504,
              41.873428
            ],
            [
              -87.73487,
              41.873636
            ],
            [
              -87.734287,
              41.873779
            ],
            [
              -87.733734,
              41.873878
            ],
            [
              -87.733425,
              41.873921
            ],
            [
              -87.732733,
              41.873984
            ],
            [
              -87.731696,
              41.874022
            ],
            [
              -87.730476,
              41.874015
            ],
            [
              -87.724432,
              41.874091
            ],
            [
              -87.722895,
              41.87413
            ],
            [
              -87.721921,
              41.874122
            ],
            [
              -87.709348,
              41.874279
            ],
            [
              -87.708106,
              41.874341
            ],
            [
              -87.70691,
              41.874483
            ],
            [
              -87.705942,
              41.874625
            ],
            [
              -87.705917,
              41.873688
            ],
            [
              -87.703466,
              41.873715
            ],
            [
              -87.703237,
              41.86655
            ],
            [
              -87.703199,
              41.86643
            ],
            [
              -87.695907,
              41.866511
            ],
            [
              -87.695692,
              41.859221
            ],
            [
              -87.690764,
              41.859284
            ],
            [
              -87.690726,
              41.858294
            ],
            [
              -87.690713,
              41.857451
            ],
            [
              -87.690738,
              41.856552
            ],
            [
              -87.69071,
              41.856373
            ],
            [
              -87.688034,
              41.85697
            ],
            [
              -87.688018,
              41.856891
            ],
            [
              -87.687993,
              41.855794
            ],
            [
              -87.687979,
              41.855692
            ],
            [
              -87.687966,
              41.854788
            ],
            [
              -87.687939,
              41.854788
            ],
            [
              -87.687925,
              41.853858
            ],
            [
              -87.690599,
              41.853821
            ],
            [
              -87.690492,
              41.850145
            ],
            [
              -87.687833,
              41.850184
            ],
            [
              -87.687791,
              41.848368
            ],
            [
              -87.68756,
              41.844795
            ],
            [
              -87.691797,
              41.844737
            ],
            [
              -87.69177,
              41.843661
            ],
            [
              -87.69177,
              41.843575
            ],
            [
              -87.691789,
              41.84351
            ],
            [
              -87.691826,
              41.843446
            ],
            [
              -87.691892,
              41.843383
            ],
            [
              -87.692583,
              41.843119
            ],
            [
              -87.692641,
              41.843083
            ],
            [
              -87.692734,
              41.842975
            ],
            [
              -87.69275,
              41.84291
            ],
            [
              -87.692783,
              41.841793
            ],
            [
              -87.692816,
              41.841649
            ],
            [
              -87.692867,
              41.841565
            ],
            [
              -87.692985,
              41.84146
            ],
            [
              -87.693145,
              41.841387
            ],
            [
              -87.69438,
              41.841231
            ],
            [
              -87.694331,
              41.841033
            ],
            [
              -87.694267,
              41.840582
            ],
            [
              -87.694198,
              41.838217
            ],
            [
              -87.694174,
              41.83816
            ],
            [
              -87.694134,
              41.838124
            ],
            [
              -87.69402,
              41.838074
            ],
            [
              -87.69503,
              41.837412
            ],
            [
              -87.699925,
              41.837324
            ],
            [
              -87.70016,
              41.84508
            ],
            [
              -87.698784,
              41.845081
            ],
            [
              -87.695868,
              41.845116
            ],
            [
              -87.69585,
              41.844681
            ],
            [
              -87.695215,
              41.844692
            ],
            [
              -87.695272,
              41.84645
            ],
            [
              -87.690391,
              41.846516
            ],
            [
              -87.690465,
              41.849233
            ],
            [
              -87.692918,
              41.849203
            ],
            [
              -87.693061,
              41.853967
            ],
            [
              -87.693069,
              41.854256
            ],
            [
              -87.690612,
              41.854292
            ],
            [
              -87.690655,
              41.855616
            ],
            [
              -87.692121,
              41.855585
            ],
            [
              -87.692975,
              41.8556
            ],
            [
              -87.693121,
              41.855613
            ],
            [
              -87.69313,
              41.855775
            ],
            [
              -87.695565,
              41.855241
            ],
            [
              -87.695634,
              41.857388
            ],
            [
              -87.696252,
              41.857378
            ],
            [
              -87.696216,
              41.857789
            ],
            [
              -87.696218,
              41.85806
            ],
            [
              -87.696231,
              41.858175
            ],
            [
              -87.696382,
              41.858848
            ],
            [
              -87.696435,
              41.859217
            ],
            [
              -87.701617,
              41.859105
            ],
            [
              -87.701142,
              41.858286
            ],
            [
              -87.701059,
              41.858108
            ],
            [
              -87.701028,
              41.857903
            ],
            [
              -87.70101,
              41.857247
            ],
            [
              -87.700989,
              41.857033
            ],
            [
              -87.700932,
              41.856902
            ],
            [
              -87.700858,
              41.856792
            ],
            [
              -87.700728,
              41.856654
            ],
            [
              -87.700586,
              41.85654
            ],
            [
              -87.700255,
              41.856351
            ],
            [
              -87.69998,
              41.856259
            ],
            [
              -87.699237,
              41.85611
            ],
            [
              -87.699089,
              41.851853
            ],
            [
              -87.710389,
              41.851705
            ],
            [
              -87.710636,
              41.851691
            ],
            [
              -87.71089,
              41.851645
            ],
            [
              -87.711133,
              41.8519
            ],
            [
              -87.711143,
              41.851991
            ],
            [
              -87.712346,
              41.851723
            ],
            [
              -87.712562,
              41.85169
            ],
            [
              -87.723496,
              41.851566
            ],
            [
              -87.7367,
              41.851366
            ],
            [
              -87.739505,
              41.851351
            ],
            [
              -87.739774,
              41.858744
            ],
            [
              -87.739986,
              41.865959
            ],
            [
              -87.744754,
              41.865897
            ],
            [
              -87.744865,
              41.86954
            ],
            [
              -87.744924,
              41.870978
            ],
            [
              -87.744934,
              41.872203
            ],
            [
              -87.744943,
              41.872458
            ],
            [
              -87.744993,
              41.872958
            ],
            [
              -87.745067,
              41.875
            ],
            [
              -87.744979,
              41.875023
            ],
            [
              -87.742634,
              41.875052
            ],
            [
              -87.742665,
              41.875956
            ],
            [
              -87.74018,
              41.875981
            ],
            [
              -87.740039,
              41.872002
            ]
          ]
        ]
      }
    },
    {
      "type": "Feature",
      "properties": {
        "placeFips": "1714000",
        "city": "Chicago",
        "state": "IL",
        "boundaryType": "ward",
        "district": "13",
        "name": "13"
      },
      "geometry": {
        "type": "Polygon",
        "coordinates": [
          [
            [
              -87.73167,
              41.780375
            ],
            [
              -87.733799,
              41.780352
            ],
            [
              -87.733733,
              41.778075
            ],
            [
              -87.73014,
              41.778117
            ],
            [
              -87.729957,
              41.778097
            ],
            [
              -87.727759,
              41.778124
            ],
            [
              -87.727471,
              41.778146
            ],
            [
              -87.723329,
              41.778189
            ],
            [
              -87.723176,
              41.778202
            ],
            [
              -87.722748,
              41.77819
            ],
            [
              -87.72276,
              41.778658
            ],
            [
              -87.720308,
              41.778696
            ],
            [
              -87.720191,
              41.774141
            ],
            [
              -87.712836,
              41.774257
            ],
            [
              -87.712776,
              41.771674
            ],
            [
              -87.712438,
              41.760904
            ],
            [
              -87.712334,
              41.756888
            ],
            [
              -87.716302,
              41.756879
            ],
            [
              -87.718462,
              41.756893
            ],
            [
              -87.722175,
              41.756856
            ],
            [
              -87.722178,
              41.757502
            ],
            [
              -87.722355,
              41.7641
            ],
            [
              -87.722537,
              41.764137
            ],
            [
              -87.723496,
              41.764193
            ],
            [
              -87.724858,
              41.764168
            ],
            [
              -87.729545,
              41.764157
            ],
            [
              -87.737108,
              41.764111
            ],
            [
              -87.741896,
              41.764125
            ],
            [
              -87.742034,
              41.770397
            ],
            [
              -87.742137,
              41.774187
            ],
            [
              -87.742165,
              41.77478
            ],
            [
              -87.747038,
              41.774667
            ],
            [
              -87.761583,
              41.774388
            ],
            [
              -87.76286,
              41.77438
            ],
            [
              -87.773796,
              41.774161
            ],
            [
              -87.773845,
              41.775547
            ],
            [
              -87.778732,
              41.77545
            ],
            [
              -87.778824,
              41.777722
            ],
            [
              -87.791018,
              41.77753
            ],
            [
              -87.791015,
              41.777988
            ],
            [
              -87.790436,
              41.777996
            ],
            [
              -87.790624,
              41.783035
            ],
            [
              -87.791202,
              41.783026
            ],
            [
              -87.791214,
              41.783171
            ],
            [
              -87.791201,
              41.7835
            ],
            [
              -87.791259,
              41.783926
            ],
            [
              -87.796275,
              41.78383
            ],
            [
              -87.796301,
              41.784741
            ],
            [
              -87.796186,
              41.784778
            ],
            [
              -87.797442,
              41.78476
            ],
            [
              -87.797584,
              41.788419
            ],
            [
              -87.786554,
              41.788597
            ],
            [
              -87.786624,
              41.790431
            ],
            [
              -87.782959,
              41.790489
            ],
            [
              -87.783026,
              41.792319
            ],
            [
              -87.781806,
              41.792349
            ],
            [
              -87.781409,
              41.792319
            ],
            [
              -87.780508,
              41.792331
            ],
            [
              -87.779724,
              41.792347
            ],
            [
              -87.779561,
              41.79239
            ],
            [
              -87.772066,
              41.792542
            ],
            [
              -87.771735,
              41.78403
            ],
            [
              -87.768062,
              41.784095
            ],
            [
              -87.767454,
              41.784144
            ],
            [
              -87.766863,
              41.784262
            ],
            [
              -87.766439,
              41.784395
            ],
            [
              -87.766098,
              41.784535
            ],
            [
              -87.765689,
              41.784756
            ],
            [
              -87.76568,
              41.785327
            ],
            [
              -87.762024,
              41.785393
            ],
            [
              -87.761715,
              41.778053
            ],
            [
              -87.742293,
              41.778429
            ],
            [
              -87.742421,
              41.782411
            ],
            [
              -87.742377,
              41.782833
            ],
            [
              -87.742195,
              41.783206
            ],
            [
              -87.741847,
              41.783672
            ],
            [
              -87.741402,
              41.784317
            ],
            [
              -87.741302,
              41.784657
            ],
            [
              -87.741299,
              41.78493
            ],
            [
              -87.74134,
              41.785657
            ],
            [
              -87.741406,
              41.785742
            ],
            [
              -87.741343,
              41.785743
            ],
            [
              -87.741367,
              41.786453
            ],
            [
              -87.741357,
              41.786737
            ],
            [
              -87.741504,
              41.78942
            ],
            [
              -87.741528,
              41.790292
            ],
            [
              -87.741516,
              41.790574
            ],
            [
              -87.741587,
              41.791947
            ],
            [
              -87.74162,
              41.792215
            ],
            [
              -87.741674,
              41.792445
            ],
            [
              -87.741985,
              41.793031
            ],
            [
              -87.739211,
              41.793068
            ],
            [
              -87.732821,
              41.793115
            ],
            [
              -87.720711,
              41.793237
            ],
            [
              -87.720507,
              41.785977
            ],
            [
              -87.723234,
              41.785931
            ],
            [
              -87.727851,
              41.785886
            ],
            [
              -87.727697,
              41.780421
            ],
            [
              -87.73167,
              41.780375
            ]
          ]
        ]
      }
    },
    {
      "type": "Feature",
      "properties": {
        "placeFips": "1714000",
        "city": "Chicago",
        "state": "IL",
        "boundaryType": "ward",
        "district": "48",
        "name": "48"
      },
      "geometry": {
        "type": "Polygon",
        "coordinates": [
          [
            [
              -87.655773,
              41.998196
            ],
            [
              -87.655737,
              41.998175
            ],
            [
              -87.654564,
              41.998182
            ],
            [
              -87.654528,
              41.998113
            ],
            [
              -87.654499,
              41.997992
            ],
            [
              -87.654487,
              41.997847
            ],
            [
              -87.654444,
              41.997683
            ],
            [
              -87.654423,
              41.997368
            ],
            [
              -87.654438,
              41.997277
            ],
            [
              -87.654285,
              41.996364
            ],
            [
              -87.654291,
              41.996268
            ],
            [
              -87.654262,
              41.995993
            ],
            [
              -87.654271,
              41.995958
            ],
            [
              -87.654296,
              41.995952
            ],
            [
              -87.654315,
              41.995967
            ],
            [
              -87.654354,
              41.996075
            ],
            [
              -87.65439,
              41.996084
            ],
            [
              -87.654595,
              41.996063
            ],
            [
              -87.654642,
              41.996027
            ],
            [
              -87.654644,
              41.995946
            ],
            [
              -87.654661,
              41.995943
            ],
            [
              -87.654662,
              41.995927
            ],
            [
              -87.654639,
              41.995684
            ],
            [
              -87.65458,
              41.99553
            ],
            [
              -87.654485,
              41.99537
            ],
            [
              -87.654498,
              41.995272
            ],
            [
              -87.654485,
              41.995128
            ],
            [
              -87.654559,
              41.994956
            ],
            [
              -87.654557,
              41.994763
            ],
            [
              -87.6546,
              41.994531
            ],
            [
              -87.654393,
              41.994533
            ],
            [
              -87.654361,
              41.994295
            ],
            [
              -87.6543,
              41.994265
            ],
            [
              -87.654278,
              41.994209
            ],
            [
              -87.654259,
              41.993966
            ],
            [
              -87.65428,
              41.993881
            ],
            [
              -87.654433,
              41.993861
            ],
            [
              -87.654506,
              41.993657
            ],
            [
              -87.654451,
              41.993653
            ],
            [
              -87.654471,
              41.993626
            ],
            [
              -87.654472,
              41.993572
            ],
            [
              -87.654465,
              41.99348
            ],
            [
              -87.654451,
              41.993478
            ],
            [
              -87.654455,
              41.993464
            ],
            [
              -87.654511,
              41.99346
            ],
            [
              -87.654527,
              41.993392
            ],
            [
              -87.654286,
              41.99308
            ],
            [
              -87.654257,
              41.993064
            ],
            [
              -87.6541,
              41.993051
            ],
            [
              -87.654093,
              41.993006
            ],
            [
              -87.654149,
              41.992584
            ],
            [
              -87.654209,
              41.992375
            ],
            [
              -87.6543,
              41.991814
            ],
            [
              -87.654325,
              41.990996
            ],
            [
              -87.654413,
              41.990993
            ],
            [
              -87.654382,
              41.990925
            ],
            [
              -87.654238,
              41.990867
            ],
            [
              -87.654189,
              41.990292
            ],
            [
              -87.654187,
              41.990216
            ],
            [
              -87.654209,
              41.990167
            ],
            [
              -87.654306,
              41.990119
            ],
            [
              -87.654288,
              41.990066
            ],
            [
              -87.65421,
              41.989979
            ],
            [
              -87.654193,
              41.989914
            ],
            [
              -87.654233,
              41.989689
            ],
            [
              -87.65423,
              41.989557
            ],
            [
              -87.654198,
              41.989464
            ],
            [
              -87.654196,
              41.989376
            ],
            [
              -87.654238,
              41.988659
            ],
            [
              -87.654232,
              41.988527
            ],
            [
              -87.654299,
              41.988504
            ],
            [
              -87.654308,
              41.988406
            ],
            [
              -87.653931,
              41.987976
            ],
            [
              -87.653542,
              41.987569
            ],
            [
              -87.653388,
              41.987458
            ],
            [
              -87.653092,
              41.987297
            ],
            [
              -87.652664,
              41.986968
            ],
            [
              -87.652262,
              41.986692
            ],
            [
              -87.651926,
              41.986429
            ],
            [
              -87.65159,
              41.986137
            ],
            [
              -87.651405,
              41.986026
            ],
            [
              -87.651056,
              41.985764
            ],
            [
              -87.650981,
              41.985725
            ],
            [
              -87.650665,
              41.985608
            ],
            [
              -87.65028,
              41.985545
            ],
            [
              -87.649894,
              41.985422
            ],
            [
              -87.649396,
              41.986404
            ],
            [
              -87.649352,
              41.986393
            ],
            [
              -87.650221,
              41.984669
            ],
            [
              -87.650342,
              41.984395
            ],
            [
              -87.650539,
              41.983834
            ],
            [
              -87.65062,
              41.983523
            ],
            [
              -87.650683,
              41.983192
            ],
            [
              -87.650724,
              41.982859
            ],
            [
              -87.650741,
              41.982481
            ],
            [
              -87.650705,
              41.9811
            ],
            [
              -87.650669,
              41.980661
            ],
            [
              -87.650608,
              41.980411
            ],
            [
              -87.650555,
              41.980277
            ],
            [
              -87.650221,
              41.979723
            ],
            [
              -87.650382,
              41.979618
            ],
            [
              -87.650439,
              41.979545
            ],
            [
              -87.650475,
              41.979457
            ],
            [
              -87.650278,
              41.97939
            ],
            [
              -87.650233,
              41.979358
            ],
            [
              -87.649879,
              41.979006
            ],
            [
              -87.649719,
              41.978868
            ],
            [
              -87.648774,
              41.978153
            ],
            [
              -87.648666,
              41.978026
            ],
            [
              -87.648604,
              41.97784
            ],
            [
              -87.647369,
              41.977763
            ],
            [
              -87.647158,
              41.977713
            ],
            [
              -87.646965,
              41.97764
            ],
            [
              -87.646693,
              41.977472
            ],
            [
              -87.646145,
              41.977837
            ],
            [
              -87.646115,
              41.97781
            ],
            [
              -87.646662,
              41.977443
            ],
            [
              -87.646515,
              41.977285
            ],
            [
              -87.646443,
              41.977168
            ],
            [
              -87.646393,
              41.977045
            ],
            [
              -87.646366,
              41.976919
            ],
            [
              -87.646258,
              41.973468
            ],
            [
              -87.646207,
              41.973098
            ],
            [
              -87.646131,
              41.972818
            ],
            [
              -87.646005,
              41.972499
            ],
            [
              -87.645801,
              41.972079
            ],
            [
              -87.645474,
              41.971496
            ],
            [
              -87.645027,
              41.970799
            ],
            [
              -87.64427,
              41.969864
            ],
            [
              -87.644918,
              41.969727
            ],
            [
              -87.645163,
              41.969742
            ],
            [
              -87.649636,
              41.969175
            ],
            [
              -87.649937,
              41.97021
            ],
            [
              -87.650419,
              41.97164
            ],
            [
              -87.653871,
              41.971593
            ],
            [
              -87.653953,
              41.971593
            ],
            [
              -87.654035,
              41.971625
            ],
            [
              -87.65408,
              41.971588
            ],
            [
              -87.659458,
              41.971514
            ],
            [
              -87.659736,
              41.971458
            ],
            [
              -87.659866,
              41.976323
            ],
            [
              -87.668417,
              41.976191
            ],
            [
              -87.668424,
              41.976285
            ],
            [
              -87.668272,
              41.979732
            ],
            [
              -87.668414,
              41.981527
            ],
            [
              -87.668538,
              41.982407
            ],
            [
              -87.668649,
              41.98299
            ],
            [
              -87.6692,
              41.985519
            ],
            [
              -87.669391,
              41.986129
            ],
            [
              -87.669572,
              41.986783
            ],
            [
              -87.669707,
              41.987533
            ],
            [
              -87.669826,
              41.988374
            ],
            [
              -87.669847,
              41.988423
            ],
            [
              -87.669976,
              41.989524
            ],
            [
              -87.670078,
              41.992464
            ],
            [
              -87.670142,
              41.993803
            ],
            [
              -87.670154,
              41.994598
            ],
            [
              -87.670227,
              41.996455
            ],
            [
              -87.670277,
              41.996842
            ],
            [
              -87.670319,
              41.99704
            ],
            [
              -87.670591,
              41.998076
            ],
            [
              -87.6569,
              41.99823
            ],
            [
              -87.656004,
              41.998236
            ],
            [
              -87.655847,
              41.998221
            ],
            [
              -87.655773,
              41.998196
            ]
          ]
        ]
      }
    },
    {
      "type": "Feature",
      "properties": {
        "placeFips": "1714000",
        "city": "Chicago",
        "state": "IL",
        "boundaryType": "ward",
        "district": "31",
        "name": "31"
      },
      "geometry": {
        "type": "Polygon",
        "coordinates": [
          [
            [
              -87.746877,
              41.939275
            ],
            [
              -87.746873,
              41.938826
            ],
            [
              -87.727185,
              41.939095
            ],
            [
              -87.726979,
              41.93179
            ],
            [
              -87.720859,
              41.931867
            ],
            [
              -87.720767,
              41.928665
            ],
            [
              -87.717103,
              41.928711
            ],
            [
              -87.716994,
              41.924603
            ],
            [
              -87.731667,
              41.924426
            ],
            [
              -87.731611,
              41.922594
            ],
            [
              -87.738943,
              41.922507
            ],
            [
              -87.741585,
              41.922501
            ],
            [
              -87.741638,
              41.924303
            ],
            [
              -87.745077,
              41.924256
            ],
            [
              -87.745036,
              41.922428
            ],
            [
              -87.745164,
              41.922426
            ],
            [
              -87.746917,
              41.922413
            ],
            [
              -87.746946,
              41.92332
            ],
            [
              -87.748725,
              41.923305
            ],
            [
              -87.748743,
              41.924093
            ],
            [
              -87.748758,
              41.924206
            ],
            [
              -87.758607,
              41.924075
            ],
            [
              -87.758708,
              41.926841
            ],
            [
              -87.761169,
              41.926811
            ],
            [
              -87.761335,
              41.931337
            ],
            [
              -87.767462,
              41.93126
            ],
            [
              -87.767524,
              41.933086
            ],
            [
              -87.768738,
              41.933067
            ],
            [
              -87.76893,
              41.938544
            ],
            [
              -87.761596,
              41.938638
            ],
            [
              -87.76153,
              41.936813
            ],
            [
              -87.754172,
              41.936909
            ],
            [
              -87.754208,
              41.93782
            ],
            [
              -87.759095,
              41.937757
            ],
            [
              -87.759155,
              41.938942
            ],
            [
              -87.759289,
              41.943233
            ],
            [
              -87.756833,
              41.943264
            ],
            [
              -87.756921,
              41.946001
            ],
            [
              -87.747065,
              41.946124
            ],
            [
              -87.746877,
              41.939275
            ]
          ]
        ]
      }
    },
    {
      "type": "Feature",
      "properties": {
        "placeFips": "1714000",
        "city": "Chicago",
        "state": "IL",
        "boundaryType": "ward",
        "district": "47",
        "name": "47"
      },
      "geometry": {
        "type": "Polygon",
        "coordinates": [
          [
            [
              -87.659768,
              41.972676
            ],
            [
              -87.66114,
              41.972652
            ],
            [
              -87.661046,
              41.969005
            ],
            [
              -87.667497,
              41.9689
            ],
            [
              -87.665986,
              41.961746
            ],
            [
              -87.665906,
              41.961473
            ],
            [
              -87.665186,
              41.959628
            ],
            [
              -87.664684,
              41.958421
            ],
            [
              -87.664471,
              41.957956
            ],
            [
              -87.66225,
              41.954378
            ],
            [
              -87.660827,
              41.952581
            ],
            [
              -87.667453,
              41.952488
            ],
            [
              -87.667405,
              41.950662
            ],
            [
              -87.668956,
              41.95064
            ],
            [
              -87.668662,
              41.939697
            ],
            [
              -87.675931,
              41.939602
            ],
            [
              -87.67608,
              41.945063
            ],
            [
              -87.688206,
              41.944919
            ],
            [
              -87.688153,
              41.943098
            ],
            [
              -87.687999,
              41.942347
            ],
            [
              -87.687911,
              41.93946
            ],
            [
              -87.692567,
              41.939427
            ],
            [
              -87.692794,
              41.939523
            ],
            [
              -87.69306,
              41.939777
            ],
            [
              -87.69331,
              41.939931
            ],
            [
              -87.693377,
              41.939986
            ],
            [
              -87.693467,
              41.940096
            ],
            [
              -87.693529,
              41.940136
            ],
            [
              -87.693633,
              41.940255
            ],
            [
              -87.69367,
              41.940362
            ],
            [
              -87.693832,
              41.940569
            ],
            [
              -87.69387,
              41.940695
            ],
            [
              -87.693947,
              41.940789
            ],
            [
              -87.694082,
              41.941023
            ],
            [
              -87.694176,
              41.941122
            ],
            [
              -87.69427,
              41.941282
            ],
            [
              -87.694591,
              41.941699
            ],
            [
              -87.695279,
              41.942766
            ],
            [
              -87.695396,
              41.943096
            ],
            [
              -87.695452,
              41.943311
            ],
            [
              -87.695481,
              41.943579
            ],
            [
              -87.696188,
              41.946573
            ],
            [
              -87.696221,
              41.947018
            ],
            [
              -87.696311,
              41.947384
            ],
            [
              -87.696339,
              41.947611
            ],
            [
              -87.696372,
              41.947736
            ],
            [
              -87.696466,
              41.947949
            ],
            [
              -87.696602,
              41.948517
            ],
            [
              -87.696709,
              41.949045
            ],
            [
              -87.696791,
              41.949557
            ],
            [
              -87.696828,
              41.949693
            ],
            [
              -87.696864,
              41.950006
            ],
            [
              -87.69684,
              41.95024
            ],
            [
              -87.696768,
              41.950435
            ],
            [
              -87.696538,
              41.95085
            ],
            [
              -87.696402,
              41.951025
            ],
            [
              -87.69625,
              41.951269
            ],
            [
              -87.696118,
              41.951558
            ],
            [
              -87.695776,
              41.952182
            ],
            [
              -87.695497,
              41.952614
            ],
            [
              -87.695398,
              41.952712
            ],
            [
              -87.695073,
              41.953107
            ],
            [
              -87.694647,
              41.953681
            ],
            [
              -87.694584,
              41.953809
            ],
            [
              -87.694555,
              41.953922
            ],
            [
              -87.694507,
              41.954207
            ],
            [
              -87.694484,
              41.954477
            ],
            [
              -87.694443,
              41.954659
            ],
            [
              -87.694438,
              41.95494
            ],
            [
              -87.694445,
              41.955022
            ],
            [
              -87.694473,
              41.955054
            ],
            [
              -87.694465,
              41.95537
            ],
            [
              -87.694448,
              41.955394
            ],
            [
              -87.69443,
              41.955517
            ],
            [
              -87.694393,
              41.95588
            ],
            [
              -87.694392,
              41.956377
            ],
            [
              -87.69437,
              41.956545
            ],
            [
              -87.694367,
              41.956825
            ],
            [
              -87.694274,
              41.95685
            ],
            [
              -87.694267,
              41.95703
            ],
            [
              -87.694376,
              41.95706
            ],
            [
              -87.694376,
              41.957424
            ],
            [
              -87.69434,
              41.957679
            ],
            [
              -87.694343,
              41.957851
            ],
            [
              -87.694402,
              41.958074
            ],
            [
              -87.694456,
              41.958617
            ],
            [
              -87.69458,
              41.959204
            ],
            [
              -87.694598,
              41.959392
            ],
            [
              -87.694586,
              41.959641
            ],
            [
              -87.694665,
              41.960055
            ],
            [
              -87.694681,
              41.960351
            ],
            [
              -87.694673,
              41.960563
            ],
            [
              -87.694713,
              41.961155
            ],
            [
              -87.694759,
              41.961314
            ],
            [
              -87.694845,
              41.961475
            ],
            [
              -87.694935,
              41.961725
            ],
            [
              -87.695013,
              41.961902
            ],
            [
              -87.695072,
              41.96199
            ],
            [
              -87.695088,
              41.96209
            ],
            [
              -87.69518,
              41.962214
            ],
            [
              -87.695406,
              41.962788
            ],
            [
              -87.695624,
              41.963179
            ],
            [
              -87.695972,
              41.963561
            ],
            [
              -87.696051,
              41.963682
            ],
            [
              -87.696673,
              41.964288
            ],
            [
              -87.69693,
              41.964574
            ],
            [
              -87.697038,
              41.964721
            ],
            [
              -87.697292,
              41.96491
            ],
            [
              -87.697384,
              41.965011
            ],
            [
              -87.697505,
              41.96511
            ],
            [
              -87.697928,
              41.96553
            ],
            [
              -87.698247,
              41.96582
            ],
            [
              -87.698583,
              41.966187
            ],
            [
              -87.697415,
              41.966172
            ],
            [
              -87.697472,
              41.96627
            ],
            [
              -87.697666,
              41.966404
            ],
            [
              -87.697984,
              41.96671
            ],
            [
              -87.689029,
              41.966782
            ],
            [
              -87.688848,
              41.966758
            ],
            [
              -87.688965,
              41.970412
            ],
            [
              -87.685408,
              41.970486
            ],
            [
              -87.676259,
              41.970617
            ],
            [
              -87.676314,
              41.972369
            ],
            [
              -87.676301,
              41.972548
            ],
            [
              -87.676323,
              41.973314
            ],
            [
              -87.674957,
              41.973346
            ],
            [
              -87.674747,
              41.973364
            ],
            [
              -87.66956,
              41.973436
            ],
            [
              -87.669577,
              41.974339
            ],
            [
              -87.668208,
              41.974366
            ],
            [
              -87.668417,
              41.976191
            ],
            [
              -87.659866,
              41.976323
            ],
            [
              -87.659768,
              41.972676
            ]
          ]
        ]
      }
    },
    {
      "type": "Feature",
      "properties": {
        "placeFips": "1714000",
        "city": "Chicago",
        "state": "IL",
        "boundaryType": "ward",
        "district": "38",
        "name": "38"
      },
      "geometry": {
        "type": "Polygon",
        "coordinates": [
          [
            [
              -87.777172,
              41.96513
            ],
            [
              -87.777165,
              41.964916
            ],
            [
              -87.767392,
              41.965045
            ],
            [
              -87.767333,
              41.963275
            ],
            [
              -87.760016,
              41.963359
            ],
            [
              -87.75967,
              41.963279
            ],
            [
              -87.759083,
              41.963083
            ],
            [
              -87.759013,
              41.963072
            ],
            [
              -87.757432,
              41.963087
            ],
            [
              -87.757352,
              41.963101
            ],
            [
              -87.756928,
              41.962613
            ],
            [
              -87.756905,
              41.962476
            ],
            [
              -87.75745,
              41.96247
            ],
            [
              -87.757148,
              41.9533
            ],
            [
              -87.759611,
              41.953272
            ],
            [
              -87.759466,
              41.948709
            ],
            [
              -87.761928,
              41.948681
            ],
            [
              -87.761932,
              41.948815
            ],
            [
              -87.762915,
              41.948804
            ],
            [
              -87.764394,
              41.948784
            ],
            [
              -87.764389,
              41.948647
            ],
            [
              -87.786363,
              41.94839
            ],
            [
              -87.786268,
              41.946157
            ],
            [
              -87.786279,
              41.945776
            ],
            [
              -87.786346,
              41.945505
            ],
            [
              -87.78635,
              41.945216
            ],
            [
              -87.78621,
              41.941994
            ],
            [
              -87.788417,
              41.941965
            ],
            [
              -87.788753,
              41.941945
            ],
            [
              -87.790807,
              41.941903
            ],
            [
              -87.799483,
              41.941749
            ],
            [
              -87.79952,
              41.941722
            ],
            [
              -87.799525,
              41.941668
            ],
            [
              -87.799465,
              41.939928
            ],
            [
              -87.803102,
              41.93987
            ],
            [
              -87.803171,
              41.941692
            ],
            [
              -87.806875,
              41.941628
            ],
            [
              -87.806873,
              41.941547
            ],
            [
              -87.81664,
              41.941352
            ],
            [
              -87.816519,
              41.937939
            ],
            [
              -87.849621,
              41.937285
            ],
            [
              -87.849778,
              41.93743
            ],
            [
              -87.850187,
              41.937751
            ],
            [
              -87.85066,
              41.938079
            ],
            [
              -87.851412,
              41.938705
            ],
            [
              -87.851643,
              41.938952
            ],
            [
              -87.851806,
              41.93917
            ],
            [
              -87.852112,
              41.93979
            ],
            [
              -87.852267,
              41.940413
            ],
            [
              -87.852532,
              41.941258
            ],
            [
              -87.852742,
              41.941821
            ],
            [
              -87.852955,
              41.942268
            ],
            [
              -87.853076,
              41.942601
            ],
            [
              -87.853096,
              41.94288
            ],
            [
              -87.853024,
              41.943107
            ],
            [
              -87.853013,
              41.943351
            ],
            [
              -87.853047,
              41.94344
            ],
            [
              -87.853261,
              41.943763
            ],
            [
              -87.853583,
              41.945044
            ],
            [
              -87.853822,
              41.945843
            ],
            [
              -87.854082,
              41.946557
            ],
            [
              -87.854871,
              41.947795
            ],
            [
              -87.854976,
              41.948034
            ],
            [
              -87.855004,
              41.948199
            ],
            [
              -87.855022,
              41.948627
            ],
            [
              -87.855013,
              41.948942
            ],
            [
              -87.854936,
              41.949484
            ],
            [
              -87.854664,
              41.950085
            ],
            [
              -87.854533,
              41.950301
            ],
            [
              -87.854327,
              41.95073
            ],
            [
              -87.854246,
              41.950921
            ],
            [
              -87.854073,
              41.951447
            ],
            [
              -87.846613,
              41.951642
            ],
            [
              -87.846605,
              41.955687
            ],
            [
              -87.858077,
              41.955445
            ],
            [
              -87.858258,
              41.955588
            ],
            [
              -87.858446,
              41.955858
            ],
            [
              -87.858523,
              41.956005
            ],
            [
              -87.85861,
              41.95622
            ],
            [
              -87.858636,
              41.956386
            ],
            [
              -87.858708,
              41.956595
            ],
            [
              -87.858775,
              41.956933
            ],
            [
              -87.858782,
              41.957244
            ],
            [
              -87.858758,
              41.957416
            ],
            [
              -87.858717,
              41.957544
            ],
            [
              -87.858681,
              41.957609
            ],
            [
              -87.858423,
              41.957928
            ],
            [
              -87.858132,
              41.958342
            ],
            [
              -87.857577,
              41.95919
            ],
            [
              -87.857416,
              41.959559
            ],
            [
              -87.85703,
              41.960196
            ],
            [
              -87.856475,
              41.961227
            ],
            [
              -87.856299,
              41.961591
            ],
            [
              -87.85582,
              41.962415
            ],
            [
              -87.855677,
              41.962844
            ],
            [
              -87.855506,
              41.964456
            ],
            [
              -87.855443,
              41.964709
            ],
            [
              -87.855301,
              41.965119
            ],
            [
              -87.854968,
              41.965949
            ],
            [
              -87.854922,
              41.966136
            ],
            [
              -87.846091,
              41.966421
            ],
            [
              -87.836682,
              41.966597
            ],
            [
              -87.836699,
              41.95936
            ],
            [
              -87.832678,
              41.959438
            ],
            [
              -87.832428,
              41.958359
            ],
            [
              -87.832095,
              41.957067
            ],
            [
              -87.831944,
              41.956259
            ],
            [
              -87.831821,
              41.955701
            ],
            [
              -87.831834,
              41.955171
            ],
            [
              -87.831827,
              41.954041
            ],
            [
              -87.831793,
              41.952164
            ],
            [
              -87.819786,
              41.952475
            ],
            [
              -87.807269,
              41.952765
            ],
            [
              -87.8073,
              41.953582
            ],
            [
              -87.807291,
              41.953866
            ],
            [
              -87.794727,
              41.959866
            ],
            [
              -87.794328,
              41.96003
            ],
            [
              -87.794197,
              41.960058
            ],
            [
              -87.79169,
              41.960122
            ],
            [
              -87.788147,
              41.960178
            ],
            [
              -87.786805,
              41.960217
            ],
            [
              -87.78689,
              41.962691
            ],
            [
              -87.786963,
              41.963143
            ],
            [
              -87.787048,
              41.963304
            ],
            [
              -87.786795,
              41.963456
            ],
            [
              -87.786779,
              41.963471
            ],
            [
              -87.786769,
              41.96355
            ],
            [
              -87.786736,
              41.967343
            ],
            [
              -87.786757,
              41.96763
            ],
            [
              -87.786752,
              41.968326
            ],
            [
              -87.786772,
              41.968427
            ],
            [
              -87.777113,
              41.968554
            ],
            [
              -87.777131,
              41.967653
            ],
            [
              -87.777268,
              41.967649
            ],
            [
              -87.777172,
              41.96513
            ]
          ]
        ]
      }
    },
    {
      "type": "Feature",
      "properties": {
        "placeFips": "1714000",
        "city": "Chicago",
        "state": "IL",
        "boundaryType": "ward",
        "district": "33",
        "name": "33"
      },
      "geometry": {
        "type": "Polygon",
        "coordinates": [
          [
            [
              -87.703532,
              41.971864
            ],
            [
              -87.703219,
              41.971241
            ],
            [
              -87.703144,
              41.971139
            ],
            [
              -87.703063,
              41.970979
            ],
            [
              -87.702782,
              41.970532
            ],
            [
              -87.702648,
              41.97034
            ],
            [
              -87.70224,
              41.969857
            ],
            [
              -87.702021,
              41.969624
            ],
            [
              -87.701883,
              41.969545
            ],
            [
              -87.701545,
              41.969197
            ],
            [
              -87.701453,
              41.969063
            ],
            [
              -87.701439,
              41.968942
            ],
            [
              -87.70108,
              41.968518
            ],
            [
              -87.700908,
              41.96837
            ],
            [
              -87.700732,
              41.968255
            ],
            [
              -87.700487,
              41.968002
            ],
            [
              -87.700111,
              41.96765
            ],
            [
              -87.699825,
              41.96743
            ],
            [
              -87.699796,
              41.967382
            ],
            [
              -87.699649,
              41.967263
            ],
            [
              -87.699486,
              41.967082
            ],
            [
              -87.699106,
              41.966731
            ],
            [
              -87.699021,
              41.96662
            ],
            [
              -87.698472,
              41.966077
            ],
            [
              -87.698247,
              41.96582
            ],
            [
              -87.697928,
              41.96553
            ],
            [
              -87.697292,
              41.96491
            ],
            [
              -87.697038,
              41.964721
            ],
            [
              -87.69693,
              41.964574
            ],
            [
              -87.696673,
              41.964288
            ],
            [
              -87.696051,
              41.963682
            ],
            [
              -87.695972,
              41.963561
            ],
            [
              -87.695624,
              41.963179
            ],
            [
              -87.695406,
              41.962788
            ],
            [
              -87.69518,
              41.962214
            ],
            [
              -87.695088,
              41.96209
            ],
            [
              -87.695072,
              41.96199
            ],
            [
              -87.695013,
              41.961902
            ],
            [
              -87.694845,
              41.961475
            ],
            [
              -87.694759,
              41.961314
            ],
            [
              -87.694703,
              41.961102
            ],
            [
              -87.694699,
              41.960841
            ],
            [
              -87.694673,
              41.960563
            ],
            [
              -87.694681,
              41.960351
            ],
            [
              -87.694665,
              41.960055
            ],
            [
              -87.694586,
              41.959641
            ],
            [
              -87.694598,
              41.959392
            ],
            [
              -87.69458,
              41.959204
            ],
            [
              -87.694438,
              41.95851
            ],
            [
              -87.694402,
              41.958074
            ],
            [
              -87.694346,
              41.957886
            ],
            [
              -87.694337,
              41.957718
            ],
            [
              -87.694376,
              41.957424
            ],
            [
              -87.694376,
              41.95706
            ],
            [
              -87.694267,
              41.95703
            ],
            [
              -87.694274,
              41.95685
            ],
            [
              -87.694367,
              41.956825
            ],
            [
              -87.69437,
              41.956545
            ],
            [
              -87.694392,
              41.956377
            ],
            [
              -87.694393,
              41.95588
            ],
            [
              -87.69443,
              41.955517
            ],
            [
              -87.694448,
              41.955394
            ],
            [
              -87.694465,
              41.95537
            ],
            [
              -87.694473,
              41.955054
            ],
            [
              -87.694445,
              41.955022
            ],
            [
              -87.694438,
              41.95494
            ],
            [
              -87.694443,
              41.954659
            ],
            [
              -87.694484,
              41.954477
            ],
            [
              -87.694507,
              41.954207
            ],
            [
              -87.694555,
              41.953922
            ],
            [
              -87.694584,
              41.953809
            ],
            [
              -87.694647,
              41.953681
            ],
            [
              -87.695073,
              41.953107
            ],
            [
              -87.695398,
              41.952712
            ],
            [
              -87.695497,
              41.952614
            ],
            [
              -87.695776,
              41.952182
            ],
            [
              -87.696118,
              41.951558
            ],
            [
              -87.69625,
              41.951269
            ],
            [
              -87.696402,
              41.951025
            ],
            [
              -87.696538,
              41.95085
            ],
            [
              -87.696768,
              41.950435
            ],
            [
              -87.69684,
              41.95024
            ],
            [
              -87.696864,
              41.950006
            ],
            [
              -87.696828,
              41.949693
            ],
            [
              -87.696791,
              41.949557
            ],
            [
              -87.696709,
              41.949045
            ],
            [
              -87.696602,
              41.948517
            ],
            [
              -87.696466,
              41.947949
            ],
            [
              -87.696372,
              41.947736
            ],
            [
              -87.696339,
              41.947611
            ],
            [
              -87.696311,
              41.947384
            ],
            [
              -87.696221,
              41.947018
            ],
            [
              -87.696188,
              41.946573
            ],
            [
              -87.695481,
              41.943579
            ],
            [
              -87.695428,
              41.943204
            ],
            [
              -87.695279,
              41.942766
            ],
            [
              -87.694591,
              41.941699
            ],
            [
              -87.69427,
              41.941282
            ],
            [
              -87.694176,
              41.941122
            ],
            [
              -87.694082,
              41.941023
            ],
            [
              -87.693947,
              41.940789
            ],
            [
              -87.69387,
              41.940695
            ],
            [
              -87.693832,
              41.940569
            ],
            [
              -87.69367,
              41.940362
            ],
            [
              -87.693633,
              41.940255
            ],
            [
              -87.693529,
              41.940136
            ],
            [
              -87.693467,
              41.940096
            ],
            [
              -87.693377,
              41.939986
            ],
            [
              -87.69306,
              41.939777
            ],
            [
              -87.692794,
              41.939523
            ],
            [
              -87.692729,
              41.939486
            ],
            [
              -87.692567,
              41.939427
            ],
            [
              -87.688052,
              41.93946
            ],
            [
              -87.687917,
              41.932577
            ],
            [
              -87.687883,
              41.932179
            ],
            [
              -87.688864,
              41.932157
            ],
            [
              -87.693762,
              41.93213
            ],
            [
              -87.696624,
              41.932096
            ],
            [
              -87.707427,
              41.932029
            ],
            [
              -87.707581,
              41.937697
            ],
            [
              -87.707712,
              41.939512
            ],
            [
              -87.707709,
              41.939568
            ],
            [
              -87.707647,
              41.939762
            ],
            [
              -87.707625,
              41.939928
            ],
            [
              -87.707652,
              41.940291
            ],
            [
              -87.70767,
              41.941038
            ],
            [
              -87.707067,
              41.941043
            ],
            [
              -87.707165,
              41.944812
            ],
            [
              -87.707186,
              41.944856
            ],
            [
              -87.707787,
              41.94528
            ],
            [
              -87.707822,
              41.946631
            ],
            [
              -87.708843,
              41.946623
            ],
            [
              -87.712791,
              41.94933
            ],
            [
              -87.712805,
              41.950504
            ],
            [
              -87.712879,
              41.953274
            ],
            [
              -87.712926,
              41.954315
            ],
            [
              -87.713198,
              41.962955
            ],
            [
              -87.718087,
              41.962889
            ],
            [
              -87.718304,
              41.970168
            ],
            [
              -87.720747,
              41.970144
            ],
            [
              -87.720797,
              41.971965
            ],
            [
              -87.716358,
              41.972014
            ],
            [
              -87.716203,
              41.972086
            ],
            [
              -87.715963,
              41.971978
            ],
            [
              -87.715666,
              41.971921
            ],
            [
              -87.714617,
              41.97193
            ],
            [
              -87.714026,
              41.971969
            ],
            [
              -87.713466,
              41.972078
            ],
            [
              -87.713462,
              41.971884
            ],
            [
              -87.713324,
              41.971938
            ],
            [
              -87.712987,
              41.972006
            ],
            [
              -87.712807,
              41.972025
            ],
            [
              -87.711021,
              41.972053
            ],
            [
              -87.711065,
              41.973564
            ],
            [
              -87.711043,
              41.973659
            ],
            [
              -87.71092,
              41.973777
            ],
            [
              -87.710835,
              41.973837
            ],
            [
              -87.710709,
              41.973884
            ],
            [
              -87.710633,
              41.973892
            ],
            [
              -87.708629,
              41.973917
            ],
            [
              -87.708681,
              41.975748
            ],
            [
              -87.70492,
              41.975774
            ],
            [
              -87.704725,
              41.975772
            ],
            [
              -87.704714,
              41.975699
            ],
            [
              -87.704629,
              41.975591
            ],
            [
              -87.704592,
              41.97539
            ],
            [
              -87.704495,
              41.975206
            ],
            [
              -87.704487,
              41.975031
            ],
            [
              -87.704456,
              41.974855
            ],
            [
              -87.704391,
              41.97469
            ],
            [
              -87.704295,
              41.974275
            ],
            [
              -87.704026,
              41.973519
            ],
            [
              -87.703931,
              41.973282
            ],
            [
              -87.703858,
              41.973159
            ],
            [
              -87.703825,
              41.973053
            ],
            [
              -87.703761,
              41.972681
            ],
            [
              -87.703592,
              41.972034
            ],
            [
              -87.703532,
              41.971864
            ]
          ]
        ]
      }
    },
    {
      "type": "Feature",
      "properties": {
        "placeFips": "1714000",
        "city": "Chicago",
        "state": "IL",
        "boundaryType": "ward",
        "district": "30",
        "name": "30"
      },
      "geometry": {
        "type": "Polygon",
        "coordinates": [
          [
            [
              -87.724061,
              41.949724
            ],
            [
              -87.722664,
              41.948917
            ],
            [
              -87.722169,
              41.948662
            ],
            [
              -87.720683,
              41.948031
            ],
            [
              -87.720097,
              41.94773
            ],
            [
              -87.719717,
              41.947485
            ],
            [
              -87.719286,
              41.947132
            ],
            [
              -87.7191,
              41.946946
            ],
            [
              -87.718912,
              41.946718
            ],
            [
              -87.718764,
              41.946488
            ],
            [
              -87.717588,
              41.946504
            ],
            [
              -87.71754,
              41.943898
            ],
            [
              -87.717553,
              41.943835
            ],
            [
              -87.71753,
              41.943576
            ],
            [
              -87.717414,
              41.939544
            ],
            [
              -87.717336,
              41.937528
            ],
            [
              -87.717195,
              41.931911
            ],
            [
              -87.726979,
              41.93179
            ],
            [
              -87.727185,
              41.939095
            ],
            [
              -87.746873,
              41.938826
            ],
            [
              -87.747065,
              41.946124
            ],
            [
              -87.756921,
              41.946001
            ],
            [
              -87.756833,
              41.943264
            ],
            [
              -87.759289,
              41.943233
            ],
            [
              -87.759155,
              41.938942
            ],
            [
              -87.759095,
              41.937757
            ],
            [
              -87.754208,
              41.93782
            ],
            [
              -87.754172,
              41.936909
            ],
            [
              -87.76153,
              41.936813
            ],
            [
              -87.761596,
              41.938638
            ],
            [
              -87.76893,
              41.938544
            ],
            [
              -87.768738,
              41.933067
            ],
            [
              -87.767524,
              41.933086
            ],
            [
              -87.767462,
              41.93126
            ],
            [
              -87.761335,
              41.931337
            ],
            [
              -87.761169,
              41.926811
            ],
            [
              -87.758708,
              41.926841
            ],
            [
              -87.758607,
              41.924075
            ],
            [
              -87.766245,
              41.923978
            ],
            [
              -87.785443,
              41.923678
            ],
            [
              -87.785598,
              41.927754
            ],
            [
              -87.785688,
              41.930468
            ],
            [
              -87.785689,
              41.931002
            ],
            [
              -87.784474,
              41.931019
            ],
            [
              -87.784592,
              41.934677
            ],
            [
              -87.78095,
              41.934728
            ],
            [
              -87.781076,
              41.938476
            ],
            [
              -87.781185,
              41.941133
            ],
            [
              -87.771459,
              41.941255
            ],
            [
              -87.771424,
              41.94034
            ],
            [
              -87.766564,
              41.940401
            ],
            [
              -87.766596,
              41.941314
            ],
            [
              -87.764142,
              41.941346
            ],
            [
              -87.764235,
              41.944081
            ],
            [
              -87.761775,
              41.944114
            ],
            [
              -87.761898,
              41.947766
            ],
            [
              -87.752077,
              41.947892
            ],
            [
              -87.752102,
              41.9488
            ],
            [
              -87.747773,
              41.948855
            ],
            [
              -87.747802,
              41.949762
            ],
            [
              -87.74976,
              41.949738
            ],
            [
              -87.749789,
              41.950639
            ],
            [
              -87.744662,
              41.950704
            ],
            [
              -87.744639,
              41.949807
            ],
            [
              -87.742422,
              41.949842
            ],
            [
              -87.742353,
              41.946185
            ],
            [
              -87.727401,
              41.946373
            ],
            [
              -87.727555,
              41.9517
            ],
            [
              -87.725346,
              41.950476
            ],
            [
              -87.724061,
              41.949724
            ]
          ]
        ]
      }
    },
    {
      "type": "Feature",
      "properties": {
        "placeFips": "1714000",
        "city": "Chicago",
        "state": "IL",
        "boundaryType": "ward",
        "district": "34",
        "name": "34"
      },
      "geometry": {
        "type": "Polygon",
        "coordinates": [
          [
            [
              -87.637036,
              41.717456
            ],
            [
              -87.636971,
              41.714274
            ],
            [
              -87.639385,
              41.714249
            ],
            [
              -87.639191,
              41.706965
            ],
            [
              -87.623523,
              41.707165
            ],
            [
              -87.623005,
              41.689146
            ],
            [
              -87.622658,
              41.678026
            ],
            [
              -87.628661,
              41.677959
            ],
            [
              -87.628457,
              41.670836
            ],
            [
              -87.628316,
              41.66705
            ],
            [
              -87.629857,
              41.667042
            ],
            [
              -87.639137,
              41.666922
            ],
            [
              -87.639021,
              41.663467
            ],
            [
              -87.638996,
              41.663132
            ],
            [
              -87.639003,
              41.662477
            ],
            [
              -87.638858,
              41.658399
            ],
            [
              -87.636635,
              41.658145
            ],
            [
              -87.636445,
              41.658134
            ],
            [
              -87.635244,
              41.658155
            ],
            [
              -87.635235,
              41.657355
            ],
            [
              -87.635743,
              41.657348
            ],
            [
              -87.636107,
              41.65739
            ],
            [
              -87.636294,
              41.657394
            ],
            [
              -87.637826,
              41.657618
            ],
            [
              -87.638746,
              41.657726
            ],
            [
              -87.639135,
              41.657752
            ],
            [
              -87.64005,
              41.657764
            ],
            [
              -87.640417,
              41.657786
            ],
            [
              -87.64105,
              41.657774
            ],
            [
              -87.641062,
              41.658096
            ],
            [
              -87.641428,
              41.658094
            ],
            [
              -87.641419,
              41.657771
            ],
            [
              -87.643664,
              41.65775
            ],
            [
              -87.643842,
              41.65772
            ],
            [
              -87.644025,
              41.657717
            ],
            [
              -87.644752,
              41.657725
            ],
            [
              -87.645911,
              41.65778
            ],
            [
              -87.646989,
              41.657637
            ],
            [
              -87.647217,
              41.663159
            ],
            [
              -87.641421,
              41.663245
            ],
            [
              -87.641673,
              41.670539
            ],
            [
              -87.658287,
              41.670288
            ],
            [
              -87.658652,
              41.670285
            ],
            [
              -87.658795,
              41.670335
            ],
            [
              -87.659364,
              41.670318
            ],
            [
              -87.66115,
              41.670335
            ],
            [
              -87.661384,
              41.677308
            ],
            [
              -87.661365,
              41.677544
            ],
            [
              -87.66677,
              41.677438
            ],
            [
              -87.667316,
              41.675963
            ],
            [
              -87.668402,
              41.676193
            ],
            [
              -87.667956,
              41.677417
            ],
            [
              -87.673229,
              41.677322
            ],
            [
              -87.673016,
              41.679123
            ],
            [
              -87.673713,
              41.679173
            ],
            [
              -87.673515,
              41.681006
            ],
            [
              -87.673041,
              41.684605
            ],
            [
              -87.671834,
              41.684627
            ],
            [
              -87.671739,
              41.685288
            ],
            [
              -87.671432,
              41.687919
            ],
            [
              -87.670164,
              41.68784
            ],
            [
              -87.666589,
              41.686698
            ],
            [
              -87.664782,
              41.689873
            ],
            [
              -87.664072,
              41.691049
            ],
            [
              -87.66318,
              41.692347
            ],
            [
              -87.659322,
              41.697844
            ],
            [
              -87.657236,
              41.703536
            ],
            [
              -87.657342,
              41.703693
            ],
            [
              -87.657404,
              41.703822
            ],
            [
              -87.658705,
              41.706901
            ],
            [
              -87.661593,
              41.713983
            ],
            [
              -87.65332,
              41.714084
            ],
            [
              -87.652042,
              41.717526
            ],
            [
              -87.651596,
              41.717516
            ],
            [
              -87.643107,
              41.71762
            ],
            [
              -87.643113,
              41.717827
            ],
            [
              -87.637052,
              41.717907
            ],
            [
              -87.637036,
              41.717456
            ]
          ]
        ]
      }
    },
    {
      "type": "Feature",
      "properties": {
        "placeFips": "1714000",
        "city": "Chicago",
        "state": "IL",
        "boundaryType": "ward",
        "district": "28",
        "name": "28"
      },
      "geometry": {
        "type": "Polygon",
        "coordinates": [
          [
            [
              -87.720983,
              41.888054
            ],
            [
              -87.711221,
              41.888178
            ],
            [
              -87.711279,
              41.890255
            ],
            [
              -87.706398,
              41.890307
            ],
            [
              -87.706148,
              41.881882
            ],
            [
              -87.703686,
              41.881917
            ],
            [
              -87.703661,
              41.881001
            ],
            [
              -87.701208,
              41.881026
            ],
            [
              -87.701077,
              41.876336
            ],
            [
              -87.701089,
              41.876095
            ],
            [
              -87.701037,
              41.875141
            ],
            [
              -87.701013,
              41.873747
            ],
            [
              -87.696101,
              41.873794
            ],
            [
              -87.696153,
              41.875981
            ],
            [
              -87.695455,
              41.875978
            ],
            [
              -87.693714,
              41.876008
            ],
            [
              -87.693758,
              41.877298
            ],
            [
              -87.693799,
              41.8776
            ],
            [
              -87.693814,
              41.878221
            ],
            [
              -87.693785,
              41.87837
            ],
            [
              -87.691454,
              41.878396
            ],
            [
              -87.691357,
              41.876035
            ],
            [
              -87.686269,
              41.876084
            ],
            [
              -87.686246,
              41.875543
            ],
            [
              -87.686258,
              41.874995
            ],
            [
              -87.681371,
              41.874939
            ],
            [
              -87.681345,
              41.873965
            ],
            [
              -87.676456,
              41.874043
            ],
            [
              -87.676487,
              41.875021
            ],
            [
              -87.674067,
              41.875058
            ],
            [
              -87.67405,
              41.874744
            ],
            [
              -87.683195,
              41.867104
            ],
            [
              -87.683347,
              41.866974
            ],
            [
              -87.68359,
              41.866647
            ],
            [
              -87.668903,
              41.866859
            ],
            [
              -87.666384,
              41.866861
            ],
            [
              -87.666565,
              41.872632
            ],
            [
              -87.666687,
              41.877624
            ],
            [
              -87.666753,
              41.878895
            ],
            [
              -87.669228,
              41.878856
            ],
            [
              -87.667612,
              41.880154
            ],
            [
              -87.666711,
              41.880904
            ],
            [
              -87.666084,
              41.881462
            ],
            [
              -87.664418,
              41.881488
            ],
            [
              -87.664288,
              41.876396
            ],
            [
              -87.659416,
              41.876479
            ],
            [
              -87.65949,
              41.879019
            ],
            [
              -87.657057,
              41.879057
            ],
            [
              -87.657013,
              41.877651
            ],
            [
              -87.657004,
              41.87627
            ],
            [
              -87.656968,
              41.875269
            ],
            [
              -87.656852,
              41.874763
            ],
            [
              -87.656817,
              41.874431
            ],
            [
              -87.656824,
              41.873811
            ],
            [
              -87.656798,
              41.873088
            ],
            [
              -87.656833,
              41.871706
            ],
            [
              -87.656681,
              41.866997
            ],
            [
              -87.661571,
              41.866916
            ],
            [
              -87.661374,
              41.859688
            ],
            [
              -87.671343,
              41.859534
            ],
            [
              -87.673599,
              41.859517
            ],
            [
              -87.678575,
              41.859431
            ],
            [
              -87.685834,
              41.859366
            ],
            [
              -87.685803,
              41.858116
            ],
            [
              -87.685847,
              41.857716
            ],
            [
              -87.685771,
              41.857109
            ],
            [
              -87.685588,
              41.850214
            ],
            [
              -87.690492,
              41.850145
            ],
            [
              -87.690599,
              41.853821
            ],
            [
              -87.687925,
              41.853858
            ],
            [
              -87.687939,
              41.854788
            ],
            [
              -87.687966,
              41.854788
            ],
            [
              -87.687979,
              41.855692
            ],
            [
              -87.687993,
              41.855794
            ],
            [
              -87.688018,
              41.856891
            ],
            [
              -87.688034,
              41.85697
            ],
            [
              -87.69071,
              41.856373
            ],
            [
              -87.690738,
              41.856552
            ],
            [
              -87.690713,
              41.857451
            ],
            [
              -87.690726,
              41.858294
            ],
            [
              -87.690764,
              41.859284
            ],
            [
              -87.695692,
              41.859221
            ],
            [
              -87.695907,
              41.866511
            ],
            [
              -87.703199,
              41.86643
            ],
            [
              -87.703237,
              41.86655
            ],
            [
              -87.703466,
              41.873715
            ],
            [
              -87.705917,
              41.873688
            ],
            [
              -87.705942,
              41.874625
            ],
            [
              -87.70691,
              41.874483
            ],
            [
              -87.708106,
              41.874341
            ],
            [
              -87.709348,
              41.874279
            ],
            [
              -87.721921,
              41.874122
            ],
            [
              -87.722895,
              41.87413
            ],
            [
              -87.724432,
              41.874091
            ],
            [
              -87.730476,
              41.874015
            ],
            [
              -87.731696,
              41.874022
            ],
            [
              -87.732733,
              41.873984
            ],
            [
              -87.733425,
              41.873921
            ],
            [
              -87.733734,
              41.873878
            ],
            [
              -87.734287,
              41.873779
            ],
            [
              -87.73487,
              41.873636
            ],
            [
              -87.735504,
              41.873428
            ],
            [
              -87.735826,
              41.873306
            ],
            [
              -87.737368,
              41.872584
            ],
            [
              -87.738171,
              41.872276
            ],
            [
              -87.739044,
              41.872044
            ],
            [
              -87.739721,
              41.871931
            ],
            [
              -87.740036,
              41.871903
            ],
            [
              -87.74018,
              41.875981
            ],
            [
              -87.742665,
              41.875956
            ],
            [
              -87.742634,
              41.875052
            ],
            [
              -87.744979,
              41.875023
            ],
            [
              -87.745168,
              41.874974
            ],
            [
              -87.745686,
              41.874968
            ],
            [
              -87.745712,
              41.875772
            ],
            [
              -87.745753,
              41.875962
            ],
            [
              -87.745769,
              41.876774
            ],
            [
              -87.749282,
              41.876731
            ],
            [
              -87.749248,
              41.875828
            ],
            [
              -87.753384,
              41.875774
            ],
            [
              -87.753349,
              41.874869
            ],
            [
              -87.754859,
              41.874848
            ],
            [
              -87.755067,
              41.880372
            ],
            [
              -87.758729,
              41.880325
            ],
            [
              -87.758806,
              41.882325
            ],
            [
              -87.763257,
              41.882266
            ],
            [
              -87.763326,
              41.884256
            ],
            [
              -87.760245,
              41.884299
            ],
            [
              -87.760232,
              41.884471
            ],
            [
              -87.760282,
              41.885786
            ],
            [
              -87.760203,
              41.885752
            ],
            [
              -87.760092,
              41.885746
            ],
            [
              -87.758936,
              41.885764
            ],
            [
              -87.758929,
              41.885594
            ],
            [
              -87.75526,
              41.885639
            ],
            [
              -87.75529,
              41.886766
            ],
            [
              -87.755323,
              41.887024
            ],
            [
              -87.755316,
              41.887314
            ],
            [
              -87.755395,
              41.889305
            ],
            [
              -87.754173,
              41.889317
            ],
            [
              -87.75412,
              41.887827
            ],
            [
              -87.75065,
              41.88787
            ],
            [
              -87.748002,
              41.887885
            ],
            [
              -87.748015,
              41.888233
            ],
            [
              -87.746177,
              41.888248
            ],
            [
              -87.74618,
              41.888635
            ],
            [
              -87.746201,
              41.888853
            ],
            [
              -87.746319,
              41.892264
            ],
            [
              -87.745713,
              41.892269
            ],
            [
              -87.745807,
              41.895004
            ],
            [
              -87.742393,
              41.895065
            ],
            [
              -87.741505,
              41.895095
            ],
            [
              -87.740796,
              41.895097
            ],
            [
              -87.740791,
              41.894811
            ],
            [
              -87.740753,
              41.894725
            ],
            [
              -87.740667,
              41.894662
            ],
            [
              -87.738522,
              41.893616
            ],
            [
              -87.73465,
              41.892408
            ],
            [
              -87.734279,
              41.892322
            ],
            [
              -87.73178,
              41.89185
            ],
            [
              -87.730385,
              41.891703
            ],
            [
              -87.728751,
              41.891587
            ],
            [
              -87.72848,
              41.891529
            ],
            [
              -87.728167,
              41.891408
            ],
            [
              -87.727935,
              41.891279
            ],
            [
              -87.727755,
              41.891141
            ],
            [
              -87.727628,
              41.891081
            ],
            [
              -87.727614,
              41.891007
            ],
            [
              -87.72751,
              41.89088
            ],
            [
              -87.727405,
              41.890716
            ],
            [
              -87.727327,
              41.890549
            ],
            [
              -87.727265,
              41.890362
            ],
            [
              -87.727222,
              41.89016
            ],
            [
              -87.727179,
              41.889811
            ],
            [
              -87.727135,
              41.889675
            ],
            [
              -87.726591,
              41.88868
            ],
            [
              -87.72647,
              41.88855
            ],
            [
              -87.726268,
              41.888405
            ],
            [
              -87.726115,
              41.888326
            ],
            [
              -87.725877,
              41.888236
            ],
            [
              -87.725805,
              41.885467
            ],
            [
              -87.724631,
              41.885414
            ],
            [
              -87.72092,
              41.885204
            ],
            [
              -87.720925,
              41.885987
            ],
            [
              -87.720983,
              41.888054
            ]
          ]
        ]
      }
    },
    {
      "type": "Feature",
      "properties": {
        "placeFips": "1714000",
        "city": "Chicago",
        "state": "IL",
        "boundaryType": "ward",
        "district": "40",
        "name": "40"
      },
      "geometry": {
        "type": "Polygon",
        "coordinates": [
          [
            [
              -87.667962,
              41.998109
            ],
            [
              -87.670591,
              41.998076
            ],
            [
              -87.670319,
              41.99704
            ],
            [
              -87.670277,
              41.996842
            ],
            [
              -87.670227,
              41.996455
            ],
            [
              -87.669993,
              41.989913
            ],
            [
              -87.66995,
              41.989224
            ],
            [
              -87.669847,
              41.988423
            ],
            [
              -87.669826,
              41.988374
            ],
            [
              -87.669707,
              41.987533
            ],
            [
              -87.669572,
              41.986783
            ],
            [
              -87.669391,
              41.986129
            ],
            [
              -87.6692,
              41.985519
            ],
            [
              -87.668649,
              41.98299
            ],
            [
              -87.668538,
              41.982407
            ],
            [
              -87.668414,
              41.981527
            ],
            [
              -87.668272,
              41.979732
            ],
            [
              -87.668424,
              41.976285
            ],
            [
              -87.668208,
              41.974366
            ],
            [
              -87.669577,
              41.974339
            ],
            [
              -87.66956,
              41.973436
            ],
            [
              -87.674747,
              41.973364
            ],
            [
              -87.674957,
              41.973346
            ],
            [
              -87.676323,
              41.973314
            ],
            [
              -87.676301,
              41.972548
            ],
            [
              -87.676314,
              41.972369
            ],
            [
              -87.676259,
              41.970617
            ],
            [
              -87.685408,
              41.970486
            ],
            [
              -87.688965,
              41.970412
            ],
            [
              -87.688848,
              41.966758
            ],
            [
              -87.689029,
              41.966782
            ],
            [
              -87.697984,
              41.96671
            ],
            [
              -87.697666,
              41.966404
            ],
            [
              -87.697472,
              41.96627
            ],
            [
              -87.697415,
              41.966172
            ],
            [
              -87.698583,
              41.966187
            ],
            [
              -87.698957,
              41.966553
            ],
            [
              -87.699106,
              41.966731
            ],
            [
              -87.699486,
              41.967082
            ],
            [
              -87.699649,
              41.967263
            ],
            [
              -87.699796,
              41.967382
            ],
            [
              -87.699825,
              41.96743
            ],
            [
              -87.700111,
              41.96765
            ],
            [
              -87.700487,
              41.968002
            ],
            [
              -87.700732,
              41.968255
            ],
            [
              -87.700908,
              41.96837
            ],
            [
              -87.70108,
              41.968518
            ],
            [
              -87.701439,
              41.968942
            ],
            [
              -87.701453,
              41.969063
            ],
            [
              -87.701545,
              41.969197
            ],
            [
              -87.701788,
              41.969457
            ],
            [
              -87.701883,
              41.969545
            ],
            [
              -87.702021,
              41.969624
            ],
            [
              -87.70224,
              41.969857
            ],
            [
              -87.702564,
              41.970232
            ],
            [
              -87.702782,
              41.970532
            ],
            [
              -87.703063,
              41.970979
            ],
            [
              -87.703144,
              41.971139
            ],
            [
              -87.703219,
              41.971241
            ],
            [
              -87.703569,
              41.971953
            ],
            [
              -87.703761,
              41.972681
            ],
            [
              -87.703825,
              41.973053
            ],
            [
              -87.703858,
              41.973159
            ],
            [
              -87.703931,
              41.973282
            ],
            [
              -87.704026,
              41.973519
            ],
            [
              -87.704295,
              41.974275
            ],
            [
              -87.704391,
              41.97469
            ],
            [
              -87.704456,
              41.974855
            ],
            [
              -87.704487,
              41.975031
            ],
            [
              -87.704495,
              41.975206
            ],
            [
              -87.704592,
              41.97539
            ],
            [
              -87.704629,
              41.975591
            ],
            [
              -87.704714,
              41.975699
            ],
            [
              -87.704725,
              41.975772
            ],
            [
              -87.708681,
              41.975748
            ],
            [
              -87.708843,
              41.982437
            ],
            [
              -87.708857,
              41.982894
            ],
            [
              -87.708877,
              41.983068
            ],
            [
              -87.706902,
              41.98308
            ],
            [
              -87.707011,
              41.983423
            ],
            [
              -87.707025,
              41.983535
            ],
            [
              -87.707073,
              41.983634
            ],
            [
              -87.707186,
              41.983979
            ],
            [
              -87.707261,
              41.984284
            ],
            [
              -87.70732,
              41.984452
            ],
            [
              -87.707393,
              41.984595
            ],
            [
              -87.70744,
              41.984796
            ],
            [
              -87.707509,
              41.984953
            ],
            [
              -87.707507,
              41.985168
            ],
            [
              -87.707719,
              41.985685
            ],
            [
              -87.707822,
              41.986028
            ],
            [
              -87.707828,
              41.98614
            ],
            [
              -87.707876,
              41.986346
            ],
            [
              -87.707767,
              41.986403
            ],
            [
              -87.707757,
              41.986439
            ],
            [
              -87.70777,
              41.986487
            ],
            [
              -87.707848,
              41.986471
            ],
            [
              -87.707944,
              41.986523
            ],
            [
              -87.708156,
              41.987039
            ],
            [
              -87.708216,
              41.987354
            ],
            [
              -87.708248,
              41.987448
            ],
            [
              -87.708283,
              41.98748
            ],
            [
              -87.708266,
              41.987538
            ],
            [
              -87.708307,
              41.987631
            ],
            [
              -87.708315,
              41.987733
            ],
            [
              -87.708471,
              41.988188
            ],
            [
              -87.708518,
              41.988423
            ],
            [
              -87.708508,
              41.988471
            ],
            [
              -87.708481,
              41.988492
            ],
            [
              -87.708591,
              41.988673
            ],
            [
              -87.708688,
              41.988896
            ],
            [
              -87.708772,
              41.989281
            ],
            [
              -87.708827,
              41.989437
            ],
            [
              -87.708863,
              41.989455
            ],
            [
              -87.708914,
              41.989754
            ],
            [
              -87.708976,
              41.989958
            ],
            [
              -87.709001,
              41.990158
            ],
            [
              -87.709093,
              41.990385
            ],
            [
              -87.699403,
              41.990443
            ],
            [
              -87.699516,
              41.993978
            ],
            [
              -87.689475,
              41.994097
            ],
            [
              -87.682389,
              41.994219
            ],
            [
              -87.682573,
              41.997854
            ],
            [
              -87.675012,
              41.997993
            ],
            [
              -87.675118,
              42.001646
            ],
            [
              -87.668059,
              42.001763
            ],
            [
              -87.667962,
              41.998109
            ]
          ]
        ]
      }
    },
    {
      "type": "Feature",
      "properties": {
        "placeFips": "1714000",
        "city": "Chicago",
        "state": "IL",
        "boundaryType": "ward",
        "district": "44",
        "name": "44"
      },
      "geometry": {
        "type": "MultiPolygon",
        "coordinates": [
          [
            [
              [
                -87.656821,
                41.951605
              ],
              [
                -87.656806,
                41.951087
              ],
              [
                -87.653235,
                41.951144
              ],
              [
                -87.653173,
                41.949062
              ],
              [
                -87.649542,
                41.949115
              ],
              [
                -87.64943,
                41.945461
              ],
              [
                -87.649219,
                41.94544
              ],
              [
                -87.646313,
                41.945466
              ],
              [
                -87.646148,
                41.945502
              ],
              [
                -87.64574,
                41.944841
              ],
              [
                -87.642,
                41.946109
              ],
              [
                -87.641607,
                41.946228
              ],
              [
                -87.641996,
                41.946906
              ],
              [
                -87.641427,
                41.947102
              ],
              [
                -87.64064,
                41.946462
              ],
              [
                -87.640326,
                41.946176
              ],
              [
                -87.640104,
                41.94601
              ],
              [
                -87.640046,
                41.945942
              ],
              [
                -87.640018,
                41.945878
              ],
              [
                -87.640029,
                41.945794
              ],
              [
                -87.640197,
                41.945516
              ],
              [
                -87.640133,
                41.945444
              ],
              [
                -87.640124,
                41.945382
              ],
              [
                -87.640149,
                41.945336
              ],
              [
                -87.640199,
                41.945293
              ],
              [
                -87.640417,
                41.945233
              ],
              [
                -87.640448,
                41.945187
              ],
              [
                -87.640486,
                41.945101
              ],
              [
                -87.6405,
                41.945004
              ],
              [
                -87.640462,
                41.944837
              ],
              [
                -87.639586,
                41.943596
              ],
              [
                -87.63933,
                41.943522
              ],
              [
                -87.639188,
                41.943431
              ],
              [
                -87.638969,
                41.943248
              ],
              [
                -87.638845,
                41.943112
              ],
              [
                -87.638718,
                41.942939
              ],
              [
                -87.638618,
                41.942769
              ],
              [
                -87.638512,
                41.942507
              ],
              [
                -87.638434,
                41.942124
              ],
              [
                -87.638405,
                41.941775
              ],
              [
                -87.638405,
                41.941428
              ],
              [
                -87.638346,
                41.941288
              ],
              [
                -87.638261,
                41.941141
              ],
              [
                -87.638154,
                41.941001
              ],
              [
                -87.637115,
                41.939826
              ],
              [
                -87.637037,
                41.939814
              ],
              [
                -87.636951,
                41.940259
              ],
              [
                -87.636734,
                41.94023
              ],
              [
                -87.636809,
                41.939758
              ],
              [
                -87.636677,
                41.939743
              ],
              [
                -87.636314,
                41.939742
              ],
              [
                -87.635841,
                41.939777
              ],
              [
                -87.6358,
                41.939611
              ],
              [
                -87.635502,
                41.939713
              ],
              [
                -87.635235,
                41.939895
              ],
              [
                -87.635102,
                41.940016
              ],
              [
                -87.634988,
                41.940149
              ],
              [
                -87.634784,
                41.940681
              ],
              [
                -87.63517,
                41.940711
              ],
              [
                -87.635153,
                41.940859
              ],
              [
                -87.63513,
                41.94087
              ],
              [
                -87.635102,
                41.940859
              ],
              [
                -87.635112,
                41.940748
              ],
              [
                -87.634775,
                41.940728
              ],
              [
                -87.634764,
                41.940742
              ],
              [
                -87.634728,
                41.940992
              ],
              [
                -87.6347,
                41.941414
              ],
              [
                -87.634604,
                41.941534
              ],
              [
                -87.634448,
                41.941594
              ],
              [
                -87.634453,
                41.941861
              ],
              [
                -87.634341,
                41.94186
              ],
              [
                -87.634335,
                41.941732
              ],
              [
                -87.634118,
                41.941697
              ],
              [
                -87.634,
                41.941624
              ],
              [
                -87.633904,
                41.941495
              ],
              [
                -87.633853,
                41.941344
              ],
              [
                -87.633882,
                41.940725
              ],
              [
                -87.633856,
                41.940385
              ],
              [
                -87.633733,
                41.940016
              ],
              [
                -87.633554,
                41.939357
              ],
              [
                -87.633168,
                41.938434
              ],
              [
                -87.632985,
                41.938076
              ],
              [
                -87.632365,
                41.937381
              ],
              [
                -87.632292,
                41.937235
              ],
              [
                -87.632426,
                41.937182
              ],
              [
                -87.632328,
                41.937005
              ],
              [
                -87.632236,
                41.936697
              ],
              [
                -87.632188,
                41.936476
              ],
              [
                -87.632206,
                41.936387
              ],
              [
                -87.63217,
                41.936137
              ],
              [
                -87.632098,
                41.935836
              ],
              [
                -87.632043,
                41.935752
              ],
              [
                -87.632028,
                41.935687
              ],
              [
                -87.631959,
                41.935594
              ],
              [
                -87.63192,
                41.935482
              ],
              [
                -87.631842,
                41.935398
              ],
              [
                -87.631722,
                41.935188
              ],
              [
                -87.631592,
                41.935047
              ],
              [
                -87.631448,
                41.934812
              ],
              [
                -87.630707,
                41.933914
              ],
              [
                -87.630504,
                41.933747
              ],
              [
                -87.630443,
                41.933666
              ],
              [
                -87.630424,
                41.933504
              ],
              [
                -87.630472,
                41.933328
              ],
              [
                -87.630535,
                41.933212
              ],
              [
                -87.630634,
                41.933146
              ],
              [
                -87.630713,
                41.933062
              ],
              [
                -87.630705,
                41.932708
              ],
              [
                -87.630691,
                41.932583
              ],
              [
                -87.630661,
                41.932551
              ],
              [
                -87.630667,
                41.932533
              ],
              [
                -87.630694,
                41.932522
              ],
              [
                -87.630762,
                41.932568
              ],
              [
                -87.63078,
                41.933027
              ],
              [
                -87.630908,
                41.932984
              ],
              [
                -87.631374,
                41.93297
              ],
              [
                -87.631384,
                41.932753
              ],
              [
                -87.6314,
                41.93269
              ],
              [
                -87.631474,
                41.932615
              ],
              [
                -87.6316,
                41.932579
              ],
              [
                -87.632441,
                41.932589
              ],
              [
                -87.632506,
                41.932601
              ],
              [
                -87.632584,
                41.932648
              ],
              [
                -87.632822,
                41.932933
              ],
              [
                -87.633926,
                41.932906
              ],
              [
                -87.63393,
                41.933013
              ],
              [
                -87.633998,
                41.933015
              ],
              [
                -87.634115,
                41.933007
              ],
              [
                -87.634361,
                41.932958
              ],
              [
                -87.634578,
                41.932879
              ],
              [
                -87.634724,
                41.932803
              ],
              [
                -87.63624,
                41.932854
              ],
              [
                -87.637346,
                41.932931
              ],
              [
                -87.638089,
                41.932932
              ],
              [
                -87.64987,
                41.9327
              ],
              [
                -87.65871,
                41.932556
              ],
              [
                -87.658969,
                41.939838
              ],
              [
                -87.660718,
                41.939802
              ],
              [
                -87.668662,
                41.939697
              ],
              [
                -87.668956,
                41.95064
              ],
              [
                -87.667405,
                41.950662
              ],
              [
                -87.667453,
                41.952488
              ],
              [
                -87.660827,
                41.952581
              ],
              [
                -87.66225,
                41.954378
              ],
              [
                -87.656863,
                41.954451
              ],
              [
                -87.656811,
                41.952706
              ],
              [
                -87.65684,
                41.952572
              ],
              [
                -87.656821,
                41.951605
              ]
            ]
          ],
          [
            [
              [
                -87.63708,
                41.946819
              ],
              [
                -87.636253,
                41.945764
              ],
              [
                -87.635062,
                41.944476
              ],
              [
                -87.634712,
                41.944141
              ],
              [
                -87.633402,
                41.942963
              ],
              [
                -87.633051,
                41.94262
              ],
              [
                -87.63301,
                41.942548
              ],
              [
                -87.632996,
                41.94248
              ],
              [
                -87.633028,
                41.942335
              ],
              [
                -87.633082,
                41.942267
              ],
              [
                -87.633155,
                41.942213
              ],
              [
                -87.633369,
                41.942149
              ],
              [
                -87.633544,
                41.942159
              ],
              [
                -87.633715,
                41.942222
              ],
              [
                -87.633836,
                41.942317
              ],
              [
                -87.633877,
                41.942387
              ],
              [
                -87.634056,
                41.942913
              ],
              [
                -87.634268,
                41.943109
              ],
              [
                -87.634493,
                41.943191
              ],
              [
                -87.634693,
                41.943214
              ],
              [
                -87.634842,
                41.943183
              ],
              [
                -87.635017,
                41.943111
              ],
              [
                -87.63516,
                41.943007
              ],
              [
                -87.635251,
                41.942961
              ],
              [
                -87.635424,
                41.942911
              ],
              [
                -87.63567,
                41.942905
              ],
              [
                -87.63579,
                41.942928
              ],
              [
                -87.635919,
                41.942977
              ],
              [
                -87.636079,
                41.943105
              ],
              [
                -87.63618,
                41.943238
              ],
              [
                -87.636965,
                41.944897
              ],
              [
                -87.636822,
                41.945045
              ],
              [
                -87.637314,
                41.945753
              ],
              [
                -87.637421,
                41.945819
              ],
              [
                -87.638695,
                41.946207
              ],
              [
                -87.638683,
                41.946241
              ],
              [
                -87.638887,
                41.946311
              ],
              [
                -87.63969,
                41.946333
              ],
              [
                -87.639841,
                41.946374
              ],
              [
                -87.639879,
                41.946393
              ],
              [
                -87.639874,
                41.946416
              ],
              [
                -87.639974,
                41.946455
              ],
              [
                -87.64002,
                41.946398
              ],
              [
                -87.640265,
                41.946519
              ],
              [
                -87.640107,
                41.94672
              ],
              [
                -87.640202,
                41.946761
              ],
              [
                -87.640271,
                41.946699
              ],
              [
                -87.640292,
                41.946717
              ],
              [
                -87.640409,
                41.946834
              ],
              [
                -87.640834,
                41.947369
              ],
              [
                -87.640573,
                41.947514
              ],
              [
                -87.638081,
                41.948356
              ],
              [
                -87.637906,
                41.948013
              ],
              [
                -87.637546,
                41.947433
              ],
              [
                -87.63708,
                41.946819
              ]
            ]
          ]
        ]
      }
    },
    {
      "type": "Feature",
      "properties": {
        "placeFips": "1714000",
        "city": "Chicago",
        "state": "IL",
        "boundaryType": "ward",
        "district": "25",
        "name": "25"
      },
      "geometry": {
        "type": "Polygon",
        "coordinates": [
          [
            [
              -87.649724,
              41.882684
            ],
            [
              -87.649618,
              41.879179
            ],
            [
              -87.648452,
              41.879198
            ],
            [
              -87.648411,
              41.87793
            ],
            [
              -87.649,
              41.87792
            ],
            [
              -87.648951,
              41.876647
            ],
            [
              -87.63487,
              41.876829
            ],
            [
              -87.63311,
              41.876863
            ],
            [
              -87.633056,
              41.874488
            ],
            [
              -87.633122,
              41.874488
            ],
            [
              -87.633056,
              41.872161
            ],
            [
              -87.632111,
              41.872193
            ],
            [
              -87.632034,
              41.869886
            ],
            [
              -87.631729,
              41.868235
            ],
            [
              -87.631592,
              41.867567
            ],
            [
              -87.631529,
              41.867354
            ],
            [
              -87.630435,
              41.867374
            ],
            [
              -87.6304,
              41.865896
            ],
            [
              -87.630339,
              41.864986
            ],
            [
              -87.630249,
              41.861785
            ],
            [
              -87.630273,
              41.859537
            ],
            [
              -87.630159,
              41.855502
            ],
            [
              -87.630157,
              41.854962
            ],
            [
              -87.630104,
              41.853299
            ],
            [
              -87.630061,
              41.852877
            ],
            [
              -87.630295,
              41.852875
            ],
            [
              -87.630231,
              41.85264
            ],
            [
              -87.630179,
              41.852363
            ],
            [
              -87.630135,
              41.851882
            ],
            [
              -87.63001,
              41.847262
            ],
            [
              -87.631227,
              41.847484
            ],
            [
              -87.631664,
              41.847521
            ],
            [
              -87.632139,
              41.847532
            ],
            [
              -87.632094,
              41.847695
            ],
            [
              -87.631924,
              41.848097
            ],
            [
              -87.631901,
              41.848253
            ],
            [
              -87.638409,
              41.848162
            ],
            [
              -87.638448,
              41.849523
            ],
            [
              -87.640383,
              41.8495
            ],
            [
              -87.640478,
              41.849467
            ],
            [
              -87.640704,
              41.849725
            ],
            [
              -87.640385,
              41.849927
            ],
            [
              -87.639816,
              41.850427
            ],
            [
              -87.639631,
              41.850536
            ],
            [
              -87.638488,
              41.851092
            ],
            [
              -87.638532,
              41.852792
            ],
            [
              -87.64049,
              41.852765
            ],
            [
              -87.641788,
              41.852699
            ],
            [
              -87.644742,
              41.852668
            ],
            [
              -87.644748,
              41.853232
            ],
            [
              -87.644724,
              41.853408
            ],
            [
              -87.644667,
              41.853616
            ],
            [
              -87.644388,
              41.854225
            ],
            [
              -87.642744,
              41.854243
            ],
            [
              -87.642785,
              41.855908
            ],
            [
              -87.642335,
              41.855936
            ],
            [
              -87.642313,
              41.855951
            ],
            [
              -87.642332,
              41.856549
            ],
            [
              -87.640466,
              41.857381
            ],
            [
              -87.640166,
              41.857521
            ],
            [
              -87.639967,
              41.857648
            ],
            [
              -87.641864,
              41.857621
            ],
            [
              -87.64194,
              41.859984
            ],
            [
              -87.639014,
              41.860018
            ],
            [
              -87.639037,
              41.861084
            ],
            [
              -87.639238,
              41.866912
            ],
            [
              -87.639218,
              41.867253
            ],
            [
              -87.644767,
              41.867184
            ],
            [
              -87.644897,
              41.868604
            ],
            [
              -87.645255,
              41.871373
            ],
            [
              -87.645393,
              41.872294
            ],
            [
              -87.645657,
              41.873707
            ],
            [
              -87.645674,
              41.874015
            ],
            [
              -87.645662,
              41.874331
            ],
            [
              -87.646718,
              41.874324
            ],
            [
              -87.647638,
              41.874362
            ],
            [
              -87.648354,
              41.874424
            ],
            [
              -87.648554,
              41.874426
            ],
            [
              -87.65181,
              41.874369
            ],
            [
              -87.651796,
              41.873512
            ],
            [
              -87.651766,
              41.873189
            ],
            [
              -87.651666,
              41.873124
            ],
            [
              -87.651668,
              41.873067
            ],
            [
              -87.652815,
              41.873034
            ],
            [
              -87.652798,
              41.872581
            ],
            [
              -87.652757,
              41.872445
            ],
            [
              -87.652754,
              41.872224
            ],
            [
              -87.653273,
              41.872218
            ],
            [
              -87.653268,
              41.871841
            ],
            [
              -87.652286,
              41.871859
            ],
            [
              -87.652274,
              41.871472
            ],
            [
              -87.651734,
              41.871481
            ],
            [
              -87.651702,
              41.870834
            ],
            [
              -87.651703,
              41.870613
            ],
            [
              -87.651733,
              41.870448
            ],
            [
              -87.651696,
              41.869499
            ],
            [
              -87.651124,
              41.869508
            ],
            [
              -87.650937,
              41.863499
            ],
            [
              -87.653456,
              41.863444
            ],
            [
              -87.653775,
              41.863501
            ],
            [
              -87.654198,
              41.863488
            ],
            [
              -87.654146,
              41.8625
            ],
            [
              -87.656438,
              41.862469
            ],
            [
              -87.656554,
              41.862513
            ],
            [
              -87.656479,
              41.859765
            ],
            [
              -87.647673,
              41.859898
            ],
            [
              -87.647621,
              41.858075
            ],
            [
              -87.648294,
              41.858062
            ],
            [
              -87.648132,
              41.852613
            ],
            [
              -87.646495,
              41.852647
            ],
            [
              -87.646429,
              41.850508
            ],
            [
              -87.646471,
              41.849792
            ],
            [
              -87.646474,
              41.849271
            ],
            [
              -87.6468,
              41.849212
            ],
            [
              -87.647593,
              41.848944
            ],
            [
              -87.648644,
              41.848615
            ],
            [
              -87.649637,
              41.848396
            ],
            [
              -87.651003,
              41.848306
            ],
            [
              -87.651578,
              41.848176
            ],
            [
              -87.652583,
              41.848005
            ],
            [
              -87.653053,
              41.847947
            ],
            [
              -87.653409,
              41.847961
            ],
            [
              -87.656301,
              41.848354
            ],
            [
              -87.656673,
              41.84832
            ],
            [
              -87.657046,
              41.848213
            ],
            [
              -87.657354,
              41.848091
            ],
            [
              -87.657595,
              41.847966
            ],
            [
              -87.658901,
              41.84717
            ],
            [
              -87.660418,
              41.846041
            ],
            [
              -87.661638,
              41.845346
            ],
            [
              -87.662524,
              41.84491
            ],
            [
              -87.663451,
              41.844503
            ],
            [
              -87.663778,
              41.844292
            ],
            [
              -87.663888,
              41.844096
            ],
            [
              -87.66431,
              41.842801
            ],
            [
              -87.664952,
              41.841716
            ],
            [
              -87.664969,
              41.841619
            ],
            [
              -87.664843,
              41.841243
            ],
            [
              -87.664574,
              41.840757
            ],
            [
              -87.664542,
              41.84066
            ],
            [
              -87.664528,
              41.84043
            ],
            [
              -87.664566,
              41.839882
            ],
            [
              -87.664538,
              41.839555
            ],
            [
              -87.664268,
              41.839033
            ],
            [
              -87.664041,
              41.838693
            ],
            [
              -87.664764,
              41.838283
            ],
            [
              -87.666947,
              41.836945
            ],
            [
              -87.6674,
              41.837368
            ],
            [
              -87.668235,
              41.836872
            ],
            [
              -87.668501,
              41.83669
            ],
            [
              -87.668055,
              41.836261
            ],
            [
              -87.670743,
              41.834625
            ],
            [
              -87.671124,
              41.834964
            ],
            [
              -87.671952,
              41.834457
            ],
            [
              -87.671969,
              41.834079
            ],
            [
              -87.675376,
              41.834023
            ],
            [
              -87.675441,
              41.837048
            ],
            [
              -87.678388,
              41.836988
            ],
            [
              -87.679131,
              41.836934
            ],
            [
              -87.679547,
              41.836881
            ],
            [
              -87.679986,
              41.836797
            ],
            [
              -87.680745,
              41.836601
            ],
            [
              -87.682954,
              41.835933
            ],
            [
              -87.684569,
              41.835412
            ],
            [
              -87.684557,
              41.834397
            ],
            [
              -87.680064,
              41.835777
            ],
            [
              -87.679107,
              41.835797
            ],
            [
              -87.679,
              41.832165
            ],
            [
              -87.684641,
              41.832111
            ],
            [
              -87.687393,
              41.832044
            ],
            [
              -87.687451,
              41.834692
            ],
            [
              -87.687399,
              41.834801
            ],
            [
              -87.687458,
              41.834913
            ],
            [
              -87.687513,
              41.836812
            ],
            [
              -87.687489,
              41.837019
            ],
            [
              -87.68756,
              41.844795
            ],
            [
              -87.687791,
              41.848368
            ],
            [
              -87.687833,
              41.850184
            ],
            [
              -87.685588,
              41.850214
            ],
            [
              -87.685771,
              41.857109
            ],
            [
              -87.685847,
              41.857716
            ],
            [
              -87.685803,
              41.858116
            ],
            [
              -87.685834,
              41.859366
            ],
            [
              -87.678575,
              41.859431
            ],
            [
              -87.673599,
              41.859517
            ],
            [
              -87.671343,
              41.859534
            ],
            [
              -87.661374,
              41.859688
            ],
            [
              -87.661571,
              41.866916
            ],
            [
              -87.656681,
              41.866997
            ],
            [
              -87.656833,
              41.871706
            ],
            [
              -87.656798,
              41.873088
            ],
            [
              -87.656824,
              41.873811
            ],
            [
              -87.656817,
              41.874431
            ],
            [
              -87.656852,
              41.874763
            ],
            [
              -87.656968,
              41.875269
            ],
            [
              -87.657004,
              41.87627
            ],
            [
              -87.657013,
              41.877651
            ],
            [
              -87.657044,
              41.878871
            ],
            [
              -87.6571,
              41.88033
            ],
            [
              -87.659531,
              41.88029
            ],
            [
              -87.65956,
              41.881475
            ],
            [
              -87.659617,
              41.881574
            ],
            [
              -87.658757,
              41.881588
            ],
            [
              -87.658776,
              41.882268
            ],
            [
              -87.65671,
              41.882303
            ],
            [
              -87.656724,
              41.882725
            ],
            [
              -87.656702,
              41.882983
            ],
            [
              -87.655567,
              41.883002
            ],
            [
              -87.655554,
              41.882602
            ],
            [
              -87.654387,
              41.882634
            ],
            [
              -87.654398,
              41.883023
            ],
            [
              -87.649736,
              41.883105
            ],
            [
              -87.649724,
              41.882684
            ]
          ]
        ]
      }
    },
    {
      "type": "Feature",
      "properties": {
        "placeFips": "1714000",
        "city": "Chicago",
        "state": "IL",
        "boundaryType": "ward",
        "district": "50",
        "name": "50"
      },
      "geometry": {
        "type": "Polygon",
        "coordinates": [
          [
            [
              -87.690177,
              42.019294
            ],
            [
              -87.690197,
              42.017437
            ],
            [
              -87.687637,
              42.017418
            ],
            [
              -87.687547,
              42.017413
            ],
            [
              -87.68751,
              42.017374
            ],
            [
              -87.687557,
              42.012253
            ],
            [
              -87.683523,
              42.012209
            ],
            [
              -87.683053,
              42.01222
            ],
            [
              -87.681931,
              42.009055
            ],
            [
              -87.681761,
              42.00865
            ],
            [
              -87.679667,
              42.004107
            ],
            [
              -87.67869,
              42.004355
            ],
            [
              -87.675588,
              42.00442
            ],
            [
              -87.675196,
              42.004368
            ],
            [
              -87.675012,
              41.997993
            ],
            [
              -87.682573,
              41.997854
            ],
            [
              -87.682389,
              41.994219
            ],
            [
              -87.689475,
              41.994097
            ],
            [
              -87.699516,
              41.993978
            ],
            [
              -87.699403,
              41.990443
            ],
            [
              -87.708874,
              41.990388
            ],
            [
              -87.721357,
              41.99023
            ],
            [
              -87.721482,
              41.995499
            ],
            [
              -87.72272,
              41.995493
            ],
            [
              -87.722752,
              41.997052
            ],
            [
              -87.722788,
              41.997262
            ],
            [
              -87.716033,
              41.997292
            ],
            [
              -87.709454,
              41.997388
            ],
            [
              -87.709477,
              42.001172
            ],
            [
              -87.709472,
              42.004672
            ],
            [
              -87.709316,
              42.01054
            ],
            [
              -87.70919,
              42.011668
            ],
            [
              -87.709014,
              42.019131
            ],
            [
              -87.690174,
              42.019528
            ],
            [
              -87.690177,
              42.019294
            ]
          ]
        ]
      }
    },
    {
      "type": "Feature",
      "properties": {
        "placeFips": "1714000",
        "city": "Chicago",
        "state": "IL",
        "boundaryType": "ward",
        "district": "22",
        "name": "22"
      },
      "geometry": {
        "type": "Polygon",
        "coordinates": [
          [
            [
              -87.710983,
              41.851743
            ],
            [
              -87.71089,
              41.851645
            ],
            [
              -87.710636,
              41.851691
            ],
            [
              -87.710389,
              41.851705
            ],
            [
              -87.707689,
              41.851736
            ],
            [
              -87.707642,
              41.85005
            ],
            [
              -87.707639,
              41.849982
            ],
            [
              -87.707614,
              41.849945
            ],
            [
              -87.707586,
              41.84811
            ],
            [
              -87.710019,
              41.848077
            ],
            [
              -87.709916,
              41.844913
            ],
            [
              -87.709862,
              41.842623
            ],
            [
              -87.704984,
              41.842697
            ],
            [
              -87.704874,
              41.839057
            ],
            [
              -87.707319,
              41.839013
            ],
            [
              -87.707277,
              41.837184
            ],
            [
              -87.704823,
              41.837233
            ],
            [
              -87.704681,
              41.832427
            ],
            [
              -87.704662,
              41.831319
            ],
            [
              -87.704614,
              41.830014
            ],
            [
              -87.704812,
              41.830026
            ],
            [
              -87.70488,
              41.830014
            ],
            [
              -87.705002,
              41.829954
            ],
            [
              -87.705092,
              41.829828
            ],
            [
              -87.705231,
              41.829545
            ],
            [
              -87.705272,
              41.82949
            ],
            [
              -87.705429,
              41.829401
            ],
            [
              -87.712043,
              41.827324
            ],
            [
              -87.713031,
              41.827026
            ],
            [
              -87.713811,
              41.826813
            ],
            [
              -87.714382,
              41.826733
            ],
            [
              -87.714408,
              41.828193
            ],
            [
              -87.714576,
              41.828052
            ],
            [
              -87.717273,
              41.827177
            ],
            [
              -87.719259,
              41.826559
            ],
            [
              -87.719945,
              41.826464
            ],
            [
              -87.720293,
              41.826385
            ],
            [
              -87.720451,
              41.826234
            ],
            [
              -87.721727,
              41.825845
            ],
            [
              -87.724316,
              41.825015
            ],
            [
              -87.726037,
              41.824522
            ],
            [
              -87.727301,
              41.82407
            ],
            [
              -87.72788,
              41.823813
            ],
            [
              -87.729288,
              41.823425
            ],
            [
              -87.729771,
              41.823159
            ],
            [
              -87.730215,
              41.823107
            ],
            [
              -87.730962,
              41.822886
            ],
            [
              -87.734261,
              41.821755
            ],
            [
              -87.73532,
              41.821446
            ],
            [
              -87.736837,
              41.820951
            ],
            [
              -87.73857,
              41.820494
            ],
            [
              -87.738505,
              41.817252
            ],
            [
              -87.738539,
              41.816847
            ],
            [
              -87.738502,
              41.814952
            ],
            [
              -87.738272,
              41.807684
            ],
            [
              -87.741798,
              41.807639
            ],
            [
              -87.7424,
              41.807651
            ],
            [
              -87.742924,
              41.807642
            ],
            [
              -87.743152,
              41.807623
            ],
            [
              -87.743094,
              41.805007
            ],
            [
              -87.742959,
              41.800327
            ],
            [
              -87.752736,
              41.800187
            ],
            [
              -87.753077,
              41.81331
            ],
            [
              -87.744655,
              41.815963
            ],
            [
              -87.744763,
              41.822032
            ],
            [
              -87.738486,
              41.82212
            ],
            [
              -87.738638,
              41.829408
            ],
            [
              -87.738812,
              41.836726
            ],
            [
              -87.738933,
              41.836724
            ],
            [
              -87.738988,
              41.838549
            ],
            [
              -87.739109,
              41.838548
            ],
            [
              -87.739449,
              41.8496
            ],
            [
              -87.739469,
              41.8496
            ],
            [
              -87.739505,
              41.851351
            ],
            [
              -87.7367,
              41.851366
            ],
            [
              -87.723496,
              41.851566
            ],
            [
              -87.712562,
              41.85169
            ],
            [
              -87.712346,
              41.851723
            ],
            [
              -87.711143,
              41.851991
            ],
            [
              -87.711133,
              41.8519
            ],
            [
              -87.710983,
              41.851743
            ]
          ]
        ]
      }
    },
    {
      "type": "Feature",
      "properties": {
        "placeFips": "1714000",
        "city": "Chicago",
        "state": "IL",
        "boundaryType": "ward",
        "district": "41",
        "name": "41"
      },
      "geometry": {
        "type": "MultiPolygon",
        "coordinates": [
          [
            [
              [
                -87.806552,
                42.018718
              ],
              [
                -87.80676,
                42.000837
              ],
              [
                -87.805388,
                42.000859
              ],
              [
                -87.805309,
                42.000904
              ],
              [
                -87.805295,
                42.001498
              ],
              [
                -87.801079,
                42.00154
              ],
              [
                -87.801086,
                42.000872
              ],
              [
                -87.799659,
                42.000869
              ],
              [
                -87.799481,
                41.999985
              ],
              [
                -87.797142,
                42.000005
              ],
              [
                -87.797126,
                42.000051
              ],
              [
                -87.797124,
                42.00094
              ],
              [
                -87.791166,
                42.00098
              ],
              [
                -87.790648,
                42.000399
              ],
              [
                -87.782003,
                42.004498
              ],
              [
                -87.782236,
                42.00465
              ],
              [
                -87.782551,
                42.004894
              ],
              [
                -87.782769,
                42.005085
              ],
              [
                -87.783103,
                42.005423
              ],
              [
                -87.788723,
                42.011997
              ],
              [
                -87.781264,
                42.012009
              ],
              [
                -87.779266,
                42.011992
              ],
              [
                -87.779148,
                42.013565
              ],
              [
                -87.779104,
                42.015442
              ],
              [
                -87.776972,
                42.015386
              ],
              [
                -87.777053,
                42.011982
              ],
              [
                -87.773349,
                42.011958
              ],
              [
                -87.773224,
                42.011693
              ],
              [
                -87.770359,
                42.006194
              ],
              [
                -87.769949,
                42.006376
              ],
              [
                -87.769171,
                42.004861
              ],
              [
                -87.767855,
                42.004253
              ],
              [
                -87.767715,
                42.00423
              ],
              [
                -87.765795,
                42.003325
              ],
              [
                -87.765467,
                42.003735
              ],
              [
                -87.767543,
                42.004706
              ],
              [
                -87.767462,
                42.008322
              ],
              [
                -87.761664,
                42.008272
              ],
              [
                -87.761858,
                42.003543
              ],
              [
                -87.761885,
                42.00324
              ],
              [
                -87.761953,
                42.002657
              ],
              [
                -87.761993,
                42.002489
              ],
              [
                -87.76227,
                42.001687
              ],
              [
                -87.761433,
                42.001316
              ],
              [
                -87.758653,
                42.000018
              ],
              [
                -87.75662,
                41.999048
              ],
              [
                -87.755465,
                41.998524
              ],
              [
                -87.754443,
                41.99804
              ],
              [
                -87.754335,
                41.997971
              ],
              [
                -87.752898,
                41.997301
              ],
              [
                -87.759756,
                41.997329
              ],
              [
                -87.76205,
                41.997321
              ],
              [
                -87.762647,
                41.997336
              ],
              [
                -87.764718,
                41.997329
              ],
              [
                -87.765768,
                41.997349
              ],
              [
                -87.766325,
                41.997329
              ],
              [
                -87.767103,
                41.997272
              ],
              [
                -87.768033,
                41.997244
              ],
              [
                -87.769494,
                41.997155
              ],
              [
                -87.77033,
                41.99714
              ],
              [
                -87.771399,
                41.997171
              ],
              [
                -87.77391,
                41.997381
              ],
              [
                -87.775484,
                41.997442
              ],
              [
                -87.782417,
                41.99739
              ],
              [
                -87.783302,
                41.997398
              ],
              [
                -87.787443,
                41.997356
              ],
              [
                -87.787448,
                41.997042
              ],
              [
                -87.78748,
                41.996694
              ],
              [
                -87.787752,
                41.982061
              ],
              [
                -87.79119,
                41.982038
              ],
              [
                -87.793821,
                41.982109
              ],
              [
                -87.793889,
                41.978335
              ],
              [
                -87.793885,
                41.977904
              ],
              [
                -87.793936,
                41.975602
              ],
              [
                -87.795146,
                41.975593
              ],
              [
                -87.795278,
                41.968824
              ],
              [
                -87.802525,
                41.968773
              ],
              [
                -87.802542,
                41.968297
              ],
              [
                -87.807156,
                41.96827
              ],
              [
                -87.80706,
                41.973196
              ],
              [
                -87.807067,
                41.974538
              ],
              [
                -87.816917,
                41.974289
              ],
              [
                -87.816953,
                41.97066
              ],
              [
                -87.818987,
                41.970608
              ],
              [
                -87.818968,
                41.973219
              ],
              [
                -87.819432,
                41.97322
              ],
              [
                -87.819426,
                41.974031
              ],
              [
                -87.819398,
                41.974223
              ],
              [
                -87.826735,
                41.974034
              ],
              [
                -87.826743,
                41.973145
              ],
              [
                -87.831729,
                41.973056
              ],
              [
                -87.831723,
                41.973949
              ],
              [
                -87.833418,
                41.97392
              ],
              [
                -87.833415,
                41.974917
              ],
              [
                -87.83363,
                41.974913
              ],
              [
                -87.833627,
                41.975368
              ],
              [
                -87.836441,
                41.975321
              ],
              [
                -87.836627,
                41.975306
              ],
              [
                -87.836631,
                41.974771
              ],
              [
                -87.841555,
                41.97469
              ],
              [
                -87.84155,
                41.973788
              ],
              [
                -87.837934,
                41.973844
              ],
              [
                -87.837951,
                41.971347
              ],
              [
                -87.836649,
                41.971366
              ],
              [
                -87.83665,
                41.970232
              ],
              [
                -87.841593,
                41.970143
              ],
              [
                -87.841575,
                41.971973
              ],
              [
                -87.846534,
                41.97189
              ],
              [
                -87.846561,
                41.96955
              ],
              [
                -87.846539,
                41.968198
              ],
              [
                -87.84657,
                41.966407
              ],
              [
                -87.854922,
                41.966136
              ],
              [
                -87.854867,
                41.966359
              ],
              [
                -87.854772,
                41.966913
              ],
              [
                -87.854777,
                41.9672
              ],
              [
                -87.85498,
                41.96793
              ],
              [
                -87.855037,
                41.968329
              ],
              [
                -87.855029,
                41.968708
              ],
              [
                -87.854777,
                41.96943
              ],
              [
                -87.854323,
                41.970298
              ],
              [
                -87.854173,
                41.970785
              ],
              [
                -87.854136,
                41.971001
              ],
              [
                -87.854135,
                41.971168
              ],
              [
                -87.854188,
                41.971432
              ],
              [
                -87.854271,
                41.971621
              ],
              [
                -87.854467,
                41.971895
              ],
              [
                -87.854598,
                41.972039
              ],
              [
                -87.854979,
                41.972341
              ],
              [
                -87.855158,
                41.972458
              ],
              [
                -87.855362,
                41.972517
              ],
              [
                -87.855841,
                41.972586
              ],
              [
                -87.856063,
                41.972578
              ],
              [
                -87.856592,
                41.97246
              ],
              [
                -87.857043,
                41.972314
              ],
              [
                -87.857464,
                41.972149
              ],
              [
                -87.857833,
                41.971974
              ],
              [
                -87.858387,
                41.971614
              ],
              [
                -87.858537,
                41.971532
              ],
              [
                -87.858676,
                41.971466
              ],
              [
                -87.858795,
                41.971432
              ],
              [
                -87.858922,
                41.971422
              ],
              [
                -87.859405,
                41.971495
              ],
              [
                -87.859746,
                41.971597
              ],
              [
                -87.860106,
                41.971756
              ],
              [
                -87.860426,
                41.971929
              ],
              [
                -87.860852,
                41.972224
              ],
              [
                -87.861338,
                41.972609
              ],
              [
                -87.861701,
                41.972988
              ],
              [
                -87.861803,
                41.973126
              ],
              [
                -87.861901,
                41.973318
              ],
              [
                -87.868482,
                41.973155
              ],
              [
                -87.868826,
                41.97317
              ],
              [
                -87.869887,
                41.973124
              ],
              [
                -87.880773,
                41.972855
              ],
              [
                -87.880835,
                41.9655
              ],
              [
                -87.880788,
                41.9572
              ],
              [
                -87.881633,
                41.957111
              ],
              [
                -87.883828,
                41.957362
              ],
              [
                -87.883846,
                41.9573
              ],
              [
                -87.885629,
                41.95754
              ],
              [
                -87.885629,
                41.957486
              ],
              [
                -87.89027,
                41.958096
              ],
              [
                -87.892899,
                41.958051
              ],
              [
                -87.892877,
                41.950794
              ],
              [
                -87.903776,
                41.950618
              ],
              [
                -87.912298,
                41.952371
              ],
              [
                -87.912282,
                41.951433
              ],
              [
                -87.91451,
                41.951985
              ],
              [
                -87.914727,
                41.952026
              ],
              [
                -87.914773,
                41.954341
              ],
              [
                -87.914798,
                41.954713
              ],
              [
                -87.914853,
                41.955193
              ],
              [
                -87.91496,
                41.955826
              ],
              [
                -87.915069,
                41.95629
              ],
              [
                -87.915228,
                41.956845
              ],
              [
                -87.915781,
                41.957132
              ],
              [
                -87.916139,
                41.957271
              ],
              [
                -87.916557,
                41.957405
              ],
              [
                -87.91703,
                41.957514
              ],
              [
                -87.92,
                41.958012
              ],
              [
                -87.92,
                41.958151
              ],
              [
                -87.920055,
                41.958158
              ],
              [
                -87.922171,
                41.958384
              ],
              [
                -87.922187,
                41.956533
              ],
              [
                -87.922169,
                41.953873
              ],
              [
                -87.924752,
                41.954502
              ],
              [
                -87.926353,
                41.954864
              ],
              [
                -87.926357,
                41.959017
              ],
              [
                -87.92839,
                41.959336
              ],
              [
                -87.930735,
                41.959738
              ],
              [
                -87.932082,
                41.959942
              ],
              [
                -87.932254,
                41.964799
              ],
              [
                -87.934771,
                41.9648
              ],
              [
                -87.934764,
                41.966825
              ],
              [
                -87.936805,
                41.965406
              ],
              [
                -87.938126,
                41.964279
              ],
              [
                -87.939718,
                41.964285
              ],
              [
                -87.939713,
                41.978636
              ],
              [
                -87.939858,
                41.990153
              ],
              [
                -87.939878,
                41.990488
              ],
              [
                -87.93993,
                41.993491
              ],
              [
                -87.938801,
                41.993533
              ],
              [
                -87.938651,
                41.994249
              ],
              [
                -87.938485,
                41.994869
              ],
              [
                -87.938347,
                41.995302
              ],
              [
                -87.938047,
                41.996097
              ],
              [
                -87.937615,
                41.997031
              ],
              [
                -87.937185,
                41.997796
              ],
              [
                -87.936668,
                41.998593
              ],
              [
                -87.936122,
                41.999328
              ],
              [
                -87.935525,
                42.00004
              ],
              [
                -87.934655,
                42.000902
              ],
              [
                -87.934286,
                42.001237
              ],
              [
                -87.933769,
                42.001665
              ],
              [
                -87.933322,
                42.002006
              ],
              [
                -87.930403,
                42.004126
              ],
              [
                -87.930363,
                42.002206
              ],
              [
                -87.925463,
                42.00226
              ],
              [
                -87.925445,
                42.001045
              ],
              [
                -87.920516,
                42.001131
              ],
              [
                -87.920519,
                42.001197
              ],
              [
                -87.920437,
                42.001199
              ],
              [
                -87.920511,
                42.004953
              ],
              [
                -87.913771,
                42.005075
              ],
              [
                -87.91377,
                42.008705
              ],
              [
                -87.913751,
                42.008706
              ],
              [
                -87.91331,
                42.008721
              ],
              [
                -87.913306,
                42.006258
              ],
              [
                -87.91303,
                42.006268
              ],
              [
                -87.913027,
                42.005088
              ],
              [
                -87.911335,
                42.005118
              ],
              [
                -87.911334,
                42.005095
              ],
              [
                -87.908542,
                42.005198
              ],
              [
                -87.908274,
                42.005211
              ],
              [
                -87.908274,
                42.005227
              ],
              [
                -87.907674,
                42.005249
              ],
              [
                -87.90768,
                42.008922
              ],
              [
                -87.90575,
                42.008991
              ],
              [
                -87.902383,
                42.008091
              ],
              [
                -87.902384,
                42.007916
              ],
              [
                -87.899162,
                42.00705
              ],
              [
                -87.898354,
                42.006793
              ],
              [
                -87.897564,
                42.006495
              ],
              [
                -87.895983,
                42.005785
              ],
              [
                -87.895983,
                42.005647
              ],
              [
                -87.895763,
                42.005654
              ],
              [
                -87.895763,
                42.005877
              ],
              [
                -87.895309,
                42.005669
              ],
              [
                -87.894295,
                42.005702
              ],
              [
                -87.894346,
                42.002708
              ],
              [
                -87.893547,
                42.002737
              ],
              [
                -87.893578,
                42.003332
              ],
              [
                -87.893229,
                42.003344
              ],
              [
                -87.893265,
                42.003942
              ],
              [
                -87.89189,
                42.003987
              ],
              [
                -87.889997,
                42.003227
              ],
              [
                -87.890265,
                42.002853
              ],
              [
                -87.890382,
                42.00285
              ],
              [
                -87.890385,
                42.0023
              ],
              [
                -87.894355,
                42.00217
              ],
              [
                -87.894357,
                42.00206
              ],
              [
                -87.899236,
                42.001899
              ],
              [
                -87.902406,
                42.003615
              ],
              [
                -87.902404,
                42.004027
              ],
              [
                -87.90406,
                42.003973
              ],
              [
                -87.904062,
                42.00356
              ],
              [
                -87.903115,
                42.00342
              ],
              [
                -87.899543,
                42.001477
              ],
              [
                -87.897441,
                42.001546
              ],
              [
                -87.897458,
                42.000532
              ],
              [
                -87.892924,
                41.999907
              ],
              [
                -87.890811,
                41.999572
              ],
              [
                -87.890753,
                41.99961
              ],
              [
                -87.889828,
                41.999447
              ],
              [
                -87.889398,
                41.999388
              ],
              [
                -87.886751,
                41.998866
              ],
              [
                -87.88496,
                41.998463
              ],
              [
                -87.884955,
                41.998297
              ],
              [
                -87.884533,
                41.998195
              ],
              [
                -87.884543,
                41.995099
              ],
              [
                -87.880355,
                41.99523
              ],
              [
                -87.876911,
                41.985669
              ],
              [
                -87.875857,
                41.985701
              ],
              [
                -87.875863,
                41.982939
              ],
              [
                -87.874894,
                41.980247
              ],
              [
                -87.875022,
                41.980242
              ],
              [
                -87.873731,
                41.976658
              ],
              [
                -87.875883,
                41.976601
              ],
              [
                -87.875893,
                41.973881
              ],
              [
                -87.873008,
                41.973951
              ],
              [
                -87.872976,
                41.973863
              ],
              [
                -87.872576,
                41.973873
              ],
              [
                -87.872646,
                41.973962
              ],
              [
                -87.868605,
                41.974054
              ],
              [
                -87.868607,
                41.973799
              ],
              [
                -87.867837,
                41.973815
              ],
              [
                -87.867839,
                41.973983
              ],
              [
                -87.867492,
                41.973991
              ],
              [
                -87.867493,
                41.973728
              ],
              [
                -87.862009,
                41.973864
              ],
              [
                -87.86202,
                41.973985
              ],
              [
                -87.862008,
                41.97431
              ],
              [
                -87.861758,
                41.975168
              ],
              [
                -87.861684,
                41.975349
              ],
              [
                -87.861245,
                41.976001
              ],
              [
                -87.861021,
                41.976229
              ],
              [
                -87.860675,
                41.976539
              ],
              [
                -87.859964,
                41.976993
              ],
              [
                -87.859379,
                41.977566
              ],
              [
                -87.858456,
                41.978664
              ],
              [
                -87.856274,
                41.980462
              ],
              [
                -87.85604,
                41.980807
              ],
              [
                -87.855877,
                41.981099
              ],
              [
                -87.855784,
                41.981701
              ],
              [
                -87.85578,
                41.982163
              ],
              [
                -87.855971,
                41.982802
              ],
              [
                -87.856234,
                41.983482
              ],
              [
                -87.856572,
                41.984146
              ],
              [
                -87.85664,
                41.98432
              ],
              [
                -87.856648,
                41.984432
              ],
              [
                -87.856645,
                41.984663
              ],
              [
                -87.856571,
                41.985022
              ],
              [
                -87.856471,
                41.985363
              ],
              [
                -87.85636,
                41.985994
              ],
              [
                -87.856306,
                41.986154
              ],
              [
                -87.856088,
                41.986617
              ],
              [
                -87.855872,
                41.987156
              ],
              [
                -87.855582,
                41.987737
              ],
              [
                -87.855537,
                41.987943
              ],
              [
                -87.855568,
                41.988189
              ],
              [
                -87.855681,
                41.988663
              ],
              [
                -87.855766,
                41.988927
              ],
              [
                -87.855835,
                41.989052
              ],
              [
                -87.855502,
                41.988944
              ],
              [
                -87.85483,
                41.98876
              ],
              [
                -87.854122,
                41.988648
              ],
              [
                -87.853607,
                41.988599
              ],
              [
                -87.851327,
                41.988492
              ],
              [
                -87.850583,
                41.988426
              ],
              [
                -87.849702,
                41.988321
              ],
              [
                -87.845053,
                41.987634
              ],
              [
                -87.844404,
                41.987521
              ],
              [
                -87.843836,
                41.987456
              ],
              [
                -87.841742,
                41.987135
              ],
              [
                -87.838925,
                41.986727
              ],
              [
                -87.837657,
                41.986519
              ],
              [
                -87.836581,
                41.986396
              ],
              [
                -87.823327,
                41.984509
              ],
              [
                -87.822164,
                41.993112
              ],
              [
                -87.82177,
                41.995428
              ],
              [
                -87.821404,
                41.996922
              ],
              [
                -87.821381,
                42.000546
              ],
              [
                -87.821366,
                42.000832
              ],
              [
                -87.821338,
                42.003807
              ],
              [
                -87.821344,
                42.004546
              ],
              [
                -87.821308,
                42.007229
              ],
              [
                -87.821315,
                42.007792
              ],
              [
                -87.821269,
                42.009827
              ],
              [
                -87.821253,
                42.011357
              ],
              [
                -87.819729,
                42.011386
              ],
              [
                -87.819734,
                42.011933
              ],
              [
                -87.820098,
                42.011926
              ],
              [
                -87.820069,
                42.01557
              ],
              [
                -87.821231,
                42.015541
              ],
              [
                -87.821213,
                42.018643
              ],
              [
                -87.806547,
                42.018965
              ],
              [
                -87.806552,
                42.018718
              ]
            ]
          ],
          [
            [
              [
                -87.833211,
                41.983592
              ],
              [
                -87.833211,
                41.983568
              ],
              [
                -87.833584,
                41.983571
              ],
              [
                -87.833596,
                41.982667
              ],
              [
                -87.83421,
                41.982656
              ],
              [
                -87.835072,
                41.982671
              ],
              [
                -87.835092,
                41.981149
              ],
              [
                -87.83435,
                41.981156
              ],
              [
                -87.834351,
                41.980987
              ],
              [
                -87.834355,
                41.980846
              ],
              [
                -87.835096,
                41.980834
              ],
              [
                -87.8351,
                41.980495
              ],
              [
                -87.828859,
                41.980599
              ],
              [
                -87.828861,
                41.980325
              ],
              [
                -87.828691,
                41.980328
              ],
              [
                -87.828691,
                41.979286
              ],
              [
                -87.828082,
                41.979291
              ],
              [
                -87.828082,
                41.979126
              ],
              [
                -87.828696,
                41.97912
              ],
              [
                -87.828695,
                41.978839
              ],
              [
                -87.82864,
                41.97884
              ],
              [
                -87.828639,
                41.97844
              ],
              [
                -87.829714,
                41.978422
              ],
              [
                -87.829711,
                41.978131
              ],
              [
                -87.830022,
                41.978126
              ],
              [
                -87.830026,
                41.978059
              ],
              [
                -87.830054,
                41.978058
              ],
              [
                -87.83004,
                41.977329
              ],
              [
                -87.829607,
                41.977336
              ],
              [
                -87.829604,
                41.976959
              ],
              [
                -87.833618,
                41.976891
              ],
              [
                -87.833622,
                41.97592
              ],
              [
                -87.824426,
                41.97608
              ],
              [
                -87.82352,
                41.983093
              ],
              [
                -87.825304,
                41.983068
              ],
              [
                -87.825271,
                41.981963
              ],
              [
                -87.828136,
                41.98192
              ],
              [
                -87.828154,
                41.983572
              ],
              [
                -87.828178,
                41.983842
              ],
              [
                -87.828313,
                41.983789
              ],
              [
                -87.82852,
                41.983773
              ],
              [
                -87.833003,
                41.983706
              ],
              [
                -87.833203,
                41.983692
              ],
              [
                -87.833211,
                41.983592
              ]
            ]
          ],
          [
            [
              [
                -87.935211,
                42.000817
              ],
              [
                -87.935512,
                42.000481
              ],
              [
                -87.935986,
                42.000014
              ],
              [
                -87.936615,
                41.999234
              ],
              [
                -87.93708,
                41.998586
              ],
              [
                -87.940023,
                41.998107
              ],
              [
                -87.940114,
                42.000789
              ],
              [
                -87.935144,
                42.000889
              ],
              [
                -87.935211,
                42.000817
              ]
            ]
          ],
          [
            [
              [
                -87.933485,
                42.005424
              ],
              [
                -87.933612,
                42.004885
              ],
              [
                -87.934373,
                42.004983
              ],
              [
                -87.934303,
                42.001963
              ],
              [
                -87.933889,
                42.001972
              ],
              [
                -87.934295,
                42.001647
              ],
              [
                -87.934297,
                42.001729
              ],
              [
                -87.935095,
                42.000938
              ],
              [
                -87.935288,
                42.008151
              ],
              [
                -87.93358,
                42.008174
              ],
              [
                -87.933563,
                42.008019
              ],
              [
                -87.933506,
                42.005565
              ],
              [
                -87.933485,
                42.005424
              ]
            ]
          ]
        ]
      }
    },
    {
      "type": "Feature",
      "properties": {
        "placeFips": "1714000",
        "city": "Chicago",
        "state": "IL",
        "boundaryType": "ward",
        "district": "18",
        "name": "18"
      },
      "geometry": {
        "type": "Polygon",
        "coordinates": [
          [
            [
              -87.67862,
              41.760813
            ],
            [
              -87.67854,
              41.757654
            ],
            [
              -87.673345,
              41.757742
            ],
            [
              -87.673113,
              41.749564
            ],
            [
              -87.672785,
              41.735661
            ],
            [
              -87.683133,
              41.735519
            ],
            [
              -87.700485,
              41.73522
            ],
            [
              -87.701471,
              41.73522
            ],
            [
              -87.702798,
              41.735175
            ],
            [
              -87.709157,
              41.735084
            ],
            [
              -87.725956,
              41.73478
            ],
            [
              -87.72716,
              41.734734
            ],
            [
              -87.738258,
              41.734549
            ],
            [
              -87.738607,
              41.734566
            ],
            [
              -87.739527,
              41.73456
            ],
            [
              -87.741067,
              41.734524
            ],
            [
              -87.740936,
              41.735807
            ],
            [
              -87.740933,
              41.736865
            ],
            [
              -87.741304,
              41.747646
            ],
            [
              -87.741307,
              41.748369
            ],
            [
              -87.74132,
              41.74872
            ],
            [
              -87.741392,
              41.749524
            ],
            [
              -87.741413,
              41.750668
            ],
            [
              -87.741466,
              41.751781
            ],
            [
              -87.741467,
              41.752278
            ],
            [
              -87.741502,
              41.752841
            ],
            [
              -87.741496,
              41.753429
            ],
            [
              -87.741532,
              41.754674
            ],
            [
              -87.74169,
              41.758937
            ],
            [
              -87.741779,
              41.760463
            ],
            [
              -87.741792,
              41.760838
            ],
            [
              -87.741785,
              41.761284
            ],
            [
              -87.741855,
              41.762589
            ],
            [
              -87.741897,
              41.764119
            ],
            [
              -87.737108,
              41.764111
            ],
            [
              -87.729545,
              41.764157
            ],
            [
              -87.724858,
              41.764168
            ],
            [
              -87.723496,
              41.764193
            ],
            [
              -87.722537,
              41.764137
            ],
            [
              -87.722355,
              41.7641
            ],
            [
              -87.722178,
              41.757502
            ],
            [
              -87.722175,
              41.756856
            ],
            [
              -87.718462,
              41.756893
            ],
            [
              -87.716302,
              41.756879
            ],
            [
              -87.712334,
              41.756888
            ],
            [
              -87.712432,
              41.760596
            ],
            [
              -87.712241,
              41.760597
            ],
            [
              -87.712248,
              41.75957
            ],
            [
              -87.712225,
              41.758995
            ],
            [
              -87.712219,
              41.758897
            ],
            [
              -87.712163,
              41.758652
            ],
            [
              -87.712169,
              41.758387
            ],
            [
              -87.712131,
              41.75833
            ],
            [
              -87.71205,
              41.758316
            ],
            [
              -87.70759,
              41.758391
            ],
            [
              -87.70749,
              41.758465
            ],
            [
              -87.707484,
              41.758569
            ],
            [
              -87.707516,
              41.759753
            ],
            [
              -87.707588,
              41.76068
            ],
            [
              -87.707536,
              41.760693
            ],
            [
              -87.706987,
              41.760707
            ],
            [
              -87.702798,
              41.760772
            ],
            [
              -87.70271,
              41.760756
            ],
            [
              -87.702813,
              41.764389
            ],
            [
              -87.700364,
              41.764415
            ],
            [
              -87.682832,
              41.764712
            ],
            [
              -87.678726,
              41.764754
            ],
            [
              -87.67862,
              41.760813
            ]
          ]
        ]
      }
    },
    {
      "type": "Feature",
      "properties": {
        "placeFips": "1714000",
        "city": "Chicago",
        "state": "IL",
        "boundaryType": "ward",
        "district": "17",
        "name": "17"
      },
      "geometry": {
        "type": "Polygon",
        "coordinates": [
          [
            [
              -87.690925,
              41.778003
            ],
            [
              -87.690906,
              41.777263
            ],
            [
              -87.689689,
              41.777279
            ],
            [
              -87.689643,
              41.775479
            ],
            [
              -87.688492,
              41.775496
            ],
            [
              -87.68838,
              41.775548
            ],
            [
              -87.687209,
              41.775562
            ],
            [
              -87.687109,
              41.771919
            ],
            [
              -87.683028,
              41.771984
            ],
            [
              -87.680889,
              41.771988
            ],
            [
              -87.680899,
              41.771746
            ],
            [
              -87.680857,
              41.770175
            ],
            [
              -87.679639,
              41.77019
            ],
            [
              -87.679591,
              41.768375
            ],
            [
              -87.673625,
              41.768441
            ],
            [
              -87.673668,
              41.770259
            ],
            [
              -87.663968,
              41.770372
            ],
            [
              -87.663931,
              41.769007
            ],
            [
              -87.663887,
              41.768387
            ],
            [
              -87.663838,
              41.766731
            ],
            [
              -87.661443,
              41.766765
            ],
            [
              -87.661542,
              41.770407
            ],
            [
              -87.65851,
              41.770451
            ],
            [
              -87.658548,
              41.771829
            ],
            [
              -87.659153,
              41.771815
            ],
            [
              -87.659311,
              41.777722
            ],
            [
              -87.654452,
              41.777792
            ],
            [
              -87.654211,
              41.768693
            ],
            [
              -87.660278,
              41.768604
            ],
            [
              -87.660227,
              41.766783
            ],
            [
              -87.659625,
              41.766792
            ],
            [
              -87.659585,
              41.765428
            ],
            [
              -87.66019,
              41.765416
            ],
            [
              -87.660179,
              41.764961
            ],
            [
              -87.66058,
              41.764956
            ],
            [
              -87.660556,
              41.764047
            ],
            [
              -87.658941,
              41.764074
            ],
            [
              -87.658872,
              41.761346
            ],
            [
              -87.657257,
              41.76137
            ],
            [
              -87.65727,
              41.761825
            ],
            [
              -87.654878,
              41.761861
            ],
            [
              -87.65464,
              41.761864
            ],
            [
              -87.654628,
              41.761408
            ],
            [
              -87.645531,
              41.761544
            ],
            [
              -87.645453,
              41.758359
            ],
            [
              -87.644241,
              41.758378
            ],
            [
              -87.644225,
              41.757741
            ],
            [
              -87.643678,
              41.757746
            ],
            [
              -87.643642,
              41.756086
            ],
            [
              -87.642959,
              41.756096
            ],
            [
              -87.642833,
              41.751042
            ],
            [
              -87.639772,
              41.751088
            ],
            [
              -87.639746,
              41.750705
            ],
            [
              -87.639263,
              41.750712
            ],
            [
              -87.639317,
              41.752529
            ],
            [
              -87.639409,
              41.754322
            ],
            [
              -87.639439,
              41.756155
            ],
            [
              -87.637863,
              41.756183
            ],
            [
              -87.636871,
              41.756217
            ],
            [
              -87.629591,
              41.75633
            ],
            [
              -87.629542,
              41.754508
            ],
            [
              -87.627113,
              41.754552
            ],
            [
              -87.627035,
              41.750911
            ],
            [
              -87.626523,
              41.750936
            ],
            [
              -87.625824,
              41.750926
            ],
            [
              -87.625395,
              41.750936
            ],
            [
              -87.625327,
              41.748111
            ],
            [
              -87.625292,
              41.747281
            ],
            [
              -87.63366,
              41.747158
            ],
            [
              -87.640523,
              41.747023
            ],
            [
              -87.640735,
              41.74703
            ],
            [
              -87.640088,
              41.748772
            ],
            [
              -87.64007,
              41.748866
            ],
            [
              -87.642458,
              41.748845
            ],
            [
              -87.65369,
              41.748677
            ],
            [
              -87.653727,
              41.750091
            ],
            [
              -87.656072,
              41.750057
            ],
            [
              -87.656226,
              41.750066
            ],
            [
              -87.662815,
              41.749955
            ],
            [
              -87.662826,
              41.750369
            ],
            [
              -87.664046,
              41.750345
            ],
            [
              -87.664036,
              41.749891
            ],
            [
              -87.665247,
              41.749875
            ],
            [
              -87.665211,
              41.74851
            ],
            [
              -87.667639,
              41.748481
            ],
            [
              -87.667593,
              41.74666
            ],
            [
              -87.668202,
              41.746652
            ],
            [
              -87.668157,
              41.74483
            ],
            [
              -87.666943,
              41.744846
            ],
            [
              -87.666897,
              41.743023
            ],
            [
              -87.672964,
              41.742944
            ],
            [
              -87.673113,
              41.749564
            ],
            [
              -87.673345,
              41.757742
            ],
            [
              -87.67854,
              41.757654
            ],
            [
              -87.678726,
              41.764754
            ],
            [
              -87.682832,
              41.764712
            ],
            [
              -87.700364,
              41.764415
            ],
            [
              -87.702813,
              41.764389
            ],
            [
              -87.70271,
              41.760756
            ],
            [
              -87.702798,
              41.760772
            ],
            [
              -87.706987,
              41.760707
            ],
            [
              -87.707536,
              41.760693
            ],
            [
              -87.707588,
              41.76068
            ],
            [
              -87.707531,
              41.760047
            ],
            [
              -87.707486,
              41.758724
            ],
            [
              -87.70749,
              41.758465
            ],
            [
              -87.707554,
              41.758408
            ],
            [
              -87.707628,
              41.758383
            ],
            [
              -87.71205,
              41.758316
            ],
            [
              -87.7121,
              41.758316
            ],
            [
              -87.712162,
              41.758359
            ],
            [
              -87.712163,
              41.758652
            ],
            [
              -87.712219,
              41.758897
            ],
            [
              -87.712244,
              41.759409
            ],
            [
              -87.712241,
              41.760597
            ],
            [
              -87.712432,
              41.760596
            ],
            [
              -87.712771,
              41.771522
            ],
            [
              -87.70781,
              41.771599
            ],
            [
              -87.707824,
              41.772075
            ],
            [
              -87.705395,
              41.772114
            ],
            [
              -87.705514,
              41.777103
            ],
            [
              -87.703095,
              41.777144
            ],
            [
              -87.703107,
              41.777706
            ],
            [
              -87.703116,
              41.778047
            ],
            [
              -87.705534,
              41.778008
            ],
            [
              -87.705559,
              41.778935
            ],
            [
              -87.690959,
              41.779153
            ],
            [
              -87.690925,
              41.778003
            ]
          ]
        ]
      }
    },
    {
      "type": "Feature",
      "properties": {
        "placeFips": "1714000",
        "city": "Chicago",
        "state": "IL",
        "boundaryType": "ward",
        "district": "6",
        "name": "6"
      },
      "geometry": {
        "type": "Polygon",
        "coordinates": [
          [
            [
              -87.645865,
              41.774436
            ],
            [
              -87.645861,
              41.774273
            ],
            [
              -87.644237,
              41.774306
            ],
            [
              -87.634903,
              41.774417
            ],
            [
              -87.634118,
              41.774466
            ],
            [
              -87.628049,
              41.774567
            ],
            [
              -87.627795,
              41.774554
            ],
            [
              -87.627658,
              41.774518
            ],
            [
              -87.627581,
              41.774479
            ],
            [
              -87.62751,
              41.774425
            ],
            [
              -87.627429,
              41.774309
            ],
            [
              -87.626835,
              41.773212
            ],
            [
              -87.626769,
              41.772944
            ],
            [
              -87.626763,
              41.772685
            ],
            [
              -87.624917,
              41.772728
            ],
            [
              -87.624048,
              41.77278
            ],
            [
              -87.623925,
              41.772807
            ],
            [
              -87.623801,
              41.772796
            ],
            [
              -87.623001,
              41.77283
            ],
            [
              -87.618673,
              41.772911
            ],
            [
              -87.618573,
              41.76928
            ],
            [
              -87.613727,
              41.76938
            ],
            [
              -87.612183,
              41.770603
            ],
            [
              -87.608622,
              41.768045
            ],
            [
              -87.608203,
              41.76837
            ],
            [
              -87.608021,
              41.768463
            ],
            [
              -87.605662,
              41.768501
            ],
            [
              -87.605624,
              41.766846
            ],
            [
              -87.605603,
              41.766533
            ],
            [
              -87.605609,
              41.766173
            ],
            [
              -87.605587,
              41.765869
            ],
            [
              -87.607974,
              41.765834
            ],
            [
              -87.605529,
              41.764065
            ],
            [
              -87.605452,
              41.760665
            ],
            [
              -87.605242,
              41.752891
            ],
            [
              -87.605208,
              41.751363
            ],
            [
              -87.605221,
              41.751137
            ],
            [
              -87.605237,
              41.751116
            ],
            [
              -87.605189,
              41.749457
            ],
            [
              -87.6064,
              41.749437
            ],
            [
              -87.606244,
              41.743949
            ],
            [
              -87.605033,
              41.74397
            ],
            [
              -87.604825,
              41.736738
            ],
            [
              -87.604823,
              41.736649
            ],
            [
              -87.605495,
              41.736641
            ],
            [
              -87.605481,
              41.736183
            ],
            [
              -87.607238,
              41.736156
            ],
            [
              -87.607126,
              41.731605
            ],
            [
              -87.609548,
              41.731566
            ],
            [
              -87.609673,
              41.73658
            ],
            [
              -87.621789,
              41.736396
            ],
            [
              -87.622872,
              41.736368
            ],
            [
              -87.624161,
              41.736299
            ],
            [
              -87.624194,
              41.738499
            ],
            [
              -87.624332,
              41.743655
            ],
            [
              -87.625194,
              41.743642
            ],
            [
              -87.625234,
              41.744707
            ],
            [
              -87.625237,
              41.745248
            ],
            [
              -87.625305,
              41.747751
            ],
            [
              -87.625327,
              41.748111
            ],
            [
              -87.625395,
              41.750936
            ],
            [
              -87.625824,
              41.750926
            ],
            [
              -87.626523,
              41.750936
            ],
            [
              -87.627035,
              41.750911
            ],
            [
              -87.627113,
              41.754552
            ],
            [
              -87.629542,
              41.754508
            ],
            [
              -87.629591,
              41.75633
            ],
            [
              -87.636871,
              41.756217
            ],
            [
              -87.637863,
              41.756183
            ],
            [
              -87.639439,
              41.756155
            ],
            [
              -87.639409,
              41.754322
            ],
            [
              -87.639317,
              41.752529
            ],
            [
              -87.639263,
              41.750712
            ],
            [
              -87.639746,
              41.750705
            ],
            [
              -87.639772,
              41.751088
            ],
            [
              -87.642833,
              41.751042
            ],
            [
              -87.642959,
              41.756096
            ],
            [
              -87.643642,
              41.756086
            ],
            [
              -87.643678,
              41.757746
            ],
            [
              -87.644225,
              41.757741
            ],
            [
              -87.644241,
              41.758378
            ],
            [
              -87.645453,
              41.758359
            ],
            [
              -87.645531,
              41.761544
            ],
            [
              -87.654628,
              41.761408
            ],
            [
              -87.65464,
              41.761864
            ],
            [
              -87.654878,
              41.761861
            ],
            [
              -87.65727,
              41.761825
            ],
            [
              -87.657257,
              41.76137
            ],
            [
              -87.658872,
              41.761346
            ],
            [
              -87.658941,
              41.764074
            ],
            [
              -87.660556,
              41.764047
            ],
            [
              -87.66058,
              41.764956
            ],
            [
              -87.660179,
              41.764961
            ],
            [
              -87.66019,
              41.765416
            ],
            [
              -87.659585,
              41.765428
            ],
            [
              -87.659625,
              41.766792
            ],
            [
              -87.660227,
              41.766783
            ],
            [
              -87.660278,
              41.768604
            ],
            [
              -87.650572,
              41.768748
            ],
            [
              -87.650668,
              41.772386
            ],
            [
              -87.651882,
              41.772369
            ],
            [
              -87.651977,
              41.776006
            ],
            [
              -87.645908,
              41.776093
            ],
            [
              -87.645865,
              41.774436
            ]
          ]
        ]
      }
    },
    {
      "type": "Feature",
      "properties": {
        "placeFips": "1714000",
        "city": "Chicago",
        "state": "IL",
        "boundaryType": "ward",
        "district": "5",
        "name": "5"
      },
      "geometry": {
        "type": "Polygon",
        "coordinates": [
          [
            [
              -87.583365,
              41.805851
            ],
            [
              -87.583198,
              41.80576
            ],
            [
              -87.582977,
              41.80559
            ],
            [
              -87.5829,
              41.805583
            ],
            [
              -87.582847,
              41.805526
            ],
            [
              -87.582253,
              41.805117
            ],
            [
              -87.581626,
              41.804649
            ],
            [
              -87.581506,
              41.804545
            ],
            [
              -87.581367,
              41.804377
            ],
            [
              -87.581269,
              41.804311
            ],
            [
              -87.58117,
              41.804255
            ],
            [
              -87.581032,
              41.804211
            ],
            [
              -87.580895,
              41.804194
            ],
            [
              -87.580666,
              41.804206
            ],
            [
              -87.580177,
              41.803974
            ],
            [
              -87.580115,
              41.803927
            ],
            [
              -87.580046,
              41.803836
            ],
            [
              -87.580015,
              41.803651
            ],
            [
              -87.58003,
              41.803547
            ],
            [
              -87.58006,
              41.803502
            ],
            [
              -87.58011,
              41.803472
            ],
            [
              -87.580191,
              41.803355
            ],
            [
              -87.580445,
              41.80293
            ],
            [
              -87.580289,
              41.802865
            ],
            [
              -87.580335,
              41.802739
            ],
            [
              -87.58045,
              41.802132
            ],
            [
              -87.580501,
              41.801578
            ],
            [
              -87.580498,
              41.80115
            ],
            [
              -87.580417,
              41.800382
            ],
            [
              -87.580342,
              41.799901
            ],
            [
              -87.580283,
              41.799626
            ],
            [
              -87.58011,
              41.799118
            ],
            [
              -87.579788,
              41.798441
            ],
            [
              -87.579936,
              41.798368
            ],
            [
              -87.579608,
              41.798025
            ],
            [
              -87.579334,
              41.797783
            ],
            [
              -87.579013,
              41.797541
            ],
            [
              -87.578469,
              41.797182
            ],
            [
              -87.578363,
              41.797095
            ],
            [
              -87.57821,
              41.797013
            ],
            [
              -87.577831,
              41.796906
            ],
            [
              -87.577553,
              41.796864
            ],
            [
              -87.577316,
              41.796857
            ],
            [
              -87.576761,
              41.796989
            ],
            [
              -87.57659,
              41.797015
            ],
            [
              -87.576507,
              41.797046
            ],
            [
              -87.576138,
              41.797031
            ],
            [
              -87.575869,
              41.796973
            ],
            [
              -87.575762,
              41.796939
            ],
            [
              -87.575621,
              41.796869
            ],
            [
              -87.57548,
              41.796741
            ],
            [
              -87.575312,
              41.796646
            ],
            [
              -87.575272,
              41.796608
            ],
            [
              -87.575229,
              41.796513
            ],
            [
              -87.575216,
              41.796396
            ],
            [
              -87.575164,
              41.79624
            ],
            [
              -87.575165,
              41.796182
            ],
            [
              -87.5752,
              41.796045
            ],
            [
              -87.575326,
              41.795809
            ],
            [
              -87.575404,
              41.795537
            ],
            [
              -87.575407,
              41.795469
            ],
            [
              -87.575444,
              41.79544
            ],
            [
              -87.575758,
              41.795348
            ],
            [
              -87.576097,
              41.795109
            ],
            [
              -87.576225,
              41.795074
            ],
            [
              -87.576453,
              41.795095
            ],
            [
              -87.576651,
              41.795046
            ],
            [
              -87.576853,
              41.795104
            ],
            [
              -87.576915,
              41.795105
            ],
            [
              -87.577388,
              41.795039
            ],
            [
              -87.577604,
              41.794993
            ],
            [
              -87.57783,
              41.794921
            ],
            [
              -87.578304,
              41.794729
            ],
            [
              -87.578574,
              41.794561
            ],
            [
              -87.57899,
              41.794223
            ],
            [
              -87.579012,
              41.794192
            ],
            [
              -87.579082,
              41.793946
            ],
            [
              -87.57927,
              41.793637
            ],
            [
              -87.579296,
              41.793552
            ],
            [
              -87.5793,
              41.793285
            ],
            [
              -87.579277,
              41.793103
            ],
            [
              -87.579278,
              41.792946
            ],
            [
              -87.579325,
              41.792572
            ],
            [
              -87.579406,
              41.792432
            ],
            [
              -87.579521,
              41.792307
            ],
            [
              -87.57959,
              41.792163
            ],
            [
              -87.579628,
              41.792036
            ],
            [
              -87.579275,
              41.791432
            ],
            [
              -87.578678,
              41.79067
            ],
            [
              -87.578582,
              41.790501
            ],
            [
              -87.578423,
              41.790102
            ],
            [
              -87.578272,
              41.789936
            ],
            [
              -87.577946,
              41.789675
            ],
            [
              -87.577817,
              41.78955
            ],
            [
              -87.577463,
              41.78929
            ],
            [
              -87.57665,
              41.788747
            ],
            [
              -87.57639,
              41.788591
            ],
            [
              -87.576321,
              41.78857
            ],
            [
              -87.576317,
              41.788506
            ],
            [
              -87.576679,
              41.788472
            ],
            [
              -87.576681,
              41.788422
            ],
            [
              -87.57715,
              41.788396
            ],
            [
              -87.577196,
              41.788355
            ],
            [
              -87.57722,
              41.788352
            ],
            [
              -87.577315,
              41.788363
            ],
            [
              -87.57733,
              41.78838
            ],
            [
              -87.577667,
              41.788362
            ],
            [
              -87.577678,
              41.788312
            ],
            [
              -87.577759,
              41.788298
            ],
            [
              -87.577748,
              41.788207
            ],
            [
              -87.577662,
              41.788202
            ],
            [
              -87.577639,
              41.788155
            ],
            [
              -87.57732,
              41.788166
            ],
            [
              -87.5773,
              41.788204
            ],
            [
              -87.577261,
              41.788211
            ],
            [
              -87.577193,
              41.78821
            ],
            [
              -87.57715,
              41.788183
            ],
            [
              -87.577152,
              41.788104
            ],
            [
              -87.577274,
              41.788082
            ],
            [
              -87.57733,
              41.787572
            ],
            [
              -87.577338,
              41.787192
            ],
            [
              -87.577322,
              41.786933
            ],
            [
              -87.577242,
              41.786484
            ],
            [
              -87.576997,
              41.785689
            ],
            [
              -87.576818,
              41.785212
            ],
            [
              -87.576383,
              41.784221
            ],
            [
              -87.5761,
              41.783652
            ],
            [
              -87.576003,
              41.783576
            ],
            [
              -87.575326,
              41.783245
            ],
            [
              -87.574881,
              41.782986
            ],
            [
              -87.574207,
              41.782628
            ],
            [
              -87.573377,
              41.782245
            ],
            [
              -87.572479,
              41.781896
            ],
            [
              -87.57135,
              41.781557
            ],
            [
              -87.570606,
              41.781392
            ],
            [
              -87.569981,
              41.78129
            ],
            [
              -87.569862,
              41.781279
            ],
            [
              -87.569683,
              41.781297
            ],
            [
              -87.568397,
              41.781608
            ],
            [
              -87.567644,
              41.784622
            ],
            [
              -87.567532,
              41.784597
            ],
            [
              -87.568306,
              41.781539
            ],
            [
              -87.571282,
              41.780839
            ],
            [
              -87.57308,
              41.780251
            ],
            [
              -87.572928,
              41.77989
            ],
            [
              -87.572932,
              41.779855
            ],
            [
              -87.572957,
              41.779823
            ],
            [
              -87.573025,
              41.779792
            ],
            [
              -87.57411,
              41.779528
            ],
            [
              -87.574438,
              41.779371
            ],
            [
              -87.574563,
              41.77928
            ],
            [
              -87.574735,
              41.779111
            ],
            [
              -87.574941,
              41.778816
            ],
            [
              -87.574931,
              41.778724
            ],
            [
              -87.575,
              41.77868
            ],
            [
              -87.575054,
              41.778566
            ],
            [
              -87.575166,
              41.778254
            ],
            [
              -87.57528,
              41.777867
            ],
            [
              -87.575303,
              41.777408
            ],
            [
              -87.575245,
              41.777144
            ],
            [
              -87.575191,
              41.777005
            ],
            [
              -87.575071,
              41.776781
            ],
            [
              -87.574923,
              41.776554
            ],
            [
              -87.574695,
              41.776284
            ],
            [
              -87.574608,
              41.776154
            ],
            [
              -87.574606,
              41.776083
            ],
            [
              -87.574641,
              41.776026
            ],
            [
              -87.574697,
              41.775986
            ],
            [
              -87.575072,
              41.775933
            ],
            [
              -87.575036,
              41.775788
            ],
            [
              -87.574809,
              41.775775
            ],
            [
              -87.574585,
              41.775676
            ],
            [
              -87.574235,
              41.775571
            ],
            [
              -87.574216,
              41.775546
            ],
            [
              -87.573861,
              41.775511
            ],
            [
              -87.573476,
              41.775507
            ],
            [
              -87.573395,
              41.775484
            ],
            [
              -87.573358,
              41.775378
            ],
            [
              -87.573312,
              41.775381
            ],
            [
              -87.573316,
              41.775482
            ],
            [
              -87.573296,
              41.775547
            ],
            [
              -87.573216,
              41.775586
            ],
            [
              -87.572842,
              41.775608
            ],
            [
              -87.57269,
              41.775641
            ],
            [
              -87.572167,
              41.775784
            ],
            [
              -87.572087,
              41.775786
            ],
            [
              -87.571998,
              41.775821
            ],
            [
              -87.571936,
              41.775878
            ],
            [
              -87.571841,
              41.776073
            ],
            [
              -87.571757,
              41.776406
            ],
            [
              -87.571746,
              41.776603
            ],
            [
              -87.571773,
              41.776664
            ],
            [
              -87.571824,
              41.776695
            ],
            [
              -87.57193,
              41.776881
            ],
            [
              -87.572162,
              41.777184
            ],
            [
              -87.572317,
              41.777332
            ],
            [
              -87.572372,
              41.777328
            ],
            [
              -87.572448,
              41.777406
            ],
            [
              -87.572621,
              41.777329
            ],
            [
              -87.572646,
              41.777335
            ],
            [
              -87.572868,
              41.777625
            ],
            [
              -87.572791,
              41.77767
            ],
            [
              -87.573157,
              41.778005
            ],
            [
              -87.573271,
              41.778137
            ],
            [
              -87.57336,
              41.778303
            ],
            [
              -87.573321,
              41.778415
            ],
            [
              -87.57338,
              41.778624
            ],
            [
              -87.573379,
              41.778817
            ],
            [
              -87.573365,
              41.778903
            ],
            [
              -87.573299,
              41.779079
            ],
            [
              -87.57322,
              41.779185
            ],
            [
              -87.573126,
              41.779221
            ],
            [
              -87.572923,
              41.779251
            ],
            [
              -87.572744,
              41.779319
            ],
            [
              -87.572665,
              41.779327
            ],
            [
              -87.572477,
              41.779307
            ],
            [
              -87.572238,
              41.779228
            ],
            [
              -87.572169,
              41.779185
            ],
            [
              -87.572126,
              41.779114
            ],
            [
              -87.572095,
              41.779044
            ],
            [
              -87.572098,
              41.778967
            ],
            [
              -87.57208,
              41.778912
            ],
            [
              -87.571823,
              41.77858
            ],
            [
              -87.571671,
              41.77854
            ],
            [
              -87.571573,
              41.77847
            ],
            [
              -87.571138,
              41.778045
            ],
            [
              -87.570325,
              41.777419
            ],
            [
              -87.570149,
              41.777228
            ],
            [
              -87.569898,
              41.776998
            ],
            [
              -87.569818,
              41.77697
            ],
            [
              -87.569693,
              41.776967
            ],
            [
              -87.5695,
              41.776847
            ],
            [
              -87.569416,
              41.776817
            ],
            [
              -87.569189,
              41.776688
            ],
            [
              -87.568813,
              41.776404
            ],
            [
              -87.56807,
              41.775624
            ],
            [
              -87.567819,
              41.775311
            ],
            [
              -87.567201,
              41.774477
            ],
            [
              -87.566862,
              41.774075
            ],
            [
              -87.566813,
              41.773957
            ],
            [
              -87.566429,
              41.773782
            ],
            [
              -87.566358,
              41.77373
            ],
            [
              -87.566286,
              41.773615
            ],
            [
              -87.566289,
              41.773465
            ],
            [
              -87.566186,
              41.773353
            ],
            [
              -87.565937,
              41.773134
            ],
            [
              -87.565652,
              41.772923
            ],
            [
              -87.565356,
              41.772758
            ],
            [
              -87.565001,
              41.772531
            ],
            [
              -87.564904,
              41.772517
            ],
            [
              -87.564716,
              41.772408
            ],
            [
              -87.564372,
              41.772273
            ],
            [
              -87.564073,
              41.772115
            ],
            [
              -87.563982,
              41.77209
            ],
            [
              -87.563641,
              41.772084
            ],
            [
              -87.563585,
              41.772029
            ],
            [
              -87.563592,
              41.771838
            ],
            [
              -87.56357,
              41.771772
            ],
            [
              -87.563526,
              41.771715
            ],
            [
              -87.563485,
              41.771351
            ],
            [
              -87.563421,
              41.771175
            ],
            [
              -87.563418,
              41.771106
            ],
            [
              -87.563468,
              41.771062
            ],
            [
              -87.563276,
              41.770444
            ],
            [
              -87.563196,
              41.770278
            ],
            [
              -87.562925,
              41.769973
            ],
            [
              -87.562642,
              41.769575
            ],
            [
              -87.562517,
              41.769426
            ],
            [
              -87.562429,
              41.769257
            ],
            [
              -87.562377,
              41.769053
            ],
            [
              -87.562338,
              41.769001
            ],
            [
              -87.561916,
              41.768785
            ],
            [
              -87.56154,
              41.768634
            ],
            [
              -87.560924,
              41.768438
            ],
            [
              -87.560527,
              41.768397
            ],
            [
              -87.560413,
              41.768407
            ],
            [
              -87.560322,
              41.76844
            ],
            [
              -87.56017,
              41.768553
            ],
            [
              -87.559812,
              41.768971
            ],
            [
              -87.559663,
              41.76911
            ],
            [
              -87.559595,
              41.769161
            ],
            [
              -87.559536,
              41.769179
            ],
            [
              -87.559517,
              41.769109
            ],
            [
              -87.55952,
              41.768936
            ],
            [
              -87.559434,
              41.76872
            ],
            [
              -87.559415,
              41.768623
            ],
            [
              -87.559447,
              41.768057
            ],
            [
              -87.55952,
              41.767977
            ],
            [
              -87.55952,
              41.767918
            ],
            [
              -87.559519,
              41.767854
            ],
            [
              -87.559437,
              41.767748
            ],
            [
              -87.559431,
              41.7677
            ],
            [
              -87.559429,
              41.767187
            ],
            [
              -87.559392,
              41.766783
            ],
            [
              -87.559445,
              41.766749
            ],
            [
              -87.559506,
              41.766747
            ],
            [
              -87.559536,
              41.766715
            ],
            [
              -87.55953,
              41.7666
            ],
            [
              -87.559561,
              41.766567
            ],
            [
              -87.55997,
              41.766498
            ],
            [
              -87.560181,
              41.76644
            ],
            [
              -87.56037,
              41.766308
            ],
            [
              -87.562809,
              41.766284
            ],
            [
              -87.563028,
              41.766322
            ],
            [
              -87.566056,
              41.766305
            ],
            [
              -87.566484,
              41.766318
            ],
            [
              -87.566509,
              41.765955
            ],
            [
              -87.566487,
              41.764435
            ],
            [
              -87.567699,
              41.764423
            ],
            [
              -87.567665,
              41.762606
            ],
            [
              -87.571302,
              41.762567
            ],
            [
              -87.571264,
              41.760751
            ],
            [
              -87.573694,
              41.760726
            ],
            [
              -87.573734,
              41.762543
            ],
            [
              -87.576221,
              41.762515
            ],
            [
              -87.576211,
              41.762061
            ],
            [
              -87.577438,
              41.762046
            ],
            [
              -87.577442,
              41.7625
            ],
            [
              -87.579286,
              41.762481
            ],
            [
              -87.579317,
              41.763885
            ],
            [
              -87.579342,
              41.764214
            ],
            [
              -87.579334,
              41.764479
            ],
            [
              -87.57937,
              41.766046
            ],
            [
              -87.585333,
              41.765985
            ],
            [
              -87.585274,
              41.764242
            ],
            [
              -87.585873,
              41.764238
            ],
            [
              -87.585897,
              41.765146
            ],
            [
              -87.586303,
              41.765143
            ],
            [
              -87.586325,
              41.765972
            ],
            [
              -87.589575,
              41.765933
            ],
            [
              -87.590412,
              41.766015
            ],
            [
              -87.593761,
              41.766004
            ],
            [
              -87.593957,
              41.765085
            ],
            [
              -87.593381,
              41.765061
            ],
            [
              -87.59339,
              41.764909
            ],
            [
              -87.593374,
              41.764177
            ],
            [
              -87.593278,
              41.760529
            ],
            [
              -87.593836,
              41.760523
            ],
            [
              -87.594991,
              41.760552
            ],
            [
              -87.59538,
              41.758697
            ],
            [
              -87.594474,
              41.75869
            ],
            [
              -87.5908,
              41.758724
            ],
            [
              -87.590754,
              41.756903
            ],
            [
              -87.586089,
              41.756945
            ],
            [
              -87.586071,
              41.756026
            ],
            [
              -87.585933,
              41.755469
            ],
            [
              -87.585904,
              41.754994
            ],
            [
              -87.585869,
              41.753175
            ],
            [
              -87.585813,
              41.752013
            ],
            [
              -87.585824,
              41.751506
            ],
            [
              -87.588027,
              41.75147
            ],
            [
              -87.590064,
              41.752957
            ],
            [
              -87.591778,
              41.754173
            ],
            [
              -87.59482,
              41.756388
            ],
            [
              -87.597411,
              41.758225
            ],
            [
              -87.60001,
              41.76012
            ],
            [
              -87.60569,
              41.76418
            ],
            [
              -87.607974,
              41.765834
            ],
            [
              -87.605587,
              41.765869
            ],
            [
              -87.605609,
              41.766173
            ],
            [
              -87.605603,
              41.766533
            ],
            [
              -87.605624,
              41.766846
            ],
            [
              -87.605809,
              41.77496
            ],
            [
              -87.600333,
              41.775018
            ],
            [
              -87.600374,
              41.776836
            ],
            [
              -87.599998,
              41.776841
            ],
            [
              -87.597942,
              41.776861
            ],
            [
              -87.597904,
              41.775043
            ],
            [
              -87.59295,
              41.775079
            ],
            [
              -87.591174,
              41.775127
            ],
            [
              -87.591077,
              41.775594
            ],
            [
              -87.588851,
              41.775615
            ],
            [
              -87.588932,
              41.778772
            ],
            [
              -87.588105,
              41.778776
            ],
            [
              -87.588,
              41.77875
            ],
            [
              -87.58642,
              41.778769
            ],
            [
              -87.586458,
              41.780619
            ],
            [
              -87.589114,
              41.780581
            ],
            [
              -87.589154,
              41.78196
            ],
            [
              -87.589483,
              41.781959
            ],
            [
              -87.589441,
              41.782199
            ],
            [
              -87.589958,
              41.782331
            ],
            [
              -87.589082,
              41.786122
            ],
            [
              -87.595636,
              41.786056
            ],
            [
              -87.596,
              41.786043
            ],
            [
              -87.596582,
              41.785986
            ],
            [
              -87.59711,
              41.785967
            ],
            [
              -87.606037,
              41.785874
            ],
            [
              -87.606222,
              41.794801
            ],
            [
              -87.606212,
              41.795063
            ],
            [
              -87.606242,
              41.795286
            ],
            [
              -87.606359,
              41.800722
            ],
            [
              -87.606407,
              41.802251
            ],
            [
              -87.599809,
              41.802331
            ],
            [
              -87.599772,
              41.80089
            ],
            [
              -87.598444,
              41.800903
            ],
            [
              -87.59821,
              41.800906
            ],
            [
              -87.598247,
              41.80235
            ],
            [
              -87.596707,
              41.802366
            ],
            [
              -87.596642,
              41.799458
            ],
            [
              -87.595026,
              41.799473
            ],
            [
              -87.594923,
              41.795085
            ],
            [
              -87.593347,
              41.795108
            ],
            [
              -87.593397,
              41.795201
            ],
            [
              -87.59346,
              41.797968
            ],
            [
              -87.593446,
              41.798002
            ],
            [
              -87.593407,
              41.798029
            ],
            [
              -87.591748,
              41.798046
            ],
            [
              -87.591758,
              41.798438
            ],
            [
              -87.592627,
              41.798428
            ],
            [
              -87.592656,
              41.7995
            ],
            [
              -87.587033,
              41.799565
            ],
            [
              -87.587127,
              41.800385
            ],
            [
              -87.587285,
              41.801313
            ],
            [
              -87.58744,
              41.801997
            ],
            [
              -87.587724,
              41.803001
            ],
            [
              -87.588163,
              41.804282
            ],
            [
              -87.588324,
              41.804689
            ],
            [
              -87.588443,
              41.804969
            ],
            [
              -87.588889,
              41.805891
            ],
            [
              -87.589147,
              41.80635
            ],
            [
              -87.587752,
              41.806794
            ],
            [
              -87.587589,
              41.80671
            ],
            [
              -87.586552,
              41.805843
            ],
            [
              -87.585796,
              41.806345
            ],
            [
              -87.584853,
              41.806908
            ],
            [
              -87.584725,
              41.806812
            ],
            [
              -87.584524,
              41.806624
            ],
            [
              -87.584256,
              41.80644
            ],
            [
              -87.583903,
              41.806239
            ],
            [
              -87.583649,
              41.806032
            ],
            [
              -87.583365,
              41.805851
            ]
          ]
        ]
      }
    },
    {
      "type": "Feature",
      "properties": {
        "placeFips": "1714000",
        "city": "Chicago",
        "state": "IL",
        "boundaryType": "ward",
        "district": "43",
        "name": "43"
      },
      "geometry": {
        "type": "Polygon",
        "coordinates": [
          [
            [
              -87.63393,
              41.933013
            ],
            [
              -87.633926,
              41.932906
            ],
            [
              -87.632822,
              41.932933
            ],
            [
              -87.632584,
              41.932648
            ],
            [
              -87.632506,
              41.932601
            ],
            [
              -87.632441,
              41.932589
            ],
            [
              -87.631818,
              41.932582
            ],
            [
              -87.631821,
              41.932444
            ],
            [
              -87.631399,
              41.932433
            ],
            [
              -87.631254,
              41.932395
            ],
            [
              -87.631281,
              41.932419
            ],
            [
              -87.631153,
              41.932575
            ],
            [
              -87.631069,
              41.93259
            ],
            [
              -87.631055,
              41.932556
            ],
            [
              -87.63111,
              41.932539
            ],
            [
              -87.631238,
              41.932386
            ],
            [
              -87.631021,
              41.932286
            ],
            [
              -87.63085,
              41.932167
            ],
            [
              -87.630736,
              41.931983
            ],
            [
              -87.630687,
              41.931869
            ],
            [
              -87.630674,
              41.931774
            ],
            [
              -87.630697,
              41.931599
            ],
            [
              -87.630786,
              41.931389
            ],
            [
              -87.630952,
              41.930812
            ],
            [
              -87.631,
              41.930407
            ],
            [
              -87.63101,
              41.930084
            ],
            [
              -87.630998,
              41.9299
            ],
            [
              -87.63091,
              41.929322
            ],
            [
              -87.630834,
              41.929013
            ],
            [
              -87.630749,
              41.928818
            ],
            [
              -87.630694,
              41.928602
            ],
            [
              -87.630396,
              41.928082
            ],
            [
              -87.630611,
              41.927996
            ],
            [
              -87.630515,
              41.92785
            ],
            [
              -87.630327,
              41.927627
            ],
            [
              -87.630031,
              41.927343
            ],
            [
              -87.629791,
              41.927079
            ],
            [
              -87.62964,
              41.926802
            ],
            [
              -87.629598,
              41.926582
            ],
            [
              -87.629603,
              41.92635
            ],
            [
              -87.62962,
              41.926264
            ],
            [
              -87.629638,
              41.9262
            ],
            [
              -87.6297,
              41.926101
            ],
            [
              -87.629728,
              41.926095
            ],
            [
              -87.629878,
              41.926159
            ],
            [
              -87.630177,
              41.925886
            ],
            [
              -87.630259,
              41.92579
            ],
            [
              -87.630275,
              41.925748
            ],
            [
              -87.630259,
              41.925282
            ],
            [
              -87.630192,
              41.924678
            ],
            [
              -87.630084,
              41.924154
            ],
            [
              -87.630082,
              41.924046
            ],
            [
              -87.630008,
              41.923778
            ],
            [
              -87.629938,
              41.923547
            ],
            [
              -87.629903,
              41.923482
            ],
            [
              -87.629581,
              41.923199
            ],
            [
              -87.629273,
              41.922997
            ],
            [
              -87.629003,
              41.92275
            ],
            [
              -87.628383,
              41.923118
            ],
            [
              -87.628336,
              41.923074
            ],
            [
              -87.629269,
              41.922521
            ],
            [
              -87.629304,
              41.922551
            ],
            [
              -87.629486,
              41.92244
            ],
            [
              -87.62948,
              41.922397
            ],
            [
              -87.629427,
              41.922286
            ],
            [
              -87.629258,
              41.922042
            ],
            [
              -87.628988,
              41.921692
            ],
            [
              -87.6289,
              41.921601
            ],
            [
              -87.628852,
              41.921483
            ],
            [
              -87.62868,
              41.921294
            ],
            [
              -87.628536,
              41.921033
            ],
            [
              -87.627757,
              41.921405
            ],
            [
              -87.62771,
              41.921376
            ],
            [
              -87.627704,
              41.921365
            ],
            [
              -87.627796,
              41.921317
            ],
            [
              -87.628761,
              41.920857
            ],
            [
              -87.628795,
              41.92089
            ],
            [
              -87.628934,
              41.920821
            ],
            [
              -87.628917,
              41.920729
            ],
            [
              -87.628681,
              41.920288
            ],
            [
              -87.628561,
              41.920123
            ],
            [
              -87.628427,
              41.919978
            ],
            [
              -87.628175,
              41.919783
            ],
            [
              -87.627956,
              41.919505
            ],
            [
              -87.62735,
              41.9198
            ],
            [
              -87.627325,
              41.919747
            ],
            [
              -87.628365,
              41.91924
            ],
            [
              -87.628397,
              41.919272
            ],
            [
              -87.628419,
              41.919259
            ],
            [
              -87.628436,
              41.919239
            ],
            [
              -87.628425,
              41.919172
            ],
            [
              -87.628294,
              41.919025
            ],
            [
              -87.628152,
              41.918804
            ],
            [
              -87.627893,
              41.918528
            ],
            [
              -87.627494,
              41.918219
            ],
            [
              -87.627354,
              41.918003
            ],
            [
              -87.626832,
              41.918301
            ],
            [
              -87.6268,
              41.918251
            ],
            [
              -87.627856,
              41.917643
            ],
            [
              -87.627891,
              41.917673
            ],
            [
              -87.627918,
              41.917631
            ],
            [
              -87.62789,
              41.917571
            ],
            [
              -87.627582,
              41.917215
            ],
            [
              -87.627354,
              41.917057
            ],
            [
              -87.627085,
              41.916838
            ],
            [
              -87.626935,
              41.916691
            ],
            [
              -87.626846,
              41.916562
            ],
            [
              -87.626771,
              41.91651
            ],
            [
              -87.626705,
              41.916435
            ],
            [
              -87.626093,
              41.916836
            ],
            [
              -87.626044,
              41.916794
            ],
            [
              -87.626813,
              41.916286
            ],
            [
              -87.626632,
              41.916134
            ],
            [
              -87.626288,
              41.915758
            ],
            [
              -87.626086,
              41.915633
            ],
            [
              -87.625921,
              41.915586
            ],
            [
              -87.6258,
              41.91553
            ],
            [
              -87.625644,
              41.915367
            ],
            [
              -87.625454,
              41.915227
            ],
            [
              -87.625093,
              41.914899
            ],
            [
              -87.624867,
              41.914725
            ],
            [
              -87.624547,
              41.914547
            ],
            [
              -87.624272,
              41.914337
            ],
            [
              -87.624025,
              41.914176
            ],
            [
              -87.623536,
              41.913952
            ],
            [
              -87.623194,
              41.913776
            ],
            [
              -87.622906,
              41.913681
            ],
            [
              -87.622427,
              41.913573
            ],
            [
              -87.621732,
              41.913528
            ],
            [
              -87.621164,
              41.913588
            ],
            [
              -87.621012,
              41.913641
            ],
            [
              -87.620773,
              41.913771
            ],
            [
              -87.620617,
              41.913793
            ],
            [
              -87.620555,
              41.913761
            ],
            [
              -87.62052,
              41.913715
            ],
            [
              -87.620486,
              41.91361
            ],
            [
              -87.620494,
              41.913562
            ],
            [
              -87.620565,
              41.913432
            ],
            [
              -87.620572,
              41.91337
            ],
            [
              -87.620444,
              41.913488
            ],
            [
              -87.620374,
              41.913575
            ],
            [
              -87.620292,
              41.913709
            ],
            [
              -87.620212,
              41.913907
            ],
            [
              -87.62019,
              41.914085
            ],
            [
              -87.620208,
              41.914556
            ],
            [
              -87.62024,
              41.914626
            ],
            [
              -87.620305,
              41.914703
            ],
            [
              -87.620467,
              41.914794
            ],
            [
              -87.620615,
              41.914822
            ],
            [
              -87.620742,
              41.91482
            ],
            [
              -87.620841,
              41.914798
            ],
            [
              -87.620955,
              41.914749
            ],
            [
              -87.620988,
              41.914786
            ],
            [
              -87.620773,
              41.914862
            ],
            [
              -87.620626,
              41.91487
            ],
            [
              -87.620496,
              41.914852
            ],
            [
              -87.62039,
              41.914815
            ],
            [
              -87.620292,
              41.914757
            ],
            [
              -87.620223,
              41.914693
            ],
            [
              -87.620156,
              41.914579
            ],
            [
              -87.62014,
              41.914497
            ],
            [
              -87.620132,
              41.914058
            ],
            [
              -87.620166,
              41.913857
            ],
            [
              -87.620221,
              41.913716
            ],
            [
              -87.620294,
              41.913589
            ],
            [
              -87.620389,
              41.913468
            ],
            [
              -87.620501,
              41.913359
            ],
            [
              -87.620779,
              41.913176
            ],
            [
              -87.621146,
              41.91303
            ],
            [
              -87.621587,
              41.912934
            ],
            [
              -87.622092,
              41.912896
            ],
            [
              -87.622423,
              41.912843
            ],
            [
              -87.622837,
              41.912715
            ],
            [
              -87.623207,
              41.912526
            ],
            [
              -87.624663,
              41.911416
            ],
            [
              -87.624687,
              41.910851
            ],
            [
              -87.624703,
              41.910796
            ],
            [
              -87.624802,
              41.910622
            ],
            [
              -87.625017,
              41.910427
            ],
            [
              -87.625095,
              41.910265
            ],
            [
              -87.625116,
              41.91018
            ],
            [
              -87.625145,
              41.909819
            ],
            [
              -87.62509,
              41.909111
            ],
            [
              -87.625019,
              41.90854
            ],
            [
              -87.624804,
              41.907527
            ],
            [
              -87.624596,
              41.906999
            ],
            [
              -87.623631,
              41.904247
            ],
            [
              -87.625004,
              41.904001
            ],
            [
              -87.628678,
              41.903942
            ],
            [
              -87.628773,
              41.906599
            ],
            [
              -87.628789,
              41.90812
            ],
            [
              -87.628886,
              41.911223
            ],
            [
              -87.631006,
              41.911189
            ],
            [
              -87.631382,
              41.911198
            ],
            [
              -87.631682,
              41.911181
            ],
            [
              -87.631712,
              41.911292
            ],
            [
              -87.631861,
              41.911553
            ],
            [
              -87.632815,
              41.913108
            ],
            [
              -87.632913,
              41.91307
            ],
            [
              -87.633069,
              41.91298
            ],
            [
              -87.633115,
              41.912911
            ],
            [
              -87.638382,
              41.912823
            ],
            [
              -87.638778,
              41.912876
            ],
            [
              -87.639775,
              41.912865
            ],
            [
              -87.639861,
              41.912875
            ],
            [
              -87.639806,
              41.911097
            ],
            [
              -87.643064,
              41.911043
            ],
            [
              -87.643624,
              41.911004
            ],
            [
              -87.644356,
              41.910987
            ],
            [
              -87.644449,
              41.913886
            ],
            [
              -87.648361,
              41.913827
            ],
            [
              -87.648272,
              41.91092
            ],
            [
              -87.649501,
              41.9109
            ],
            [
              -87.649518,
              41.911605
            ],
            [
              -87.651844,
              41.913189
            ],
            [
              -87.652219,
              41.913492
            ],
            [
              -87.652369,
              41.913637
            ],
            [
              -87.652392,
              41.913766
            ],
            [
              -87.653146,
              41.913747
            ],
            [
              -87.653396,
              41.913695
            ],
            [
              -87.65828,
              41.917194
            ],
            [
              -87.658214,
              41.91728
            ],
            [
              -87.658203,
              41.917343
            ],
            [
              -87.658335,
              41.921661
            ],
            [
              -87.660769,
              41.921641
            ],
            [
              -87.660886,
              41.925255
            ],
            [
              -87.660515,
              41.925261
            ],
            [
              -87.660579,
              41.927076
            ],
            [
              -87.661386,
              41.927064
            ],
            [
              -87.661357,
              41.92737
            ],
            [
              -87.661293,
              41.927719
            ],
            [
              -87.661239,
              41.927974
            ],
            [
              -87.661169,
              41.928205
            ],
            [
              -87.661055,
              41.928734
            ],
            [
              -87.661041,
              41.928887
            ],
            [
              -87.661087,
              41.930265
            ],
            [
              -87.66109,
              41.931009
            ],
            [
              -87.661129,
              41.932518
            ],
            [
              -87.64987,
              41.9327
            ],
            [
              -87.638089,
              41.932932
            ],
            [
              -87.637346,
              41.932931
            ],
            [
              -87.63624,
              41.932854
            ],
            [
              -87.634724,
              41.932803
            ],
            [
              -87.634578,
              41.932879
            ],
            [
              -87.634361,
              41.932958
            ],
            [
              -87.634115,
              41.933007
            ],
            [
              -87.63393,
              41.933013
            ]
          ]
        ]
      }
    },
    {
      "type": "Feature",
      "properties": {
        "placeFips": "1714000",
        "city": "Chicago",
        "state": "IL",
        "boundaryType": "ward",
        "district": "8",
        "name": "8"
      },
      "geometry": {
        "type": "Polygon",
        "coordinates": [
          [
            [
              -87.590149,
              41.765981
            ],
            [
              -87.589575,
              41.765933
            ],
            [
              -87.586325,
              41.765972
            ],
            [
              -87.586303,
              41.765143
            ],
            [
              -87.588534,
              41.765127
            ],
            [
              -87.588416,
              41.760568
            ],
            [
              -87.585779,
              41.760593
            ],
            [
              -87.585832,
              41.762414
            ],
            [
              -87.580511,
              41.762468
            ],
            [
              -87.580471,
              41.760648
            ],
            [
              -87.576182,
              41.760697
            ],
            [
              -87.576151,
              41.759304
            ],
            [
              -87.576057,
              41.759291
            ],
            [
              -87.575519,
              41.759298
            ],
            [
              -87.575529,
              41.759805
            ],
            [
              -87.575589,
              41.759876
            ],
            [
              -87.57561,
              41.760704
            ],
            [
              -87.574313,
              41.760719
            ],
            [
              -87.57429,
              41.759821
            ],
            [
              -87.574284,
              41.759789
            ],
            [
              -87.574216,
              41.759767
            ],
            [
              -87.574201,
              41.759735
            ],
            [
              -87.574198,
              41.759316
            ],
            [
              -87.57491,
              41.759306
            ],
            [
              -87.57491,
              41.758891
            ],
            [
              -87.571246,
              41.758934
            ],
            [
              -87.571233,
              41.757102
            ],
            [
              -87.571206,
              41.756483
            ],
            [
              -87.571154,
              41.754139
            ],
            [
              -87.571077,
              41.749852
            ],
            [
              -87.567422,
              41.749898
            ],
            [
              -87.567342,
              41.744446
            ],
            [
              -87.575628,
              41.74434
            ],
            [
              -87.570658,
              41.740764
            ],
            [
              -87.569717,
              41.740779
            ],
            [
              -87.569744,
              41.742597
            ],
            [
              -87.56853,
              41.742612
            ],
            [
              -87.568551,
              41.744044
            ],
            [
              -87.566728,
              41.744066
            ],
            [
              -87.566705,
              41.742636
            ],
            [
              -87.566097,
              41.742645
            ],
            [
              -87.566024,
              41.737193
            ],
            [
              -87.565914,
              41.733542
            ],
            [
              -87.57259,
              41.733451
            ],
            [
              -87.572497,
              41.729802
            ],
            [
              -87.575535,
              41.729761
            ],
            [
              -87.575355,
              41.722469
            ],
            [
              -87.585127,
              41.722339
            ],
            [
              -87.585053,
              41.721684
            ],
            [
              -87.58499,
              41.721352
            ],
            [
              -87.584974,
              41.721006
            ],
            [
              -87.584889,
              41.718319
            ],
            [
              -87.584891,
              41.717626
            ],
            [
              -87.584737,
              41.714295
            ],
            [
              -87.584702,
              41.713695
            ],
            [
              -87.584684,
              41.713607
            ],
            [
              -87.584683,
              41.712491
            ],
            [
              -87.584662,
              41.711791
            ],
            [
              -87.584626,
              41.71125
            ],
            [
              -87.584737,
              41.71029
            ],
            [
              -87.584829,
              41.709815
            ],
            [
              -87.584938,
              41.709418
            ],
            [
              -87.585086,
              41.709013
            ],
            [
              -87.585256,
              41.708616
            ],
            [
              -87.585521,
              41.708121
            ],
            [
              -87.585746,
              41.707774
            ],
            [
              -87.587463,
              41.707743
            ],
            [
              -87.589024,
              41.707735
            ],
            [
              -87.591507,
              41.707664
            ],
            [
              -87.592535,
              41.707663
            ],
            [
              -87.594286,
              41.707627
            ],
            [
              -87.596254,
              41.707611
            ],
            [
              -87.606518,
              41.707433
            ],
            [
              -87.604481,
              41.716411
            ],
            [
              -87.603182,
              41.722048
            ],
            [
              -87.604482,
              41.722044
            ],
            [
              -87.604518,
              41.72313
            ],
            [
              -87.604505,
              41.723673
            ],
            [
              -87.604606,
              41.727534
            ],
            [
              -87.609445,
              41.727451
            ],
            [
              -87.609548,
              41.731566
            ],
            [
              -87.607126,
              41.731605
            ],
            [
              -87.607238,
              41.736156
            ],
            [
              -87.605481,
              41.736183
            ],
            [
              -87.605495,
              41.736641
            ],
            [
              -87.604823,
              41.736649
            ],
            [
              -87.605033,
              41.74397
            ],
            [
              -87.606244,
              41.743949
            ],
            [
              -87.6064,
              41.749437
            ],
            [
              -87.605189,
              41.749457
            ],
            [
              -87.605237,
              41.751116
            ],
            [
              -87.605221,
              41.751137
            ],
            [
              -87.605208,
              41.751363
            ],
            [
              -87.605242,
              41.752891
            ],
            [
              -87.605452,
              41.760665
            ],
            [
              -87.605529,
              41.764065
            ],
            [
              -87.60001,
              41.76012
            ],
            [
              -87.597411,
              41.758225
            ],
            [
              -87.59482,
              41.756388
            ],
            [
              -87.591778,
              41.754173
            ],
            [
              -87.590064,
              41.752957
            ],
            [
              -87.588027,
              41.75147
            ],
            [
              -87.585824,
              41.751506
            ],
            [
              -87.585813,
              41.752013
            ],
            [
              -87.585869,
              41.753175
            ],
            [
              -87.585904,
              41.754994
            ],
            [
              -87.585933,
              41.755469
            ],
            [
              -87.586071,
              41.756026
            ],
            [
              -87.586089,
              41.756945
            ],
            [
              -87.590754,
              41.756903
            ],
            [
              -87.5908,
              41.758724
            ],
            [
              -87.594474,
              41.75869
            ],
            [
              -87.59538,
              41.758697
            ],
            [
              -87.594991,
              41.760552
            ],
            [
              -87.593836,
              41.760523
            ],
            [
              -87.593278,
              41.760529
            ],
            [
              -87.593374,
              41.764177
            ],
            [
              -87.59339,
              41.764909
            ],
            [
              -87.593381,
              41.765061
            ],
            [
              -87.593957,
              41.765085
            ],
            [
              -87.593761,
              41.766004
            ],
            [
              -87.590412,
              41.766015
            ],
            [
              -87.590149,
              41.765981
            ]
          ]
        ]
      }
    },
    {
      "type": "Feature",
      "properties": {
        "placeFips": "1714000",
        "city": "Chicago",
        "state": "IL",
        "boundaryType": "ward",
        "district": "42",
        "name": "42"
      },
      "geometry": {
        "type": "Polygon",
        "coordinates": [
          [
            [
              -87.624127,
              41.89921
            ],
            [
              -87.624095,
              41.89785
            ],
            [
              -87.624201,
              41.896964
            ],
            [
              -87.624279,
              41.896529
            ],
            [
              -87.624271,
              41.89574
            ],
            [
              -87.615707,
              41.895877
            ],
            [
              -87.614907,
              41.894671
            ],
            [
              -87.613683,
              41.893131
            ],
            [
              -87.61337,
              41.893233
            ],
            [
              -87.612867,
              41.893362
            ],
            [
              -87.612623,
              41.893409
            ],
            [
              -87.612555,
              41.893413
            ],
            [
              -87.61203,
              41.893327
            ],
            [
              -87.611852,
              41.893581
            ],
            [
              -87.610383,
              41.895927
            ],
            [
              -87.610271,
              41.896098
            ],
            [
              -87.610154,
              41.896228
            ],
            [
              -87.610027,
              41.896244
            ],
            [
              -87.608194,
              41.896276
            ],
            [
              -87.607976,
              41.896273
            ],
            [
              -87.607901,
              41.896245
            ],
            [
              -87.606828,
              41.89627
            ],
            [
              -87.60673,
              41.896265
            ],
            [
              -87.606689,
              41.896235
            ],
            [
              -87.606553,
              41.896237
            ],
            [
              -87.606554,
              41.896283
            ],
            [
              -87.605865,
              41.896296
            ],
            [
              -87.605863,
              41.89625
            ],
            [
              -87.605727,
              41.896249
            ],
            [
              -87.605666,
              41.896285
            ],
            [
              -87.605192,
              41.896291
            ],
            [
              -87.604961,
              41.896331
            ],
            [
              -87.604217,
              41.896327
            ],
            [
              -87.603127,
              41.896364
            ],
            [
              -87.602426,
              41.896371
            ],
            [
              -87.60237,
              41.896343
            ],
            [
              -87.602352,
              41.896309
            ],
            [
              -87.602343,
              41.896224
            ],
            [
              -87.602313,
              41.894673
            ],
            [
              -87.602319,
              41.894177
            ],
            [
              -87.602293,
              41.893314
            ],
            [
              -87.602352,
              41.893265
            ],
            [
              -87.609822,
              41.893146
            ],
            [
              -87.609796,
              41.892221
            ],
            [
              -87.600911,
              41.892365
            ],
            [
              -87.600907,
              41.892408
            ],
            [
              -87.600783,
              41.892442
            ],
            [
              -87.600715,
              41.892443
            ],
            [
              -87.600592,
              41.892415
            ],
            [
              -87.600582,
              41.89224
            ],
            [
              -87.598549,
              41.892274
            ],
            [
              -87.598524,
              41.89145
            ],
            [
              -87.600567,
              41.891415
            ],
            [
              -87.600561,
              41.891112
            ],
            [
              -87.600719,
              41.891075
            ],
            [
              -87.600887,
              41.891107
            ],
            [
              -87.60089,
              41.891151
            ],
            [
              -87.609535,
              41.891013
            ],
            [
              -87.609486,
              41.88939
            ],
            [
              -87.607659,
              41.889366
            ],
            [
              -87.607645,
              41.889356
            ],
            [
              -87.607638,
              41.889281
            ],
            [
              -87.607664,
              41.889258
            ],
            [
              -87.607707,
              41.889257
            ],
            [
              -87.607671,
              41.889226
            ],
            [
              -87.607653,
              41.888674
            ],
            [
              -87.607566,
              41.888675
            ],
            [
              -87.607514,
              41.88864
            ],
            [
              -87.605669,
              41.888666
            ],
            [
              -87.605444,
              41.888673
            ],
            [
              -87.605433,
              41.888709
            ],
            [
              -87.605199,
              41.888715
            ],
            [
              -87.605146,
              41.888677
            ],
            [
              -87.604741,
              41.888681
            ],
            [
              -87.604697,
              41.888667
            ],
            [
              -87.604673,
              41.888627
            ],
            [
              -87.604695,
              41.888584
            ],
            [
              -87.604733,
              41.888569
            ],
            [
              -87.605134,
              41.88856
            ],
            [
              -87.605214,
              41.888454
            ],
            [
              -87.60513,
              41.888348
            ],
            [
              -87.60252,
              41.888386
            ],
            [
              -87.602466,
              41.888359
            ],
            [
              -87.602459,
              41.888313
            ],
            [
              -87.602521,
              41.888275
            ],
            [
              -87.605136,
              41.888229
            ],
            [
              -87.605184,
              41.888192
            ],
            [
              -87.605413,
              41.888189
            ],
            [
              -87.605411,
              41.888224
            ],
            [
              -87.605987,
              41.888217
            ],
            [
              -87.607507,
              41.888189
            ],
            [
              -87.607558,
              41.888155
            ],
            [
              -87.607807,
              41.888149
            ],
            [
              -87.60781,
              41.888185
            ],
            [
              -87.609846,
              41.88797
            ],
            [
              -87.60988,
              41.887766
            ],
            [
              -87.609879,
              41.887151
            ],
            [
              -87.6099,
              41.887118
            ],
            [
              -87.609936,
              41.887107
            ],
            [
              -87.609939,
              41.887061
            ],
            [
              -87.609986,
              41.88408
            ],
            [
              -87.612736,
              41.884059
            ],
            [
              -87.612739,
              41.883808
            ],
            [
              -87.612759,
              41.883675
            ],
            [
              -87.612806,
              41.88353
            ],
            [
              -87.612878,
              41.883391
            ],
            [
              -87.612994,
              41.883249
            ],
            [
              -87.61314,
              41.883112
            ],
            [
              -87.613313,
              41.88298
            ],
            [
              -87.613506,
              41.88286
            ],
            [
              -87.613714,
              41.882756
            ],
            [
              -87.613918,
              41.882677
            ],
            [
              -87.614211,
              41.882593
            ],
            [
              -87.614461,
              41.882543
            ],
            [
              -87.614668,
              41.882516
            ],
            [
              -87.615462,
              41.88249
            ],
            [
              -87.61579,
              41.882436
            ],
            [
              -87.616062,
              41.882328
            ],
            [
              -87.616209,
              41.882231
            ],
            [
              -87.616335,
              41.882112
            ],
            [
              -87.616432,
              41.881964
            ],
            [
              -87.616497,
              41.881779
            ],
            [
              -87.616498,
              41.881414
            ],
            [
              -87.615754,
              41.881417
            ],
            [
              -87.615722,
              41.880567
            ],
            [
              -87.616478,
              41.880557
            ],
            [
              -87.616458,
              41.879777
            ],
            [
              -87.616372,
              41.87978
            ],
            [
              -87.616336,
              41.877826
            ],
            [
              -87.616306,
              41.87782
            ],
            [
              -87.61627,
              41.87742
            ],
            [
              -87.616192,
              41.876016
            ],
            [
              -87.616182,
              41.874973
            ],
            [
              -87.616222,
              41.873982
            ],
            [
              -87.616224,
              41.87395
            ],
            [
              -87.616243,
              41.873948
            ],
            [
              -87.616228,
              41.873297
            ],
            [
              -87.617082,
              41.873259
            ],
            [
              -87.624411,
              41.87316
            ],
            [
              -87.625966,
              41.873126
            ],
            [
              -87.626082,
              41.878246
            ],
            [
              -87.627575,
              41.878219
            ],
            [
              -87.627677,
              41.878176
            ],
            [
              -87.630785,
              41.878148
            ],
            [
              -87.630749,
              41.876884
            ],
            [
              -87.632914,
              41.876869
            ],
            [
              -87.63487,
              41.876829
            ],
            [
              -87.645703,
              41.876692
            ],
            [
              -87.645803,
              41.8777
            ],
            [
              -87.645869,
              41.878774
            ],
            [
              -87.645998,
              41.881794
            ],
            [
              -87.64736,
              41.881778
            ],
            [
              -87.647405,
              41.883146
            ],
            [
              -87.646046,
              41.883156
            ],
            [
              -87.646053,
              41.883713
            ],
            [
              -87.646141,
              41.885256
            ],
            [
              -87.646181,
              41.885582
            ],
            [
              -87.646221,
              41.885817
            ],
            [
              -87.646371,
              41.886351
            ],
            [
              -87.646525,
              41.886773
            ],
            [
              -87.646539,
              41.8868
            ],
            [
              -87.647506,
              41.886797
            ],
            [
              -87.647583,
              41.88905
            ],
            [
              -87.645788,
              41.889074
            ],
            [
              -87.645349,
              41.889021
            ],
            [
              -87.644334,
              41.889034
            ],
            [
              -87.644345,
              41.890128
            ],
            [
              -87.642913,
              41.890152
            ],
            [
              -87.642952,
              41.890245
            ],
            [
              -87.642812,
              41.890701
            ],
            [
              -87.642822,
              41.890833
            ],
            [
              -87.642894,
              41.890981
            ],
            [
              -87.643123,
              41.891253
            ],
            [
              -87.642702,
              41.891269
            ],
            [
              -87.641178,
              41.891413
            ],
            [
              -87.641267,
              41.891628
            ],
            [
              -87.641506,
              41.891969
            ],
            [
              -87.641574,
              41.892049
            ],
            [
              -87.641927,
              41.892373
            ],
            [
              -87.642131,
              41.892595
            ],
            [
              -87.64245,
              41.892869
            ],
            [
              -87.642716,
              41.893036
            ],
            [
              -87.642943,
              41.893215
            ],
            [
              -87.643215,
              41.893376
            ],
            [
              -87.643553,
              41.893537
            ],
            [
              -87.643782,
              41.893889
            ],
            [
              -87.643977,
              41.894022
            ],
            [
              -87.644075,
              41.894139
            ],
            [
              -87.644117,
              41.894274
            ],
            [
              -87.644222,
              41.896455
            ],
            [
              -87.635923,
              41.896569
            ],
            [
              -87.635438,
              41.896591
            ],
            [
              -87.63521,
              41.896581
            ],
            [
              -87.634203,
              41.896596
            ],
            [
              -87.634175,
              41.895595
            ],
            [
              -87.632691,
              41.895614
            ],
            [
              -87.632676,
              41.894812
            ],
            [
              -87.628153,
              41.894876
            ],
            [
              -87.628222,
              41.89752
            ],
            [
              -87.626872,
              41.89754
            ],
            [
              -87.62692,
              41.898837
            ],
            [
              -87.626904,
              41.89909
            ],
            [
              -87.62685,
              41.899166
            ],
            [
              -87.628265,
              41.89914
            ],
            [
              -87.628356,
              41.90218
            ],
            [
              -87.62835,
              41.902323
            ],
            [
              -87.628321,
              41.902373
            ],
            [
              -87.624507,
              41.902438
            ],
            [
              -87.624449,
              41.902178
            ],
            [
              -87.624313,
              41.90177
            ],
            [
              -87.624234,
              41.901615
            ],
            [
              -87.624208,
              41.901339
            ],
            [
              -87.624228,
              41.900946
            ],
            [
              -87.62419,
              41.900875
            ],
            [
              -87.624118,
              41.90082
            ],
            [
              -87.624177,
              41.900599
            ],
            [
              -87.624193,
              41.90045
            ],
            [
              -87.624142,
              41.899726
            ],
            [
              -87.624127,
              41.89921
            ]
          ]
        ]
      }
    },
    {
      "type": "Feature",
      "properties": {
        "placeFips": "1714000",
        "city": "Chicago",
        "state": "IL",
        "boundaryType": "ward",
        "district": "7",
        "name": "7"
      },
      "geometry": {
        "type": "Polygon",
        "coordinates": [
          [
            [
              -87.560392,
              41.766291
            ],
            [
              -87.560516,
              41.766171
            ],
            [
              -87.560582,
              41.765988
            ],
            [
              -87.560623,
              41.765805
            ],
            [
              -87.560612,
              41.765642
            ],
            [
              -87.560586,
              41.765565
            ],
            [
              -87.560514,
              41.76539
            ],
            [
              -87.560434,
              41.76529
            ],
            [
              -87.560358,
              41.765323
            ],
            [
              -87.560145,
              41.76509
            ],
            [
              -87.56022,
              41.765043
            ],
            [
              -87.560123,
              41.764942
            ],
            [
              -87.560001,
              41.764901
            ],
            [
              -87.559927,
              41.764955
            ],
            [
              -87.559842,
              41.764958
            ],
            [
              -87.55959,
              41.764714
            ],
            [
              -87.559594,
              41.764624
            ],
            [
              -87.559517,
              41.764517
            ],
            [
              -87.559742,
              41.764391
            ],
            [
              -87.559702,
              41.764328
            ],
            [
              -87.559609,
              41.764221
            ],
            [
              -87.559439,
              41.76408
            ],
            [
              -87.559343,
              41.764043
            ],
            [
              -87.55928,
              41.764041
            ],
            [
              -87.558979,
              41.763753
            ],
            [
              -87.558456,
              41.764017
            ],
            [
              -87.557572,
              41.763115
            ],
            [
              -87.557701,
              41.763049
            ],
            [
              -87.55765,
              41.762996
            ],
            [
              -87.557641,
              41.762846
            ],
            [
              -87.557602,
              41.76281
            ],
            [
              -87.557166,
              41.762607
            ],
            [
              -87.556908,
              41.762454
            ],
            [
              -87.556649,
              41.762209
            ],
            [
              -87.556318,
              41.762034
            ],
            [
              -87.556079,
              41.761821
            ],
            [
              -87.55564,
              41.761589
            ],
            [
              -87.555525,
              41.761579
            ],
            [
              -87.55527,
              41.761621
            ],
            [
              -87.554876,
              41.761787
            ],
            [
              -87.554802,
              41.761771
            ],
            [
              -87.554767,
              41.76173
            ],
            [
              -87.55467,
              41.761489
            ],
            [
              -87.554383,
              41.761081
            ],
            [
              -87.554347,
              41.761053
            ],
            [
              -87.554279,
              41.761052
            ],
            [
              -87.554251,
              41.761033
            ],
            [
              -87.554106,
              41.760814
            ],
            [
              -87.554033,
              41.760761
            ],
            [
              -87.552861,
              41.760261
            ],
            [
              -87.552252,
              41.759975
            ],
            [
              -87.549545,
              41.758956
            ],
            [
              -87.548701,
              41.758725
            ],
            [
              -87.548135,
              41.758677
            ],
            [
              -87.547938,
              41.758676
            ],
            [
              -87.547607,
              41.758718
            ],
            [
              -87.547206,
              41.758726
            ],
            [
              -87.54694,
              41.758771
            ],
            [
              -87.546851,
              41.75882
            ],
            [
              -87.54659,
              41.758878
            ],
            [
              -87.546073,
              41.759092
            ],
            [
              -87.54551,
              41.759362
            ],
            [
              -87.545286,
              41.759535
            ],
            [
              -87.544935,
              41.759751
            ],
            [
              -87.54456,
              41.760036
            ],
            [
              -87.544355,
              41.760151
            ],
            [
              -87.544239,
              41.760193
            ],
            [
              -87.544173,
              41.760199
            ],
            [
              -87.544011,
              41.760107
            ],
            [
              -87.54394,
              41.760098
            ],
            [
              -87.543857,
              41.76011
            ],
            [
              -87.544344,
              41.760583
            ],
            [
              -87.544417,
              41.760616
            ],
            [
              -87.546444,
              41.760616
            ],
            [
              -87.546493,
              41.76063
            ],
            [
              -87.546492,
              41.760646
            ],
            [
              -87.546383,
              41.760658
            ],
            [
              -87.546083,
              41.760661
            ],
            [
              -87.546002,
              41.760647
            ],
            [
              -87.544425,
              41.760676
            ],
            [
              -87.544307,
              41.760638
            ],
            [
              -87.54328,
              41.759701
            ],
            [
              -87.543164,
              41.759695
            ],
            [
              -87.543041,
              41.759601
            ],
            [
              -87.542563,
              41.75913
            ],
            [
              -87.542529,
              41.759057
            ],
            [
              -87.542523,
              41.758982
            ],
            [
              -87.542627,
              41.758739
            ],
            [
              -87.541643,
              41.757825
            ],
            [
              -87.541368,
              41.757836
            ],
            [
              -87.541148,
              41.757794
            ],
            [
              -87.540622,
              41.757322
            ],
            [
              -87.540597,
              41.757273
            ],
            [
              -87.540624,
              41.757228
            ],
            [
              -87.540932,
              41.757029
            ],
            [
              -87.540981,
              41.75703
            ],
            [
              -87.541209,
              41.756905
            ],
            [
              -87.5418,
              41.756536
            ],
            [
              -87.542495,
              41.756148
            ],
            [
              -87.543762,
              41.755383
            ],
            [
              -87.543961,
              41.755235
            ],
            [
              -87.543974,
              41.755147
            ],
            [
              -87.543936,
              41.755051
            ],
            [
              -87.543941,
              41.755025
            ],
            [
              -87.543987,
              41.754973
            ],
            [
              -87.544035,
              41.754961
            ],
            [
              -87.544067,
              41.754933
            ],
            [
              -87.544178,
              41.754797
            ],
            [
              -87.544181,
              41.754768
            ],
            [
              -87.544154,
              41.754708
            ],
            [
              -87.544169,
              41.754686
            ],
            [
              -87.544153,
              41.754622
            ],
            [
              -87.544208,
              41.754581
            ],
            [
              -87.544212,
              41.754516
            ],
            [
              -87.544262,
              41.754404
            ],
            [
              -87.544327,
              41.75432
            ],
            [
              -87.544413,
              41.754132
            ],
            [
              -87.544147,
              41.753445
            ],
            [
              -87.54379,
              41.752683
            ],
            [
              -87.543671,
              41.752464
            ],
            [
              -87.543491,
              41.75222
            ],
            [
              -87.543226,
              41.752013
            ],
            [
              -87.543019,
              41.751917
            ],
            [
              -87.542938,
              41.751928
            ],
            [
              -87.542331,
              41.751918
            ],
            [
              -87.541139,
              41.751932
            ],
            [
              -87.541039,
              41.75191
            ],
            [
              -87.540941,
              41.751917
            ],
            [
              -87.540828,
              41.751902
            ],
            [
              -87.54065,
              41.751855
            ],
            [
              -87.540547,
              41.751869
            ],
            [
              -87.540431,
              41.751845
            ],
            [
              -87.540209,
              41.751766
            ],
            [
              -87.540147,
              41.751724
            ],
            [
              -87.539984,
              41.751658
            ],
            [
              -87.53893,
              41.751315
            ],
            [
              -87.538501,
              41.751118
            ],
            [
              -87.537656,
              41.750823
            ],
            [
              -87.537589,
              41.750766
            ],
            [
              -87.537352,
              41.750711
            ],
            [
              -87.537318,
              41.750674
            ],
            [
              -87.537181,
              41.750631
            ],
            [
              -87.537123,
              41.750578
            ],
            [
              -87.53689,
              41.750496
            ],
            [
              -87.536845,
              41.750456
            ],
            [
              -87.536727,
              41.750445
            ],
            [
              -87.536572,
              41.750366
            ],
            [
              -87.536261,
              41.75025
            ],
            [
              -87.536212,
              41.750201
            ],
            [
              -87.536014,
              41.750164
            ],
            [
              -87.535903,
              41.750093
            ],
            [
              -87.535775,
              41.750048
            ],
            [
              -87.535683,
              41.749979
            ],
            [
              -87.535487,
              41.749877
            ],
            [
              -87.535258,
              41.749794
            ],
            [
              -87.535202,
              41.749801
            ],
            [
              -87.535134,
              41.749746
            ],
            [
              -87.535067,
              41.749734
            ],
            [
              -87.534763,
              41.749591
            ],
            [
              -87.534678,
              41.749574
            ],
            [
              -87.534555,
              41.749514
            ],
            [
              -87.534462,
              41.749495
            ],
            [
              -87.534381,
              41.749446
            ],
            [
              -87.534223,
              41.749413
            ],
            [
              -87.533899,
              41.749311
            ],
            [
              -87.533395,
              41.749087
            ],
            [
              -87.533194,
              41.749022
            ],
            [
              -87.532736,
              41.74882
            ],
            [
              -87.532082,
              41.748592
            ],
            [
              -87.531838,
              41.748466
            ],
            [
              -87.531378,
              41.748284
            ],
            [
              -87.531105,
              41.748131
            ],
            [
              -87.530948,
              41.748026
            ],
            [
              -87.530912,
              41.747958
            ],
            [
              -87.53081,
              41.747513
            ],
            [
              -87.530765,
              41.747285
            ],
            [
              -87.530757,
              41.747112
            ],
            [
              -87.530706,
              41.746913
            ],
            [
              -87.530699,
              41.746722
            ],
            [
              -87.530574,
              41.746039
            ],
            [
              -87.530404,
              41.744752
            ],
            [
              -87.540936,
              41.744776
            ],
            [
              -87.541872,
              41.744756
            ],
            [
              -87.541946,
              41.74478
            ],
            [
              -87.550321,
              41.744674
            ],
            [
              -87.550295,
              41.743322
            ],
            [
              -87.550407,
              41.743423
            ],
            [
              -87.550521,
              41.743471
            ],
            [
              -87.551731,
              41.743467
            ],
            [
              -87.551701,
              41.74325
            ],
            [
              -87.551542,
              41.74254
            ],
            [
              -87.551518,
              41.742083
            ],
            [
              -87.551764,
              41.74229
            ],
            [
              -87.552344,
              41.742673
            ],
            [
              -87.553247,
              41.743198
            ],
            [
              -87.555188,
              41.744274
            ],
            [
              -87.555131,
              41.740972
            ],
            [
              -87.555733,
              41.740964
            ],
            [
              -87.555708,
              41.739148
            ],
            [
              -87.556917,
              41.739129
            ],
            [
              -87.556887,
              41.737313
            ],
            [
              -87.555585,
              41.737329
            ],
            [
              -87.555405,
              41.730014
            ],
            [
              -87.552639,
              41.730057
            ],
            [
              -87.552591,
              41.728229
            ],
            [
              -87.55674,
              41.728183
            ],
            [
              -87.556725,
              41.727627
            ],
            [
              -87.55656,
              41.727579
            ],
            [
              -87.556039,
              41.727211
            ],
            [
              -87.556016,
              41.727131
            ],
            [
              -87.556005,
              41.726965
            ],
            [
              -87.555973,
              41.726862
            ],
            [
              -87.555548,
              41.726858
            ],
            [
              -87.554913,
              41.726379
            ],
            [
              -87.556688,
              41.726352
            ],
            [
              -87.556604,
              41.722705
            ],
            [
              -87.565902,
              41.722585
            ],
            [
              -87.565837,
              41.719626
            ],
            [
              -87.565858,
              41.719437
            ],
            [
              -87.565949,
              41.719148
            ],
            [
              -87.566681,
              41.717952
            ],
            [
              -87.566789,
              41.717689
            ],
            [
              -87.566799,
              41.717345
            ],
            [
              -87.566784,
              41.716573
            ],
            [
              -87.566814,
              41.716484
            ],
            [
              -87.567981,
              41.716486
            ],
            [
              -87.568294,
              41.716471
            ],
            [
              -87.568703,
              41.716408
            ],
            [
              -87.568863,
              41.716333
            ],
            [
              -87.569091,
              41.716193
            ],
            [
              -87.569235,
              41.716057
            ],
            [
              -87.569354,
              41.715895
            ],
            [
              -87.569434,
              41.715639
            ],
            [
              -87.569446,
              41.715278
            ],
            [
              -87.564355,
              41.715361
            ],
            [
              -87.562699,
              41.715373
            ],
            [
              -87.56168,
              41.7154
            ],
            [
              -87.559775,
              41.715404
            ],
            [
              -87.559689,
              41.708998
            ],
            [
              -87.559654,
              41.707794
            ],
            [
              -87.559645,
              41.706399
            ],
            [
              -87.563275,
              41.706395
            ],
            [
              -87.563165,
              41.698039
            ],
            [
              -87.563359,
              41.698058
            ],
            [
              -87.563442,
              41.698129
            ],
            [
              -87.565184,
              41.70095
            ],
            [
              -87.567166,
              41.700939
            ],
            [
              -87.583868,
              41.719501
            ],
            [
              -87.584662,
              41.72038
            ],
            [
              -87.584963,
              41.720687
            ],
            [
              -87.58499,
              41.721352
            ],
            [
              -87.585053,
              41.721684
            ],
            [
              -87.585127,
              41.722339
            ],
            [
              -87.575355,
              41.722469
            ],
            [
              -87.575535,
              41.729761
            ],
            [
              -87.572497,
              41.729802
            ],
            [
              -87.57259,
              41.733451
            ],
            [
              -87.565914,
              41.733542
            ],
            [
              -87.566024,
              41.737193
            ],
            [
              -87.566097,
              41.742645
            ],
            [
              -87.566705,
              41.742636
            ],
            [
              -87.566728,
              41.744066
            ],
            [
              -87.568551,
              41.744044
            ],
            [
              -87.56853,
              41.742612
            ],
            [
              -87.569744,
              41.742597
            ],
            [
              -87.569717,
              41.740779
            ],
            [
              -87.570658,
              41.740764
            ],
            [
              -87.575628,
              41.74434
            ],
            [
              -87.567342,
              41.744446
            ],
            [
              -87.567422,
              41.749898
            ],
            [
              -87.571077,
              41.749852
            ],
            [
              -87.571154,
              41.754139
            ],
            [
              -87.571206,
              41.756483
            ],
            [
              -87.571233,
              41.757102
            ],
            [
              -87.571246,
              41.758934
            ],
            [
              -87.57491,
              41.758891
            ],
            [
              -87.57491,
              41.759306
            ],
            [
              -87.574198,
              41.759316
            ],
            [
              -87.574201,
              41.759735
            ],
            [
              -87.574216,
              41.759767
            ],
            [
              -87.574284,
              41.759789
            ],
            [
              -87.57429,
              41.759821
            ],
            [
              -87.574313,
              41.760719
            ],
            [
              -87.57561,
              41.760704
            ],
            [
              -87.575589,
              41.759876
            ],
            [
              -87.575529,
              41.759805
            ],
            [
              -87.575519,
              41.759298
            ],
            [
              -87.576057,
              41.759291
            ],
            [
              -87.576151,
              41.759304
            ],
            [
              -87.576182,
              41.760697
            ],
            [
              -87.580471,
              41.760648
            ],
            [
              -87.580511,
              41.762468
            ],
            [
              -87.585832,
              41.762414
            ],
            [
              -87.585779,
              41.760593
            ],
            [
              -87.588416,
              41.760568
            ],
            [
              -87.588534,
              41.765127
            ],
            [
              -87.585897,
              41.765146
            ],
            [
              -87.585873,
              41.764238
            ],
            [
              -87.585274,
              41.764242
            ],
            [
              -87.585333,
              41.765985
            ],
            [
              -87.57937,
              41.766046
            ],
            [
              -87.579334,
              41.764479
            ],
            [
              -87.579342,
              41.764214
            ],
            [
              -87.579317,
              41.763885
            ],
            [
              -87.579286,
              41.762481
            ],
            [
              -87.577442,
              41.7625
            ],
            [
              -87.577438,
              41.762046
            ],
            [
              -87.576211,
              41.762061
            ],
            [
              -87.576221,
              41.762515
            ],
            [
              -87.573734,
              41.762543
            ],
            [
              -87.573694,
              41.760726
            ],
            [
              -87.571264,
              41.760751
            ],
            [
              -87.571302,
              41.762567
            ],
            [
              -87.567665,
              41.762606
            ],
            [
              -87.567699,
              41.764423
            ],
            [
              -87.566487,
              41.764435
            ],
            [
              -87.566509,
              41.765955
            ],
            [
              -87.566484,
              41.766318
            ],
            [
              -87.566056,
              41.766305
            ],
            [
              -87.563028,
              41.766322
            ],
            [
              -87.562809,
              41.766284
            ],
            [
              -87.560374,
              41.766305
            ],
            [
              -87.560392,
              41.766291
            ]
          ]
        ]
      }
    },
    {
      "type": "Feature",
      "properties": {
        "placeFips": "1714000",
        "city": "Chicago",
        "state": "IL",
        "boundaryType": "ward",
        "district": "39",
        "name": "39"
      },
      "geometry": {
        "type": "Polygon",
        "coordinates": [
          [
            [
              -87.709093,
              41.990385
            ],
            [
              -87.709001,
              41.990158
            ],
            [
              -87.708976,
              41.989958
            ],
            [
              -87.708914,
              41.989754
            ],
            [
              -87.708863,
              41.989455
            ],
            [
              -87.708827,
              41.989437
            ],
            [
              -87.708772,
              41.989281
            ],
            [
              -87.708688,
              41.988896
            ],
            [
              -87.708591,
              41.988673
            ],
            [
              -87.708481,
              41.988492
            ],
            [
              -87.708508,
              41.988471
            ],
            [
              -87.708518,
              41.988423
            ],
            [
              -87.708471,
              41.988188
            ],
            [
              -87.708315,
              41.987733
            ],
            [
              -87.708307,
              41.987631
            ],
            [
              -87.708266,
              41.987538
            ],
            [
              -87.708283,
              41.98748
            ],
            [
              -87.708248,
              41.987448
            ],
            [
              -87.708216,
              41.987354
            ],
            [
              -87.708156,
              41.987039
            ],
            [
              -87.707944,
              41.986523
            ],
            [
              -87.707848,
              41.986471
            ],
            [
              -87.70777,
              41.986487
            ],
            [
              -87.707757,
              41.986439
            ],
            [
              -87.707767,
              41.986403
            ],
            [
              -87.707876,
              41.986346
            ],
            [
              -87.707828,
              41.98614
            ],
            [
              -87.707822,
              41.986028
            ],
            [
              -87.707719,
              41.985685
            ],
            [
              -87.707507,
              41.985168
            ],
            [
              -87.707509,
              41.984953
            ],
            [
              -87.70744,
              41.984796
            ],
            [
              -87.707393,
              41.984595
            ],
            [
              -87.70732,
              41.984452
            ],
            [
              -87.707261,
              41.984284
            ],
            [
              -87.707186,
              41.983979
            ],
            [
              -87.707073,
              41.983634
            ],
            [
              -87.707025,
              41.983535
            ],
            [
              -87.707011,
              41.983423
            ],
            [
              -87.706902,
              41.98308
            ],
            [
              -87.708877,
              41.983068
            ],
            [
              -87.708857,
              41.982894
            ],
            [
              -87.708843,
              41.982437
            ],
            [
              -87.708629,
              41.973917
            ],
            [
              -87.710633,
              41.973892
            ],
            [
              -87.710709,
              41.973884
            ],
            [
              -87.710835,
              41.973837
            ],
            [
              -87.71092,
              41.973777
            ],
            [
              -87.711043,
              41.973659
            ],
            [
              -87.711065,
              41.973564
            ],
            [
              -87.711021,
              41.972053
            ],
            [
              -87.712807,
              41.972025
            ],
            [
              -87.712987,
              41.972006
            ],
            [
              -87.713324,
              41.971938
            ],
            [
              -87.713462,
              41.971884
            ],
            [
              -87.713466,
              41.972078
            ],
            [
              -87.714026,
              41.971969
            ],
            [
              -87.714617,
              41.97193
            ],
            [
              -87.715666,
              41.971921
            ],
            [
              -87.715963,
              41.971978
            ],
            [
              -87.716203,
              41.972086
            ],
            [
              -87.716358,
              41.972014
            ],
            [
              -87.720797,
              41.971965
            ],
            [
              -87.720747,
              41.970144
            ],
            [
              -87.724454,
              41.970103
            ],
            [
              -87.724416,
              41.968704
            ],
            [
              -87.725615,
              41.968694
            ],
            [
              -87.725616,
              41.968729
            ],
            [
              -87.726647,
              41.968728
            ],
            [
              -87.728042,
              41.968699
            ],
            [
              -87.728014,
              41.967785
            ],
            [
              -87.727393,
              41.967794
            ],
            [
              -87.727319,
              41.964601
            ],
            [
              -87.727928,
              41.964594
            ],
            [
              -87.727828,
              41.960947
            ],
            [
              -87.724158,
              41.960992
            ],
            [
              -87.724105,
              41.959172
            ],
            [
              -87.722875,
              41.959187
            ],
            [
              -87.72282,
              41.957365
            ],
            [
              -87.721595,
              41.95738
            ],
            [
              -87.721525,
              41.955036
            ],
            [
              -87.722051,
              41.955029
            ],
            [
              -87.722739,
              41.95551
            ],
            [
              -87.722812,
              41.955541
            ],
            [
              -87.727669,
              41.955477
            ],
            [
              -87.727617,
              41.953648
            ],
            [
              -87.7306,
              41.95362
            ],
            [
              -87.734358,
              41.95575
            ],
            [
              -87.73655,
              41.95691
            ],
            [
              -87.74039,
              41.95909
            ],
            [
              -87.741836,
              41.959946
            ],
            [
              -87.742362,
              41.960293
            ],
            [
              -87.743043,
              41.960775
            ],
            [
              -87.744439,
              41.960756
            ],
            [
              -87.746102,
              41.961678
            ],
            [
              -87.747391,
              41.962415
            ],
            [
              -87.74701,
              41.962793
            ],
            [
              -87.746963,
              41.9629
            ],
            [
              -87.746981,
              41.962992
            ],
            [
              -87.747062,
              41.96317
            ],
            [
              -87.747415,
              41.963833
            ],
            [
              -87.747595,
              41.96424
            ],
            [
              -87.747636,
              41.964517
            ],
            [
              -87.747725,
              41.967083
            ],
            [
              -87.747722,
              41.968029
            ],
            [
              -87.747625,
              41.968134
            ],
            [
              -87.74752,
              41.96848
            ],
            [
              -87.747502,
              41.968604
            ],
            [
              -87.747738,
              41.969226
            ],
            [
              -87.747851,
              41.969729
            ],
            [
              -87.747895,
              41.970992
            ],
            [
              -87.747912,
              41.972881
            ],
            [
              -87.75215,
              41.975501
            ],
            [
              -87.763963,
              41.982746
            ],
            [
              -87.766837,
              41.984247
            ],
            [
              -87.778354,
              41.990203
            ],
            [
              -87.785774,
              41.990139
            ],
            [
              -87.786436,
              41.990118
            ],
            [
              -87.787477,
              41.99013
            ],
            [
              -87.7876,
              41.990166
            ],
            [
              -87.78748,
              41.996694
            ],
            [
              -87.787448,
              41.997042
            ],
            [
              -87.787443,
              41.997356
            ],
            [
              -87.783302,
              41.997398
            ],
            [
              -87.782417,
              41.99739
            ],
            [
              -87.775484,
              41.997442
            ],
            [
              -87.77391,
              41.997381
            ],
            [
              -87.771399,
              41.997171
            ],
            [
              -87.77033,
              41.99714
            ],
            [
              -87.769494,
              41.997155
            ],
            [
              -87.768033,
              41.997244
            ],
            [
              -87.767103,
              41.997272
            ],
            [
              -87.766325,
              41.997329
            ],
            [
              -87.76547,
              41.997351
            ],
            [
              -87.764718,
              41.997329
            ],
            [
              -87.759756,
              41.997329
            ],
            [
              -87.74106,
              41.997252
            ],
            [
              -87.72879,
              41.997239
            ],
            [
              -87.722788,
              41.997262
            ],
            [
              -87.722752,
              41.997052
            ],
            [
              -87.72272,
              41.995493
            ],
            [
              -87.721482,
              41.995499
            ],
            [
              -87.721357,
              41.99023
            ],
            [
              -87.709093,
              41.990385
            ]
          ]
        ]
      }
    },
    {
      "type": "Feature",
      "properties": {
        "placeFips": "1714000",
        "city": "Chicago",
        "state": "IL",
        "boundaryType": "ward",
        "district": "46",
        "name": "46"
      },
      "geometry": {
        "type": "Polygon",
        "coordinates": [
          [
            [
              -87.64427,
              41.969864
            ],
            [
              -87.643973,
              41.969542
            ],
            [
              -87.643582,
              41.969157
            ],
            [
              -87.643146,
              41.968773
            ],
            [
              -87.642628,
              41.968354
            ],
            [
              -87.642744,
              41.968272
            ],
            [
              -87.643013,
              41.968494
            ],
            [
              -87.643272,
              41.968306
            ],
            [
              -87.642965,
              41.968055
            ],
            [
              -87.642886,
              41.968034
            ],
            [
              -87.642806,
              41.968044
            ],
            [
              -87.642616,
              41.968165
            ],
            [
              -87.642669,
              41.968215
            ],
            [
              -87.642558,
              41.968296
            ],
            [
              -87.641973,
              41.96783
            ],
            [
              -87.641679,
              41.967623
            ],
            [
              -87.640486,
              41.966925
            ],
            [
              -87.639,
              41.966568
            ],
            [
              -87.637426,
              41.966035
            ],
            [
              -87.63644,
              41.965782
            ],
            [
              -87.63587,
              41.965668
            ],
            [
              -87.635094,
              41.96554
            ],
            [
              -87.634529,
              41.965485
            ],
            [
              -87.634096,
              41.965482
            ],
            [
              -87.63298,
              41.965359
            ],
            [
              -87.632579,
              41.965256
            ],
            [
              -87.631995,
              41.965068
            ],
            [
              -87.632017,
              41.965622
            ],
            [
              -87.631996,
              41.965931
            ],
            [
              -87.631935,
              41.966323
            ],
            [
              -87.631841,
              41.966695
            ],
            [
              -87.631695,
              41.967106
            ],
            [
              -87.631554,
              41.967415
            ],
            [
              -87.631301,
              41.967866
            ],
            [
              -87.631,
              41.968302
            ],
            [
              -87.630962,
              41.968421
            ],
            [
              -87.630985,
              41.968545
            ],
            [
              -87.631029,
              41.968622
            ],
            [
              -87.631098,
              41.96869
            ],
            [
              -87.631184,
              41.968739
            ],
            [
              -87.631388,
              41.96879
            ],
            [
              -87.631535,
              41.968785
            ],
            [
              -87.631632,
              41.96876
            ],
            [
              -87.63172,
              41.968719
            ],
            [
              -87.631792,
              41.968664
            ],
            [
              -87.631857,
              41.968582
            ],
            [
              -87.631888,
              41.968507
            ],
            [
              -87.631897,
              41.96843
            ],
            [
              -87.631882,
              41.968352
            ],
            [
              -87.631817,
              41.968245
            ],
            [
              -87.631751,
              41.968187
            ],
            [
              -87.63182,
              41.968146
            ],
            [
              -87.631893,
              41.968213
            ],
            [
              -87.631946,
              41.968288
            ],
            [
              -87.631984,
              41.968413
            ],
            [
              -87.63198,
              41.968499
            ],
            [
              -87.631931,
              41.968622
            ],
            [
              -87.631872,
              41.968695
            ],
            [
              -87.631775,
              41.968769
            ],
            [
              -87.631678,
              41.968815
            ],
            [
              -87.63157,
              41.968845
            ],
            [
              -87.631399,
              41.968858
            ],
            [
              -87.631254,
              41.968838
            ],
            [
              -87.631127,
              41.968794
            ],
            [
              -87.631015,
              41.968725
            ],
            [
              -87.63092,
              41.96862
            ],
            [
              -87.630872,
              41.968497
            ],
            [
              -87.630876,
              41.968372
            ],
            [
              -87.630909,
              41.968288
            ],
            [
              -87.631169,
              41.967927
            ],
            [
              -87.631347,
              41.96763
            ],
            [
              -87.631574,
              41.967171
            ],
            [
              -87.631698,
              41.966854
            ],
            [
              -87.631798,
              41.966531
            ],
            [
              -87.631864,
              41.966228
            ],
            [
              -87.63192,
              41.96577
            ],
            [
              -87.631927,
              41.965461
            ],
            [
              -87.631908,
              41.965103
            ],
            [
              -87.631869,
              41.964797
            ],
            [
              -87.631776,
              41.964377
            ],
            [
              -87.631674,
              41.964038
            ],
            [
              -87.631414,
              41.963869
            ],
            [
              -87.631281,
              41.963749
            ],
            [
              -87.631159,
              41.963608
            ],
            [
              -87.631039,
              41.9634
            ],
            [
              -87.630996,
              41.963232
            ],
            [
              -87.630993,
              41.963152
            ],
            [
              -87.631015,
              41.962984
            ],
            [
              -87.631036,
              41.962902
            ],
            [
              -87.631074,
              41.962835
            ],
            [
              -87.631314,
              41.962547
            ],
            [
              -87.631454,
              41.962453
            ],
            [
              -87.631726,
              41.962317
            ],
            [
              -87.632208,
              41.96219
            ],
            [
              -87.632889,
              41.961914
            ],
            [
              -87.633463,
              41.961746
            ],
            [
              -87.633854,
              41.961531
            ],
            [
              -87.634224,
              41.961384
            ],
            [
              -87.634574,
              41.961146
            ],
            [
              -87.634851,
              41.960913
            ],
            [
              -87.635291,
              41.960456
            ],
            [
              -87.635588,
              41.960198
            ],
            [
              -87.635993,
              41.959896
            ],
            [
              -87.636316,
              41.959698
            ],
            [
              -87.636639,
              41.959541
            ],
            [
              -87.636901,
              41.959462
            ],
            [
              -87.637458,
              41.959366
            ],
            [
              -87.63794,
              41.959344
            ],
            [
              -87.638729,
              41.959398
            ],
            [
              -87.63933,
              41.959497
            ],
            [
              -87.63977,
              41.959609
            ],
            [
              -87.640099,
              41.95967
            ],
            [
              -87.6403,
              41.959192
            ],
            [
              -87.640369,
              41.959207
            ],
            [
              -87.640161,
              41.959689
            ],
            [
              -87.640472,
              41.959782
            ],
            [
              -87.640667,
              41.959883
            ],
            [
              -87.640803,
              41.959977
            ],
            [
              -87.640938,
              41.960227
            ],
            [
              -87.640967,
              41.960371
            ],
            [
              -87.640947,
              41.96049
            ],
            [
              -87.640861,
              41.96065
            ],
            [
              -87.640735,
              41.960786
            ],
            [
              -87.640657,
              41.96083
            ],
            [
              -87.640509,
              41.96088
            ],
            [
              -87.640378,
              41.960904
            ],
            [
              -87.640264,
              41.960894
            ],
            [
              -87.640135,
              41.960839
            ],
            [
              -87.639683,
              41.960584
            ],
            [
              -87.639324,
              41.960403
            ],
            [
              -87.639075,
              41.960328
            ],
            [
              -87.638822,
              41.960287
            ],
            [
              -87.638472,
              41.960276
            ],
            [
              -87.638165,
              41.960308
            ],
            [
              -87.637862,
              41.96036
            ],
            [
              -87.637643,
              41.960403
            ],
            [
              -87.637319,
              41.960493
            ],
            [
              -87.637031,
              41.960602
            ],
            [
              -87.636769,
              41.960726
            ],
            [
              -87.636388,
              41.960938
            ],
            [
              -87.636066,
              41.961171
            ],
            [
              -87.63583,
              41.961384
            ],
            [
              -87.635565,
              41.961695
            ],
            [
              -87.635397,
              41.961942
            ],
            [
              -87.635347,
              41.962038
            ],
            [
              -87.635326,
              41.962134
            ],
            [
              -87.63533,
              41.962307
            ],
            [
              -87.635374,
              41.962429
            ],
            [
              -87.63551,
              41.962615
            ],
            [
              -87.635625,
              41.96271
            ],
            [
              -87.635726,
              41.962768
            ],
            [
              -87.635923,
              41.962845
            ],
            [
              -87.636129,
              41.962875
            ],
            [
              -87.63631,
              41.962888
            ],
            [
              -87.636846,
              41.962876
            ],
            [
              -87.637907,
              41.962754
            ],
            [
              -87.637892,
              41.962694
            ],
            [
              -87.638364,
              41.962642
            ],
            [
              -87.638375,
              41.962696
            ],
            [
              -87.641186,
              41.962348
            ],
            [
              -87.641458,
              41.962286
            ],
            [
              -87.641639,
              41.962224
            ],
            [
              -87.641851,
              41.962099
            ],
            [
              -87.642064,
              41.96191
            ],
            [
              -87.642212,
              41.961683
            ],
            [
              -87.642276,
              41.961516
            ],
            [
              -87.642296,
              41.961371
            ],
            [
              -87.642282,
              41.961185
            ],
            [
              -87.642196,
              41.960957
            ],
            [
              -87.641949,
              41.960678
            ],
            [
              -87.641673,
              41.960444
            ],
            [
              -87.641596,
              41.960347
            ],
            [
              -87.641525,
              41.960183
            ],
            [
              -87.641522,
              41.960091
            ],
            [
              -87.641613,
              41.959396
            ],
            [
              -87.641022,
              41.959351
            ],
            [
              -87.641026,
              41.959297
            ],
            [
              -87.641629,
              41.959331
            ],
            [
              -87.641745,
              41.958364
            ],
            [
              -87.641582,
              41.957664
            ],
            [
              -87.641527,
              41.957152
            ],
            [
              -87.641419,
              41.956567
            ],
            [
              -87.641347,
              41.956291
            ],
            [
              -87.641288,
              41.955856
            ],
            [
              -87.641013,
              41.954761
            ],
            [
              -87.640845,
              41.95425
            ],
            [
              -87.640782,
              41.954177
            ],
            [
              -87.640669,
              41.953894
            ],
            [
              -87.640592,
              41.953612
            ],
            [
              -87.640487,
              41.953601
            ],
            [
              -87.640224,
              41.952888
            ],
            [
              -87.639792,
              41.9519
            ],
            [
              -87.638637,
              41.949429
            ],
            [
              -87.638081,
              41.948356
            ],
            [
              -87.640573,
              41.947514
            ],
            [
              -87.640834,
              41.947369
            ],
            [
              -87.640958,
              41.94749
            ],
            [
              -87.641105,
              41.947604
            ],
            [
              -87.641315,
              41.947742
            ],
            [
              -87.64154,
              41.947865
            ],
            [
              -87.64185,
              41.948
            ],
            [
              -87.641961,
              41.948015
            ],
            [
              -87.642061,
              41.947999
            ],
            [
              -87.642126,
              41.947947
            ],
            [
              -87.642141,
              41.94788
            ],
            [
              -87.64202,
              41.94768
            ],
            [
              -87.641893,
              41.947531
            ],
            [
              -87.641427,
              41.947102
            ],
            [
              -87.641996,
              41.946906
            ],
            [
              -87.641607,
              41.946228
            ],
            [
              -87.642,
              41.946109
            ],
            [
              -87.64574,
              41.944841
            ],
            [
              -87.646148,
              41.945502
            ],
            [
              -87.646313,
              41.945466
            ],
            [
              -87.649219,
              41.94544
            ],
            [
              -87.64943,
              41.945461
            ],
            [
              -87.649542,
              41.949115
            ],
            [
              -87.653173,
              41.949062
            ],
            [
              -87.653235,
              41.951144
            ],
            [
              -87.656806,
              41.951087
            ],
            [
              -87.65684,
              41.952572
            ],
            [
              -87.656811,
              41.952706
            ],
            [
              -87.656863,
              41.954451
            ],
            [
              -87.66225,
              41.954378
            ],
            [
              -87.664471,
              41.957956
            ],
            [
              -87.664684,
              41.958421
            ],
            [
              -87.665186,
              41.959628
            ],
            [
              -87.665906,
              41.961473
            ],
            [
              -87.666021,
              41.961909
            ],
            [
              -87.667497,
              41.9689
            ],
            [
              -87.661046,
              41.969005
            ],
            [
              -87.66114,
              41.972652
            ],
            [
              -87.659768,
              41.972676
            ],
            [
              -87.659736,
              41.971458
            ],
            [
              -87.659458,
              41.971514
            ],
            [
              -87.65408,
              41.971588
            ],
            [
              -87.654035,
              41.971625
            ],
            [
              -87.653953,
              41.971593
            ],
            [
              -87.653871,
              41.971593
            ],
            [
              -87.650419,
              41.97164
            ],
            [
              -87.649937,
              41.97021
            ],
            [
              -87.649636,
              41.969175
            ],
            [
              -87.645163,
              41.969742
            ],
            [
              -87.644918,
              41.969727
            ],
            [
              -87.64427,
              41.969864
            ]
          ]
        ]
      }
    },
    {
      "type": "Feature",
      "properties": {
        "placeFips": "1714000",
        "city": "Chicago",
        "state": "IL",
        "boundaryType": "ward",
        "district": "32",
        "name": "32"
      },
      "geometry": {
        "type": "Polygon",
        "coordinates": [
          [
            [
              -87.675936,
              41.939763
            ],
            [
              -87.675931,
              41.939602
            ],
            [
              -87.660718,
              41.939802
            ],
            [
              -87.658969,
              41.939838
            ],
            [
              -87.65871,
              41.932556
            ],
            [
              -87.661129,
              41.932518
            ],
            [
              -87.66109,
              41.931009
            ],
            [
              -87.661087,
              41.930265
            ],
            [
              -87.661041,
              41.928887
            ],
            [
              -87.665861,
              41.928813
            ],
            [
              -87.665745,
              41.925268
            ],
            [
              -87.665769,
              41.925183
            ],
            [
              -87.668146,
              41.925152
            ],
            [
              -87.668102,
              41.924062
            ],
            [
              -87.668627,
              41.921609
            ],
            [
              -87.6686,
              41.92133
            ],
            [
              -87.668252,
              41.919121
            ],
            [
              -87.668095,
              41.91855
            ],
            [
              -87.66798,
              41.918466
            ],
            [
              -87.667775,
              41.91824
            ],
            [
              -87.667381,
              41.917756
            ],
            [
              -87.663901,
              41.913071
            ],
            [
              -87.664543,
              41.912811
            ],
            [
              -87.665612,
              41.912275
            ],
            [
              -87.665336,
              41.911929
            ],
            [
              -87.664911,
              41.911437
            ],
            [
              -87.664672,
              41.911084
            ],
            [
              -87.664459,
              41.910675
            ],
            [
              -87.673799,
              41.910542
            ],
            [
              -87.673847,
              41.912364
            ],
            [
              -87.677158,
              41.912315
            ],
            [
              -87.680358,
              41.912248
            ],
            [
              -87.679846,
              41.911919
            ],
            [
              -87.68238,
              41.911877
            ],
            [
              -87.682347,
              41.910393
            ],
            [
              -87.687221,
              41.910321
            ],
            [
              -87.687416,
              41.917795
            ],
            [
              -87.687642,
              41.924901
            ],
            [
              -87.687122,
              41.924905
            ],
            [
              -87.687148,
              41.925672
            ],
            [
              -87.686578,
              41.92568
            ],
            [
              -87.685331,
              41.925695
            ],
            [
              -87.685267,
              41.925626
            ],
            [
              -87.68523,
              41.925514
            ],
            [
              -87.685209,
              41.924932
            ],
            [
              -87.6831,
              41.924963
            ],
            [
              -87.68358,
              41.925236
            ],
            [
              -87.682763,
              41.925879
            ],
            [
              -87.682156,
              41.926411
            ],
            [
              -87.679705,
              41.928464
            ],
            [
              -87.679473,
              41.928622
            ],
            [
              -87.678129,
              41.928311
            ],
            [
              -87.678167,
              41.928582
            ],
            [
              -87.678262,
              41.928906
            ],
            [
              -87.67828,
              41.929055
            ],
            [
              -87.678323,
              41.930401
            ],
            [
              -87.678299,
              41.930717
            ],
            [
              -87.678131,
              41.931877
            ],
            [
              -87.678134,
              41.932281
            ],
            [
              -87.683109,
              41.935872
            ],
            [
              -87.683066,
              41.934334
            ],
            [
              -87.683034,
              41.934203
            ],
            [
              -87.682946,
              41.934039
            ],
            [
              -87.68277,
              41.933866
            ],
            [
              -87.680758,
              41.93241
            ],
            [
              -87.680685,
              41.932341
            ],
            [
              -87.680692,
              41.932255
            ],
            [
              -87.683963,
              41.932216
            ],
            [
              -87.683998,
              41.931679
            ],
            [
              -87.684034,
              41.93161
            ],
            [
              -87.684095,
              41.931542
            ],
            [
              -87.684251,
              41.931393
            ],
            [
              -87.687026,
              41.929159
            ],
            [
              -87.687533,
              41.928771
            ],
            [
              -87.687886,
              41.928572
            ],
            [
              -87.688039,
              41.928517
            ],
            [
              -87.688483,
              41.928437
            ],
            [
              -87.68912,
              41.928374
            ],
            [
              -87.689432,
              41.928371
            ],
            [
              -87.689892,
              41.928468
            ],
            [
              -87.690218,
              41.928513
            ],
            [
              -87.690208,
              41.928253
            ],
            [
              -87.689407,
              41.928249
            ],
            [
              -87.689291,
              41.928223
            ],
            [
              -87.689142,
              41.928163
            ],
            [
              -87.68903,
              41.928103
            ],
            [
              -87.688985,
              41.928055
            ],
            [
              -87.68893,
              41.926706
            ],
            [
              -87.689539,
              41.9267
            ],
            [
              -87.689484,
              41.925425
            ],
            [
              -87.69499,
              41.925373
            ],
            [
              -87.695034,
              41.926653
            ],
            [
              -87.695643,
              41.926647
            ],
            [
              -87.695681,
              41.927649
            ],
            [
              -87.697415,
              41.927631
            ],
            [
              -87.697586,
              41.927698
            ],
            [
              -87.698111,
              41.927698
            ],
            [
              -87.698039,
              41.925277
            ],
            [
              -87.699266,
              41.925266
            ],
            [
              -87.699331,
              41.927686
            ],
            [
              -87.699942,
              41.927678
            ],
            [
              -87.699877,
              41.92526
            ],
            [
              -87.70025,
              41.925257
            ],
            [
              -87.70028,
              41.925271
            ],
            [
              -87.701754,
              41.926177
            ],
            [
              -87.701751,
              41.926589
            ],
            [
              -87.702365,
              41.926584
            ],
            [
              -87.702302,
              41.9241
            ],
            [
              -87.702242,
              41.922718
            ],
            [
              -87.702089,
              41.917445
            ],
            [
              -87.706967,
              41.917402
            ],
            [
              -87.707075,
              41.920663
            ],
            [
              -87.707284,
              41.920697
            ],
            [
              -87.707422,
              41.920764
            ],
            [
              -87.707551,
              41.920896
            ],
            [
              -87.707606,
              41.921057
            ],
            [
              -87.710363,
              41.921021
            ],
            [
              -87.710479,
              41.92468
            ],
            [
              -87.709236,
              41.924697
            ],
            [
              -87.709294,
              41.924771
            ],
            [
              -87.709393,
              41.928347
            ],
            [
              -87.707895,
              41.928365
            ],
            [
              -87.707518,
              41.928921
            ],
            [
              -87.707513,
              41.928974
            ],
            [
              -87.707489,
              41.929005
            ],
            [
              -87.707358,
              41.929042
            ],
            [
              -87.707427,
              41.932029
            ],
            [
              -87.696624,
              41.932096
            ],
            [
              -87.693762,
              41.93213
            ],
            [
              -87.688864,
              41.932157
            ],
            [
              -87.687883,
              41.932179
            ],
            [
              -87.687917,
              41.932577
            ],
            [
              -87.688052,
              41.939459
            ],
            [
              -87.687911,
              41.93946
            ],
            [
              -87.687913,
              41.939554
            ],
            [
              -87.687999,
              41.942347
            ],
            [
              -87.688153,
              41.943098
            ],
            [
              -87.688206,
              41.944919
            ],
            [
              -87.67608,
              41.945063
            ],
            [
              -87.675936,
              41.939763
            ]
          ]
        ]
      }
    },
    {
      "type": "Feature",
      "properties": {
        "placeFips": "1714000",
        "city": "Chicago",
        "state": "IL",
        "boundaryType": "ward",
        "district": "1",
        "name": "1"
      },
      "geometry": {
        "type": "Polygon",
        "coordinates": [
          [
            [
              -87.678178,
              41.928632
            ],
            [
              -87.678129,
              41.928311
            ],
            [
              -87.679473,
              41.928622
            ],
            [
              -87.679705,
              41.928464
            ],
            [
              -87.682156,
              41.926411
            ],
            [
              -87.682763,
              41.925879
            ],
            [
              -87.68358,
              41.925236
            ],
            [
              -87.6831,
              41.924963
            ],
            [
              -87.685209,
              41.924932
            ],
            [
              -87.68523,
              41.925514
            ],
            [
              -87.685267,
              41.925626
            ],
            [
              -87.685331,
              41.925695
            ],
            [
              -87.686578,
              41.92568
            ],
            [
              -87.687148,
              41.925672
            ],
            [
              -87.687122,
              41.924905
            ],
            [
              -87.687642,
              41.924901
            ],
            [
              -87.687416,
              41.917795
            ],
            [
              -87.687221,
              41.910321
            ],
            [
              -87.682347,
              41.910393
            ],
            [
              -87.68214,
              41.903107
            ],
            [
              -87.68458,
              41.903061
            ],
            [
              -87.684397,
              41.895785
            ],
            [
              -87.677052,
              41.895912
            ],
            [
              -87.677066,
              41.896382
            ],
            [
              -87.674626,
              41.896419
            ],
            [
              -87.674664,
              41.897768
            ],
            [
              -87.67344,
              41.897787
            ],
            [
              -87.673545,
              41.901432
            ],
            [
              -87.674766,
              41.901409
            ],
            [
              -87.674805,
              41.902729
            ],
            [
              -87.676853,
              41.902712
            ],
            [
              -87.679686,
              41.902656
            ],
            [
              -87.679907,
              41.91044
            ],
            [
              -87.676341,
              41.910505
            ],
            [
              -87.67633,
              41.910226
            ],
            [
              -87.673118,
              41.908183
            ],
            [
              -87.673106,
              41.908264
            ],
            [
              -87.673109,
              41.908754
            ],
            [
              -87.672525,
              41.908756
            ],
            [
              -87.672494,
              41.907544
            ],
            [
              -87.671334,
              41.907558
            ],
            [
              -87.671313,
              41.907496
            ],
            [
              -87.671153,
              41.90737
            ],
            [
              -87.670275,
              41.906805
            ],
            [
              -87.670139,
              41.906732
            ],
            [
              -87.670021,
              41.906698
            ],
            [
              -87.670029,
              41.906992
            ],
            [
              -87.667732,
              41.907025
            ],
            [
              -87.66759,
              41.907007
            ],
            [
              -87.667444,
              41.901524
            ],
            [
              -87.666867,
              41.901534
            ],
            [
              -87.666901,
              41.901481
            ],
            [
              -87.666884,
              41.900679
            ],
            [
              -87.666851,
              41.900626
            ],
            [
              -87.667418,
              41.900617
            ],
            [
              -87.667392,
              41.899708
            ],
            [
              -87.666834,
              41.899718
            ],
            [
              -87.666852,
              41.899627
            ],
            [
              -87.666838,
              41.89925
            ],
            [
              -87.664932,
              41.899277
            ],
            [
              -87.664897,
              41.897991
            ],
            [
              -87.664922,
              41.897929
            ],
            [
              -87.662453,
              41.897969
            ],
            [
              -87.662405,
              41.89615
            ],
            [
              -87.665658,
              41.896098
            ],
            [
              -87.665578,
              41.893369
            ],
            [
              -87.662328,
              41.893416
            ],
            [
              -87.662365,
              41.894692
            ],
            [
              -87.657474,
              41.894766
            ],
            [
              -87.65743,
              41.89292
            ],
            [
              -87.658292,
              41.891943
            ],
            [
              -87.659891,
              41.890031
            ],
            [
              -87.659932,
              41.889961
            ],
            [
              -87.66187,
              41.889939
            ],
            [
              -87.663645,
              41.88994
            ],
            [
              -87.669549,
              41.889848
            ],
            [
              -87.669578,
              41.890944
            ],
            [
              -87.674465,
              41.890865
            ],
            [
              -87.674453,
              41.890473
            ],
            [
              -87.674527,
              41.890459
            ],
            [
              -87.676897,
              41.890411
            ],
            [
              -87.676987,
              41.893626
            ],
            [
              -87.684332,
              41.893516
            ],
            [
              -87.684319,
              41.89306
            ],
            [
              -87.686763,
              41.89302
            ],
            [
              -87.68696,
              41.900293
            ],
            [
              -87.696815,
              41.900199
            ],
            [
              -87.696819,
              41.900346
            ],
            [
              -87.696868,
              41.902431
            ],
            [
              -87.687805,
              41.902516
            ],
            [
              -87.687819,
              41.903008
            ],
            [
              -87.687027,
              41.903016
            ],
            [
              -87.687123,
              41.906667
            ],
            [
              -87.696969,
              41.906578
            ],
            [
              -87.697013,
              41.908396
            ],
            [
              -87.694499,
              41.908419
            ],
            [
              -87.694541,
              41.910243
            ],
            [
              -87.701517,
              41.910175
            ],
            [
              -87.701631,
              41.913826
            ],
            [
              -87.706857,
              41.913773
            ],
            [
              -87.707383,
              41.913761
            ],
            [
              -87.70807,
              41.913717
            ],
            [
              -87.70916,
              41.913695
            ],
            [
              -87.709542,
              41.913725
            ],
            [
              -87.709925,
              41.913723
            ],
            [
              -87.717151,
              41.913636
            ],
            [
              -87.718563,
              41.913669
            ],
            [
              -87.719109,
              41.913667
            ],
            [
              -87.719163,
              41.915432
            ],
            [
              -87.72039,
              41.915416
            ],
            [
              -87.720428,
              41.916784
            ],
            [
              -87.716757,
              41.916813
            ],
            [
              -87.716755,
              41.91676
            ],
            [
              -87.712183,
              41.916811
            ],
            [
              -87.711979,
              41.916815
            ],
            [
              -87.711824,
              41.916837
            ],
            [
              -87.710978,
              41.916847
            ],
            [
              -87.710334,
              41.916854
            ],
            [
              -87.710226,
              41.916835
            ],
            [
              -87.706952,
              41.916871
            ],
            [
              -87.706967,
              41.917402
            ],
            [
              -87.702089,
              41.917445
            ],
            [
              -87.702242,
              41.922718
            ],
            [
              -87.702302,
              41.9241
            ],
            [
              -87.702365,
              41.926584
            ],
            [
              -87.701751,
              41.926589
            ],
            [
              -87.701754,
              41.926177
            ],
            [
              -87.70028,
              41.925271
            ],
            [
              -87.70025,
              41.925257
            ],
            [
              -87.699877,
              41.92526
            ],
            [
              -87.699942,
              41.927678
            ],
            [
              -87.699331,
              41.927686
            ],
            [
              -87.699266,
              41.925266
            ],
            [
              -87.698039,
              41.925277
            ],
            [
              -87.698111,
              41.927698
            ],
            [
              -87.697586,
              41.927698
            ],
            [
              -87.697415,
              41.927631
            ],
            [
              -87.695681,
              41.927649
            ],
            [
              -87.695643,
              41.926647
            ],
            [
              -87.695034,
              41.926653
            ],
            [
              -87.69499,
              41.925373
            ],
            [
              -87.689484,
              41.925425
            ],
            [
              -87.689539,
              41.9267
            ],
            [
              -87.68893,
              41.926706
            ],
            [
              -87.688985,
              41.928055
            ],
            [
              -87.68903,
              41.928103
            ],
            [
              -87.689142,
              41.928163
            ],
            [
              -87.689291,
              41.928223
            ],
            [
              -87.689407,
              41.928249
            ],
            [
              -87.690208,
              41.928253
            ],
            [
              -87.690218,
              41.928513
            ],
            [
              -87.689892,
              41.928468
            ],
            [
              -87.689432,
              41.928371
            ],
            [
              -87.68912,
              41.928374
            ],
            [
              -87.688483,
              41.928437
            ],
            [
              -87.688039,
              41.928517
            ],
            [
              -87.687886,
              41.928572
            ],
            [
              -87.687533,
              41.928771
            ],
            [
              -87.687026,
              41.929159
            ],
            [
              -87.684251,
              41.931393
            ],
            [
              -87.684095,
              41.931542
            ],
            [
              -87.684034,
              41.93161
            ],
            [
              -87.683998,
              41.931679
            ],
            [
              -87.683963,
              41.932216
            ],
            [
              -87.680692,
              41.932255
            ],
            [
              -87.680685,
              41.932341
            ],
            [
              -87.680758,
              41.93241
            ],
            [
              -87.68277,
              41.933866
            ],
            [
              -87.682946,
              41.934039
            ],
            [
              -87.683034,
              41.934203
            ],
            [
              -87.683066,
              41.934334
            ],
            [
              -87.683109,
              41.935872
            ],
            [
              -87.678134,
              41.932281
            ],
            [
              -87.678131,
              41.931877
            ],
            [
              -87.678299,
              41.930717
            ],
            [
              -87.678323,
              41.930401
            ],
            [
              -87.67828,
              41.929055
            ],
            [
              -87.678262,
              41.928906
            ],
            [
              -87.678178,
              41.928632
            ]
          ]
        ]
      }
    },
    {
      "type": "Feature",
      "properties": {
        "placeFips": "1714000",
        "city": "Chicago",
        "state": "IL",
        "boundaryType": "ward",
        "district": "19",
        "name": "19"
      },
      "geometry": {
        "type": "Polygon",
        "coordinates": [
          [
            [
              -87.673079,
              41.735657
            ],
            [
              -87.669051,
              41.731134
            ],
            [
              -87.668057,
              41.730141
            ],
            [
              -87.667245,
              41.728847
            ],
            [
              -87.667309,
              41.728682
            ],
            [
              -87.66732,
              41.728437
            ],
            [
              -87.667084,
              41.728033
            ],
            [
              -87.663445,
              41.721202
            ],
            [
              -87.663085,
              41.720102
            ],
            [
              -87.661066,
              41.71569
            ],
            [
              -87.659973,
              41.714001
            ],
            [
              -87.661593,
              41.713983
            ],
            [
              -87.658705,
              41.706901
            ],
            [
              -87.657404,
              41.703822
            ],
            [
              -87.657342,
              41.703693
            ],
            [
              -87.657236,
              41.703536
            ],
            [
              -87.659322,
              41.697844
            ],
            [
              -87.66318,
              41.692347
            ],
            [
              -87.664072,
              41.691049
            ],
            [
              -87.664782,
              41.689873
            ],
            [
              -87.666589,
              41.686698
            ],
            [
              -87.670164,
              41.68784
            ],
            [
              -87.671432,
              41.687919
            ],
            [
              -87.671739,
              41.685288
            ],
            [
              -87.671834,
              41.684627
            ],
            [
              -87.673041,
              41.684605
            ],
            [
              -87.673515,
              41.681006
            ],
            [
              -87.673713,
              41.679173
            ],
            [
              -87.673016,
              41.679123
            ],
            [
              -87.673229,
              41.677322
            ],
            [
              -87.678359,
              41.677231
            ],
            [
              -87.679356,
              41.677226
            ],
            [
              -87.680383,
              41.677244
            ],
            [
              -87.681688,
              41.677301
            ],
            [
              -87.686205,
              41.677208
            ],
            [
              -87.686005,
              41.677652
            ],
            [
              -87.685782,
              41.678203
            ],
            [
              -87.685652,
              41.678671
            ],
            [
              -87.68558,
              41.679146
            ],
            [
              -87.685566,
              41.679624
            ],
            [
              -87.685722,
              41.684476
            ],
            [
              -87.695625,
              41.684333
            ],
            [
              -87.695765,
              41.688076
            ],
            [
              -87.696054,
              41.688077
            ],
            [
              -87.696148,
              41.688033
            ],
            [
              -87.696606,
              41.687984
            ],
            [
              -87.697647,
              41.687951
            ],
            [
              -87.699473,
              41.687933
            ],
            [
              -87.699398,
              41.686147
            ],
            [
              -87.700624,
              41.686136
            ],
            [
              -87.700553,
              41.684263
            ],
            [
              -87.705417,
              41.684187
            ],
            [
              -87.705299,
              41.681268
            ],
            [
              -87.705285,
              41.680579
            ],
            [
              -87.706475,
              41.680557
            ],
            [
              -87.707146,
              41.680553
            ],
            [
              -87.707375,
              41.680566
            ],
            [
              -87.709931,
              41.680548
            ],
            [
              -87.710002,
              41.680534
            ],
            [
              -87.710132,
              41.680462
            ],
            [
              -87.711357,
              41.680441
            ],
            [
              -87.711391,
              41.681271
            ],
            [
              -87.71158,
              41.681267
            ],
            [
              -87.711597,
              41.681833
            ],
            [
              -87.711414,
              41.681836
            ],
            [
              -87.711507,
              41.684094
            ],
            [
              -87.727282,
              41.683856
            ],
            [
              -87.736784,
              41.683665
            ],
            [
              -87.737328,
              41.683669
            ],
            [
              -87.73945,
              41.683632
            ],
            [
              -87.739505,
              41.685438
            ],
            [
              -87.739739,
              41.69086
            ],
            [
              -87.736388,
              41.691028
            ],
            [
              -87.722206,
              41.691294
            ],
            [
              -87.720533,
              41.691315
            ],
            [
              -87.720317,
              41.691285
            ],
            [
              -87.720373,
              41.692215
            ],
            [
              -87.720537,
              41.696496
            ],
            [
              -87.72063,
              41.69835
            ],
            [
              -87.720764,
              41.70245
            ],
            [
              -87.720892,
              41.705194
            ],
            [
              -87.721072,
              41.71069
            ],
            [
              -87.721125,
              41.71317
            ],
            [
              -87.712578,
              41.713297
            ],
            [
              -87.712525,
              41.711474
            ],
            [
              -87.711298,
              41.711491
            ],
            [
              -87.711124,
              41.706074
            ],
            [
              -87.707918,
              41.706101
            ],
            [
              -87.70261,
              41.706178
            ],
            [
              -87.701325,
              41.706178
            ],
            [
              -87.701375,
              41.707052
            ],
            [
              -87.701202,
              41.707084
            ],
            [
              -87.691519,
              41.707203
            ],
            [
              -87.691729,
              41.713566
            ],
            [
              -87.682724,
              41.713667
            ],
            [
              -87.681842,
              41.713662
            ],
            [
              -87.682514,
              41.735527
            ],
            [
              -87.673079,
              41.735657
            ]
          ],
          [
            [
              -87.695766,
              41.69181
            ],
            [
              -87.695763,
              41.691715
            ],
            [
              -87.69209,
              41.69176
            ],
            [
              -87.692105,
              41.692202
            ],
            [
              -87.691706,
              41.692206
            ],
            [
              -87.691708,
              41.692275
            ],
            [
              -87.691009,
              41.692283
            ],
            [
              -87.691238,
              41.698978
            ],
            [
              -87.696021,
              41.698928
            ],
            [
              -87.695766,
              41.69181
            ]
          ]
        ]
      }
    },
    {
      "type": "Feature",
      "properties": {
        "placeFips": "1714000",
        "city": "Chicago",
        "state": "IL",
        "boundaryType": "ward",
        "district": "9",
        "name": "9"
      },
      "geometry": {
        "type": "Polygon",
        "coordinates": [
          [
            [
              -87.609548,
              41.731566
            ],
            [
              -87.609445,
              41.727451
            ],
            [
              -87.604606,
              41.727534
            ],
            [
              -87.604505,
              41.723673
            ],
            [
              -87.604518,
              41.72313
            ],
            [
              -87.604482,
              41.722044
            ],
            [
              -87.603182,
              41.722048
            ],
            [
              -87.604481,
              41.716411
            ],
            [
              -87.606518,
              41.707433
            ],
            [
              -87.604015,
              41.707486
            ],
            [
              -87.592487,
              41.707663
            ],
            [
              -87.592274,
              41.707073
            ],
            [
              -87.592127,
              41.706385
            ],
            [
              -87.592082,
              41.705986
            ],
            [
              -87.592062,
              41.705602
            ],
            [
              -87.592078,
              41.70504
            ],
            [
              -87.592112,
              41.704724
            ],
            [
              -87.592171,
              41.704356
            ],
            [
              -87.592281,
              41.703893
            ],
            [
              -87.592377,
              41.703578
            ],
            [
              -87.592585,
              41.703026
            ],
            [
              -87.592814,
              41.702559
            ],
            [
              -87.594216,
              41.69997
            ],
            [
              -87.595208,
              41.698074
            ],
            [
              -87.596798,
              41.695176
            ],
            [
              -87.597247,
              41.694309
            ],
            [
              -87.598856,
              41.691309
            ],
            [
              -87.599737,
              41.68974
            ],
            [
              -87.600294,
              41.68868
            ],
            [
              -87.600694,
              41.687961
            ],
            [
              -87.601368,
              41.686667
            ],
            [
              -87.60172,
              41.685837
            ],
            [
              -87.6019,
              41.685062
            ],
            [
              -87.601936,
              41.684742
            ],
            [
              -87.601932,
              41.683808
            ],
            [
              -87.601879,
              41.682626
            ],
            [
              -87.601846,
              41.680687
            ],
            [
              -87.601733,
              41.676896
            ],
            [
              -87.601709,
              41.676572
            ],
            [
              -87.601657,
              41.676196
            ],
            [
              -87.601544,
              41.675667
            ],
            [
              -87.601446,
              41.675338
            ],
            [
              -87.601209,
              41.674723
            ],
            [
              -87.600954,
              41.67421
            ],
            [
              -87.600621,
              41.673669
            ],
            [
              -87.600195,
              41.673091
            ],
            [
              -87.592124,
              41.663709
            ],
            [
              -87.59172,
              41.66353
            ],
            [
              -87.591067,
              41.662786
            ],
            [
              -87.59012,
              41.661652
            ],
            [
              -87.588679,
              41.660031
            ],
            [
              -87.587651,
              41.658806
            ],
            [
              -87.584684,
              41.655366
            ],
            [
              -87.58302,
              41.653408
            ],
            [
              -87.582122,
              41.652384
            ],
            [
              -87.580811,
              41.650837
            ],
            [
              -87.580559,
              41.65052
            ],
            [
              -87.579792,
              41.649405
            ],
            [
              -87.579638,
              41.649144
            ],
            [
              -87.579182,
              41.648161
            ],
            [
              -87.578878,
              41.64738
            ],
            [
              -87.578677,
              41.646699
            ],
            [
              -87.578575,
              41.646254
            ],
            [
              -87.578446,
              41.645518
            ],
            [
              -87.578377,
              41.644695
            ],
            [
              -87.585672,
              41.644704
            ],
            [
              -87.589628,
              41.644648
            ],
            [
              -87.592902,
              41.644639
            ],
            [
              -87.593326,
              41.644619
            ],
            [
              -87.595282,
              41.644596
            ],
            [
              -87.598239,
              41.644612
            ],
            [
              -87.613359,
              41.644609
            ],
            [
              -87.617216,
              41.644584
            ],
            [
              -87.617237,
              41.647625
            ],
            [
              -87.61723,
              41.650276
            ],
            [
              -87.618034,
              41.650374
            ],
            [
              -87.62018,
              41.650841
            ],
            [
              -87.620316,
              41.650888
            ],
            [
              -87.619823,
              41.65183
            ],
            [
              -87.619445,
              41.652658
            ],
            [
              -87.619067,
              41.653612
            ],
            [
              -87.61883,
              41.654313
            ],
            [
              -87.618607,
              41.655064
            ],
            [
              -87.618482,
              41.655553
            ],
            [
              -87.61771,
              41.659105
            ],
            [
              -87.618453,
              41.659107
            ],
            [
              -87.618663,
              41.659085
            ],
            [
              -87.619684,
              41.659062
            ],
            [
              -87.619458,
              41.659537
            ],
            [
              -87.619386,
              41.660061
            ],
            [
              -87.619512,
              41.660787
            ],
            [
              -87.619857,
              41.661141
            ],
            [
              -87.620255,
              41.661367
            ],
            [
              -87.622024,
              41.66213
            ],
            [
              -87.622035,
              41.662414
            ],
            [
              -87.623286,
              41.662397
            ],
            [
              -87.623458,
              41.66236
            ],
            [
              -87.623487,
              41.66233
            ],
            [
              -87.623613,
              41.662322
            ],
            [
              -87.62363,
              41.662302
            ],
            [
              -87.624026,
              41.662233
            ],
            [
              -87.624202,
              41.662275
            ],
            [
              -87.62429,
              41.662274
            ],
            [
              -87.624338,
              41.662255
            ],
            [
              -87.624423,
              41.662259
            ],
            [
              -87.624469,
              41.662216
            ],
            [
              -87.62465,
              41.662151
            ],
            [
              -87.624696,
              41.662109
            ],
            [
              -87.624756,
              41.662086
            ],
            [
              -87.625551,
              41.661887
            ],
            [
              -87.625661,
              41.661843
            ],
            [
              -87.625703,
              41.661853
            ],
            [
              -87.625868,
              41.66181
            ],
            [
              -87.625901,
              41.661814
            ],
            [
              -87.626215,
              41.661674
            ],
            [
              -87.626274,
              41.661662
            ],
            [
              -87.626441,
              41.661486
            ],
            [
              -87.626637,
              41.661355
            ],
            [
              -87.626836,
              41.661245
            ],
            [
              -87.626872,
              41.661242
            ],
            [
              -87.626886,
              41.661215
            ],
            [
              -87.627544,
              41.660757
            ],
            [
              -87.627772,
              41.660572
            ],
            [
              -87.628042,
              41.660295
            ],
            [
              -87.628684,
              41.659698
            ],
            [
              -87.629147,
              41.659317
            ],
            [
              -87.629733,
              41.659011
            ],
            [
              -87.630098,
              41.658725
            ],
            [
              -87.63076,
              41.658274
            ],
            [
              -87.630808,
              41.658212
            ],
            [
              -87.63084,
              41.658111
            ],
            [
              -87.63081,
              41.658038
            ],
            [
              -87.630819,
              41.657958
            ],
            [
              -87.6309,
              41.657907
            ],
            [
              -87.631075,
              41.657833
            ],
            [
              -87.631255,
              41.657819
            ],
            [
              -87.63139,
              41.657997
            ],
            [
              -87.631578,
              41.65792
            ],
            [
              -87.632008,
              41.657898
            ],
            [
              -87.632152,
              41.657866
            ],
            [
              -87.632327,
              41.657876
            ],
            [
              -87.632274,
              41.657803
            ],
            [
              -87.632641,
              41.657735
            ],
            [
              -87.632642,
              41.657622
            ],
            [
              -87.632824,
              41.657585
            ],
            [
              -87.633004,
              41.657527
            ],
            [
              -87.633552,
              41.657482
            ],
            [
              -87.633918,
              41.65747
            ],
            [
              -87.634282,
              41.657428
            ],
            [
              -87.635235,
              41.657355
            ],
            [
              -87.635244,
              41.658155
            ],
            [
              -87.636445,
              41.658134
            ],
            [
              -87.636635,
              41.658145
            ],
            [
              -87.638858,
              41.658399
            ],
            [
              -87.639003,
              41.662477
            ],
            [
              -87.638996,
              41.663132
            ],
            [
              -87.639021,
              41.663467
            ],
            [
              -87.639137,
              41.666922
            ],
            [
              -87.629857,
              41.667042
            ],
            [
              -87.628316,
              41.66705
            ],
            [
              -87.628457,
              41.670836
            ],
            [
              -87.628661,
              41.677959
            ],
            [
              -87.622658,
              41.678026
            ],
            [
              -87.623005,
              41.689146
            ],
            [
              -87.623523,
              41.707165
            ],
            [
              -87.639191,
              41.706965
            ],
            [
              -87.639385,
              41.714249
            ],
            [
              -87.636971,
              41.714274
            ],
            [
              -87.636978,
              41.714591
            ],
            [
              -87.632212,
              41.714659
            ],
            [
              -87.631195,
              41.714623
            ],
            [
              -87.630162,
              41.714658
            ],
            [
              -87.629377,
              41.714752
            ],
            [
              -87.628808,
              41.714852
            ],
            [
              -87.628369,
              41.71496
            ],
            [
              -87.627242,
              41.715179
            ],
            [
              -87.626736,
              41.715241
            ],
            [
              -87.62633,
              41.715262
            ],
            [
              -87.625995,
              41.715263
            ],
            [
              -87.625555,
              41.715241
            ],
            [
              -87.624798,
              41.715132
            ],
            [
              -87.624149,
              41.714966
            ],
            [
              -87.623665,
              41.714789
            ],
            [
              -87.62341,
              41.714673
            ],
            [
              -87.622854,
              41.715802
            ],
            [
              -87.6228,
              41.715957
            ],
            [
              -87.622746,
              41.71623
            ],
            [
              -87.622732,
              41.716538
            ],
            [
              -87.622761,
              41.716921
            ],
            [
              -87.622805,
              41.716982
            ],
            [
              -87.622878,
              41.717162
            ],
            [
              -87.623513,
              41.718979
            ],
            [
              -87.623624,
              41.719417
            ],
            [
              -87.623681,
              41.719807
            ],
            [
              -87.623744,
              41.722242
            ],
            [
              -87.623788,
              41.723135
            ],
            [
              -87.623776,
              41.723484
            ],
            [
              -87.623923,
              41.728622
            ],
            [
              -87.623947,
              41.729296
            ],
            [
              -87.624044,
              41.73002
            ],
            [
              -87.624057,
              41.730701
            ],
            [
              -87.624007,
              41.731667
            ],
            [
              -87.624059,
              41.733666
            ],
            [
              -87.624108,
              41.73409
            ],
            [
              -87.624161,
              41.736299
            ],
            [
              -87.622872,
              41.736368
            ],
            [
              -87.621789,
              41.736396
            ],
            [
              -87.609673,
              41.73658
            ],
            [
              -87.609548,
              41.731566
            ]
          ]
        ]
      }
    },
    {
      "type": "Feature",
      "properties": {
        "placeFips": "1714000",
        "city": "Chicago",
        "state": "IL",
        "boundaryType": "ward",
        "district": "36",
        "name": "36"
      },
      "geometry": {
        "type": "Polygon",
        "coordinates": [
          [
            [
              -87.761929,
              41.948748
            ],
            [
              -87.761928,
              41.948681
            ],
            [
              -87.759466,
              41.948709
            ],
            [
              -87.759437,
              41.947801
            ],
            [
              -87.761898,
              41.947766
            ],
            [
              -87.761775,
              41.944114
            ],
            [
              -87.764235,
              41.944081
            ],
            [
              -87.764142,
              41.941346
            ],
            [
              -87.766596,
              41.941314
            ],
            [
              -87.766564,
              41.940401
            ],
            [
              -87.76823,
              41.940379
            ],
            [
              -87.771424,
              41.94034
            ],
            [
              -87.771459,
              41.941255
            ],
            [
              -87.781185,
              41.941133
            ],
            [
              -87.781076,
              41.938476
            ],
            [
              -87.78095,
              41.934728
            ],
            [
              -87.784592,
              41.934677
            ],
            [
              -87.784474,
              41.931019
            ],
            [
              -87.785689,
              41.931002
            ],
            [
              -87.785688,
              41.930468
            ],
            [
              -87.785598,
              41.927754
            ],
            [
              -87.785443,
              41.923678
            ],
            [
              -87.766245,
              41.923978
            ],
            [
              -87.748758,
              41.924206
            ],
            [
              -87.748743,
              41.924093
            ],
            [
              -87.748725,
              41.923305
            ],
            [
              -87.746946,
              41.92332
            ],
            [
              -87.746917,
              41.922413
            ],
            [
              -87.745164,
              41.922426
            ],
            [
              -87.745036,
              41.922428
            ],
            [
              -87.745077,
              41.924256
            ],
            [
              -87.741638,
              41.924303
            ],
            [
              -87.741585,
              41.922501
            ],
            [
              -87.738943,
              41.922507
            ],
            [
              -87.736495,
              41.922535
            ],
            [
              -87.736224,
              41.913507
            ],
            [
              -87.733769,
              41.913538
            ],
            [
              -87.733711,
              41.91161
            ],
            [
              -87.734932,
              41.911596
            ],
            [
              -87.734874,
              41.909775
            ],
            [
              -87.736263,
              41.909756
            ],
            [
              -87.736198,
              41.910037
            ],
            [
              -87.74599,
              41.913924
            ],
            [
              -87.746009,
              41.914469
            ],
            [
              -87.755893,
              41.915678
            ],
            [
              -87.755938,
              41.916934
            ],
            [
              -87.76519,
              41.918653
            ],
            [
              -87.767018,
              41.91898
            ],
            [
              -87.76694,
              41.916869
            ],
            [
              -87.76816,
              41.916856
            ],
            [
              -87.768201,
              41.918052
            ],
            [
              -87.769332,
              41.918035
            ],
            [
              -87.769529,
              41.917991
            ],
            [
              -87.780259,
              41.917846
            ],
            [
              -87.780325,
              41.917853
            ],
            [
              -87.780373,
              41.917879
            ],
            [
              -87.780389,
              41.917922
            ],
            [
              -87.780401,
              41.918292
            ],
            [
              -87.785277,
              41.918228
            ],
            [
              -87.785232,
              41.916638
            ],
            [
              -87.785846,
              41.916664
            ],
            [
              -87.78657,
              41.916753
            ],
            [
              -87.787075,
              41.91685
            ],
            [
              -87.787655,
              41.917004
            ],
            [
              -87.787693,
              41.917063
            ],
            [
              -87.787883,
              41.923263
            ],
            [
              -87.788085,
              41.923349
            ],
            [
              -87.788573,
              41.923652
            ],
            [
              -87.790393,
              41.923636
            ],
            [
              -87.790412,
              41.923773
            ],
            [
              -87.790428,
              41.924219
            ],
            [
              -87.790636,
              41.930942
            ],
            [
              -87.793028,
              41.930913
            ],
            [
              -87.792795,
              41.923618
            ],
            [
              -87.792408,
              41.923621
            ],
            [
              -87.792335,
              41.921195
            ],
            [
              -87.798754,
              41.921135
            ],
            [
              -87.79881,
              41.921154
            ],
            [
              -87.798829,
              41.919907
            ],
            [
              -87.798888,
              41.91992
            ],
            [
              -87.800626,
              41.919904
            ],
            [
              -87.800762,
              41.92416
            ],
            [
              -87.803492,
              41.92413
            ],
            [
              -87.803524,
              41.924155
            ],
            [
              -87.803535,
              41.924269
            ],
            [
              -87.803558,
              41.924289
            ],
            [
              -87.8044,
              41.924291
            ],
            [
              -87.804433,
              41.92534
            ],
            [
              -87.8008,
              41.92537
            ],
            [
              -87.800825,
              41.926448
            ],
            [
              -87.801289,
              41.939898
            ],
            [
              -87.799465,
              41.939928
            ],
            [
              -87.799525,
              41.941668
            ],
            [
              -87.799507,
              41.941737
            ],
            [
              -87.799483,
              41.941749
            ],
            [
              -87.799124,
              41.941758
            ],
            [
              -87.788991,
              41.94194
            ],
            [
              -87.788417,
              41.941965
            ],
            [
              -87.78621,
              41.941994
            ],
            [
              -87.78635,
              41.945216
            ],
            [
              -87.786346,
              41.945505
            ],
            [
              -87.786279,
              41.945776
            ],
            [
              -87.786268,
              41.946157
            ],
            [
              -87.786363,
              41.94839
            ],
            [
              -87.764389,
              41.948647
            ],
            [
              -87.764394,
              41.948784
            ],
            [
              -87.761932,
              41.948815
            ],
            [
              -87.761929,
              41.948748
            ]
          ]
        ]
      }
    },
    {
      "type": "Feature",
      "properties": {
        "placeFips": "1714000",
        "city": "Chicago",
        "state": "IL",
        "boundaryType": "ward",
        "district": "37",
        "name": "37"
      },
      "geometry": {
        "type": "Polygon",
        "coordinates": [
          [
            [
              -87.736263,
              41.909756
            ],
            [
              -87.736315,
              41.90953
            ],
            [
              -87.736329,
              41.9092
            ],
            [
              -87.736215,
              41.905229
            ],
            [
              -87.726386,
              41.905376
            ],
            [
              -87.726393,
              41.905629
            ],
            [
              -87.726234,
              41.905577
            ],
            [
              -87.725764,
              41.905356
            ],
            [
              -87.725745,
              41.904446
            ],
            [
              -87.723923,
              41.904457
            ],
            [
              -87.723878,
              41.903147
            ],
            [
              -87.72266,
              41.903158
            ],
            [
              -87.722406,
              41.895262
            ],
            [
              -87.722259,
              41.889899
            ],
            [
              -87.721035,
              41.889904
            ],
            [
              -87.720925,
              41.885987
            ],
            [
              -87.72092,
              41.885204
            ],
            [
              -87.724631,
              41.885414
            ],
            [
              -87.725805,
              41.885467
            ],
            [
              -87.725877,
              41.888236
            ],
            [
              -87.726115,
              41.888326
            ],
            [
              -87.726339,
              41.888451
            ],
            [
              -87.72647,
              41.88855
            ],
            [
              -87.726625,
              41.888731
            ],
            [
              -87.727135,
              41.889675
            ],
            [
              -87.727179,
              41.889811
            ],
            [
              -87.727233,
              41.890223
            ],
            [
              -87.727294,
              41.890459
            ],
            [
              -87.727405,
              41.890716
            ],
            [
              -87.72751,
              41.89088
            ],
            [
              -87.727614,
              41.891007
            ],
            [
              -87.727628,
              41.891081
            ],
            [
              -87.727755,
              41.891141
            ],
            [
              -87.728009,
              41.891325
            ],
            [
              -87.72831,
              41.89147
            ],
            [
              -87.728569,
              41.891553
            ],
            [
              -87.728751,
              41.891587
            ],
            [
              -87.730385,
              41.891703
            ],
            [
              -87.73178,
              41.89185
            ],
            [
              -87.734279,
              41.892322
            ],
            [
              -87.73465,
              41.892408
            ],
            [
              -87.738522,
              41.893616
            ],
            [
              -87.740667,
              41.894662
            ],
            [
              -87.740753,
              41.894725
            ],
            [
              -87.740791,
              41.894811
            ],
            [
              -87.740796,
              41.895097
            ],
            [
              -87.741505,
              41.895095
            ],
            [
              -87.742393,
              41.895065
            ],
            [
              -87.745807,
              41.895004
            ],
            [
              -87.745713,
              41.892269
            ],
            [
              -87.746319,
              41.892264
            ],
            [
              -87.746201,
              41.888853
            ],
            [
              -87.74618,
              41.888635
            ],
            [
              -87.746177,
              41.888248
            ],
            [
              -87.748015,
              41.888233
            ],
            [
              -87.748002,
              41.887885
            ],
            [
              -87.75065,
              41.88787
            ],
            [
              -87.75412,
              41.887827
            ],
            [
              -87.754173,
              41.889317
            ],
            [
              -87.755395,
              41.889305
            ],
            [
              -87.755316,
              41.887314
            ],
            [
              -87.755323,
              41.887024
            ],
            [
              -87.75529,
              41.886766
            ],
            [
              -87.75526,
              41.885639
            ],
            [
              -87.758929,
              41.885594
            ],
            [
              -87.758936,
              41.885764
            ],
            [
              -87.760092,
              41.885746
            ],
            [
              -87.760203,
              41.885752
            ],
            [
              -87.760282,
              41.885786
            ],
            [
              -87.760232,
              41.884471
            ],
            [
              -87.760245,
              41.884299
            ],
            [
              -87.765002,
              41.884235
            ],
            [
              -87.765124,
              41.887885
            ],
            [
              -87.765388,
              41.894634
            ],
            [
              -87.765885,
              41.908615
            ],
            [
              -87.765887,
              41.908864
            ],
            [
              -87.765835,
              41.909089
            ],
            [
              -87.765666,
              41.909533
            ],
            [
              -87.765549,
              41.90994
            ],
            [
              -87.765533,
              41.910164
            ],
            [
              -87.765636,
              41.912853
            ],
            [
              -87.76579,
              41.91876
            ],
            [
              -87.755938,
              41.916934
            ],
            [
              -87.755893,
              41.915678
            ],
            [
              -87.746009,
              41.914469
            ],
            [
              -87.74599,
              41.913924
            ],
            [
              -87.736198,
              41.910037
            ],
            [
              -87.736263,
              41.909756
            ]
          ]
        ]
      }
    },
    {
      "type": "Feature",
      "properties": {
        "placeFips": "1714000",
        "city": "Chicago",
        "state": "IL",
        "boundaryType": "ward",
        "district": "27",
        "name": "27"
      },
      "geometry": {
        "type": "Polygon",
        "coordinates": [
          [
            [
              -87.636664,
              41.911197
            ],
            [
              -87.636662,
              41.911142
            ],
            [
              -87.635051,
              41.911161
            ],
            [
              -87.633151,
              41.911156
            ],
            [
              -87.633046,
              41.907703
            ],
            [
              -87.633299,
              41.907686
            ],
            [
              -87.637212,
              41.907621
            ],
            [
              -87.637171,
              41.906655
            ],
            [
              -87.634575,
              41.906692
            ],
            [
              -87.634542,
              41.905729
            ],
            [
              -87.637131,
              41.905686
            ],
            [
              -87.637052,
              41.903809
            ],
            [
              -87.631445,
              41.903901
            ],
            [
              -87.631424,
              41.903135
            ],
            [
              -87.632895,
              41.903115
            ],
            [
              -87.632852,
              41.901498
            ],
            [
              -87.633435,
              41.90149
            ],
            [
              -87.633432,
              41.90134
            ],
            [
              -87.634382,
              41.901325
            ],
            [
              -87.634262,
              41.898204
            ],
            [
              -87.635741,
              41.898183
            ],
            [
              -87.635712,
              41.897403
            ],
            [
              -87.634233,
              41.897419
            ],
            [
              -87.634203,
              41.896596
            ],
            [
              -87.63521,
              41.896581
            ],
            [
              -87.635438,
              41.896591
            ],
            [
              -87.635923,
              41.896569
            ],
            [
              -87.644222,
              41.896455
            ],
            [
              -87.644117,
              41.894274
            ],
            [
              -87.644075,
              41.894139
            ],
            [
              -87.643977,
              41.894022
            ],
            [
              -87.643782,
              41.893889
            ],
            [
              -87.643553,
              41.893537
            ],
            [
              -87.643215,
              41.893376
            ],
            [
              -87.642943,
              41.893215
            ],
            [
              -87.642716,
              41.893036
            ],
            [
              -87.64245,
              41.892869
            ],
            [
              -87.642131,
              41.892595
            ],
            [
              -87.641927,
              41.892373
            ],
            [
              -87.641574,
              41.892049
            ],
            [
              -87.641506,
              41.891969
            ],
            [
              -87.641267,
              41.891628
            ],
            [
              -87.641178,
              41.891413
            ],
            [
              -87.642702,
              41.891269
            ],
            [
              -87.643123,
              41.891253
            ],
            [
              -87.642894,
              41.890981
            ],
            [
              -87.642822,
              41.890833
            ],
            [
              -87.642812,
              41.890701
            ],
            [
              -87.642952,
              41.890245
            ],
            [
              -87.642913,
              41.890152
            ],
            [
              -87.644345,
              41.890128
            ],
            [
              -87.644334,
              41.889034
            ],
            [
              -87.645349,
              41.889021
            ],
            [
              -87.645788,
              41.889074
            ],
            [
              -87.647583,
              41.88905
            ],
            [
              -87.647506,
              41.886797
            ],
            [
              -87.646539,
              41.8868
            ],
            [
              -87.646525,
              41.886773
            ],
            [
              -87.646371,
              41.886351
            ],
            [
              -87.646221,
              41.885817
            ],
            [
              -87.646181,
              41.885582
            ],
            [
              -87.646141,
              41.885256
            ],
            [
              -87.646053,
              41.883713
            ],
            [
              -87.646046,
              41.883156
            ],
            [
              -87.647405,
              41.883146
            ],
            [
              -87.64736,
              41.881778
            ],
            [
              -87.645998,
              41.881794
            ],
            [
              -87.645869,
              41.878774
            ],
            [
              -87.645803,
              41.8777
            ],
            [
              -87.645703,
              41.876692
            ],
            [
              -87.648951,
              41.876647
            ],
            [
              -87.649,
              41.87792
            ],
            [
              -87.648411,
              41.87793
            ],
            [
              -87.648452,
              41.879198
            ],
            [
              -87.649618,
              41.879179
            ],
            [
              -87.649736,
              41.883105
            ],
            [
              -87.654398,
              41.883023
            ],
            [
              -87.654387,
              41.882634
            ],
            [
              -87.655554,
              41.882602
            ],
            [
              -87.655567,
              41.883002
            ],
            [
              -87.656702,
              41.882983
            ],
            [
              -87.656724,
              41.882725
            ],
            [
              -87.65671,
              41.882303
            ],
            [
              -87.658776,
              41.882268
            ],
            [
              -87.658757,
              41.881588
            ],
            [
              -87.659617,
              41.881574
            ],
            [
              -87.65956,
              41.881475
            ],
            [
              -87.659531,
              41.88029
            ],
            [
              -87.6571,
              41.88033
            ],
            [
              -87.657057,
              41.879057
            ],
            [
              -87.65949,
              41.879019
            ],
            [
              -87.659416,
              41.876479
            ],
            [
              -87.664288,
              41.876396
            ],
            [
              -87.664418,
              41.881488
            ],
            [
              -87.666084,
              41.881462
            ],
            [
              -87.666711,
              41.880904
            ],
            [
              -87.667612,
              41.880154
            ],
            [
              -87.669228,
              41.878856
            ],
            [
              -87.666753,
              41.878895
            ],
            [
              -87.666687,
              41.877624
            ],
            [
              -87.666565,
              41.872632
            ],
            [
              -87.666384,
              41.866861
            ],
            [
              -87.668903,
              41.866859
            ],
            [
              -87.68359,
              41.866647
            ],
            [
              -87.683347,
              41.866974
            ],
            [
              -87.683195,
              41.867104
            ],
            [
              -87.67405,
              41.874744
            ],
            [
              -87.674067,
              41.875058
            ],
            [
              -87.676487,
              41.875021
            ],
            [
              -87.676456,
              41.874043
            ],
            [
              -87.681345,
              41.873965
            ],
            [
              -87.681371,
              41.874939
            ],
            [
              -87.686258,
              41.874995
            ],
            [
              -87.686246,
              41.875543
            ],
            [
              -87.686269,
              41.876084
            ],
            [
              -87.691357,
              41.876035
            ],
            [
              -87.691454,
              41.878396
            ],
            [
              -87.693785,
              41.87837
            ],
            [
              -87.693814,
              41.878221
            ],
            [
              -87.693799,
              41.8776
            ],
            [
              -87.693758,
              41.877298
            ],
            [
              -87.693714,
              41.876008
            ],
            [
              -87.695455,
              41.875978
            ],
            [
              -87.696153,
              41.875981
            ],
            [
              -87.696101,
              41.873794
            ],
            [
              -87.701013,
              41.873747
            ],
            [
              -87.701037,
              41.875141
            ],
            [
              -87.701089,
              41.876095
            ],
            [
              -87.701077,
              41.876336
            ],
            [
              -87.701208,
              41.881026
            ],
            [
              -87.703661,
              41.881001
            ],
            [
              -87.703686,
              41.881917
            ],
            [
              -87.706148,
              41.881882
            ],
            [
              -87.706398,
              41.890307
            ],
            [
              -87.711279,
              41.890255
            ],
            [
              -87.711221,
              41.888178
            ],
            [
              -87.720983,
              41.888054
            ],
            [
              -87.721035,
              41.889904
            ],
            [
              -87.722259,
              41.889899
            ],
            [
              -87.722406,
              41.895262
            ],
            [
              -87.72266,
              41.903158
            ],
            [
              -87.721446,
              41.903174
            ],
            [
              -87.721478,
              41.904206
            ],
            [
              -87.712799,
              41.900752
            ],
            [
              -87.71269,
              41.900691
            ],
            [
              -87.711884,
              41.900053
            ],
            [
              -87.711384,
              41.900196
            ],
            [
              -87.702593,
              41.896703
            ],
            [
              -87.687389,
              41.890629
            ],
            [
              -87.686066,
              41.89067
            ],
            [
              -87.68604,
              41.889965
            ],
            [
              -87.685939,
              41.890012
            ],
            [
              -87.68547,
              41.890012
            ],
            [
              -87.685476,
              41.890214
            ],
            [
              -87.685459,
              41.89024
            ],
            [
              -87.68537,
              41.890262
            ],
            [
              -87.68398,
              41.890301
            ],
            [
              -87.681979,
              41.890336
            ],
            [
              -87.681697,
              41.890322
            ],
            [
              -87.680415,
              41.890342
            ],
            [
              -87.674527,
              41.890459
            ],
            [
              -87.674453,
              41.890473
            ],
            [
              -87.674465,
              41.890865
            ],
            [
              -87.669578,
              41.890944
            ],
            [
              -87.669549,
              41.889848
            ],
            [
              -87.663645,
              41.88994
            ],
            [
              -87.66187,
              41.889939
            ],
            [
              -87.659932,
              41.889961
            ],
            [
              -87.659891,
              41.890031
            ],
            [
              -87.658292,
              41.891943
            ],
            [
              -87.65743,
              41.89292
            ],
            [
              -87.657474,
              41.894766
            ],
            [
              -87.662365,
              41.894692
            ],
            [
              -87.662328,
              41.893416
            ],
            [
              -87.665578,
              41.893369
            ],
            [
              -87.665658,
              41.896098
            ],
            [
              -87.662405,
              41.89615
            ],
            [
              -87.66253,
              41.900823
            ],
            [
              -87.666485,
              41.903358
            ],
            [
              -87.664288,
              41.90338
            ],
            [
              -87.66111,
              41.903443
            ],
            [
              -87.660942,
              41.904757
            ],
            [
              -87.660938,
              41.905142
            ],
            [
              -87.660979,
              41.905489
            ],
            [
              -87.661062,
              41.905874
            ],
            [
              -87.661147,
              41.906133
            ],
            [
              -87.661288,
              41.906472
            ],
            [
              -87.661448,
              41.906773
            ],
            [
              -87.661787,
              41.907262
            ],
            [
              -87.662054,
              41.907573
            ],
            [
              -87.662795,
              41.908255
            ],
            [
              -87.662801,
              41.909795
            ],
            [
              -87.662831,
              41.910699
            ],
            [
              -87.659865,
              41.910755
            ],
            [
              -87.655821,
              41.910794
            ],
            [
              -87.651106,
              41.910874
            ],
            [
              -87.651032,
              41.908536
            ],
            [
              -87.650066,
              41.908543
            ],
            [
              -87.648211,
              41.908577
            ],
            [
              -87.648251,
              41.910003
            ],
            [
              -87.64775,
              41.909644
            ],
            [
              -87.647255,
              41.910028
            ],
            [
              -87.647022,
              41.910142
            ],
            [
              -87.646785,
              41.910312
            ],
            [
              -87.645819,
              41.910311
            ],
            [
              -87.645845,
              41.910956
            ],
            [
              -87.645406,
              41.910962
            ],
            [
              -87.645407,
              41.910465
            ],
            [
              -87.645479,
              41.91032
            ],
            [
              -87.643783,
              41.91033
            ],
            [
              -87.643411,
              41.910367
            ],
            [
              -87.643378,
              41.909177
            ],
            [
              -87.642167,
              41.909193
            ],
            [
              -87.642061,
              41.90576
            ],
            [
              -87.642114,
              41.905596
            ],
            [
              -87.641108,
              41.904873
            ],
            [
              -87.640857,
              41.905063
            ],
            [
              -87.64084,
              41.905084
            ],
            [
              -87.640837,
              41.905128
            ],
            [
              -87.640956,
              41.90921
            ],
            [
              -87.638534,
              41.909242
            ],
            [
              -87.638592,
              41.911115
            ],
            [
              -87.638038,
              41.911123
            ],
            [
              -87.638055,
              41.91161
            ],
            [
              -87.638034,
              41.911724
            ],
            [
              -87.636684,
              41.911748
            ],
            [
              -87.636664,
              41.911197
            ]
          ]
        ]
      }
    },
    {
      "type": "Feature",
      "properties": {
        "placeFips": "1714000",
        "city": "Chicago",
        "state": "IL",
        "boundaryType": "ward",
        "district": "10",
        "name": "10"
      },
      "geometry": {
        "type": "Polygon",
        "coordinates": [
          [
            [
              -87.578377,
              41.644695
            ],
            [
              -87.578446,
              41.645518
            ],
            [
              -87.578575,
              41.646254
            ],
            [
              -87.578677,
              41.646699
            ],
            [
              -87.578878,
              41.64738
            ],
            [
              -87.579182,
              41.648161
            ],
            [
              -87.579638,
              41.649144
            ],
            [
              -87.579792,
              41.649405
            ],
            [
              -87.580487,
              41.650424
            ],
            [
              -87.580811,
              41.650837
            ],
            [
              -87.582122,
              41.652384
            ],
            [
              -87.58302,
              41.653408
            ],
            [
              -87.584684,
              41.655366
            ],
            [
              -87.587651,
              41.658806
            ],
            [
              -87.588679,
              41.660031
            ],
            [
              -87.59012,
              41.661652
            ],
            [
              -87.591067,
              41.662786
            ],
            [
              -87.59172,
              41.66353
            ],
            [
              -87.592124,
              41.663709
            ],
            [
              -87.600195,
              41.673091
            ],
            [
              -87.600457,
              41.673432
            ],
            [
              -87.600741,
              41.67385
            ],
            [
              -87.601066,
              41.674422
            ],
            [
              -87.601279,
              41.674886
            ],
            [
              -87.601446,
              41.675338
            ],
            [
              -87.601544,
              41.675667
            ],
            [
              -87.601612,
              41.675962
            ],
            [
              -87.601686,
              41.676384
            ],
            [
              -87.601733,
              41.676896
            ],
            [
              -87.601846,
              41.680687
            ],
            [
              -87.601879,
              41.682626
            ],
            [
              -87.60194,
              41.68417
            ],
            [
              -87.601936,
              41.684742
            ],
            [
              -87.6019,
              41.685062
            ],
            [
              -87.60172,
              41.685837
            ],
            [
              -87.601368,
              41.686667
            ],
            [
              -87.600694,
              41.687961
            ],
            [
              -87.600294,
              41.68868
            ],
            [
              -87.599737,
              41.68974
            ],
            [
              -87.598856,
              41.691309
            ],
            [
              -87.597247,
              41.694309
            ],
            [
              -87.596798,
              41.695176
            ],
            [
              -87.595208,
              41.698074
            ],
            [
              -87.594216,
              41.69997
            ],
            [
              -87.592814,
              41.702559
            ],
            [
              -87.592518,
              41.703176
            ],
            [
              -87.592311,
              41.703786
            ],
            [
              -87.592171,
              41.704356
            ],
            [
              -87.592078,
              41.70504
            ],
            [
              -87.592062,
              41.705396
            ],
            [
              -87.592082,
              41.705986
            ],
            [
              -87.592146,
              41.706501
            ],
            [
              -87.592274,
              41.707073
            ],
            [
              -87.592487,
              41.707663
            ],
            [
              -87.591507,
              41.707664
            ],
            [
              -87.589024,
              41.707735
            ],
            [
              -87.587463,
              41.707743
            ],
            [
              -87.585746,
              41.707774
            ],
            [
              -87.585521,
              41.708121
            ],
            [
              -87.585256,
              41.708616
            ],
            [
              -87.585086,
              41.709013
            ],
            [
              -87.584931,
              41.709442
            ],
            [
              -87.584829,
              41.709815
            ],
            [
              -87.584737,
              41.71029
            ],
            [
              -87.584626,
              41.71125
            ],
            [
              -87.584662,
              41.711791
            ],
            [
              -87.584683,
              41.712491
            ],
            [
              -87.584684,
              41.713607
            ],
            [
              -87.584702,
              41.713695
            ],
            [
              -87.584737,
              41.714295
            ],
            [
              -87.584891,
              41.717626
            ],
            [
              -87.584889,
              41.718319
            ],
            [
              -87.584963,
              41.720687
            ],
            [
              -87.584662,
              41.72038
            ],
            [
              -87.583868,
              41.719501
            ],
            [
              -87.567166,
              41.700939
            ],
            [
              -87.565184,
              41.70095
            ],
            [
              -87.563442,
              41.698129
            ],
            [
              -87.563359,
              41.698058
            ],
            [
              -87.563165,
              41.698039
            ],
            [
              -87.563275,
              41.706395
            ],
            [
              -87.559645,
              41.706399
            ],
            [
              -87.559654,
              41.707794
            ],
            [
              -87.559689,
              41.708998
            ],
            [
              -87.559775,
              41.715404
            ],
            [
              -87.56168,
              41.7154
            ],
            [
              -87.562699,
              41.715373
            ],
            [
              -87.564355,
              41.715361
            ],
            [
              -87.569446,
              41.715278
            ],
            [
              -87.569434,
              41.715639
            ],
            [
              -87.569354,
              41.715895
            ],
            [
              -87.569235,
              41.716057
            ],
            [
              -87.569091,
              41.716193
            ],
            [
              -87.568863,
              41.716333
            ],
            [
              -87.568703,
              41.716408
            ],
            [
              -87.568294,
              41.716471
            ],
            [
              -87.567981,
              41.716486
            ],
            [
              -87.566814,
              41.716484
            ],
            [
              -87.566784,
              41.716573
            ],
            [
              -87.566799,
              41.717345
            ],
            [
              -87.566789,
              41.717689
            ],
            [
              -87.566681,
              41.717952
            ],
            [
              -87.565949,
              41.719148
            ],
            [
              -87.565858,
              41.719437
            ],
            [
              -87.565837,
              41.719626
            ],
            [
              -87.565902,
              41.722585
            ],
            [
              -87.556604,
              41.722705
            ],
            [
              -87.556688,
              41.726352
            ],
            [
              -87.554913,
              41.726379
            ],
            [
              -87.555548,
              41.726858
            ],
            [
              -87.555973,
              41.726862
            ],
            [
              -87.556005,
              41.726965
            ],
            [
              -87.556016,
              41.727131
            ],
            [
              -87.556039,
              41.727211
            ],
            [
              -87.55656,
              41.727579
            ],
            [
              -87.556725,
              41.727627
            ],
            [
              -87.55674,
              41.728183
            ],
            [
              -87.552591,
              41.728229
            ],
            [
              -87.552639,
              41.730057
            ],
            [
              -87.555405,
              41.730014
            ],
            [
              -87.555585,
              41.737329
            ],
            [
              -87.556887,
              41.737313
            ],
            [
              -87.556917,
              41.739129
            ],
            [
              -87.555708,
              41.739148
            ],
            [
              -87.555733,
              41.740964
            ],
            [
              -87.555131,
              41.740972
            ],
            [
              -87.555188,
              41.744274
            ],
            [
              -87.553247,
              41.743198
            ],
            [
              -87.552344,
              41.742673
            ],
            [
              -87.551764,
              41.74229
            ],
            [
              -87.551518,
              41.742083
            ],
            [
              -87.551542,
              41.74254
            ],
            [
              -87.551701,
              41.74325
            ],
            [
              -87.551731,
              41.743467
            ],
            [
              -87.550521,
              41.743471
            ],
            [
              -87.550407,
              41.743423
            ],
            [
              -87.550295,
              41.743322
            ],
            [
              -87.550321,
              41.744674
            ],
            [
              -87.541946,
              41.74478
            ],
            [
              -87.541872,
              41.744756
            ],
            [
              -87.540936,
              41.744776
            ],
            [
              -87.530404,
              41.744752
            ],
            [
              -87.530076,
              41.742377
            ],
            [
              -87.530052,
              41.742309
            ],
            [
              -87.530071,
              41.742251
            ],
            [
              -87.530037,
              41.742199
            ],
            [
              -87.530067,
              41.742159
            ],
            [
              -87.530075,
              41.742115
            ],
            [
              -87.530052,
              41.742017
            ],
            [
              -87.529995,
              41.741991
            ],
            [
              -87.529991,
              41.741973
            ],
            [
              -87.530042,
              41.741924
            ],
            [
              -87.530035,
              41.74176
            ],
            [
              -87.529979,
              41.741601
            ],
            [
              -87.529907,
              41.741504
            ],
            [
              -87.529847,
              41.741456
            ],
            [
              -87.529721,
              41.741412
            ],
            [
              -87.529622,
              41.741421
            ],
            [
              -87.529496,
              41.741398
            ],
            [
              -87.524483,
              41.741451
            ],
            [
              -87.524471,
              41.741468
            ],
            [
              -87.524463,
              41.741386
            ],
            [
              -87.529887,
              41.741329
            ],
            [
              -87.53011,
              41.741237
            ],
            [
              -87.530167,
              41.741239
            ],
            [
              -87.530189,
              41.741264
            ],
            [
              -87.530677,
              41.741118
            ],
            [
              -87.539855,
              41.741013
            ],
            [
              -87.53985,
              41.740741
            ],
            [
              -87.53983,
              41.740497
            ],
            [
              -87.529857,
              41.740607
            ],
            [
              -87.529774,
              41.739847
            ],
            [
              -87.529779,
              41.739829
            ],
            [
              -87.529809,
              41.739817
            ],
            [
              -87.529767,
              41.739789
            ],
            [
              -87.529731,
              41.739593
            ],
            [
              -87.529725,
              41.739387
            ],
            [
              -87.52968,
              41.739161
            ],
            [
              -87.529588,
              41.738409
            ],
            [
              -87.529558,
              41.738323
            ],
            [
              -87.529572,
              41.738256
            ],
            [
              -87.529547,
              41.738172
            ],
            [
              -87.529547,
              41.738092
            ],
            [
              -87.529511,
              41.737903
            ],
            [
              -87.529485,
              41.737835
            ],
            [
              -87.529485,
              41.737706
            ],
            [
              -87.529431,
              41.737551
            ],
            [
              -87.529453,
              41.737499
            ],
            [
              -87.529425,
              41.73716
            ],
            [
              -87.529335,
              41.736554
            ],
            [
              -87.5293,
              41.736155
            ],
            [
              -87.529277,
              41.736055
            ],
            [
              -87.529242,
              41.736011
            ],
            [
              -87.529281,
              41.735935
            ],
            [
              -87.529239,
              41.735767
            ],
            [
              -87.529231,
              41.735613
            ],
            [
              -87.529122,
              41.734972
            ],
            [
              -87.52915,
              41.734898
            ],
            [
              -87.529125,
              41.734847
            ],
            [
              -87.529096,
              41.734493
            ],
            [
              -87.529065,
              41.734335
            ],
            [
              -87.529082,
              41.734255
            ],
            [
              -87.529019,
              41.733942
            ],
            [
              -87.529009,
              41.733845
            ],
            [
              -87.529024,
              41.733816
            ],
            [
              -87.529013,
              41.733796
            ],
            [
              -87.52897,
              41.733794
            ],
            [
              -87.528955,
              41.733768
            ],
            [
              -87.528965,
              41.733736
            ],
            [
              -87.528998,
              41.733716
            ],
            [
              -87.528992,
              41.7337
            ],
            [
              -87.529495,
              41.732367
            ],
            [
              -87.529463,
              41.732314
            ],
            [
              -87.529373,
              41.732319
            ],
            [
              -87.529269,
              41.732283
            ],
            [
              -87.529223,
              41.732226
            ],
            [
              -87.529181,
              41.73213
            ],
            [
              -87.529142,
              41.732091
            ],
            [
              -87.52895,
              41.732049
            ],
            [
              -87.525263,
              41.731531
            ],
            [
              -87.52508,
              41.731472
            ],
            [
              -87.524949,
              41.731408
            ],
            [
              -87.524734,
              41.731221
            ],
            [
              -87.524688,
              41.731093
            ],
            [
              -87.524531,
              41.723498
            ],
            [
              -87.524536,
              41.723293
            ],
            [
              -87.524554,
              41.723203
            ],
            [
              -87.524471,
              41.7232
            ],
            [
              -87.524473,
              41.721895
            ],
            [
              -87.524501,
              41.721885
            ],
            [
              -87.524506,
              41.721793
            ],
            [
              -87.524683,
              41.721798
            ],
            [
              -87.524839,
              41.72169
            ],
            [
              -87.525003,
              41.721523
            ],
            [
              -87.5247,
              41.721254
            ],
            [
              -87.524818,
              41.721179
            ],
            [
              -87.525093,
              41.721415
            ],
            [
              -87.525268,
              41.721171
            ],
            [
              -87.525408,
              41.72092
            ],
            [
              -87.525081,
              41.720848
            ],
            [
              -87.525136,
              41.72073
            ],
            [
              -87.525456,
              41.720792
            ],
            [
              -87.525485,
              41.720722
            ],
            [
              -87.525556,
              41.72037
            ],
            [
              -87.525609,
              41.719436
            ],
            [
              -87.52559,
              41.719214
            ],
            [
              -87.525546,
              41.718989
            ],
            [
              -87.525452,
              41.718755
            ],
            [
              -87.525294,
              41.718487
            ],
            [
              -87.525103,
              41.718254
            ],
            [
              -87.524905,
              41.71805
            ],
            [
              -87.524505,
              41.717982
            ],
            [
              -87.524505,
              41.717814
            ],
            [
              -87.524472,
              41.717791
            ],
            [
              -87.524468,
              41.717403
            ],
            [
              -87.525346,
              41.717382
            ],
            [
              -87.52571,
              41.717345
            ],
            [
              -87.525809,
              41.717324
            ],
            [
              -87.526421,
              41.717114
            ],
            [
              -87.526517,
              41.717267
            ],
            [
              -87.526605,
              41.717236
            ],
            [
              -87.526519,
              41.717085
            ],
            [
              -87.526795,
              41.716986
            ],
            [
              -87.526769,
              41.716922
            ],
            [
              -87.526789,
              41.716884
            ],
            [
              -87.526845,
              41.716872
            ],
            [
              -87.52693,
              41.716929
            ],
            [
              -87.526993,
              41.716948
            ],
            [
              -87.527301,
              41.716825
            ],
            [
              -87.52729,
              41.716806
            ],
            [
              -87.527641,
              41.71662
            ],
            [
              -87.527902,
              41.716454
            ],
            [
              -87.528192,
              41.716226
            ],
            [
              -87.528567,
              41.715852
            ],
            [
              -87.528565,
              41.715813
            ],
            [
              -87.528638,
              41.715748
            ],
            [
              -87.528669,
              41.715686
            ],
            [
              -87.528704,
              41.715423
            ],
            [
              -87.528618,
              41.715019
            ],
            [
              -87.528563,
              41.714869
            ],
            [
              -87.52847,
              41.714704
            ],
            [
              -87.528133,
              41.714239
            ],
            [
              -87.527974,
              41.713873
            ],
            [
              -87.527712,
              41.713422
            ],
            [
              -87.52756,
              41.713229
            ],
            [
              -87.527423,
              41.713085
            ],
            [
              -87.526486,
              41.712355
            ],
            [
              -87.525226,
              41.713368
            ],
            [
              -87.525167,
              41.713327
            ],
            [
              -87.526433,
              41.712314
            ],
            [
              -87.528408,
              41.710803
            ],
            [
              -87.527203,
              41.710031
            ],
            [
              -87.5269,
              41.709914
            ],
            [
              -87.526648,
              41.709849
            ],
            [
              -87.526243,
              41.70982
            ],
            [
              -87.5259,
              41.710145
            ],
            [
              -87.52602,
              41.710261
            ],
            [
              -87.525998,
              41.710349
            ],
            [
              -87.5259,
              41.710402
            ],
            [
              -87.525824,
              41.710417
            ],
            [
              -87.52575,
              41.710411
            ],
            [
              -87.525628,
              41.710341
            ],
            [
              -87.525594,
              41.710269
            ],
            [
              -87.525544,
              41.710231
            ],
            [
              -87.525471,
              41.710129
            ],
            [
              -87.525447,
              41.710114
            ],
            [
              -87.525377,
              41.710111
            ],
            [
              -87.525357,
              41.71006
            ],
            [
              -87.525281,
              41.710046
            ],
            [
              -87.525157,
              41.709997
            ],
            [
              -87.525117,
              41.709963
            ],
            [
              -87.52504,
              41.709945
            ],
            [
              -87.524565,
              41.709571
            ],
            [
              -87.524191,
              41.709429
            ],
            [
              -87.524154,
              41.709396
            ],
            [
              -87.52414,
              41.70936
            ],
            [
              -87.52414,
              41.70932
            ],
            [
              -87.524206,
              41.709312
            ],
            [
              -87.524227,
              41.709286
            ],
            [
              -87.524459,
              41.709254
            ],
            [
              -87.524554,
              41.709273
            ],
            [
              -87.524613,
              41.709314
            ],
            [
              -87.524727,
              41.709354
            ],
            [
              -87.52476,
              41.709334
            ],
            [
              -87.524878,
              41.709403
            ],
            [
              -87.524884,
              41.709441
            ],
            [
              -87.525123,
              41.709735
            ],
            [
              -87.525167,
              41.709708
            ],
            [
              -87.52521,
              41.709741
            ],
            [
              -87.525257,
              41.709713
            ],
            [
              -87.52553,
              41.709937
            ],
            [
              -87.525587,
              41.709938
            ],
            [
              -87.52622,
              41.709539
            ],
            [
              -87.525769,
              41.709157
            ],
            [
              -87.525307,
              41.709461
            ],
            [
              -87.525356,
              41.709496
            ],
            [
              -87.525339,
              41.709513
            ],
            [
              -87.525279,
              41.709467
            ],
            [
              -87.525261,
              41.709473
            ],
            [
              -87.52513,
              41.709344
            ],
            [
              -87.525156,
              41.709324
            ],
            [
              -87.525219,
              41.709363
            ],
            [
              -87.525679,
              41.709085
            ],
            [
              -87.525426,
              41.708842
            ],
            [
              -87.525374,
              41.708827
            ],
            [
              -87.524864,
              41.709152
            ],
            [
              -87.524784,
              41.709081
            ],
            [
              -87.525019,
              41.708915
            ],
            [
              -87.524977,
              41.708854
            ],
            [
              -87.524942,
              41.708727
            ],
            [
              -87.524889,
              41.708667
            ],
            [
              -87.524535,
              41.708482
            ],
            [
              -87.524552,
              41.70786
            ],
            [
              -87.52453,
              41.702062
            ],
            [
              -87.524551,
              41.699543
            ],
            [
              -87.524614,
              41.695416
            ],
            [
              -87.524637,
              41.695201
            ],
            [
              -87.524659,
              41.692275
            ],
            [
              -87.52462,
              41.691801
            ],
            [
              -87.524651,
              41.688183
            ],
            [
              -87.524833,
              41.67386
            ],
            [
              -87.524997,
              41.658496
            ],
            [
              -87.525166,
              41.644549
            ],
            [
              -87.529938,
              41.644574
            ],
            [
              -87.53503,
              41.644558
            ],
            [
              -87.549803,
              41.644573
            ],
            [
              -87.562374,
              41.644664
            ],
            [
              -87.574869,
              41.64468
            ],
            [
              -87.577251,
              41.644709
            ],
            [
              -87.578377,
              41.644695
            ]
          ]
        ]
      }
    },
    {
      "type": "Feature",
      "properties": {
        "placeFips": "1714000",
        "city": "Chicago",
        "state": "IL",
        "boundaryType": "ward",
        "district": "11",
        "name": "11"
      },
      "geometry": {
        "type": "Polygon",
        "coordinates": [
          [
            [
              -87.646718,
              41.874324
            ],
            [
              -87.645662,
              41.874331
            ],
            [
              -87.645674,
              41.874015
            ],
            [
              -87.645657,
              41.873707
            ],
            [
              -87.645393,
              41.872294
            ],
            [
              -87.645255,
              41.871373
            ],
            [
              -87.644897,
              41.868604
            ],
            [
              -87.644767,
              41.867184
            ],
            [
              -87.639218,
              41.867253
            ],
            [
              -87.639238,
              41.866912
            ],
            [
              -87.639037,
              41.861084
            ],
            [
              -87.639014,
              41.860018
            ],
            [
              -87.64194,
              41.859984
            ],
            [
              -87.641864,
              41.857621
            ],
            [
              -87.639967,
              41.857648
            ],
            [
              -87.640166,
              41.857521
            ],
            [
              -87.640466,
              41.857381
            ],
            [
              -87.642332,
              41.856549
            ],
            [
              -87.642313,
              41.855951
            ],
            [
              -87.642335,
              41.855936
            ],
            [
              -87.642785,
              41.855908
            ],
            [
              -87.642744,
              41.854243
            ],
            [
              -87.644388,
              41.854225
            ],
            [
              -87.644667,
              41.853616
            ],
            [
              -87.644724,
              41.853408
            ],
            [
              -87.644748,
              41.853232
            ],
            [
              -87.644742,
              41.852668
            ],
            [
              -87.641788,
              41.852699
            ],
            [
              -87.64049,
              41.852765
            ],
            [
              -87.638532,
              41.852792
            ],
            [
              -87.638488,
              41.851092
            ],
            [
              -87.639631,
              41.850536
            ],
            [
              -87.639816,
              41.850427
            ],
            [
              -87.640385,
              41.849927
            ],
            [
              -87.640704,
              41.849725
            ],
            [
              -87.640478,
              41.849467
            ],
            [
              -87.640383,
              41.8495
            ],
            [
              -87.638448,
              41.849523
            ],
            [
              -87.638409,
              41.848162
            ],
            [
              -87.631901,
              41.848253
            ],
            [
              -87.631924,
              41.848097
            ],
            [
              -87.632094,
              41.847695
            ],
            [
              -87.632139,
              41.847532
            ],
            [
              -87.631664,
              41.847521
            ],
            [
              -87.631227,
              41.847484
            ],
            [
              -87.63001,
              41.847262
            ],
            [
              -87.629561,
              41.830971
            ],
            [
              -87.631504,
              41.830939
            ],
            [
              -87.631465,
              41.829062
            ],
            [
              -87.632571,
              41.829052
            ],
            [
              -87.632667,
              41.829035
            ],
            [
              -87.632627,
              41.827281
            ],
            [
              -87.633842,
              41.827265
            ],
            [
              -87.633851,
              41.827188
            ],
            [
              -87.633763,
              41.823616
            ],
            [
              -87.636169,
              41.823585
            ],
            [
              -87.63583,
              41.809605
            ],
            [
              -87.635774,
              41.809047
            ],
            [
              -87.640679,
              41.808952
            ],
            [
              -87.64063,
              41.807002
            ],
            [
              -87.640605,
              41.806596
            ],
            [
              -87.640599,
              41.805429
            ],
            [
              -87.640657,
              41.805174
            ],
            [
              -87.641015,
              41.805077
            ],
            [
              -87.641513,
              41.805008
            ],
            [
              -87.645432,
              41.804947
            ],
            [
              -87.645538,
              41.808864
            ],
            [
              -87.65524,
              41.808734
            ],
            [
              -87.655259,
              41.809864
            ],
            [
              -87.655208,
              41.81036
            ],
            [
              -87.655197,
              41.810712
            ],
            [
              -87.655246,
              41.81237
            ],
            [
              -87.658564,
              41.812361
            ],
            [
              -87.660341,
              41.812239
            ],
            [
              -87.660367,
              41.812258
            ],
            [
              -87.660418,
              41.812262
            ],
            [
              -87.664444,
              41.812213
            ],
            [
              -87.664919,
              41.812209
            ],
            [
              -87.665064,
              41.812222
            ],
            [
              -87.665248,
              41.820244
            ],
            [
              -87.665345,
              41.822035
            ],
            [
              -87.665428,
              41.822575
            ],
            [
              -87.665463,
              41.822927
            ],
            [
              -87.665464,
              41.823803
            ],
            [
              -87.665452,
              41.823956
            ],
            [
              -87.665484,
              41.826185
            ],
            [
              -87.665477,
              41.826509
            ],
            [
              -87.665531,
              41.829348
            ],
            [
              -87.665568,
              41.830501
            ],
            [
              -87.657385,
              41.8306
            ],
            [
              -87.657366,
              41.830883
            ],
            [
              -87.65743,
              41.831197
            ],
            [
              -87.658659,
              41.832557
            ],
            [
              -87.660354,
              41.83437
            ],
            [
              -87.661287,
              41.834863
            ],
            [
              -87.661671,
              41.835253
            ],
            [
              -87.66199,
              41.835691
            ],
            [
              -87.662487,
              41.836141
            ],
            [
              -87.663078,
              41.836823
            ],
            [
              -87.663173,
              41.836981
            ],
            [
              -87.663361,
              41.837636
            ],
            [
              -87.66344,
              41.837805
            ],
            [
              -87.664268,
              41.839033
            ],
            [
              -87.664538,
              41.839555
            ],
            [
              -87.664566,
              41.839882
            ],
            [
              -87.664528,
              41.84043
            ],
            [
              -87.664542,
              41.84066
            ],
            [
              -87.664574,
              41.840757
            ],
            [
              -87.664843,
              41.841243
            ],
            [
              -87.664969,
              41.841619
            ],
            [
              -87.664952,
              41.841716
            ],
            [
              -87.66431,
              41.842801
            ],
            [
              -87.663888,
              41.844096
            ],
            [
              -87.663778,
              41.844292
            ],
            [
              -87.663451,
              41.844503
            ],
            [
              -87.662524,
              41.84491
            ],
            [
              -87.661638,
              41.845346
            ],
            [
              -87.660418,
              41.846041
            ],
            [
              -87.658901,
              41.84717
            ],
            [
              -87.657595,
              41.847966
            ],
            [
              -87.657354,
              41.848091
            ],
            [
              -87.657046,
              41.848213
            ],
            [
              -87.656673,
              41.84832
            ],
            [
              -87.656301,
              41.848354
            ],
            [
              -87.653409,
              41.847961
            ],
            [
              -87.653053,
              41.847947
            ],
            [
              -87.652583,
              41.848005
            ],
            [
              -87.651578,
              41.848176
            ],
            [
              -87.651003,
              41.848306
            ],
            [
              -87.649637,
              41.848396
            ],
            [
              -87.648644,
              41.848615
            ],
            [
              -87.647593,
              41.848944
            ],
            [
              -87.6468,
              41.849212
            ],
            [
              -87.646474,
              41.849271
            ],
            [
              -87.646471,
              41.849792
            ],
            [
              -87.646429,
              41.850508
            ],
            [
              -87.646495,
              41.852647
            ],
            [
              -87.648132,
              41.852613
            ],
            [
              -87.648294,
              41.858062
            ],
            [
              -87.647621,
              41.858075
            ],
            [
              -87.647673,
              41.859898
            ],
            [
              -87.656479,
              41.859765
            ],
            [
              -87.656554,
              41.862513
            ],
            [
              -87.656438,
              41.862469
            ],
            [
              -87.654146,
              41.8625
            ],
            [
              -87.654198,
              41.863488
            ],
            [
              -87.653775,
              41.863501
            ],
            [
              -87.653456,
              41.863444
            ],
            [
              -87.650937,
              41.863499
            ],
            [
              -87.651124,
              41.869508
            ],
            [
              -87.651696,
              41.869499
            ],
            [
              -87.651733,
              41.870448
            ],
            [
              -87.651703,
              41.870613
            ],
            [
              -87.651702,
              41.870834
            ],
            [
              -87.651734,
              41.871481
            ],
            [
              -87.652274,
              41.871472
            ],
            [
              -87.652286,
              41.871859
            ],
            [
              -87.653268,
              41.871841
            ],
            [
              -87.653273,
              41.872218
            ],
            [
              -87.652754,
              41.872224
            ],
            [
              -87.652757,
              41.872445
            ],
            [
              -87.652798,
              41.872581
            ],
            [
              -87.652815,
              41.873034
            ],
            [
              -87.651668,
              41.873067
            ],
            [
              -87.651666,
              41.873124
            ],
            [
              -87.651766,
              41.873189
            ],
            [
              -87.651796,
              41.873512
            ],
            [
              -87.65181,
              41.874369
            ],
            [
              -87.648405,
              41.874425
            ],
            [
              -87.647638,
              41.874362
            ],
            [
              -87.646718,
              41.874324
            ]
          ]
        ]
      }
    },
    {
      "type": "Feature",
      "properties": {
        "placeFips": "1714000",
        "city": "Chicago",
        "state": "IL",
        "boundaryType": "ward",
        "district": "26",
        "name": "26"
      },
      "geometry": {
        "type": "Polygon",
        "coordinates": [
          [
            [
              -87.707034,
              41.919225
            ],
            [
              -87.706952,
              41.916871
            ],
            [
              -87.710226,
              41.916835
            ],
            [
              -87.710334,
              41.916854
            ],
            [
              -87.710978,
              41.916847
            ],
            [
              -87.711824,
              41.916837
            ],
            [
              -87.711979,
              41.916815
            ],
            [
              -87.712183,
              41.916811
            ],
            [
              -87.716755,
              41.91676
            ],
            [
              -87.716757,
              41.916813
            ],
            [
              -87.720428,
              41.916784
            ],
            [
              -87.72039,
              41.915416
            ],
            [
              -87.719163,
              41.915432
            ],
            [
              -87.719109,
              41.913667
            ],
            [
              -87.718563,
              41.913669
            ],
            [
              -87.717151,
              41.913636
            ],
            [
              -87.709925,
              41.913723
            ],
            [
              -87.709542,
              41.913725
            ],
            [
              -87.70916,
              41.913695
            ],
            [
              -87.70807,
              41.913717
            ],
            [
              -87.707383,
              41.913761
            ],
            [
              -87.706857,
              41.913773
            ],
            [
              -87.701631,
              41.913826
            ],
            [
              -87.701517,
              41.910175
            ],
            [
              -87.694541,
              41.910243
            ],
            [
              -87.694499,
              41.908419
            ],
            [
              -87.697013,
              41.908396
            ],
            [
              -87.696969,
              41.906578
            ],
            [
              -87.687123,
              41.906667
            ],
            [
              -87.687027,
              41.903016
            ],
            [
              -87.687819,
              41.903008
            ],
            [
              -87.687805,
              41.902516
            ],
            [
              -87.696868,
              41.902431
            ],
            [
              -87.696815,
              41.900199
            ],
            [
              -87.68696,
              41.900293
            ],
            [
              -87.686763,
              41.89302
            ],
            [
              -87.684319,
              41.89306
            ],
            [
              -87.684332,
              41.893516
            ],
            [
              -87.676987,
              41.893626
            ],
            [
              -87.676897,
              41.890411
            ],
            [
              -87.681394,
              41.890326
            ],
            [
              -87.681979,
              41.890336
            ],
            [
              -87.68398,
              41.890301
            ],
            [
              -87.68537,
              41.890262
            ],
            [
              -87.685459,
              41.89024
            ],
            [
              -87.685476,
              41.890214
            ],
            [
              -87.68547,
              41.890012
            ],
            [
              -87.685939,
              41.890012
            ],
            [
              -87.68604,
              41.889965
            ],
            [
              -87.686066,
              41.89067
            ],
            [
              -87.687389,
              41.890629
            ],
            [
              -87.702593,
              41.896703
            ],
            [
              -87.711384,
              41.900196
            ],
            [
              -87.711884,
              41.900053
            ],
            [
              -87.71269,
              41.900691
            ],
            [
              -87.712799,
              41.900752
            ],
            [
              -87.721478,
              41.904206
            ],
            [
              -87.721446,
              41.903174
            ],
            [
              -87.723878,
              41.903147
            ],
            [
              -87.723923,
              41.904457
            ],
            [
              -87.725745,
              41.904446
            ],
            [
              -87.725764,
              41.905356
            ],
            [
              -87.726234,
              41.905577
            ],
            [
              -87.726393,
              41.905629
            ],
            [
              -87.726386,
              41.905376
            ],
            [
              -87.736215,
              41.905229
            ],
            [
              -87.736329,
              41.9092
            ],
            [
              -87.736315,
              41.90953
            ],
            [
              -87.736263,
              41.909756
            ],
            [
              -87.734874,
              41.909775
            ],
            [
              -87.734932,
              41.911596
            ],
            [
              -87.733711,
              41.91161
            ],
            [
              -87.733769,
              41.913538
            ],
            [
              -87.726449,
              41.913627
            ],
            [
              -87.726518,
              41.91545
            ],
            [
              -87.726559,
              41.917166
            ],
            [
              -87.729,
              41.917135
            ],
            [
              -87.729109,
              41.920795
            ],
            [
              -87.721777,
              41.920884
            ],
            [
              -87.721721,
              41.919052
            ],
            [
              -87.713563,
              41.91915
            ],
            [
              -87.713622,
              41.920984
            ],
            [
              -87.707606,
              41.921057
            ],
            [
              -87.707551,
              41.920896
            ],
            [
              -87.707422,
              41.920764
            ],
            [
              -87.707284,
              41.920697
            ],
            [
              -87.707075,
              41.920663
            ],
            [
              -87.707034,
              41.919225
            ]
          ]
        ]
      }
    },
    {
      "type": "Feature",
      "properties": {
        "placeFips": "1714000",
        "city": "Chicago",
        "state": "IL",
        "boundaryType": "ward",
        "district": "45",
        "name": "45"
      },
      "geometry": {
        "type": "Polygon",
        "coordinates": [
          [
            [
              -87.778354,
              41.990203
            ],
            [
              -87.766837,
              41.984247
            ],
            [
              -87.763963,
              41.982746
            ],
            [
              -87.75215,
              41.975501
            ],
            [
              -87.747912,
              41.972881
            ],
            [
              -87.747895,
              41.970992
            ],
            [
              -87.747851,
              41.969729
            ],
            [
              -87.747738,
              41.969226
            ],
            [
              -87.747502,
              41.968604
            ],
            [
              -87.74752,
              41.96848
            ],
            [
              -87.747625,
              41.968134
            ],
            [
              -87.747722,
              41.968029
            ],
            [
              -87.747725,
              41.967083
            ],
            [
              -87.747636,
              41.964517
            ],
            [
              -87.747595,
              41.96424
            ],
            [
              -87.747415,
              41.963833
            ],
            [
              -87.747062,
              41.96317
            ],
            [
              -87.746981,
              41.962992
            ],
            [
              -87.746963,
              41.9629
            ],
            [
              -87.74701,
              41.962793
            ],
            [
              -87.747391,
              41.962415
            ],
            [
              -87.746102,
              41.961678
            ],
            [
              -87.744439,
              41.960756
            ],
            [
              -87.743043,
              41.960775
            ],
            [
              -87.742362,
              41.960293
            ],
            [
              -87.741836,
              41.959946
            ],
            [
              -87.74039,
              41.95909
            ],
            [
              -87.73655,
              41.95691
            ],
            [
              -87.734358,
              41.95575
            ],
            [
              -87.7306,
              41.95362
            ],
            [
              -87.727617,
              41.953648
            ],
            [
              -87.727669,
              41.955477
            ],
            [
              -87.722812,
              41.955541
            ],
            [
              -87.722739,
              41.95551
            ],
            [
              -87.722051,
              41.955029
            ],
            [
              -87.721525,
              41.955036
            ],
            [
              -87.72154,
              41.95556
            ],
            [
              -87.717867,
              41.955608
            ],
            [
              -87.717629,
              41.947174
            ],
            [
              -87.717652,
              41.94708
            ],
            [
              -87.71761,
              41.947019
            ],
            [
              -87.717625,
              41.946898
            ],
            [
              -87.717588,
              41.946504
            ],
            [
              -87.718764,
              41.946488
            ],
            [
              -87.718912,
              41.946718
            ],
            [
              -87.7191,
              41.946946
            ],
            [
              -87.719286,
              41.947132
            ],
            [
              -87.719717,
              41.947485
            ],
            [
              -87.720097,
              41.94773
            ],
            [
              -87.720683,
              41.948031
            ],
            [
              -87.722169,
              41.948662
            ],
            [
              -87.722664,
              41.948917
            ],
            [
              -87.725346,
              41.950476
            ],
            [
              -87.727555,
              41.9517
            ],
            [
              -87.727401,
              41.946373
            ],
            [
              -87.742353,
              41.946185
            ],
            [
              -87.742422,
              41.949842
            ],
            [
              -87.744639,
              41.949807
            ],
            [
              -87.744662,
              41.950704
            ],
            [
              -87.749789,
              41.950639
            ],
            [
              -87.74976,
              41.949738
            ],
            [
              -87.747802,
              41.949762
            ],
            [
              -87.747773,
              41.948855
            ],
            [
              -87.752102,
              41.9488
            ],
            [
              -87.752077,
              41.947892
            ],
            [
              -87.759437,
              41.947801
            ],
            [
              -87.759611,
              41.953272
            ],
            [
              -87.757148,
              41.9533
            ],
            [
              -87.75745,
              41.96247
            ],
            [
              -87.756905,
              41.962476
            ],
            [
              -87.756928,
              41.962613
            ],
            [
              -87.757352,
              41.963101
            ],
            [
              -87.757432,
              41.963087
            ],
            [
              -87.759013,
              41.963072
            ],
            [
              -87.759083,
              41.963083
            ],
            [
              -87.75967,
              41.963279
            ],
            [
              -87.760016,
              41.963359
            ],
            [
              -87.767333,
              41.963275
            ],
            [
              -87.767392,
              41.965045
            ],
            [
              -87.777165,
              41.964916
            ],
            [
              -87.777268,
              41.967649
            ],
            [
              -87.777131,
              41.967653
            ],
            [
              -87.777113,
              41.968554
            ],
            [
              -87.788014,
              41.968411
            ],
            [
              -87.788009,
              41.968888
            ],
            [
              -87.795278,
              41.968824
            ],
            [
              -87.795146,
              41.975593
            ],
            [
              -87.793936,
              41.975602
            ],
            [
              -87.793885,
              41.977904
            ],
            [
              -87.793889,
              41.978335
            ],
            [
              -87.793821,
              41.982109
            ],
            [
              -87.79119,
              41.982038
            ],
            [
              -87.787752,
              41.982061
            ],
            [
              -87.7876,
              41.990166
            ],
            [
              -87.787477,
              41.99013
            ],
            [
              -87.786436,
              41.990118
            ],
            [
              -87.785774,
              41.990139
            ],
            [
              -87.778354,
              41.990203
            ]
          ]
        ]
      }
    }
  ]
}
