{
  "type": "FeatureCollection",
  "features": [
    {
      "type": "Feature",
      "properties": {
        "placeFips": "2622000",
        "city": "Detroit",
        "state": "MI",
        "boundaryType": "council-district",
        "district": "1",
        "name": "1"
      },
      "geometry": {
        "type": "Polygon",
        "coordinates": [
          [
            [
              -83.218899,
              42.415575
            ],
            [
              -83.218899,
              42.415556
            ],
            [
              -83.213425,
              42.41567
            ],
            [
              -83.202138,
              42.415914
            ],
            [
              -83.19932,
              42.415991
            ],
            [
              -83.19888,
              42.405135
            ],
            [
              -83.198699,
              42.401521
            ],
            [
              -83.188921,
              42.401826
            ],
            [
              -83.188922,
              42.401844
            ],
            [
              -83.186627,
              42.401908
            ],
            [
              -83.186611,
              42.401908
            ],
            [
              -83.18661,
              42.40189
            ],
            [
              -83.18453,
              42.401946
            ],
            [
              -83.183805,
              42.384175
            ],
            [
              -83.182697,
              42.384202
            ],
            [
              -83.182654,
              42.383411
            ],
            [
              -83.18262,
              42.382199
            ],
            [
              -83.183189,
              42.382068
            ],
            [
              -83.184491,
              42.381724
            ],
            [
              -83.185237,
              42.381497
            ],
            [
              -83.18604,
              42.381234
            ],
            [
              -83.18879,
              42.380242
            ],
            [
              -83.189713,
              42.379949
            ],
            [
              -83.190557,
              42.379623
            ],
            [
              -83.191216,
              42.37941
            ],
            [
              -83.191611,
              42.379304
            ],
            [
              -83.19223,
              42.379191
            ],
            [
              -83.193079,
              42.37911
            ],
            [
              -83.19353,
              42.379095
            ],
            [
              -83.198231,
              42.379069
            ],
            [
              -83.201338,
              42.379066
            ],
            [
              -83.203779,
              42.379033
            ],
            [
              -83.205604,
              42.378984
            ],
            [
              -83.208231,
              42.378831
            ],
            [
              -83.209296,
              42.378783
            ],
            [
              -83.211505,
              42.378718
            ],
            [
              -83.217346,
              42.378646
            ],
            [
              -83.217855,
              42.378613
            ],
            [
              -83.218949,
              42.378584
            ],
            [
              -83.221011,
              42.378401
            ],
            [
              -83.2235,
              42.378097
            ],
            [
              -83.225039,
              42.377963
            ],
            [
              -83.226147,
              42.377899
            ],
            [
              -83.227385,
              42.377862
            ],
            [
              -83.229197,
              42.377876
            ],
            [
              -83.230261,
              42.37792
            ],
            [
              -83.230985,
              42.377963
            ],
            [
              -83.231512,
              42.378012
            ],
            [
              -83.232317,
              42.378163
            ],
            [
              -83.232655,
              42.378241
            ],
            [
              -83.233286,
              42.378427
            ],
            [
              -83.23361,
              42.378545
            ],
            [
              -83.23428,
              42.378843
            ],
            [
              -83.234622,
              42.379015
            ],
            [
              -83.235552,
              42.379549
            ],
            [
              -83.236325,
              42.380037
            ],
            [
              -83.23665,
              42.380264
            ],
            [
              -83.236563,
              42.378726
            ],
            [
              -83.238353,
              42.379007
            ],
            [
              -83.238959,
              42.379048
            ],
            [
              -83.240194,
              42.379046
            ],
            [
              -83.255856,
              42.378924
            ],
            [
              -83.261108,
              42.37883
            ],
            [
              -83.26658,
              42.378616
            ],
            [
              -83.266583,
              42.378786
            ],
            [
              -83.274913,
              42.378595
            ],
            [
              -83.274942,
              42.379918
            ],
            [
              -83.275055,
              42.383379
            ],
            [
              -83.275151,
              42.385838
            ],
            [
              -83.275222,
              42.388699
            ],
            [
              -83.275594,
              42.398169
            ],
            [
              -83.275708,
              42.401777
            ],
            [
              -83.275732,
              42.403709
            ],
            [
              -83.275861,
              42.407282
            ],
            [
              -83.277953,
              42.407266
            ],
            [
              -83.281338,
              42.407182
            ],
            [
              -83.286384,
              42.407001
            ],
            [
              -83.286436,
              42.409426
            ],
            [
              -83.286618,
              42.414252
            ],
            [
              -83.286963,
              42.42144
            ],
            [
              -83.287263,
              42.42861
            ],
            [
              -83.287472,
              42.435883
            ],
            [
              -83.287592,
              42.4395
            ],
            [
              -83.287637,
              42.442104
            ],
            [
              -83.287726,
              42.442685
            ],
            [
              -83.278185,
              42.442869
            ],
            [
              -83.269866,
              42.443121
            ],
            [
              -83.239339,
              42.443918
            ],
            [
              -83.21981,
              42.444346
            ],
            [
              -83.21988,
              42.441862
            ],
            [
              -83.219742,
              42.438004
            ],
            [
              -83.219733,
              42.437242
            ],
            [
              -83.219527,
              42.433635
            ],
            [
              -83.219421,
              42.430025
            ],
            [
              -83.219363,
              42.429314
            ],
            [
              -83.219309,
              42.428333
            ],
            [
              -83.219148,
              42.422789
            ],
            [
              -83.219009,
              42.419103
            ],
            [
              -83.218914,
              42.417443
            ],
            [
              -83.218885,
              42.416183
            ],
            [
              -83.218899,
              42.415575
            ]
          ]
        ]
      }
    },
    {
      "type": "Feature",
      "properties": {
        "placeFips": "2622000",
        "city": "Detroit",
        "state": "MI",
        "boundaryType": "council-district",
        "district": "2",
        "name": "2"
      },
      "geometry": {
        "type": "Polygon",
        "coordinates": [
          [
            [
              -83.105292,
              42.417749
            ],
            [
              -83.109175,
              42.417705
            ],
            [
              -83.121852,
              42.417482
            ],
            [
              -83.118611,
              42.412728
            ],
            [
              -83.121685,
              42.41268
            ],
            [
              -83.121558,
              42.4103
            ],
            [
              -83.131683,
              42.410061
            ],
            [
              -83.131543,
              42.406481
            ],
            [
              -83.13055,
              42.406487
            ],
            [
              -83.130503,
              42.405132
            ],
            [
              -83.13836,
              42.404967
            ],
            [
              -83.140353,
              42.404965
            ],
            [
              -83.139942,
              42.395426
            ],
            [
              -83.159354,
              42.395248
            ],
            [
              -83.169057,
              42.395039
            ],
            [
              -83.169772,
              42.409543
            ],
            [
              -83.17947,
              42.409369
            ],
            [
              -83.18485,
              42.409203
            ],
            [
              -83.18453,
              42.401946
            ],
            [
              -83.18661,
              42.40189
            ],
            [
              -83.186611,
              42.401908
            ],
            [
              -83.186627,
              42.401908
            ],
            [
              -83.188922,
              42.401844
            ],
            [
              -83.188921,
              42.401826
            ],
            [
              -83.198699,
              42.401521
            ],
            [
              -83.19888,
              42.405135
            ],
            [
              -83.19932,
              42.415991
            ],
            [
              -83.202138,
              42.415914
            ],
            [
              -83.218899,
              42.415556
            ],
            [
              -83.218885,
              42.416183
            ],
            [
              -83.218914,
              42.417443
            ],
            [
              -83.219012,
              42.419181
            ],
            [
              -83.219148,
              42.422789
            ],
            [
              -83.219309,
              42.428333
            ],
            [
              -83.219363,
              42.429314
            ],
            [
              -83.219421,
              42.430025
            ],
            [
              -83.219527,
              42.433635
            ],
            [
              -83.219733,
              42.437242
            ],
            [
              -83.219742,
              42.438004
            ],
            [
              -83.21988,
              42.441862
            ],
            [
              -83.21981,
              42.444346
            ],
            [
              -83.21068,
              42.444556
            ],
            [
              -83.200885,
              42.44481
            ],
            [
              -83.19985,
              42.44489
            ],
            [
              -83.198214,
              42.444981
            ],
            [
              -83.196559,
              42.445046
            ],
            [
              -83.193134,
              42.445097
            ],
            [
              -83.173418,
              42.445498
            ],
            [
              -83.16882,
              42.445609
            ],
            [
              -83.166832,
              42.445685
            ],
            [
              -83.139197,
              42.446289
            ],
            [
              -83.127657,
              42.446491
            ],
            [
              -83.12532,
              42.446561
            ],
            [
              -83.125196,
              42.44636
            ],
            [
              -83.124802,
              42.445822
            ],
            [
              -83.12457,
              42.445473
            ],
            [
              -83.123849,
              42.444493
            ],
            [
              -83.123365,
              42.443876
            ],
            [
              -83.122649,
              42.442787
            ],
            [
              -83.121036,
              42.440404
            ],
            [
              -83.120542,
              42.439706
            ],
            [
              -83.120192,
              42.439154
            ],
            [
              -83.117787,
              42.435602
            ],
            [
              -83.11743,
              42.435108
            ],
            [
              -83.117069,
              42.434544
            ],
            [
              -83.116015,
              42.432984
            ],
            [
              -83.113708,
              42.429631
            ],
            [
              -83.11327,
              42.428954
            ],
            [
              -83.11212,
              42.427285
            ],
            [
              -83.111146,
              42.425819
            ],
            [
              -83.11092,
              42.425522
            ],
            [
              -83.110458,
              42.424847
            ],
            [
              -83.110168,
              42.424379
            ],
            [
              -83.109902,
              42.42402
            ],
            [
              -83.109482,
              42.423398
            ],
            [
              -83.108658,
              42.422125
            ],
            [
              -83.107956,
              42.421116
            ],
            [
              -83.107122,
              42.419872
            ],
            [
              -83.106826,
              42.419492
            ],
            [
              -83.106264,
              42.418872
            ],
            [
              -83.106118,
              42.41875
            ],
            [
              -83.105292,
              42.417749
            ]
          ]
        ]
      }
    },
    {
      "type": "Feature",
      "properties": {
        "placeFips": "2622000",
        "city": "Detroit",
        "state": "MI",
        "boundaryType": "council-district",
        "district": "3",
        "name": "3"
      },
      "geometry": {
        "type": "Polygon",
        "coordinates": [
          [
            [
              -83.068966,
              42.392837
            ],
            [
              -83.066552,
              42.389707
            ],
            [
              -83.066312,
              42.389785
            ],
            [
              -83.062408,
              42.391244
            ],
            [
              -83.061858,
              42.39041
            ],
            [
              -83.05766,
              42.384249
            ],
            [
              -83.056367,
              42.382318
            ],
            [
              -83.055752,
              42.381454
            ],
            [
              -83.055734,
              42.381363
            ],
            [
              -83.055663,
              42.381239
            ],
            [
              -83.054929,
              42.380067
            ],
            [
              -83.054668,
              42.379596
            ],
            [
              -83.040411,
              42.384755
            ],
            [
              -83.044277,
              42.390182
            ],
            [
              -83.042223,
              42.390215
            ],
            [
              -83.042269,
              42.392595
            ],
            [
              -83.042296,
              42.393127
            ],
            [
              -83.042293,
              42.393859
            ],
            [
              -83.042329,
              42.394632
            ],
            [
              -83.042389,
              42.397428
            ],
            [
              -83.042455,
              42.404444
            ],
            [
              -83.047178,
              42.40446
            ],
            [
              -83.050116,
              42.404429
            ],
            [
              -83.053943,
              42.40444
            ],
            [
              -83.056992,
              42.408982
            ],
            [
              -83.072058,
              42.403447
            ],
            [
              -83.073036,
              42.403013
            ],
            [
              -83.073377,
              42.402909
            ],
            [
              -83.076321,
              42.401845
            ],
            [
              -83.081637,
              42.408309
            ],
            [
              -83.089474,
              42.41809
            ],
            [
              -83.096323,
              42.418009
            ],
            [
              -83.100999,
              42.417848
            ],
            [
              -83.105292,
              42.417749
            ],
            [
              -83.106118,
              42.41875
            ],
            [
              -83.106264,
              42.418872
            ],
            [
              -83.106826,
              42.419492
            ],
            [
              -83.107122,
              42.419872
            ],
            [
              -83.107956,
              42.421116
            ],
            [
              -83.108658,
              42.422125
            ],
            [
              -83.109482,
              42.423398
            ],
            [
              -83.109902,
              42.42402
            ],
            [
              -83.110168,
              42.424379
            ],
            [
              -83.110458,
              42.424847
            ],
            [
              -83.11092,
              42.425522
            ],
            [
              -83.111146,
              42.425819
            ],
            [
              -83.11212,
              42.427285
            ],
            [
              -83.11327,
              42.428954
            ],
            [
              -83.113708,
              42.429631
            ],
            [
              -83.116015,
              42.432984
            ],
            [
              -83.117069,
              42.434544
            ],
            [
              -83.11743,
              42.435108
            ],
            [
              -83.117787,
              42.435602
            ],
            [
              -83.120192,
              42.439154
            ],
            [
              -83.120542,
              42.439706
            ],
            [
              -83.121036,
              42.440404
            ],
            [
              -83.122649,
              42.442787
            ],
            [
              -83.123365,
              42.443876
            ],
            [
              -83.123849,
              42.444493
            ],
            [
              -83.12457,
              42.445473
            ],
            [
              -83.124802,
              42.445822
            ],
            [
              -83.125196,
              42.44636
            ],
            [
              -83.12532,
              42.446561
            ],
            [
              -83.122158,
              42.446646
            ],
            [
              -83.112674,
              42.446795
            ],
            [
              -83.111678,
              42.446829
            ],
            [
              -83.109396,
              42.446972
            ],
            [
              -83.102796,
              42.44714
            ],
            [
              -83.101659,
              42.447101
            ],
            [
              -83.100229,
              42.447012
            ],
            [
              -83.09902,
              42.446917
            ],
            [
              -83.097361,
              42.44682
            ],
            [
              -83.093027,
              42.446897
            ],
            [
              -83.09019,
              42.446997
            ],
            [
              -83.086256,
              42.447103
            ],
            [
              -83.083546,
              42.447151
            ],
            [
              -83.083307,
              42.447021
            ],
            [
              -83.083113,
              42.447168
            ],
            [
              -83.080857,
              42.447217
            ],
            [
              -83.076576,
              42.447251
            ],
            [
              -83.069963,
              42.447349
            ],
            [
              -83.06381,
              42.447412
            ],
            [
              -83.053985,
              42.447663
            ],
            [
              -83.05181,
              42.447701
            ],
            [
              -83.046177,
              42.447844
            ],
            [
              -83.044214,
              42.447913
            ],
            [
              -83.039345,
              42.448038
            ],
            [
              -83.036618,
              42.448089
            ],
            [
              -83.034443,
              42.448084
            ],
            [
              -83.028326,
              42.448211
            ],
            [
              -83.027412,
              42.448246
            ],
            [
              -83.02141,
              42.448388
            ],
            [
              -83.017461,
              42.448514
            ],
            [
              -83.014966,
              42.44857
            ],
            [
              -83.009268,
              42.448766
            ],
            [
              -83.007416,
              42.448877
            ],
            [
              -83.000534,
              42.449112
            ],
            [
              -82.995361,
              42.449238
            ],
            [
              -82.992879,
              42.449261
            ],
            [
              -82.987816,
              42.449376
            ],
            [
              -82.970842,
              42.449808
            ],
            [
              -82.967733,
              42.45
            ],
            [
              -82.955407,
              42.450231
            ],
            [
              -82.945929,
              42.450375
            ],
            [
              -82.942927,
              42.450338
            ],
            [
              -82.940533,
              42.450373
            ],
            [
              -82.940662,
              42.450224
            ],
            [
              -82.941906,
              42.448944
            ],
            [
              -82.942511,
              42.44828
            ],
            [
              -82.945745,
              42.443982
            ],
            [
              -82.948478,
              42.440311
            ],
            [
              -82.949109,
              42.439507
            ],
            [
              -82.951521,
              42.436302
            ],
            [
              -82.951611,
              42.436301
            ],
            [
              -82.952132,
              42.43561
            ],
            [
              -82.95239,
              42.435694
            ],
            [
              -82.955005,
              42.435656
            ],
            [
              -82.955136,
              42.435622
            ],
            [
              -82.955376,
              42.435476
            ],
            [
              -82.95578,
              42.435588
            ],
            [
              -82.956036,
              42.435607
            ],
            [
              -82.958219,
              42.435601
            ],
            [
              -82.960643,
              42.435561
            ],
            [
              -82.963073,
              42.435504
            ],
            [
              -82.975284,
              42.435141
            ],
            [
              -82.9777,
              42.435085
            ],
            [
              -82.983073,
              42.426937
            ],
            [
              -82.983331,
              42.426887
            ],
            [
              -82.984634,
              42.426859
            ],
            [
              -82.984893,
              42.426798
            ],
            [
              -82.994387,
              42.423413
            ],
            [
              -83.004026,
              42.419944
            ],
            [
              -83.005207,
              42.419946
            ],
            [
              -83.013721,
              42.419689
            ],
            [
              -83.013636,
              42.419503
            ],
            [
              -83.013513,
              42.419347
            ],
            [
              -83.011564,
              42.417536
            ],
            [
              -83.011032,
              42.41698
            ],
            [
              -83.007432,
              42.412778
            ],
            [
              -83.007219,
              42.412579
            ],
            [
              -83.0061,
              42.411598
            ],
            [
              -83.005396,
              42.411027
            ],
            [
              -82.997508,
              42.404917
            ],
            [
              -83.003901,
              42.395142
            ],
            [
              -83.006043,
              42.391919
            ],
            [
              -83.006314,
              42.391418
            ],
            [
              -83.00676,
              42.390833
            ],
            [
              -83.014086,
              42.379746
            ],
            [
              -83.023966,
              42.364844
            ],
            [
              -83.032825,
              42.378364
            ],
            [
              -83.03302,
              42.378614
            ],
            [
              -83.033236,
              42.378815
            ],
            [
              -83.03388,
              42.379287
            ],
            [
              -83.034478,
              42.378928
            ],
            [
              -83.035003,
              42.378657
            ],
            [
              -83.036302,
              42.378134
            ],
            [
              -83.038602,
              42.377289
            ],
            [
              -83.041608,
              42.376218
            ],
            [
              -83.043258,
              42.375585
            ],
            [
              -83.0464,
              42.37444
            ],
            [
              -83.050144,
              42.373104
            ],
            [
              -83.051148,
              42.372766
            ],
            [
              -83.051851,
              42.372461
            ],
            [
              -83.053094,
              42.371873
            ],
            [
              -83.053693,
              42.371537
            ],
            [
              -83.054531,
              42.371013
            ],
            [
              -83.056459,
              42.369709
            ],
            [
              -83.057854,
              42.368864
            ],
            [
              -83.058027,
              42.368738
            ],
            [
              -83.05896,
              42.370736
            ],
            [
              -83.059034,
              42.370927
            ],
            [
              -83.059145,
              42.37129
            ],
            [
              -83.059216,
              42.371601
            ],
            [
              -83.059445,
              42.372796
            ],
            [
              -83.059599,
              42.373446
            ],
            [
              -83.059715,
              42.373846
            ],
            [
              -83.059965,
              42.374404
            ],
            [
              -83.060227,
              42.374822
            ],
            [
              -83.061143,
              42.376185
            ],
            [
              -83.061202,
              42.376299
            ],
            [
              -83.064095,
              42.380581
            ],
            [
              -83.065184,
              42.382254
            ],
            [
              -83.066401,
              42.383985
            ],
            [
              -83.068105,
              42.38658
            ],
            [
              -83.068452,
              42.387049
            ],
            [
              -83.069205,
              42.38822
            ],
            [
              -83.069432,
              42.388676
            ],
            [
              -83.069571,
              42.389055
            ],
            [
              -83.069688,
              42.389494
            ],
            [
              -83.069722,
              42.389747
            ],
            [
              -83.069754,
              42.390429
            ],
            [
              -83.069714,
              42.39077
            ],
            [
              -83.069649,
              42.391094
            ],
            [
              -83.069466,
              42.391686
            ],
            [
              -83.069249,
              42.392213
            ],
            [
              -83.068966,
              42.392837
            ]
          ]
        ]
      }
    },
    {
      "type": "Feature",
      "properties": {
        "placeFips": "2622000",
        "city": "Detroit",
        "state": "MI",
        "boundaryType": "council-district",
        "district": "4",
        "name": "4"
      },
      "geometry": {
        "type": "Polygon",
        "coordinates": [
          [
            [
              -82.987353,
              42.351797
            ],
            [
              -82.987388,
              42.351936
            ],
            [
              -82.987501,
              42.351997
            ],
            [
              -82.989608,
              42.354908
            ],
            [
              -82.988997,
              42.355387
            ],
            [
              -82.996095,
              42.365238
            ],
            [
              -82.996279,
              42.365525
            ],
            [
              -82.995096,
              42.36598
            ],
            [
              -82.994956,
              42.365997
            ],
            [
              -82.994621,
              42.365998
            ],
            [
              -82.994385,
              42.366035
            ],
            [
              -82.992797,
              42.366667
            ],
            [
              -82.994456,
              42.36896
            ],
            [
              -82.994595,
              42.368896
            ],
            [
              -82.996183,
              42.371093
            ],
            [
              -82.998017,
              42.370243
            ],
            [
              -82.998345,
              42.370107
            ],
            [
              -83.00611,
              42.366986
            ],
            [
              -83.012619,
              42.375976
            ],
            [
              -83.01787,
              42.374049
            ],
            [
              -83.014086,
              42.379746
            ],
            [
              -83.00676,
              42.390833
            ],
            [
              -83.006314,
              42.391418
            ],
            [
              -83.006043,
              42.391919
            ],
            [
              -83.003901,
              42.395142
            ],
            [
              -82.997508,
              42.404917
            ],
            [
              -83.005396,
              42.411027
            ],
            [
              -83.0061,
              42.411598
            ],
            [
              -83.007219,
              42.412579
            ],
            [
              -83.007432,
              42.412778
            ],
            [
              -83.011032,
              42.41698
            ],
            [
              -83.011564,
              42.417536
            ],
            [
              -83.013513,
              42.419347
            ],
            [
              -83.013636,
              42.419503
            ],
            [
              -83.013721,
              42.419689
            ],
            [
              -83.005207,
              42.419946
            ],
            [
              -83.004026,
              42.419944
            ],
            [
              -82.994387,
              42.423413
            ],
            [
              -82.984893,
              42.426798
            ],
            [
              -82.984634,
              42.426859
            ],
            [
              -82.983331,
              42.426887
            ],
            [
              -82.983073,
              42.426937
            ],
            [
              -82.9777,
              42.435085
            ],
            [
              -82.975284,
              42.435141
            ],
            [
              -82.963073,
              42.435504
            ],
            [
              -82.960643,
              42.435561
            ],
            [
              -82.958219,
              42.435601
            ],
            [
              -82.956036,
              42.435607
            ],
            [
              -82.95578,
              42.435588
            ],
            [
              -82.955376,
              42.435476
            ],
            [
              -82.955136,
              42.435622
            ],
            [
              -82.955005,
              42.435656
            ],
            [
              -82.95239,
              42.435694
            ],
            [
              -82.952132,
              42.43561
            ],
            [
              -82.951607,
              42.436305
            ],
            [
              -82.950925,
              42.436273
            ],
            [
              -82.951278,
              42.435809
            ],
            [
              -82.927928,
              42.426254
            ],
            [
              -82.927071,
              42.425789
            ],
            [
              -82.919808,
              42.422784
            ],
            [
              -82.91474,
              42.420745
            ],
            [
              -82.914486,
              42.420648
            ],
            [
              -82.914202,
              42.420613
            ],
            [
              -82.913471,
              42.420308
            ],
            [
              -82.913309,
              42.420157
            ],
            [
              -82.913191,
              42.420089
            ],
            [
              -82.910456,
              42.419022
            ],
            [
              -82.910344,
              42.419015
            ],
            [
              -82.910455,
              42.41789
            ],
            [
              -82.910554,
              42.41719
            ],
            [
              -82.910694,
              42.416594
            ],
            [
              -82.910866,
              42.416021
            ],
            [
              -82.911233,
              42.415148
            ],
            [
              -82.912034,
              42.413409
            ],
            [
              -82.912808,
              42.411635
            ],
            [
              -82.915847,
              42.405171
            ],
            [
              -82.916784,
              42.403398
            ],
            [
              -82.918629,
              42.399558
            ],
            [
              -82.919261,
              42.398584
            ],
            [
              -82.921296,
              42.395701
            ],
            [
              -82.921638,
              42.3953
            ],
            [
              -82.921787,
              42.395173
            ],
            [
              -82.922102,
              42.394955
            ],
            [
              -82.92232,
              42.39483
            ],
            [
              -82.923386,
              42.394433
            ],
            [
              -82.927182,
              42.392952
            ],
            [
              -82.930246,
              42.39169
            ],
            [
              -82.931368,
              42.391244
            ],
            [
              -82.933352,
              42.390502
            ],
            [
              -82.935424,
              42.389783
            ],
            [
              -82.936021,
              42.389596
            ],
            [
              -82.937126,
              42.389289
            ],
            [
              -82.939524,
              42.388729
            ],
            [
              -82.94081,
              42.38848
            ],
            [
              -82.946565,
              42.38747
            ],
            [
              -82.946655,
              42.387043
            ],
            [
              -82.946797,
              42.386991
            ],
            [
              -82.94598,
              42.385861
            ],
            [
              -82.945646,
              42.385345
            ],
            [
              -82.94572,
              42.385317
            ],
            [
              -82.945326,
              42.384749
            ],
            [
              -82.942922,
              42.381039
            ],
            [
              -82.942758,
              42.381095
            ],
            [
              -82.942334,
              42.380458
            ],
            [
              -82.942493,
              42.380396
            ],
            [
              -82.941206,
              42.378475
            ],
            [
              -82.939602,
              42.375989
            ],
            [
              -82.939397,
              42.376006
            ],
            [
              -82.939303,
              42.375969
            ],
            [
              -82.939275,
              42.375938
            ],
            [
              -82.938827,
              42.375133
            ],
            [
              -82.938683,
              42.374742
            ],
            [
              -82.937297,
              42.372702
            ],
            [
              -82.932303,
              42.365117
            ],
            [
              -82.930275,
              42.362141
            ],
            [
              -82.930868,
              42.361903
            ],
            [
              -82.929931,
              42.360492
            ],
            [
              -82.929883,
              42.360366
            ],
            [
              -82.928514,
              42.35833
            ],
            [
              -82.929426,
              42.358021
            ],
            [
              -82.931112,
              42.357498
            ],
            [
              -82.935745,
              42.356668
            ],
            [
              -82.941865,
              42.356047
            ],
            [
              -82.943343,
              42.355944
            ],
            [
              -82.944559,
              42.355773
            ],
            [
              -82.945953,
              42.35564
            ],
            [
              -82.94824,
              42.355278
            ],
            [
              -82.95141,
              42.355036
            ],
            [
              -82.952919,
              42.354876
            ],
            [
              -82.956087,
              42.354437
            ],
            [
              -82.958343,
              42.358091
            ],
            [
              -82.959057,
              42.358104
            ],
            [
              -82.958437,
              42.356968
            ],
            [
              -82.957148,
              42.35489
            ],
            [
              -82.959929,
              42.35465
            ],
            [
              -82.96022,
              42.354662
            ],
            [
              -82.960902,
              42.354767
            ],
            [
              -82.961622,
              42.35478
            ],
            [
              -82.96363,
              42.355006
            ],
            [
              -82.963514,
              42.355134
            ],
            [
              -82.963653,
              42.355341
            ],
            [
              -82.963499,
              42.355403
            ],
            [
              -82.963776,
              42.355833
            ],
            [
              -82.964022,
              42.355734
            ],
            [
              -82.963629,
              42.35518
            ],
            [
              -82.963938,
              42.355033
            ],
            [
              -82.96576,
              42.355195
            ],
            [
              -82.965791,
              42.355272
            ],
            [
              -82.964875,
              42.355218
            ],
            [
              -82.964729,
              42.355549
            ],
            [
              -82.965775,
              42.357133
            ],
            [
              -82.965506,
              42.357272
            ],
            [
              -82.965821,
              42.357772
            ],
            [
              -82.966498,
              42.357533
            ],
            [
              -82.967844,
              42.359556
            ],
            [
              -82.969813,
              42.358856
            ],
            [
              -82.96989,
              42.358679
            ],
            [
              -82.969859,
              42.358641
            ],
            [
              -82.969675,
              42.358579
            ],
            [
              -82.969082,
              42.358771
            ],
            [
              -82.968167,
              42.357426
            ],
            [
              -82.96806,
              42.357464
            ],
            [
              -82.967137,
              42.35628
            ],
            [
              -82.966875,
              42.356018
            ],
            [
              -82.966667,
              42.355972
            ],
            [
              -82.96626,
              42.356149
            ],
            [
              -82.966075,
              42.355857
            ],
            [
              -82.966952,
              42.35551
            ],
            [
              -82.966929,
              42.355441
            ],
            [
              -82.966798,
              42.355341
            ],
            [
              -82.966406,
              42.355326
            ],
            [
              -82.966106,
              42.355257
            ],
            [
              -82.966098,
              42.355218
            ],
            [
              -82.966273,
              42.355199
            ],
            [
              -82.967221,
              42.355309
            ],
            [
              -82.967531,
              42.355315
            ],
            [
              -82.967801,
              42.35544
            ],
            [
              -82.967873,
              42.355546
            ],
            [
              -82.968005,
              42.355684
            ],
            [
              -82.968446,
              42.355724
            ],
            [
              -82.97033,
              42.358537
            ],
            [
              -82.970627,
              42.358418
            ],
            [
              -82.969065,
              42.356152
            ],
            [
              -82.969289,
              42.356053
            ],
            [
              -82.970139,
              42.357298
            ],
            [
              -82.970376,
              42.357371
            ],
            [
              -82.972122,
              42.357002
            ],
            [
              -82.972412,
              42.357364
            ],
            [
              -82.972932,
              42.357252
            ],
            [
              -82.973413,
              42.358016
            ],
            [
              -82.973518,
              42.357958
            ],
            [
              -82.973576,
              42.357951
            ],
            [
              -82.973215,
              42.357357
            ],
            [
              -82.973584,
              42.357232
            ],
            [
              -82.974045,
              42.357937
            ],
            [
              -82.974151,
              42.357878
            ],
            [
              -82.973874,
              42.357311
            ],
            [
              -82.974151,
              42.357193
            ],
            [
              -82.972972,
              42.35548
            ],
            [
              -82.973367,
              42.355336
            ],
            [
              -82.979819,
              42.353414
            ],
            [
              -82.98235,
              42.352814
            ],
            [
              -82.983762,
              42.352424
            ],
            [
              -82.984255,
              42.352539
            ],
            [
              -82.986248,
              42.355121
            ],
            [
              -82.986858,
              42.354914
            ],
            [
              -82.985048,
              42.352191
            ],
            [
              -82.987353,
              42.351797
            ]
          ]
        ]
      }
    },
    {
      "type": "Feature",
      "properties": {
        "placeFips": "2622000",
        "city": "Detroit",
        "state": "MI",
        "boundaryType": "council-district",
        "district": "5",
        "name": "5"
      },
      "geometry": {
        "type": "MultiPolygon",
        "coordinates": [
          [
            [
              [
                -82.969832,
                42.352122
              ],
              [
                -82.968282,
                42.351534
              ],
              [
                -82.968125,
                42.351609
              ],
              [
                -82.967524,
                42.351631
              ],
              [
                -82.966775,
                42.351435
              ],
              [
                -82.964098,
                42.351052
              ],
              [
                -82.964076,
                42.350924
              ],
              [
                -82.964539,
                42.350763
              ],
              [
                -82.964837,
                42.350245
              ],
              [
                -82.964669,
                42.349999
              ],
              [
                -82.964062,
                42.349963
              ],
              [
                -82.959537,
                42.349574
              ],
              [
                -82.956263,
                42.349419
              ],
              [
                -82.955665,
                42.349593
              ],
              [
                -82.954458,
                42.350187
              ],
              [
                -82.954265,
                42.350116
              ],
              [
                -82.954215,
                42.349968
              ],
              [
                -82.95465,
                42.349676
              ],
              [
                -82.954657,
                42.349511
              ],
              [
                -82.954602,
                42.349335
              ],
              [
                -82.954461,
                42.349174
              ],
              [
                -82.954142,
                42.349072
              ],
              [
                -82.953935,
                42.348958
              ],
              [
                -82.953856,
                42.348946
              ],
              [
                -82.953461,
                42.348474
              ],
              [
                -82.953218,
                42.347678
              ],
              [
                -82.953137,
                42.346662
              ],
              [
                -82.953515,
                42.346164
              ],
              [
                -82.955867,
                42.344116
              ],
              [
                -82.95627,
                42.343596
              ],
              [
                -82.956498,
                42.343356
              ],
              [
                -82.956946,
                42.342592
              ],
              [
                -82.957671,
                42.342119
              ],
              [
                -82.958036,
                42.341733
              ],
              [
                -82.958415,
                42.341633
              ],
              [
                -82.959021,
                42.341237
              ],
              [
                -82.959857,
                42.340421
              ],
              [
                -82.959884,
                42.340042
              ],
              [
                -82.961096,
                42.339684
              ],
              [
                -82.961474,
                42.339757
              ],
              [
                -82.962543,
                42.339498
              ],
              [
                -82.965786,
                42.339318
              ],
              [
                -82.968804,
                42.339013
              ],
              [
                -82.971876,
                42.338482
              ],
              [
                -82.973601,
                42.337977
              ],
              [
                -82.975209,
                42.336789
              ],
              [
                -82.975465,
                42.336716
              ],
              [
                -82.975677,
                42.336566
              ],
              [
                -82.979277,
                42.335601
              ],
              [
                -82.981451,
                42.335195
              ],
              [
                -82.982393,
                42.335039
              ],
              [
                -82.983905,
                42.334624
              ],
              [
                -82.984237,
                42.334577
              ],
              [
                -82.984515,
                42.33479
              ],
              [
                -82.984938,
                42.334816
              ],
              [
                -82.984848,
                42.334504
              ],
              [
                -82.987938,
                42.333714
              ],
              [
                -82.988639,
                42.333382
              ],
              [
                -82.993876,
                42.333242
              ],
              [
                -82.998421,
                42.33297
              ],
              [
                -82.9999,
                42.333069
              ],
              [
                -83.002481,
                42.333009
              ],
              [
                -83.004734,
                42.332988
              ],
              [
                -83.004866,
                42.333001
              ],
              [
                -83.005016,
                42.333088
              ],
              [
                -83.004998,
                42.333167
              ],
              [
                -83.004789,
                42.333401
              ],
              [
                -83.003031,
                42.334921
              ],
              [
                -83.002411,
                42.335431
              ],
              [
                -83.001602,
                42.336149
              ],
              [
                -83.00089,
                42.336891
              ],
              [
                -83.000468,
                42.33721
              ],
              [
                -83.000392,
                42.337304
              ],
              [
                -83.000268,
                42.337641
              ],
              [
                -83.000198,
                42.337767
              ],
              [
                -83.000002,
                42.337964
              ],
              [
                -82.998502,
                42.339169
              ],
              [
                -82.998297,
                42.339259
              ],
              [
                -82.998181,
                42.339293
              ],
              [
                -82.998034,
                42.339374
              ],
              [
                -82.997868,
                42.339507
              ],
              [
                -82.997678,
                42.33961
              ],
              [
                -82.996669,
                42.340085
              ],
              [
                -82.993645,
                42.3398
              ],
              [
                -82.989692,
                42.341319
              ],
              [
                -82.989594,
                42.341623
              ],
              [
                -82.987406,
                42.341729
              ],
              [
                -82.9869,
                42.342034
              ],
              [
                -82.978811,
                42.344434
              ],
              [
                -82.977175,
                42.346202
              ],
              [
                -82.976108,
                42.347418
              ],
              [
                -82.976521,
                42.347589
              ],
              [
                -82.976688,
                42.347925
              ],
              [
                -82.973076,
                42.350543
              ],
              [
                -82.972378,
                42.351943
              ],
              [
                -82.971476,
                42.351501
              ],
              [
                -82.97195,
                42.349792
              ],
              [
                -82.972487,
                42.348546
              ],
              [
                -82.971247,
                42.348781
              ],
              [
                -82.970628,
                42.350447
              ],
              [
                -82.970928,
                42.351926
              ],
              [
                -82.969832,
                42.352122
              ]
            ]
          ],
          [
            [
              [
                -83.115631,
                42.408221
              ],
              [
                -83.113932,
                42.405796
              ],
              [
                -83.113113,
                42.404494
              ],
              [
                -83.11201,
                42.403032
              ],
              [
                -83.111039,
                42.401636
              ],
              [
                -83.108483,
                42.397876
              ],
              [
                -83.107055,
                42.395741
              ],
              [
                -83.105694,
                42.393363
              ],
              [
                -83.105443,
                42.393022
              ],
              [
                -83.104687,
                42.391921
              ],
              [
                -83.104495,
                42.391683
              ],
              [
                -83.103179,
                42.389805
              ],
              [
                -83.102292,
                42.388608
              ],
              [
                -83.102053,
                42.388259
              ],
              [
                -83.088586,
                42.393103
              ],
              [
                -83.085578,
                42.394228
              ],
              [
                -83.073762,
                42.398721
              ],
              [
                -83.069366,
                42.393354
              ],
              [
                -83.068966,
                42.392837
              ],
              [
                -83.069249,
                42.392213
              ],
              [
                -83.069466,
                42.391686
              ],
              [
                -83.069649,
                42.391094
              ],
              [
                -83.069714,
                42.39077
              ],
              [
                -83.069754,
                42.390429
              ],
              [
                -83.069722,
                42.389747
              ],
              [
                -83.069688,
                42.389494
              ],
              [
                -83.069571,
                42.389055
              ],
              [
                -83.069432,
                42.388676
              ],
              [
                -83.069205,
                42.38822
              ],
              [
                -83.068452,
                42.387049
              ],
              [
                -83.068105,
                42.38658
              ],
              [
                -83.066401,
                42.383985
              ],
              [
                -83.065184,
                42.382254
              ],
              [
                -83.064095,
                42.380581
              ],
              [
                -83.061202,
                42.376299
              ],
              [
                -83.061143,
                42.376185
              ],
              [
                -83.060227,
                42.374822
              ],
              [
                -83.059965,
                42.374404
              ],
              [
                -83.059715,
                42.373846
              ],
              [
                -83.059599,
                42.373446
              ],
              [
                -83.059445,
                42.372796
              ],
              [
                -83.059216,
                42.371601
              ],
              [
                -83.059145,
                42.37129
              ],
              [
                -83.059034,
                42.370927
              ],
              [
                -83.05896,
                42.370736
              ],
              [
                -83.058027,
                42.368738
              ],
              [
                -83.057854,
                42.368864
              ],
              [
                -83.056459,
                42.369709
              ],
              [
                -83.054531,
                42.371013
              ],
              [
                -83.053693,
                42.371537
              ],
              [
                -83.053094,
                42.371873
              ],
              [
                -83.051851,
                42.372461
              ],
              [
                -83.051148,
                42.372766
              ],
              [
                -83.050144,
                42.373104
              ],
              [
                -83.0464,
                42.37444
              ],
              [
                -83.043258,
                42.375585
              ],
              [
                -83.041608,
                42.376218
              ],
              [
                -83.038602,
                42.377289
              ],
              [
                -83.036302,
                42.378134
              ],
              [
                -83.035003,
                42.378657
              ],
              [
                -83.034478,
                42.378928
              ],
              [
                -83.03388,
                42.379287
              ],
              [
                -83.033236,
                42.378815
              ],
              [
                -83.03302,
                42.378614
              ],
              [
                -83.032825,
                42.378364
              ],
              [
                -83.023966,
                42.364844
              ],
              [
                -83.01787,
                42.374049
              ],
              [
                -83.012619,
                42.375976
              ],
              [
                -83.00611,
                42.366986
              ],
              [
                -82.998345,
                42.370107
              ],
              [
                -82.998017,
                42.370243
              ],
              [
                -82.996183,
                42.371093
              ],
              [
                -82.994595,
                42.368896
              ],
              [
                -82.994456,
                42.36896
              ],
              [
                -82.992797,
                42.366667
              ],
              [
                -82.994385,
                42.366035
              ],
              [
                -82.994621,
                42.365998
              ],
              [
                -82.994956,
                42.365997
              ],
              [
                -82.995096,
                42.36598
              ],
              [
                -82.996279,
                42.365525
              ],
              [
                -82.996095,
                42.365238
              ],
              [
                -82.988997,
                42.355387
              ],
              [
                -82.989608,
                42.354908
              ],
              [
                -82.987501,
                42.351997
              ],
              [
                -82.987388,
                42.351936
              ],
              [
                -82.987353,
                42.351797
              ],
              [
                -82.989872,
                42.351125
              ],
              [
                -82.991392,
                42.35023
              ],
              [
                -82.991544,
                42.349815
              ],
              [
                -82.992208,
                42.349476
              ],
              [
                -82.992332,
                42.349674
              ],
              [
                -82.995308,
                42.347962
              ],
              [
                -82.997093,
                42.346852
              ],
              [
                -82.999839,
                42.345413
              ],
              [
                -83.00042,
                42.345094
              ],
              [
                -83.005508,
                42.341114
              ],
              [
                -83.006136,
                42.340777
              ],
              [
                -83.006335,
                42.340742
              ],
              [
                -83.006614,
                42.340543
              ],
              [
                -83.006737,
                42.340413
              ],
              [
                -83.006829,
                42.340368
              ],
              [
                -83.006947,
                42.340345
              ],
              [
                -83.007406,
                42.340034
              ],
              [
                -83.0089,
                42.33937
              ],
              [
                -83.008867,
                42.339309
              ],
              [
                -83.009239,
                42.339052
              ],
              [
                -83.010694,
                42.338324
              ],
              [
                -83.011018,
                42.338132
              ],
              [
                -83.010975,
                42.338078
              ],
              [
                -83.011078,
                42.338007
              ],
              [
                -83.011277,
                42.337792
              ],
              [
                -83.013834,
                42.336573
              ],
              [
                -83.014025,
                42.336524
              ],
              [
                -83.014129,
                42.336414
              ],
              [
                -83.015118,
                42.336033
              ],
              [
                -83.016933,
                42.335269
              ],
              [
                -83.021529,
                42.333407
              ],
              [
                -83.026201,
                42.331698
              ],
              [
                -83.026402,
                42.33201
              ],
              [
                -83.026634,
                42.332789
              ],
              [
                -83.026806,
                42.332774
              ],
              [
                -83.026933,
                42.332737
              ],
              [
                -83.02664,
                42.331916
              ],
              [
                -83.02666,
                42.33149
              ],
              [
                -83.027202,
                42.33125
              ],
              [
                -83.027373,
                42.331242
              ],
              [
                -83.027565,
                42.331187
              ],
              [
                -83.027721,
                42.331117
              ],
              [
                -83.027759,
                42.331065
              ],
              [
                -83.028197,
                42.330954
              ],
              [
                -83.039233,
                42.327726
              ],
              [
                -83.039993,
                42.327538
              ],
              [
                -83.040173,
                42.327742
              ],
              [
                -83.041147,
                42.329001
              ],
              [
                -83.04185,
                42.329664
              ],
              [
                -83.041849,
                42.329763
              ],
              [
                -83.042503,
                42.33061
              ],
              [
                -83.043275,
                42.331746
              ],
              [
                -83.043421,
                42.332106
              ],
              [
                -83.043646,
                42.332374
              ],
              [
                -83.044159,
                42.33314
              ],
              [
                -83.044856,
                42.334005
              ],
              [
                -83.045137,
                42.334323
              ],
              [
                -83.045331,
                42.334633
              ],
              [
                -83.045414,
                42.334843
              ],
              [
                -83.045395,
                42.334968
              ],
              [
                -83.045226,
                42.335118
              ],
              [
                -83.044656,
                42.335835
              ],
              [
                -83.044971,
                42.336272
              ],
              [
                -83.048686,
                42.341839
              ],
              [
                -83.049653,
                42.341364
              ],
              [
                -83.050427,
                42.341031
              ],
              [
                -83.051747,
                42.342731
              ],
              [
                -83.053461,
                42.344728
              ],
              [
                -83.054658,
                42.346514
              ],
              [
                -83.055234,
                42.347405
              ],
              [
                -83.055976,
                42.348411
              ],
              [
                -83.057944,
                42.351356
              ],
              [
                -83.058318,
                42.352052
              ],
              [
                -83.058472,
                42.352293
              ],
              [
                -83.060778,
                42.355695
              ],
              [
                -83.065174,
                42.353819
              ],
              [
                -83.065567,
                42.35368
              ],
              [
                -83.067623,
                42.353035
              ],
              [
                -83.0699,
                42.352354
              ],
              [
                -83.072092,
                42.351631
              ],
              [
                -83.077487,
                42.349938
              ],
              [
                -83.080997,
                42.356045
              ],
              [
                -83.081951,
                42.355597
              ],
              [
                -83.082484,
                42.355383
              ],
              [
                -83.084095,
                42.354827
              ],
              [
                -83.08428,
                42.354767
              ],
              [
                -83.084291,
                42.354788
              ],
              [
                -83.084797,
                42.354628
              ],
              [
                -83.084786,
                42.354608
              ],
              [
                -83.08512,
                42.354506
              ],
              [
                -83.082997,
                42.350754
              ],
              [
                -83.08903,
                42.348858
              ],
              [
                -83.089356,
                42.348721
              ],
              [
                -83.095738,
                42.351304
              ],
              [
                -83.103248,
                42.348934
              ],
              [
                -83.109275,
                42.347061
              ],
              [
                -83.109659,
                42.346907
              ],
              [
                -83.11042,
                42.34791
              ],
              [
                -83.110485,
                42.348009
              ],
              [
                -83.110562,
                42.348185
              ],
              [
                -83.110614,
                42.348409
              ],
              [
                -83.110671,
                42.349982
              ],
              [
                -83.116476,
                42.349871
              ],
              [
                -83.116543,
                42.351848
              ],
              [
                -83.116998,
                42.35184
              ],
              [
                -83.11707,
                42.353467
              ],
              [
                -83.117093,
                42.353535
              ],
              [
                -83.117305,
                42.353848
              ],
              [
                -83.113639,
                42.35522
              ],
              [
                -83.112486,
                42.355693
              ],
              [
                -83.111653,
                42.35574
              ],
              [
                -83.111529,
                42.355754
              ],
              [
                -83.111333,
                42.355806
              ],
              [
                -83.111153,
                42.355882
              ],
              [
                -83.111016,
                42.355962
              ],
              [
                -83.110803,
                42.356133
              ],
              [
                -83.110821,
                42.356151
              ],
              [
                -83.11327,
                42.357348
              ],
              [
                -83.115053,
                42.358171
              ],
              [
                -83.116923,
                42.359
              ],
              [
                -83.124836,
                42.362205
              ],
              [
                -83.125813,
                42.362593
              ],
              [
                -83.127139,
                42.36305
              ],
              [
                -83.129839,
                42.364062
              ],
              [
                -83.133281,
                42.365309
              ],
              [
                -83.135565,
                42.366203
              ],
              [
                -83.137915,
                42.367065
              ],
              [
                -83.138755,
                42.367406
              ],
              [
                -83.138806,
                42.368673
              ],
              [
                -83.144262,
                42.370869
              ],
              [
                -83.144452,
                42.371181
              ],
              [
                -83.144353,
                42.371258
              ],
              [
                -83.144325,
                42.371379
              ],
              [
                -83.144405,
                42.373386
              ],
              [
                -83.139218,
                42.373464
              ],
              [
                -83.139104,
                42.373482
              ],
              [
                -83.139003,
                42.373523
              ],
              [
                -83.139552,
                42.386699
              ],
              [
                -83.13957,
                42.386698
              ],
              [
                -83.139566,
                42.387011
              ],
              [
                -83.140353,
                42.404965
              ],
              [
                -83.13836,
                42.404967
              ],
              [
                -83.130503,
                42.405132
              ],
              [
                -83.13055,
                42.406487
              ],
              [
                -83.131543,
                42.406481
              ],
              [
                -83.131683,
                42.410061
              ],
              [
                -83.121558,
                42.4103
              ],
              [
                -83.121685,
                42.41268
              ],
              [
                -83.118611,
                42.412728
              ],
              [
                -83.115631,
                42.408221
              ]
            ]
          ]
        ]
      }
    },
    {
      "type": "Feature",
      "properties": {
        "placeFips": "2622000",
        "city": "Detroit",
        "state": "MI",
        "boundaryType": "council-district",
        "district": "6",
        "name": "6"
      },
      "geometry": {
        "type": "Polygon",
        "coordinates": [
          [
            [
              -83.112486,
              42.355693
            ],
            [
              -83.112487,
              42.355712
            ],
            [
              -83.112504,
              42.355711
            ],
            [
              -83.112486,
              42.355693
            ],
            [
              -83.113639,
              42.35522
            ],
            [
              -83.117305,
              42.353848
            ],
            [
              -83.117093,
              42.353535
            ],
            [
              -83.11707,
              42.353467
            ],
            [
              -83.116998,
              42.35184
            ],
            [
              -83.116543,
              42.351848
            ],
            [
              -83.116476,
              42.349871
            ],
            [
              -83.110671,
              42.349982
            ],
            [
              -83.110614,
              42.348409
            ],
            [
              -83.110562,
              42.348185
            ],
            [
              -83.110485,
              42.348009
            ],
            [
              -83.11042,
              42.34791
            ],
            [
              -83.109659,
              42.346907
            ],
            [
              -83.109275,
              42.347061
            ],
            [
              -83.103248,
              42.348934
            ],
            [
              -83.095738,
              42.351304
            ],
            [
              -83.089356,
              42.348721
            ],
            [
              -83.08903,
              42.348858
            ],
            [
              -83.082997,
              42.350754
            ],
            [
              -83.08512,
              42.354506
            ],
            [
              -83.084786,
              42.354608
            ],
            [
              -83.084797,
              42.354628
            ],
            [
              -83.084291,
              42.354788
            ],
            [
              -83.08428,
              42.354767
            ],
            [
              -83.084095,
              42.354827
            ],
            [
              -83.082484,
              42.355383
            ],
            [
              -83.081951,
              42.355597
            ],
            [
              -83.080997,
              42.356045
            ],
            [
              -83.077487,
              42.349938
            ],
            [
              -83.072092,
              42.351631
            ],
            [
              -83.0699,
              42.352354
            ],
            [
              -83.067623,
              42.353035
            ],
            [
              -83.065567,
              42.35368
            ],
            [
              -83.065174,
              42.353819
            ],
            [
              -83.060778,
              42.355695
            ],
            [
              -83.058472,
              42.352293
            ],
            [
              -83.058318,
              42.352052
            ],
            [
              -83.057944,
              42.351356
            ],
            [
              -83.055976,
              42.348411
            ],
            [
              -83.055234,
              42.347405
            ],
            [
              -83.054658,
              42.346514
            ],
            [
              -83.053461,
              42.344728
            ],
            [
              -83.051747,
              42.342731
            ],
            [
              -83.050427,
              42.341031
            ],
            [
              -83.049653,
              42.341364
            ],
            [
              -83.048686,
              42.341839
            ],
            [
              -83.044971,
              42.336272
            ],
            [
              -83.044656,
              42.335835
            ],
            [
              -83.045226,
              42.335118
            ],
            [
              -83.045395,
              42.334968
            ],
            [
              -83.045414,
              42.334843
            ],
            [
              -83.045331,
              42.334633
            ],
            [
              -83.045137,
              42.334323
            ],
            [
              -83.044856,
              42.334005
            ],
            [
              -83.044159,
              42.33314
            ],
            [
              -83.043646,
              42.332374
            ],
            [
              -83.043421,
              42.332106
            ],
            [
              -83.043275,
              42.331746
            ],
            [
              -83.042503,
              42.33061
            ],
            [
              -83.041849,
              42.329763
            ],
            [
              -83.04185,
              42.329664
            ],
            [
              -83.041147,
              42.329001
            ],
            [
              -83.040173,
              42.327742
            ],
            [
              -83.039993,
              42.327538
            ],
            [
              -83.040635,
              42.327378
            ],
            [
              -83.042712,
              42.326715
            ],
            [
              -83.047301,
              42.325341
            ],
            [
              -83.049166,
              42.324843
            ],
            [
              -83.051915,
              42.324023
            ],
            [
              -83.052086,
              42.324364
            ],
            [
              -83.059898,
              42.32229
            ],
            [
              -83.065577,
              42.320033
            ],
            [
              -83.071308,
              42.31671
            ],
            [
              -83.075639,
              42.314357
            ],
            [
              -83.07713,
              42.313398
            ],
            [
              -83.077205,
              42.313372
            ],
            [
              -83.077458,
              42.313373
            ],
            [
              -83.077576,
              42.313283
            ],
            [
              -83.07769,
              42.313237
            ],
            [
              -83.077756,
              42.313297
            ],
            [
              -83.077865,
              42.313505
            ],
            [
              -83.077972,
              42.313537
            ],
            [
              -83.078053,
              42.313495
            ],
            [
              -83.078096,
              42.313416
            ],
            [
              -83.077995,
              42.31326
            ],
            [
              -83.077979,
              42.313171
            ],
            [
              -83.078031,
              42.313114
            ],
            [
              -83.078471,
              42.312812
            ],
            [
              -83.080498,
              42.311021
            ],
            [
              -83.081576,
              42.310271
            ],
            [
              -83.082505,
              42.309388
            ],
            [
              -83.084893,
              42.306641
            ],
            [
              -83.09257,
              42.299124
            ],
            [
              -83.097889,
              42.293759
            ],
            [
              -83.098431,
              42.294036
            ],
            [
              -83.098571,
              42.294084
            ],
            [
              -83.098627,
              42.29363
            ],
            [
              -83.098233,
              42.293342
            ],
            [
              -83.09922,
              42.292402
            ],
            [
              -83.099389,
              42.292461
            ],
            [
              -83.099831,
              42.291846
            ],
            [
              -83.101141,
              42.290495
            ],
            [
              -83.101918,
              42.290086
            ],
            [
              -83.102189,
              42.289755
            ],
            [
              -83.102469,
              42.289507
            ],
            [
              -83.102619,
              42.289424
            ],
            [
              -83.103049,
              42.288425
            ],
            [
              -83.103557,
              42.288021
            ],
            [
              -83.107819,
              42.288965
            ],
            [
              -83.109238,
              42.289232
            ],
            [
              -83.111995,
              42.289588
            ],
            [
              -83.113577,
              42.289999
            ],
            [
              -83.114626,
              42.290178
            ],
            [
              -83.115767,
              42.290231
            ],
            [
              -83.116545,
              42.290187
            ],
            [
              -83.117297,
              42.290022
            ],
            [
              -83.117912,
              42.28979
            ],
            [
              -83.118128,
              42.289728
            ],
            [
              -83.119248,
              42.289057
            ],
            [
              -83.119457,
              42.288755
            ],
            [
              -83.119779,
              42.288015
            ],
            [
              -83.119875,
              42.287555
            ],
            [
              -83.119732,
              42.286456
            ],
            [
              -83.119425,
              42.285605
            ],
            [
              -83.119304,
              42.285117
            ],
            [
              -83.119265,
              42.284763
            ],
            [
              -83.119288,
              42.284402
            ],
            [
              -83.11899,
              42.283284
            ],
            [
              -83.118858,
              42.282976
            ],
            [
              -83.11776,
              42.281164
            ],
            [
              -83.117639,
              42.280413
            ],
            [
              -83.117624,
              42.280026
            ],
            [
              -83.117665,
              42.279624
            ],
            [
              -83.117772,
              42.279462
            ],
            [
              -83.117979,
              42.279303
            ],
            [
              -83.118294,
              42.279188
            ],
            [
              -83.118773,
              42.279134
            ],
            [
              -83.119358,
              42.279174
            ],
            [
              -83.121892,
              42.279436
            ],
            [
              -83.128711,
              42.280792
            ],
            [
              -83.130201,
              42.281101
            ],
            [
              -83.131491,
              42.281409
            ],
            [
              -83.134211,
              42.282227
            ],
            [
              -83.135622,
              42.282753
            ],
            [
              -83.135708,
              42.282596
            ],
            [
              -83.135769,
              42.282612
            ],
            [
              -83.135844,
              42.282534
            ],
            [
              -83.135989,
              42.282439
            ],
            [
              -83.136121,
              42.282399
            ],
            [
              -83.136283,
              42.282391
            ],
            [
              -83.136493,
              42.28242
            ],
            [
              -83.137451,
              42.282792
            ],
            [
              -83.137902,
              42.282289
            ],
            [
              -83.140742,
              42.278929
            ],
            [
              -83.142137,
              42.277315
            ],
            [
              -83.143455,
              42.275736
            ],
            [
              -83.146274,
              42.272435
            ],
            [
              -83.151346,
              42.266438
            ],
            [
              -83.152954,
              42.264402
            ],
            [
              -83.158855,
              42.257368
            ],
            [
              -83.160973,
              42.254961
            ],
            [
              -83.16129,
              42.255218
            ],
            [
              -83.161531,
              42.255457
            ],
            [
              -83.162755,
              42.257011
            ],
            [
              -83.162982,
              42.257246
            ],
            [
              -83.163189,
              42.257429
            ],
            [
              -83.16368,
              42.257776
            ],
            [
              -83.165216,
              42.258752
            ],
            [
              -83.16569,
              42.259097
            ],
            [
              -83.165953,
              42.25931
            ],
            [
              -83.166353,
              42.259675
            ],
            [
              -83.166462,
              42.259817
            ],
            [
              -83.166565,
              42.259991
            ],
            [
              -83.166638,
              42.26017
            ],
            [
              -83.166681,
              42.260339
            ],
            [
              -83.1667,
              42.26051
            ],
            [
              -83.166699,
              42.261077
            ],
            [
              -83.166714,
              42.261287
            ],
            [
              -83.166756,
              42.261567
            ],
            [
              -83.166821,
              42.261835
            ],
            [
              -83.167185,
              42.262281
            ],
            [
              -83.167951,
              42.263697
            ],
            [
              -83.168109,
              42.263913
            ],
            [
              -83.168261,
              42.264059
            ],
            [
              -83.16844,
              42.264187
            ],
            [
              -83.16876,
              42.264344
            ],
            [
              -83.169155,
              42.264454
            ],
            [
              -83.169828,
              42.264577
            ],
            [
              -83.169698,
              42.264758
            ],
            [
              -83.169613,
              42.264834
            ],
            [
              -83.168584,
              42.265975
            ],
            [
              -83.167273,
              42.26759
            ],
            [
              -83.162056,
              42.273719
            ],
            [
              -83.161084,
              42.274975
            ],
            [
              -83.158161,
              42.278845
            ],
            [
              -83.159652,
              42.280162
            ],
            [
              -83.161393,
              42.281858
            ],
            [
              -83.16172,
              42.282234
            ],
            [
              -83.161943,
              42.282534
            ],
            [
              -83.162219,
              42.283005
            ],
            [
              -83.162868,
              42.284453
            ],
            [
              -83.163101,
              42.284924
            ],
            [
              -83.164086,
              42.28668
            ],
            [
              -83.164146,
              42.286758
            ],
            [
              -83.164758,
              42.28734
            ],
            [
              -83.165644,
              42.288084
            ],
            [
              -83.166577,
              42.288906
            ],
            [
              -83.166773,
              42.289148
            ],
            [
              -83.166995,
              42.289572
            ],
            [
              -83.166017,
              42.289818
            ],
            [
              -83.165194,
              42.290056
            ],
            [
              -83.164615,
              42.290312
            ],
            [
              -83.164181,
              42.290581
            ],
            [
              -83.162958,
              42.291257
            ],
            [
              -83.162586,
              42.291426
            ],
            [
              -83.161665,
              42.291782
            ],
            [
              -83.161322,
              42.291842
            ],
            [
              -83.160879,
              42.291888
            ],
            [
              -83.16039,
              42.291916
            ],
            [
              -83.158586,
              42.291951
            ],
            [
              -83.15825,
              42.292017
            ],
            [
              -83.158019,
              42.292155
            ],
            [
              -83.157857,
              42.292318
            ],
            [
              -83.157767,
              42.29243
            ],
            [
              -83.157729,
              42.292584
            ],
            [
              -83.157708,
              42.293038
            ],
            [
              -83.157754,
              42.293228
            ],
            [
              -83.157844,
              42.293443
            ],
            [
              -83.158148,
              42.293905
            ],
            [
              -83.158177,
              42.294124
            ],
            [
              -83.158168,
              42.294319
            ],
            [
              -83.158096,
              42.294552
            ],
            [
              -83.15793,
              42.294784
            ],
            [
              -83.157691,
              42.294957
            ],
            [
              -83.157396,
              42.295107
            ],
            [
              -83.157082,
              42.295228
            ],
            [
              -83.156419,
              42.295337
            ],
            [
              -83.156,
              42.295367
            ],
            [
              -83.155279,
              42.295536
            ],
            [
              -83.154728,
              42.295576
            ],
            [
              -83.154399,
              42.295548
            ],
            [
              -83.154041,
              42.295554
            ],
            [
              -83.153547,
              42.29566
            ],
            [
              -83.151687,
              42.296261
            ],
            [
              -83.151402,
              42.296273
            ],
            [
              -83.150754,
              42.296206
            ],
            [
              -83.150462,
              42.296115
            ],
            [
              -83.150256,
              42.296005
            ],
            [
              -83.149989,
              42.295826
            ],
            [
              -83.149683,
              42.295567
            ],
            [
              -83.149599,
              42.295413
            ],
            [
              -83.149605,
              42.295229
            ],
            [
              -83.149477,
              42.294862
            ],
            [
              -83.14947,
              42.294713
            ],
            [
              -83.149486,
              42.294519
            ],
            [
              -83.149341,
              42.29408
            ],
            [
              -83.149201,
              42.293805
            ],
            [
              -83.149063,
              42.293663
            ],
            [
              -83.148937,
              42.293409
            ],
            [
              -83.14874,
              42.293195
            ],
            [
              -83.148599,
              42.293114
            ],
            [
              -83.148431,
              42.292875
            ],
            [
              -83.148024,
              42.292703
            ],
            [
              -83.147908,
              42.292611
            ],
            [
              -83.147762,
              42.29256
            ],
            [
              -83.14758,
              42.29254
            ],
            [
              -83.147389,
              42.29254
            ],
            [
              -83.147239,
              42.29257
            ],
            [
              -83.147025,
              42.292651
            ],
            [
              -83.146873,
              42.292794
            ],
            [
              -83.146292,
              42.29288
            ],
            [
              -83.146142,
              42.292985
            ],
            [
              -83.145259,
              42.293229
            ],
            [
              -83.143919,
              42.293793
            ],
            [
              -83.143961,
              42.294092
            ],
            [
              -83.143928,
              42.294196
            ],
            [
              -83.143839,
              42.294304
            ],
            [
              -83.143694,
              42.294384
            ],
            [
              -83.143382,
              42.294433
            ],
            [
              -83.143093,
              42.294402
            ],
            [
              -83.142558,
              42.294407
            ],
            [
              -83.142239,
              42.294704
            ],
            [
              -83.141769,
              42.295191
            ],
            [
              -83.141484,
              42.295458
            ],
            [
              -83.141197,
              42.296007
            ],
            [
              -83.140851,
              42.296511
            ],
            [
              -83.140621,
              42.297037
            ],
            [
              -83.140449,
              42.297749
            ],
            [
              -83.140324,
              42.299055
            ],
            [
              -83.140446,
              42.299544
            ],
            [
              -83.14069,
              42.300341
            ],
            [
              -83.14134,
              42.301644
            ],
            [
              -83.141573,
              42.302172
            ],
            [
              -83.14185,
              42.303686
            ],
            [
              -83.141874,
              42.304074
            ],
            [
              -83.14216,
              42.304714
            ],
            [
              -83.142359,
              42.305252
            ],
            [
              -83.142415,
              42.305503
            ],
            [
              -83.14242,
              42.305686
            ],
            [
              -83.142399,
              42.305848
            ],
            [
              -83.142315,
              42.305987
            ],
            [
              -83.142154,
              42.306098
            ],
            [
              -83.141277,
              42.306458
            ],
            [
              -83.141101,
              42.30647
            ],
            [
              -83.140887,
              42.306517
            ],
            [
              -83.140728,
              42.306591
            ],
            [
              -83.140604,
              42.306677
            ],
            [
              -83.140505,
              42.306847
            ],
            [
              -83.140675,
              42.307438
            ],
            [
              -83.140644,
              42.307662
            ],
            [
              -83.140527,
              42.30789
            ],
            [
              -83.140344,
              42.308042
            ],
            [
              -83.139962,
              42.30821
            ],
            [
              -83.139795,
              42.308321
            ],
            [
              -83.139696,
              42.308492
            ],
            [
              -83.139638,
              42.308663
            ],
            [
              -83.139658,
              42.308841
            ],
            [
              -83.139728,
              42.309006
            ],
            [
              -83.140405,
              42.310085
            ],
            [
              -83.140455,
              42.310233
            ],
            [
              -83.140509,
              42.31058
            ],
            [
              -83.140701,
              42.311009
            ],
            [
              -83.141688,
              42.312402
            ],
            [
              -83.146241,
              42.31862
            ],
            [
              -83.146924,
              42.319592
            ],
            [
              -83.149373,
              42.322896
            ],
            [
              -83.152863,
              42.327737
            ],
            [
              -83.15313,
              42.328088
            ],
            [
              -83.154926,
              42.327655
            ],
            [
              -83.156472,
              42.32724
            ],
            [
              -83.156479,
              42.327669
            ],
            [
              -83.156552,
              42.327953
            ],
            [
              -83.156595,
              42.328561
            ],
            [
              -83.156658,
              42.329925
            ],
            [
              -83.156775,
              42.333943
            ],
            [
              -83.156902,
              42.336961
            ],
            [
              -83.156407,
              42.33695
            ],
            [
              -83.155743,
              42.336984
            ],
            [
              -83.1536,
              42.337377
            ],
            [
              -83.152959,
              42.337587
            ],
            [
              -83.152229,
              42.337942
            ],
            [
              -83.151808,
              42.338183
            ],
            [
              -83.151106,
              42.338686
            ],
            [
              -83.150817,
              42.338861
            ],
            [
              -83.150215,
              42.339497
            ],
            [
              -83.149942,
              42.339838
            ],
            [
              -83.149676,
              42.340274
            ],
            [
              -83.149431,
              42.340754
            ],
            [
              -83.148716,
              42.343844
            ],
            [
              -83.148352,
              42.344689
            ],
            [
              -83.147877,
              42.347404
            ],
            [
              -83.147634,
              42.349142
            ],
            [
              -83.147466,
              42.349919
            ],
            [
              -83.147513,
              42.350754
            ],
            [
              -83.147588,
              42.351276
            ],
            [
              -83.147605,
              42.351561
            ],
            [
              -83.147657,
              42.351916
            ],
            [
              -83.149627,
              42.351876
            ],
            [
              -83.150063,
              42.359122
            ],
            [
              -83.149621,
              42.359131
            ],
            [
              -83.149917,
              42.366351
            ],
            [
              -83.151224,
              42.366324
            ],
            [
              -83.151232,
              42.366706
            ],
            [
              -83.151281,
              42.367367
            ],
            [
              -83.151327,
              42.367708
            ],
            [
              -83.151469,
              42.371033
            ],
            [
              -83.151458,
              42.371239
            ],
            [
              -83.1514,
              42.371476
            ],
            [
              -83.150786,
              42.372997
            ],
            [
              -83.150719,
              42.373349
            ],
            [
              -83.150724,
              42.373476
            ],
            [
              -83.138806,
              42.368673
            ],
            [
              -83.138755,
              42.367406
            ],
            [
              -83.137915,
              42.367065
            ],
            [
              -83.135565,
              42.366203
            ],
            [
              -83.133281,
              42.365309
            ],
            [
              -83.129839,
              42.364062
            ],
            [
              -83.127139,
              42.36305
            ],
            [
              -83.125813,
              42.362593
            ],
            [
              -83.124836,
              42.362205
            ],
            [
              -83.116923,
              42.359
            ],
            [
              -83.115053,
              42.358171
            ],
            [
              -83.11327,
              42.357348
            ],
            [
              -83.110803,
              42.356133
            ],
            [
              -83.111016,
              42.355962
            ],
            [
              -83.111153,
              42.355882
            ],
            [
              -83.111429,
              42.355777
            ],
            [
              -83.111653,
              42.35574
            ],
            [
              -83.112486,
              42.355693
            ]
          ]
        ]
      }
    },
    {
      "type": "Feature",
      "properties": {
        "placeFips": "2622000",
        "city": "Detroit",
        "state": "MI",
        "boundaryType": "council-district",
        "district": "7",
        "name": "7"
      },
      "geometry": {
        "type": "Polygon",
        "coordinates": [
          [
            [
              -83.240194,
              42.379046
            ],
            [
              -83.238959,
              42.379048
            ],
            [
              -83.238353,
              42.379007
            ],
            [
              -83.236563,
              42.378726
            ],
            [
              -83.23665,
              42.380264
            ],
            [
              -83.236325,
              42.380037
            ],
            [
              -83.235552,
              42.379549
            ],
            [
              -83.234622,
              42.379015
            ],
            [
              -83.23428,
              42.378843
            ],
            [
              -83.23361,
              42.378545
            ],
            [
              -83.233286,
              42.378427
            ],
            [
              -83.232655,
              42.378241
            ],
            [
              -83.232317,
              42.378163
            ],
            [
              -83.231512,
              42.378012
            ],
            [
              -83.230985,
              42.377963
            ],
            [
              -83.230261,
              42.37792
            ],
            [
              -83.229197,
              42.377876
            ],
            [
              -83.227385,
              42.377862
            ],
            [
              -83.226147,
              42.377899
            ],
            [
              -83.225039,
              42.377963
            ],
            [
              -83.2235,
              42.378097
            ],
            [
              -83.221011,
              42.378401
            ],
            [
              -83.218949,
              42.378584
            ],
            [
              -83.217855,
              42.378613
            ],
            [
              -83.217346,
              42.378646
            ],
            [
              -83.211505,
              42.378718
            ],
            [
              -83.209296,
              42.378783
            ],
            [
              -83.208231,
              42.378831
            ],
            [
              -83.205604,
              42.378984
            ],
            [
              -83.203779,
              42.379033
            ],
            [
              -83.201338,
              42.379066
            ],
            [
              -83.198231,
              42.379069
            ],
            [
              -83.19353,
              42.379095
            ],
            [
              -83.193079,
              42.37911
            ],
            [
              -83.19223,
              42.379191
            ],
            [
              -83.191611,
              42.379304
            ],
            [
              -83.191216,
              42.37941
            ],
            [
              -83.190557,
              42.379623
            ],
            [
              -83.189713,
              42.379949
            ],
            [
              -83.18879,
              42.380242
            ],
            [
              -83.18604,
              42.381234
            ],
            [
              -83.185237,
              42.381497
            ],
            [
              -83.184491,
              42.381724
            ],
            [
              -83.183189,
              42.382068
            ],
            [
              -83.18262,
              42.382199
            ],
            [
              -83.182654,
              42.383411
            ],
            [
              -83.182697,
              42.384202
            ],
            [
              -83.183805,
              42.384175
            ],
            [
              -83.184434,
              42.399743
            ],
            [
              -83.18485,
              42.409203
            ],
            [
              -83.17947,
              42.409369
            ],
            [
              -83.169772,
              42.409543
            ],
            [
              -83.169057,
              42.395039
            ],
            [
              -83.159354,
              42.395248
            ],
            [
              -83.139942,
              42.395426
            ],
            [
              -83.139566,
              42.387011
            ],
            [
              -83.13957,
              42.386698
            ],
            [
              -83.139552,
              42.386699
            ],
            [
              -83.139003,
              42.373523
            ],
            [
              -83.139104,
              42.373482
            ],
            [
              -83.139218,
              42.373464
            ],
            [
              -83.144405,
              42.373386
            ],
            [
              -83.144325,
              42.371379
            ],
            [
              -83.144353,
              42.371258
            ],
            [
              -83.144452,
              42.371181
            ],
            [
              -83.144262,
              42.370869
            ],
            [
              -83.150724,
              42.373476
            ],
            [
              -83.150719,
              42.373349
            ],
            [
              -83.150786,
              42.372997
            ],
            [
              -83.15143,
              42.371375
            ],
            [
              -83.151458,
              42.371239
            ],
            [
              -83.151469,
              42.371033
            ],
            [
              -83.151327,
              42.367708
            ],
            [
              -83.151281,
              42.367367
            ],
            [
              -83.151232,
              42.366706
            ],
            [
              -83.151224,
              42.366324
            ],
            [
              -83.149917,
              42.366351
            ],
            [
              -83.149621,
              42.359131
            ],
            [
              -83.150063,
              42.359122
            ],
            [
              -83.149627,
              42.351876
            ],
            [
              -83.181993,
              42.351179
            ],
            [
              -83.19653,
              42.350891
            ],
            [
              -83.196236,
              42.344881
            ],
            [
              -83.196245,
              42.344619
            ],
            [
              -83.19621,
              42.34389
            ],
            [
              -83.196207,
              42.343489
            ],
            [
              -83.196045,
              42.339683
            ],
            [
              -83.196133,
              42.339435
            ],
            [
              -83.196135,
              42.338365
            ],
            [
              -83.196056,
              42.336435
            ],
            [
              -83.197701,
              42.336422
            ],
            [
              -83.203271,
              42.33633
            ],
            [
              -83.206988,
              42.336307
            ],
            [
              -83.210039,
              42.336258
            ],
            [
              -83.212515,
              42.336195
            ],
            [
              -83.212733,
              42.336175
            ],
            [
              -83.212957,
              42.336127
            ],
            [
              -83.213125,
              42.336064
            ],
            [
              -83.213579,
              42.335785
            ],
            [
              -83.213946,
              42.335961
            ],
            [
              -83.21412,
              42.336021
            ],
            [
              -83.214368,
              42.336079
            ],
            [
              -83.214805,
              42.336134
            ],
            [
              -83.215336,
              42.336136
            ],
            [
              -83.215311,
              42.333348
            ],
            [
              -83.215198,
              42.332213
            ],
            [
              -83.215212,
              42.3317
            ],
            [
              -83.215316,
              42.330333
            ],
            [
              -83.215279,
              42.32902
            ],
            [
              -83.225143,
              42.328806
            ],
            [
              -83.227628,
              42.332378
            ],
            [
              -83.22783,
              42.3326
            ],
            [
              -83.230007,
              42.331791
            ],
            [
              -83.232372,
              42.330858
            ],
            [
              -83.234575,
              42.329844
            ],
            [
              -83.234697,
              42.330882
            ],
            [
              -83.234858,
              42.331991
            ],
            [
              -83.234921,
              42.333043
            ],
            [
              -83.235026,
              42.335835
            ],
            [
              -83.235448,
              42.335808
            ],
            [
              -83.237489,
              42.335737
            ],
            [
              -83.237767,
              42.343087
            ],
            [
              -83.242426,
              42.343006
            ],
            [
              -83.243132,
              42.342984
            ],
            [
              -83.243641,
              42.34295
            ],
            [
              -83.244423,
              42.342881
            ],
            [
              -83.252088,
              42.342034
            ],
            [
              -83.25376,
              42.341874
            ],
            [
              -83.255277,
              42.341818
            ],
            [
              -83.259691,
              42.341706
            ],
            [
              -83.260738,
              42.341698
            ],
            [
              -83.262387,
              42.341734
            ],
            [
              -83.263842,
              42.341693
            ],
            [
              -83.263861,
              42.341938
            ],
            [
              -83.263854,
              42.342096
            ],
            [
              -83.26395,
              42.342336
            ],
            [
              -83.264028,
              42.342586
            ],
            [
              -83.264171,
              42.342796
            ],
            [
              -83.264274,
              42.34309
            ],
            [
              -83.264263,
              42.343573
            ],
            [
              -83.264337,
              42.344377
            ],
            [
              -83.265065,
              42.35173
            ],
            [
              -83.265414,
              42.355071
            ],
            [
              -83.265576,
              42.357056
            ],
            [
              -83.265908,
              42.357047
            ],
            [
              -83.265968,
              42.358894
            ],
            [
              -83.265979,
              42.362274
            ],
            [
              -83.266094,
              42.363074
            ],
            [
              -83.266315,
              42.369093
            ],
            [
              -83.266388,
              42.371488
            ],
            [
              -83.266515,
              42.374451
            ],
            [
              -83.26658,
              42.378616
            ],
            [
              -83.261108,
              42.37883
            ],
            [
              -83.255856,
              42.378924
            ],
            [
              -83.240194,
              42.379046
            ]
          ]
        ]
      }
    }
  ]
}
