{
  "type": "FeatureCollection",
  "features": [
    {
      "type": "Feature",
      "properties": {
        "placeFips": "0477000",
        "city": "Tucson",
        "state": "AZ",
        "boundaryType": "ward",
        "district": "6",
        "name": "Miranda Schubert"
      },
      "geometry": {
        "type": "Polygon",
        "coordinates": [
          [
            [
              -110.968574,
              32.21207
            ],
            [
              -110.967751,
              32.212074
            ],
            [
              -110.966236,
              32.212044
            ],
            [
              -110.961627,
              32.212079
            ],
            [
              -110.96089,
              32.212057
            ],
            [
              -110.960916,
              32.214697
            ],
            [
              -110.96394,
              32.214678
            ],
            [
              -110.963978,
              32.217291
            ],
            [
              -110.963975,
              32.218671
            ],
            [
              -110.964048,
              32.220603
            ],
            [
              -110.96448,
              32.220934
            ],
            [
              -110.964601,
              32.220987
            ],
            [
              -110.96511,
              32.221166
            ],
            [
              -110.965241,
              32.221187
            ],
            [
              -110.965488,
              32.221195
            ],
            [
              -110.965538,
              32.221215
            ],
            [
              -110.965519,
              32.221226
            ],
            [
              -110.960937,
              32.221329
            ],
            [
              -110.960634,
              32.221379
            ],
            [
              -110.95942,
              32.221356
            ],
            [
              -110.9579,
              32.221383
            ],
            [
              -110.956322,
              32.221346
            ],
            [
              -110.953225,
              32.221374
            ],
            [
              -110.950986,
              32.221469
            ],
            [
              -110.949505,
              32.221413
            ],
            [
              -110.948066,
              32.221403
            ],
            [
              -110.945162,
              32.221414
            ],
            [
              -110.942401,
              32.221478
            ],
            [
              -110.940919,
              32.22144
            ],
            [
              -110.939478,
              32.221497
            ],
            [
              -110.939424,
              32.214153
            ],
            [
              -110.936946,
              32.214153
            ],
            [
              -110.936736,
              32.214228
            ],
            [
              -110.93526,
              32.214218
            ],
            [
              -110.935082,
              32.214197
            ],
            [
              -110.935095,
              32.212387
            ],
            [
              -110.930903,
              32.212385
            ],
            [
              -110.930908,
              32.213355
            ],
            [
              -110.930886,
              32.214101
            ],
            [
              -110.926625,
              32.214234
            ],
            [
              -110.926626,
              32.20784
            ],
            [
              -110.926684,
              32.206933
            ],
            [
              -110.922466,
              32.206997
            ],
            [
              -110.922333,
              32.206987
            ],
            [
              -110.920268,
              32.207003
            ],
            [
              -110.918033,
              32.207036
            ],
            [
              -110.913597,
              32.207028
            ],
            [
              -110.909554,
              32.207048
            ],
            [
              -110.909571,
              32.205436
            ],
            [
              -110.909523,
              32.203868
            ],
            [
              -110.909474,
              32.202834
            ],
            [
              -110.90949,
              32.201723
            ],
            [
              -110.909457,
              32.199495
            ],
            [
              -110.90935,
              32.197507
            ],
            [
              -110.909288,
              32.195151
            ],
            [
              -110.896203,
              32.195196
            ],
            [
              -110.895945,
              32.195236
            ],
            [
              -110.894948,
              32.195309
            ],
            [
              -110.894124,
              32.195332
            ],
            [
              -110.892512,
              32.195317
            ],
            [
              -110.892363,
              32.199777
            ],
            [
              -110.892376,
              32.200624
            ],
            [
              -110.892355,
              32.201426
            ],
            [
              -110.89234,
              32.205255
            ],
            [
              -110.892297,
              32.206981
            ],
            [
              -110.883692,
              32.206913
            ],
            [
              -110.875105,
              32.206892
            ],
            [
              -110.875084,
              32.205196
            ],
            [
              -110.875109,
              32.203666
            ],
            [
              -110.875109,
              32.199638
            ],
            [
              -110.873371,
              32.199703
            ],
            [
              -110.870827,
              32.199694
            ],
            [
              -110.85798,
              32.199713
            ],
            [
              -110.857984,
              32.200231
            ],
            [
              -110.857953,
              32.200996
            ],
            [
              -110.857964,
              32.202595
            ],
            [
              -110.857952,
              32.203374
            ],
            [
              -110.857983,
              32.206761
            ],
            [
              -110.857973,
              32.209294
            ],
            [
              -110.858003,
              32.210214
            ],
            [
              -110.857989,
              32.210655
            ],
            [
              -110.858005,
              32.21166
            ],
            [
              -110.857973,
              32.212415
            ],
            [
              -110.857958,
              32.213358
            ],
            [
              -110.857977,
              32.215747
            ],
            [
              -110.857961,
              32.216922
            ],
            [
              -110.857992,
              32.21734
            ],
            [
              -110.857957,
              32.218081
            ],
            [
              -110.857929,
              32.223593
            ],
            [
              -110.857971,
              32.225661
            ],
            [
              -110.857948,
              32.228901
            ],
            [
              -110.857998,
              32.230753
            ],
            [
              -110.857967,
              32.232445
            ],
            [
              -110.857931,
              32.233177
            ],
            [
              -110.857897,
              32.235876
            ],
            [
              -110.857905,
              32.237905
            ],
            [
              -110.857863,
              32.238876
            ],
            [
              -110.857902,
              32.239691
            ],
            [
              -110.857979,
              32.240593
            ],
            [
              -110.85792,
              32.242136
            ],
            [
              -110.857483,
              32.243126
            ],
            [
              -110.857755,
              32.243338
            ],
            [
              -110.859644,
              32.24339
            ],
            [
              -110.862316,
              32.243396
            ],
            [
              -110.863891,
              32.243364
            ],
            [
              -110.873127,
              32.243466
            ],
            [
              -110.875504,
              32.243457
            ],
            [
              -110.875426,
              32.245845
            ],
            [
              -110.875415,
              32.24672
            ],
            [
              -110.875436,
              32.247733
            ],
            [
              -110.875359,
              32.249266
            ],
            [
              -110.875339,
              32.250675
            ],
            [
              -110.884052,
              32.250672
            ],
            [
              -110.892667,
              32.250636
            ],
            [
              -110.892577,
              32.25607
            ],
            [
              -110.892537,
              32.257876
            ],
            [
              -110.892475,
              32.259677
            ],
            [
              -110.89794,
              32.259693
            ],
            [
              -110.903813,
              32.259685
            ],
            [
              -110.904945,
              32.259692
            ],
            [
              -110.905326,
              32.259708
            ],
            [
              -110.906067,
              32.259683
            ],
            [
              -110.909796,
              32.25968
            ],
            [
              -110.909781,
              32.256486
            ],
            [
              -110.909722,
              32.250613
            ],
            [
              -110.926887,
              32.250377
            ],
            [
              -110.937675,
              32.25032
            ],
            [
              -110.939646,
              32.25029
            ],
            [
              -110.942522,
              32.250289
            ],
            [
              -110.943984,
              32.25024
            ],
            [
              -110.943935,
              32.249156
            ],
            [
              -110.943931,
              32.247872
            ],
            [
              -110.943871,
              32.24476
            ],
            [
              -110.943894,
              32.243786
            ],
            [
              -110.943953,
              32.24318
            ],
            [
              -110.944005,
              32.243182
            ],
            [
              -110.944611,
              32.2434
            ],
            [
              -110.944614,
              32.243169
            ],
            [
              -110.946798,
              32.243167
            ],
            [
              -110.94829,
              32.24328
            ],
            [
              -110.949757,
              32.243146
            ],
            [
              -110.949761,
              32.241644
            ],
            [
              -110.953809,
              32.241609
            ],
            [
              -110.953814,
              32.2406
            ],
            [
              -110.955594,
              32.240579
            ],
            [
              -110.959529,
              32.240575
            ],
            [
              -110.968764,
              32.24052
            ],
            [
              -110.968783,
              32.241667
            ],
            [
              -110.970278,
              32.241649
            ],
            [
              -110.970295,
              32.237205
            ],
            [
              -110.970248,
              32.235842
            ],
            [
              -110.968704,
              32.235872
            ],
            [
              -110.968671,
              32.234219
            ],
            [
              -110.969497,
              32.234232
            ],
            [
              -110.97025,
              32.234222
            ],
            [
              -110.970237,
              32.23294
            ],
            [
              -110.971771,
              32.232936
            ],
            [
              -110.971744,
              32.230301
            ],
            [
              -110.971752,
              32.228942
            ],
            [
              -110.971729,
              32.226383
            ],
            [
              -110.971734,
              32.225166
            ],
            [
              -110.971666,
              32.224328
            ],
            [
              -110.97125,
              32.221899
            ],
            [
              -110.971123,
              32.22101
            ],
            [
              -110.970758,
              32.219075
            ],
            [
              -110.969768,
              32.213612
            ],
            [
              -110.969734,
              32.213474
            ],
            [
              -110.969676,
              32.213342
            ],
            [
              -110.969597,
              32.21323
            ],
            [
              -110.968574,
              32.21207
            ]
          ]
        ]
      }
    },
    {
      "type": "Feature",
      "properties": {
        "placeFips": "0477000",
        "city": "Tucson",
        "state": "AZ",
        "boundaryType": "ward",
        "district": "3",
        "name": "Kevin Dahl"
      },
      "geometry": {
        "type": "Polygon",
        "coordinates": [
          [
            [
              -110.960849,
              32.299019
            ],
            [
              -110.960866,
              32.298987
            ],
            [
              -110.960857,
              32.298781
            ],
            [
              -110.960763,
              32.297973
            ],
            [
              -110.96075,
              32.297485
            ],
            [
              -110.961253,
              32.297489
            ],
            [
              -110.961253,
              32.29796
            ],
            [
              -110.961304,
              32.29844
            ],
            [
              -110.962609,
              32.298441
            ],
            [
              -110.962998,
              32.299244
            ],
            [
              -110.962985,
              32.299378
            ],
            [
              -110.964235,
              32.299384
            ],
            [
              -110.964247,
              32.297579
            ],
            [
              -110.964395,
              32.297486
            ],
            [
              -110.964346,
              32.297485
            ],
            [
              -110.963886,
              32.2964
            ],
            [
              -110.963891,
              32.295786
            ],
            [
              -110.963349,
              32.295719
            ],
            [
              -110.962678,
              32.295604
            ],
            [
              -110.961819,
              32.295412
            ],
            [
              -110.96182,
              32.295322
            ],
            [
              -110.961392,
              32.295197
            ],
            [
              -110.961332,
              32.295143
            ],
            [
              -110.96132,
              32.295099
            ],
            [
              -110.961321,
              32.291178
            ],
            [
              -110.962969,
              32.291147
            ],
            [
              -110.965412,
              32.291837
            ],
            [
              -110.965394,
              32.291879
            ],
            [
              -110.966405,
              32.292164
            ],
            [
              -110.966483,
              32.292301
            ],
            [
              -110.966539,
              32.292299
            ],
            [
              -110.966724,
              32.292351
            ],
            [
              -110.966916,
              32.291916
            ],
            [
              -110.967022,
              32.291844
            ],
            [
              -110.969717,
              32.291827
            ],
            [
              -110.969712,
              32.295647
            ],
            [
              -110.968089,
              32.295647
            ],
            [
              -110.968073,
              32.296242
            ],
            [
              -110.967542,
              32.296245
            ],
            [
              -110.967205,
              32.297486
            ],
            [
              -110.96802,
              32.297475
            ],
            [
              -110.968021,
              32.29803
            ],
            [
              -110.968318,
              32.298015
            ],
            [
              -110.968791,
              32.297935
            ],
            [
              -110.969008,
              32.297925
            ],
            [
              -110.969404,
              32.297729
            ],
            [
              -110.969566,
              32.297618
            ],
            [
              -110.969599,
              32.297457
            ],
            [
              -110.969703,
              32.297455
            ],
            [
              -110.969679,
              32.301102
            ],
            [
              -110.97397,
              32.301087
            ],
            [
              -110.974011,
              32.297555
            ],
            [
              -110.973989,
              32.297551
            ],
            [
              -110.973996,
              32.296762
            ],
            [
              -110.973972,
              32.295592
            ],
            [
              -110.972928,
              32.295593
            ],
            [
              -110.972917,
              32.292738
            ],
            [
              -110.972428,
              32.292737
            ],
            [
              -110.972438,
              32.291599
            ],
            [
              -110.97297,
              32.291932
            ],
            [
              -110.974067,
              32.292729
            ],
            [
              -110.975224,
              32.293611
            ],
            [
              -110.975533,
              32.293817
            ],
            [
              -110.976134,
              32.294149
            ],
            [
              -110.976698,
              32.294374
            ],
            [
              -110.977286,
              32.294547
            ],
            [
              -110.978003,
              32.294686
            ],
            [
              -110.978055,
              32.298579
            ],
            [
              -110.976245,
              32.298591
            ],
            [
              -110.976215,
              32.30108
            ],
            [
              -110.976855,
              32.301087
            ],
            [
              -110.977028,
              32.301063
            ],
            [
              -110.977226,
              32.301001
            ],
            [
              -110.977418,
              32.300911
            ],
            [
              -110.977537,
              32.300834
            ],
            [
              -110.977666,
              32.30072
            ],
            [
              -110.977902,
              32.300441
            ],
            [
              -110.978001,
              32.30037
            ],
            [
              -110.978101,
              32.300327
            ],
            [
              -110.978131,
              32.301041
            ],
            [
              -110.979497,
              32.301056
            ],
            [
              -110.979497,
              32.301111
            ],
            [
              -110.979987,
              32.301117
            ],
            [
              -110.980082,
              32.300237
            ],
            [
              -110.980122,
              32.300035
            ],
            [
              -110.980212,
              32.299772
            ],
            [
              -110.980513,
              32.299148
            ],
            [
              -110.980729,
              32.298639
            ],
            [
              -110.980921,
              32.298098
            ],
            [
              -110.980985,
              32.297851
            ],
            [
              -110.981094,
              32.297232
            ],
            [
              -110.981321,
              32.29614
            ],
            [
              -110.982125,
              32.295581
            ],
            [
              -110.982645,
              32.295479
            ],
            [
              -110.983063,
              32.295317
            ],
            [
              -110.98309,
              32.295366
            ],
            [
              -110.983089,
              32.295715
            ],
            [
              -110.983935,
              32.295723
            ],
            [
              -110.983823,
              32.295523
            ],
            [
              -110.98387,
              32.295505
            ],
            [
              -110.986156,
              32.295516
            ],
            [
              -110.986158,
              32.2953
            ],
            [
              -110.986643,
              32.295307
            ],
            [
              -110.986627,
              32.29423
            ],
            [
              -110.986704,
              32.294211
            ],
            [
              -110.986701,
              32.293826
            ],
            [
              -110.986715,
              32.293826
            ],
            [
              -110.986686,
              32.290193
            ],
            [
              -110.986804,
              32.290194
            ],
            [
              -110.986795,
              32.287483
            ],
            [
              -110.989985,
              32.287505
            ],
            [
              -110.989996,
              32.286482
            ],
            [
              -110.989492,
              32.286481
            ],
            [
              -110.989493,
              32.285115
            ],
            [
              -110.988869,
              32.285114
            ],
            [
              -110.988869,
              32.28505
            ],
            [
              -110.986885,
              32.285034
            ],
            [
              -110.986825,
              32.285013
            ],
            [
              -110.986782,
              32.284959
            ],
            [
              -110.986788,
              32.283991
            ],
            [
              -110.986768,
              32.283512
            ],
            [
              -110.986739,
              32.279299
            ],
            [
              -110.995209,
              32.279397
            ],
            [
              -110.995229,
              32.280943
            ],
            [
              -110.997369,
              32.280982
            ],
            [
              -110.997332,
              32.282978
            ],
            [
              -110.997419,
              32.28308
            ],
            [
              -110.999232,
              32.283115
            ],
            [
              -110.999202,
              32.279504
            ],
            [
              -111.003375,
              32.279616
            ],
            [
              -111.003402,
              32.28144
            ],
            [
              -111.011827,
              32.281655
            ],
            [
              -111.017609,
              32.281634
            ],
            [
              -111.01611,
              32.279806
            ],
            [
              -111.017776,
              32.279792
            ],
            [
              -111.026866,
              32.290592
            ],
            [
              -111.027273,
              32.291041
            ],
            [
              -111.027698,
              32.291478
            ],
            [
              -111.028141,
              32.291901
            ],
            [
              -111.028602,
              32.292311
            ],
            [
              -111.02908,
              32.292706
            ],
            [
              -111.030383,
              32.294014
            ],
            [
              -111.031128,
              32.294444
            ],
            [
              -111.031833,
              32.295163
            ],
            [
              -111.03201,
              32.295462
            ],
            [
              -111.033641,
              32.297214
            ],
            [
              -111.035309,
              32.299253
            ],
            [
              -111.035934,
              32.299907
            ],
            [
              -111.036187,
              32.300199
            ],
            [
              -111.036381,
              32.300507
            ],
            [
              -111.037191,
              32.301566
            ],
            [
              -111.03717,
              32.301577
            ],
            [
              -111.038622,
              32.303348
            ],
            [
              -111.039407,
              32.304363
            ],
            [
              -111.040034,
              32.305214
            ],
            [
              -111.038809,
              32.305888
            ],
            [
              -111.038067,
              32.306334
            ],
            [
              -111.040646,
              32.309425
            ],
            [
              -111.04103,
              32.309925
            ],
            [
              -111.037479,
              32.309911
            ],
            [
              -111.037299,
              32.310163
            ],
            [
              -111.037241,
              32.310153
            ],
            [
              -111.036753,
              32.309966
            ],
            [
              -111.036025,
              32.309841
            ],
            [
              -111.035774,
              32.309664
            ],
            [
              -111.035411,
              32.309532
            ],
            [
              -111.034926,
              32.309223
            ],
            [
              -111.034641,
              32.309156
            ],
            [
              -111.034445,
              32.309142
            ],
            [
              -111.034442,
              32.308747
            ],
            [
              -111.032539,
              32.30875
            ],
            [
              -111.032535,
              32.308398
            ],
            [
              -111.032503,
              32.30835
            ],
            [
              -111.029685,
              32.307597
            ],
            [
              -111.029751,
              32.307271
            ],
            [
              -111.029465,
              32.307226
            ],
            [
              -111.029219,
              32.307224
            ],
            [
              -111.029212,
              32.307901
            ],
            [
              -111.028941,
              32.307858
            ],
            [
              -111.028903,
              32.312387
            ],
            [
              -111.03318,
              32.312359
            ],
            [
              -111.037603,
              32.312365
            ],
            [
              -111.03757,
              32.316013
            ],
            [
              -111.038598,
              32.316012
            ],
            [
              -111.038599,
              32.316077
            ],
            [
              -111.038644,
              32.31609
            ],
            [
              -111.038665,
              32.316125
            ],
            [
              -111.038663,
              32.316459
            ],
            [
              -111.037888,
              32.316454
            ],
            [
              -111.037884,
              32.317631
            ],
            [
              -111.039827,
              32.317634
            ],
            [
              -111.039832,
              32.319312
            ],
            [
              -111.039784,
              32.319395
            ],
            [
              -111.039781,
              32.319632
            ],
            [
              -111.042473,
              32.319637
            ],
            [
              -111.042474,
              32.319953
            ],
            [
              -111.042606,
              32.319953
            ],
            [
              -111.042597,
              32.320849
            ],
            [
              -111.044047,
              32.320858
            ],
            [
              -111.045329,
              32.320061
            ],
            [
              -111.045926,
              32.319612
            ],
            [
              -111.045559,
              32.319128
            ],
            [
              -111.045212,
              32.318632
            ],
            [
              -111.04489,
              32.318137
            ],
            [
              -111.044572,
              32.317605
            ],
            [
              -111.044292,
              32.317094
            ],
            [
              -111.044025,
              32.316561
            ],
            [
              -111.044658,
              32.3164
            ],
            [
              -111.043621,
              32.313385
            ],
            [
              -111.043453,
              32.312945
            ],
            [
              -111.043197,
              32.312348
            ],
            [
              -111.044527,
              32.311675
            ],
            [
              -111.043524,
              32.310185
            ],
            [
              -111.042454,
              32.308443
            ],
            [
              -111.04354,
              32.308664
            ],
            [
              -111.04605,
              32.30866
            ],
            [
              -111.046088,
              32.305065
            ],
            [
              -111.050362,
              32.305058
            ],
            [
              -111.050474,
              32.297819
            ],
            [
              -111.046415,
              32.297849
            ],
            [
              -111.046184,
              32.297511
            ],
            [
              -111.046229,
              32.294373
            ],
            [
              -111.043951,
              32.294381
            ],
            [
              -111.043512,
              32.29374
            ],
            [
              -111.043412,
              32.293736
            ],
            [
              -111.043243,
              32.293488
            ],
            [
              -111.04243,
              32.292247
            ],
            [
              -111.042033,
              32.291694
            ],
            [
              -111.041905,
              32.291211
            ],
            [
              -111.041505,
              32.290625
            ],
            [
              -111.041341,
              32.290627
            ],
            [
              -111.03746,
              32.284802
            ],
            [
              -111.037454,
              32.28454
            ],
            [
              -111.036643,
              32.283322
            ],
            [
              -111.036472,
              32.28332
            ],
            [
              -111.033975,
              32.279617
            ],
            [
              -111.033705,
              32.279612
            ],
            [
              -111.033156,
              32.278874
            ],
            [
              -111.033145,
              32.278723
            ],
            [
              -111.032677,
              32.278183
            ],
            [
              -111.031283,
              32.27664
            ],
            [
              -111.03091,
              32.27628
            ],
            [
              -111.029374,
              32.274987
            ],
            [
              -111.028287,
              32.273796
            ],
            [
              -111.026662,
              32.271956
            ],
            [
              -111.026017,
              32.271271
            ],
            [
              -111.025506,
              32.270677
            ],
            [
              -111.025267,
              32.270331
            ],
            [
              -111.02514,
              32.270086
            ],
            [
              -111.023835,
              32.267262
            ],
            [
              -111.02368,
              32.267001
            ],
            [
              -111.021856,
              32.26433
            ],
            [
              -111.020127,
              32.261723
            ],
            [
              -111.019409,
              32.260721
            ],
            [
              -111.018641,
              32.259465
            ],
            [
              -111.017801,
              32.257727
            ],
            [
              -111.017404,
              32.256988
            ],
            [
              -111.016643,
              32.255844
            ],
            [
              -111.016017,
              32.254973
            ],
            [
              -111.015116,
              32.253578
            ],
            [
              -111.014056,
              32.25173
            ],
            [
              -111.013529,
              32.250707
            ],
            [
              -111.01096,
              32.250669
            ],
            [
              -111.008192,
              32.250595
            ],
            [
              -111.002291,
              32.250531
            ],
            [
              -111.000555,
              32.250534
            ],
            [
              -110.995433,
              32.250401
            ],
            [
              -110.993609,
              32.250375
            ],
            [
              -110.993014,
              32.25034
            ],
            [
              -110.991725,
              32.250331
            ],
            [
              -110.990806,
              32.249194
            ],
            [
              -110.988474,
              32.246418
            ],
            [
              -110.98626,
              32.243642
            ],
            [
              -110.987564,
              32.243684
            ],
            [
              -110.987112,
              32.243054
            ],
            [
              -110.986606,
              32.242278
            ],
            [
              -110.986426,
              32.241968
            ],
            [
              -110.985977,
              32.241065
            ],
            [
              -110.985766,
              32.240528
            ],
            [
              -110.985481,
              32.239691
            ],
            [
              -110.98479,
              32.23788
            ],
            [
              -110.984376,
              32.236596
            ],
            [
              -110.983968,
              32.235781
            ],
            [
              -110.980817,
              32.235717
            ],
            [
              -110.977896,
              32.235827
            ],
            [
              -110.977211,
              32.23579
            ],
            [
              -110.976387,
              32.235772
            ],
            [
              -110.974878,
              32.235815
            ],
            [
              -110.973312,
              32.235836
            ],
            [
              -110.970248,
              32.235842
            ],
            [
              -110.970295,
              32.237205
            ],
            [
              -110.970278,
              32.241649
            ],
            [
              -110.968783,
              32.241667
            ],
            [
              -110.968764,
              32.24052
            ],
            [
              -110.959529,
              32.240575
            ],
            [
              -110.955594,
              32.240579
            ],
            [
              -110.953814,
              32.2406
            ],
            [
              -110.953809,
              32.241609
            ],
            [
              -110.949761,
              32.241644
            ],
            [
              -110.949757,
              32.243146
            ],
            [
              -110.94829,
              32.24328
            ],
            [
              -110.946798,
              32.243167
            ],
            [
              -110.944614,
              32.243169
            ],
            [
              -110.944611,
              32.2434
            ],
            [
              -110.944005,
              32.243182
            ],
            [
              -110.943953,
              32.24318
            ],
            [
              -110.943894,
              32.243786
            ],
            [
              -110.943871,
              32.24476
            ],
            [
              -110.943931,
              32.247872
            ],
            [
              -110.943935,
              32.249156
            ],
            [
              -110.943984,
              32.25024
            ],
            [
              -110.942522,
              32.250289
            ],
            [
              -110.939646,
              32.25029
            ],
            [
              -110.937675,
              32.25032
            ],
            [
              -110.926887,
              32.250377
            ],
            [
              -110.909722,
              32.250613
            ],
            [
              -110.909781,
              32.256486
            ],
            [
              -110.909796,
              32.25968
            ],
            [
              -110.906067,
              32.259683
            ],
            [
              -110.905326,
              32.259708
            ],
            [
              -110.904945,
              32.259692
            ],
            [
              -110.903813,
              32.259685
            ],
            [
              -110.89794,
              32.259693
            ],
            [
              -110.892475,
              32.259677
            ],
            [
              -110.892463,
              32.261474
            ],
            [
              -110.892432,
              32.262484
            ],
            [
              -110.89239,
              32.265351
            ],
            [
              -110.892438,
              32.268521
            ],
            [
              -110.892498,
              32.27091
            ],
            [
              -110.892741,
              32.270995
            ],
            [
              -110.892765,
              32.272464
            ],
            [
              -110.893386,
              32.272673
            ],
            [
              -110.893813,
              32.272835
            ],
            [
              -110.894405,
              32.273099
            ],
            [
              -110.894782,
              32.273301
            ],
            [
              -110.895889,
              32.274016
            ],
            [
              -110.896316,
              32.274271
            ],
            [
              -110.896992,
              32.274606
            ],
            [
              -110.897704,
              32.274883
            ],
            [
              -110.897729,
              32.275928
            ],
            [
              -110.899014,
              32.275915
            ],
            [
              -110.899028,
              32.276838
            ],
            [
              -110.901155,
              32.276823
            ],
            [
              -110.901163,
              32.277497
            ],
            [
              -110.904971,
              32.277497
            ],
            [
              -110.904971,
              32.277411
            ],
            [
              -110.905459,
              32.277407
            ],
            [
              -110.905467,
              32.27749
            ],
            [
              -110.905653,
              32.277488
            ],
            [
              -110.90577,
              32.277472
            ],
            [
              -110.905925,
              32.277421
            ],
            [
              -110.906075,
              32.277333
            ],
            [
              -110.907632,
              32.276605
            ],
            [
              -110.907884,
              32.276525
            ],
            [
              -110.908346,
              32.276417
            ],
            [
              -110.908511,
              32.276358
            ],
            [
              -110.908898,
              32.27613
            ],
            [
              -110.9094,
              32.275802
            ],
            [
              -110.909617,
              32.275716
            ],
            [
              -110.914034,
              32.275765
            ],
            [
              -110.914003,
              32.272417
            ],
            [
              -110.914119,
              32.271899
            ],
            [
              -110.914185,
              32.27185
            ],
            [
              -110.914257,
              32.270703
            ],
            [
              -110.914272,
              32.269608
            ],
            [
              -110.914257,
              32.268811
            ],
            [
              -110.909628,
              32.268815
            ],
            [
              -110.909604,
              32.266876
            ],
            [
              -110.909791,
              32.266878
            ],
            [
              -110.909841,
              32.266498
            ],
            [
              -110.909866,
              32.266465
            ],
            [
              -110.90992,
              32.266449
            ],
            [
              -110.909957,
              32.266288
            ],
            [
              -110.9099,
              32.266263
            ],
            [
              -110.909877,
              32.26622
            ],
            [
              -110.909935,
              32.265763
            ],
            [
              -110.909934,
              32.265245
            ],
            [
              -110.910922,
              32.26525
            ],
            [
              -110.910976,
              32.265278
            ],
            [
              -110.910991,
              32.265332
            ],
            [
              -110.911171,
              32.265332
            ],
            [
              -110.911205,
              32.265275
            ],
            [
              -110.911265,
              32.265249
            ],
            [
              -110.912502,
              32.265246
            ],
            [
              -110.912553,
              32.265263
            ],
            [
              -110.912585,
              32.265313
            ],
            [
              -110.912779,
              32.265312
            ],
            [
              -110.912799,
              32.26527
            ],
            [
              -110.912851,
              32.265249
            ],
            [
              -110.914112,
              32.26524
            ],
            [
              -110.914158,
              32.265257
            ],
            [
              -110.914181,
              32.2653
            ],
            [
              -110.91442,
              32.265302
            ],
            [
              -110.914445,
              32.265257
            ],
            [
              -110.914496,
              32.265238
            ],
            [
              -110.915801,
              32.265226
            ],
            [
              -110.915834,
              32.268633
            ],
            [
              -110.920401,
              32.268605
            ],
            [
              -110.920427,
              32.270425
            ],
            [
              -110.920354,
              32.270564
            ],
            [
              -110.920358,
              32.271612
            ],
            [
              -110.920934,
              32.271684
            ],
            [
              -110.921113,
              32.271721
            ],
            [
              -110.921465,
              32.27181
            ],
            [
              -110.922503,
              32.272115
            ],
            [
              -110.922501,
              32.272282
            ],
            [
              -110.922595,
              32.272282
            ],
            [
              -110.922597,
              32.272574
            ],
            [
              -110.923781,
              32.27257
            ],
            [
              -110.923914,
              32.272668
            ],
            [
              -110.924098,
              32.272854
            ],
            [
              -110.924225,
              32.273029
            ],
            [
              -110.924299,
              32.27318
            ],
            [
              -110.924613,
              32.273174
            ],
            [
              -110.924678,
              32.275816
            ],
            [
              -110.924682,
              32.279523
            ],
            [
              -110.925782,
              32.279522
            ],
            [
              -110.925763,
              32.280585
            ],
            [
              -110.926191,
              32.280751
            ],
            [
              -110.926187,
              32.281093
            ],
            [
              -110.926091,
              32.281091
            ],
            [
              -110.926089,
              32.281275
            ],
            [
              -110.926543,
              32.281275
            ],
            [
              -110.926544,
              32.281548
            ],
            [
              -110.926868,
              32.28155
            ],
            [
              -110.92688,
              32.283626
            ],
            [
              -110.92727,
              32.283792
            ],
            [
              -110.92775,
              32.283969
            ],
            [
              -110.930713,
              32.284859
            ],
            [
              -110.930697,
              32.284913
            ],
            [
              -110.930814,
              32.284948
            ],
            [
              -110.930836,
              32.284896
            ],
            [
              -110.932698,
              32.285451
            ],
            [
              -110.933101,
              32.285215
            ],
            [
              -110.933047,
              32.28535
            ],
            [
              -110.935026,
              32.285947
            ],
            [
              -110.935359,
              32.286083
            ],
            [
              -110.935673,
              32.286287
            ],
            [
              -110.935849,
              32.286383
            ],
            [
              -110.936164,
              32.286507
            ],
            [
              -110.936348,
              32.285037
            ],
            [
              -110.937074,
              32.285227
            ],
            [
              -110.937563,
              32.283801
            ],
            [
              -110.937732,
              32.283799
            ],
            [
              -110.937733,
              32.282212
            ],
            [
              -110.939574,
              32.282206
            ],
            [
              -110.939607,
              32.286947
            ],
            [
              -110.941418,
              32.287113
            ],
            [
              -110.941584,
              32.286863
            ],
            [
              -110.94157,
              32.283652
            ],
            [
              -110.941767,
              32.283778
            ],
            [
              -110.941931,
              32.283711
            ],
            [
              -110.941973,
              32.283715
            ],
            [
              -110.94222,
              32.283872
            ],
            [
              -110.94228,
              32.283895
            ],
            [
              -110.94242,
              32.284063
            ],
            [
              -110.942673,
              32.284249
            ],
            [
              -110.942725,
              32.284268
            ],
            [
              -110.942819,
              32.284358
            ],
            [
              -110.943043,
              32.284468
            ],
            [
              -110.943154,
              32.284544
            ],
            [
              -110.943241,
              32.284577
            ],
            [
              -110.94363,
              32.284807
            ],
            [
              -110.943637,
              32.287277
            ],
            [
              -110.943735,
              32.287277
            ],
            [
              -110.943737,
              32.28766
            ],
            [
              -110.944025,
              32.287659
            ],
            [
              -110.944024,
              32.287916
            ],
            [
              -110.944507,
              32.287917
            ],
            [
              -110.944518,
              32.288729
            ],
            [
              -110.944698,
              32.288619
            ],
            [
              -110.944859,
              32.288698
            ],
            [
              -110.944738,
              32.288819
            ],
            [
              -110.944687,
              32.28892
            ],
            [
              -110.944923,
              32.289004
            ],
            [
              -110.94495,
              32.288921
            ],
            [
              -110.946138,
              32.289153
            ],
            [
              -110.946357,
              32.289232
            ],
            [
              -110.946519,
              32.28931
            ],
            [
              -110.946886,
              32.289559
            ],
            [
              -110.94721,
              32.288971
            ],
            [
              -110.947608,
              32.289543
            ],
            [
              -110.947836,
              32.289827
            ],
            [
              -110.948142,
              32.290146
            ],
            [
              -110.948482,
              32.290437
            ],
            [
              -110.948666,
              32.290617
            ],
            [
              -110.949142,
              32.290924
            ],
            [
              -110.949478,
              32.291106
            ],
            [
              -110.949828,
              32.291269
            ],
            [
              -110.950374,
              32.291475
            ],
            [
              -110.950751,
              32.291586
            ],
            [
              -110.951822,
              32.291819
            ],
            [
              -110.952338,
              32.291967
            ],
            [
              -110.95234,
              32.292048
            ],
            [
              -110.952727,
              32.292192
            ],
            [
              -110.953423,
              32.292511
            ],
            [
              -110.953844,
              32.292638
            ],
            [
              -110.954306,
              32.292706
            ],
            [
              -110.954465,
              32.292753
            ],
            [
              -110.955918,
              32.292708
            ],
            [
              -110.955919,
              32.293871
            ],
            [
              -110.955006,
              32.29387
            ],
            [
              -110.955094,
              32.294636
            ],
            [
              -110.954655,
              32.29519
            ],
            [
              -110.95426,
              32.295822
            ],
            [
              -110.95415,
              32.296248
            ],
            [
              -110.954341,
              32.296143
            ],
            [
              -110.95451,
              32.296365
            ],
            [
              -110.954159,
              32.296553
            ],
            [
              -110.954921,
              32.298591
            ],
            [
              -110.953717,
              32.2996
            ],
            [
              -110.953813,
              32.30039
            ],
            [
              -110.953984,
              32.301213
            ],
            [
              -110.953533,
              32.301799
            ],
            [
              -110.955221,
              32.301737
            ],
            [
              -110.955241,
              32.301486
            ],
            [
              -110.955319,
              32.301251
            ],
            [
              -110.955434,
              32.301082
            ],
            [
              -110.955571,
              32.300965
            ],
            [
              -110.955757,
              32.300864
            ],
            [
              -110.956001,
              32.30079
            ],
            [
              -110.956182,
              32.300769
            ],
            [
              -110.956658,
              32.300758
            ],
            [
              -110.956732,
              32.300741
            ],
            [
              -110.956685,
              32.297512
            ],
            [
              -110.959961,
              32.2975
            ],
            [
              -110.959964,
              32.298103
            ],
            [
              -110.959202,
              32.298915
            ],
            [
              -110.959146,
              32.298949
            ],
            [
              -110.959195,
              32.299016
            ],
            [
              -110.959181,
              32.299024
            ],
            [
              -110.95948,
              32.299438
            ],
            [
              -110.960193,
              32.299075
            ],
            [
              -110.960374,
              32.299041
            ],
            [
              -110.960808,
              32.299038
            ],
            [
              -110.960849,
              32.299019
            ]
          ]
        ]
      }
    },
    {
      "type": "Feature",
      "properties": {
        "placeFips": "0477000",
        "city": "Tucson",
        "state": "AZ",
        "boundaryType": "ward",
        "district": "2",
        "name": "Paul Cunningham"
      },
      "geometry": {
        "type": "Polygon",
        "coordinates": [
          [
            [
              -110.759466,
              32.258239
            ],
            [
              -110.763882,
              32.258243
            ],
            [
              -110.763881,
              32.257126
            ],
            [
              -110.7639,
              32.256794
            ],
            [
              -110.763886,
              32.256342
            ],
            [
              -110.763896,
              32.255654
            ],
            [
              -110.763681,
              32.255656
            ],
            [
              -110.763677,
              32.254607
            ],
            [
              -110.765615,
              32.254602
            ],
            [
              -110.765608,
              32.252086
            ],
            [
              -110.766394,
              32.252091
            ],
            [
              -110.766395,
              32.252126
            ],
            [
              -110.766435,
              32.252131
            ],
            [
              -110.767963,
              32.252134
            ],
            [
              -110.767968,
              32.254595
            ],
            [
              -110.769067,
              32.254589
            ],
            [
              -110.769049,
              32.252388
            ],
            [
              -110.772066,
              32.252405
            ],
            [
              -110.772069,
              32.253061
            ],
            [
              -110.772119,
              32.253061
            ],
            [
              -110.772129,
              32.254597
            ],
            [
              -110.771985,
              32.254595
            ],
            [
              -110.771982,
              32.255226
            ],
            [
              -110.775152,
              32.25522
            ],
            [
              -110.775134,
              32.253769
            ],
            [
              -110.776532,
              32.253771
            ],
            [
              -110.776492,
              32.253079
            ],
            [
              -110.776466,
              32.25074
            ],
            [
              -110.781076,
              32.250716
            ],
            [
              -110.781359,
              32.250728
            ],
            [
              -110.782653,
              32.250867
            ],
            [
              -110.783006,
              32.250925
            ],
            [
              -110.783667,
              32.251078
            ],
            [
              -110.78434,
              32.251267
            ],
            [
              -110.785013,
              32.2515
            ],
            [
              -110.785313,
              32.251628
            ],
            [
              -110.788159,
              32.253031
            ],
            [
              -110.789437,
              32.253642
            ],
            [
              -110.793703,
              32.25576
            ],
            [
              -110.79369,
              32.261695
            ],
            [
              -110.796905,
              32.261711
            ],
            [
              -110.796958,
              32.261759
            ],
            [
              -110.795514,
              32.26281
            ],
            [
              -110.795856,
              32.262921
            ],
            [
              -110.79629,
              32.263192
            ],
            [
              -110.796294,
              32.263519
            ],
            [
              -110.797039,
              32.264016
            ],
            [
              -110.797443,
              32.264026
            ],
            [
              -110.797634,
              32.264289
            ],
            [
              -110.797945,
              32.264407
            ],
            [
              -110.797946,
              32.264386
            ],
            [
              -110.798584,
              32.264824
            ],
            [
              -110.79897,
              32.264827
            ],
            [
              -110.799251,
              32.263631
            ],
            [
              -110.797974,
              32.263638
            ],
            [
              -110.797979,
              32.262742
            ],
            [
              -110.799666,
              32.262706
            ],
            [
              -110.800555,
              32.262974
            ],
            [
              -110.800618,
              32.261719
            ],
            [
              -110.802148,
              32.261731
            ],
            [
              -110.802148,
              32.263367
            ],
            [
              -110.802003,
              32.263324
            ],
            [
              -110.801997,
              32.265374
            ],
            [
              -110.797946,
              32.265318
            ],
            [
              -110.79797,
              32.268545
            ],
            [
              -110.79796,
              32.268999
            ],
            [
              -110.802502,
              32.269027
            ],
            [
              -110.802476,
              32.267515
            ],
            [
              -110.804882,
              32.267526
            ],
            [
              -110.804849,
              32.266319
            ],
            [
              -110.806543,
              32.266326
            ],
            [
              -110.806526,
              32.263609
            ],
            [
              -110.810823,
              32.263588
            ],
            [
              -110.810813,
              32.261441
            ],
            [
              -110.81215,
              32.261446
            ],
            [
              -110.813582,
              32.262145
            ],
            [
              -110.814072,
              32.261752
            ],
            [
              -110.815134,
              32.261747
            ],
            [
              -110.815135,
              32.261113
            ],
            [
              -110.819444,
              32.260123
            ],
            [
              -110.819443,
              32.25998
            ],
            [
              -110.825142,
              32.259999
            ],
            [
              -110.825402,
              32.260246
            ],
            [
              -110.825674,
              32.260472
            ],
            [
              -110.825968,
              32.260685
            ],
            [
              -110.826278,
              32.26088
            ],
            [
              -110.826771,
              32.261137
            ],
            [
              -110.827116,
              32.261284
            ],
            [
              -110.827471,
              32.26141
            ],
            [
              -110.828124,
              32.261601
            ],
            [
              -110.828125,
              32.261684
            ],
            [
              -110.832426,
              32.261676
            ],
            [
              -110.832433,
              32.262825
            ],
            [
              -110.834449,
              32.263445
            ],
            [
              -110.834521,
              32.263506
            ],
            [
              -110.834804,
              32.263616
            ],
            [
              -110.835122,
              32.26368
            ],
            [
              -110.837529,
              32.263939
            ],
            [
              -110.840735,
              32.26426
            ],
            [
              -110.840751,
              32.260299
            ],
            [
              -110.840868,
              32.260299
            ],
            [
              -110.840869,
              32.260087
            ],
            [
              -110.840918,
              32.260087
            ],
            [
              -110.840935,
              32.258048
            ],
            [
              -110.840926,
              32.257772
            ],
            [
              -110.840824,
              32.257771
            ],
            [
              -110.840781,
              32.256666
            ],
            [
              -110.841372,
              32.256701
            ],
            [
              -110.841321,
              32.255026
            ],
            [
              -110.841222,
              32.252695
            ],
            [
              -110.843582,
              32.252623
            ],
            [
              -110.843542,
              32.250975
            ],
            [
              -110.845189,
              32.250964
            ],
            [
              -110.845192,
              32.250754
            ],
            [
              -110.853054,
              32.250681
            ],
            [
              -110.853378,
              32.250754
            ],
            [
              -110.853707,
              32.250807
            ],
            [
              -110.854196,
              32.250859
            ],
            [
              -110.854522,
              32.250875
            ],
            [
              -110.857941,
              32.250842
            ],
            [
              -110.857951,
              32.252201
            ],
            [
              -110.859671,
              32.253665
            ],
            [
              -110.860249,
              32.253132
            ],
            [
              -110.860917,
              32.253644
            ],
            [
              -110.86287,
              32.253969
            ],
            [
              -110.864402,
              32.255259
            ],
            [
              -110.865422,
              32.256073
            ],
            [
              -110.865533,
              32.256595
            ],
            [
              -110.865534,
              32.256054
            ],
            [
              -110.865872,
              32.256056
            ],
            [
              -110.866523,
              32.257965
            ],
            [
              -110.866522,
              32.258036
            ],
            [
              -110.866618,
              32.258037
            ],
            [
              -110.866604,
              32.261554
            ],
            [
              -110.868003,
              32.261558
            ],
            [
              -110.869393,
              32.264449
            ],
            [
              -110.869823,
              32.265181
            ],
            [
              -110.870929,
              32.265179
            ],
            [
              -110.870928,
              32.265706
            ],
            [
              -110.871833,
              32.26642
            ],
            [
              -110.871681,
              32.26663
            ],
            [
              -110.872029,
              32.266812
            ],
            [
              -110.872071,
              32.268783
            ],
            [
              -110.872057,
              32.270015
            ],
            [
              -110.87167,
              32.269971
            ],
            [
              -110.87167,
              32.270039
            ],
            [
              -110.870928,
              32.269953
            ],
            [
              -110.868636,
              32.268816
            ],
            [
              -110.866592,
              32.267887
            ],
            [
              -110.866625,
              32.268847
            ],
            [
              -110.868334,
              32.270467
            ],
            [
              -110.868108,
              32.270986
            ],
            [
              -110.868837,
              32.271766
            ],
            [
              -110.868914,
              32.272078
            ],
            [
              -110.869394,
              32.272828
            ],
            [
              -110.869708,
              32.273943
            ],
            [
              -110.87016,
              32.273836
            ],
            [
              -110.870663,
              32.273746
            ],
            [
              -110.872818,
              32.27356
            ],
            [
              -110.873646,
              32.273533
            ],
            [
              -110.874744,
              32.273575
            ],
            [
              -110.874815,
              32.273605
            ],
            [
              -110.874845,
              32.273667
            ],
            [
              -110.874835,
              32.273228
            ],
            [
              -110.875349,
              32.273227
            ],
            [
              -110.875302,
              32.26883
            ],
            [
              -110.877434,
              32.268813
            ],
            [
              -110.877433,
              32.268591
            ],
            [
              -110.878075,
              32.268498
            ],
            [
              -110.879871,
              32.2681
            ],
            [
              -110.88049,
              32.267994
            ],
            [
              -110.881208,
              32.26793
            ],
            [
              -110.881946,
              32.267928
            ],
            [
              -110.8824,
              32.267959
            ],
            [
              -110.882776,
              32.268004
            ],
            [
              -110.883517,
              32.268143
            ],
            [
              -110.88388,
              32.268237
            ],
            [
              -110.888189,
              32.269592
            ],
            [
              -110.889387,
              32.269946
            ],
            [
              -110.892258,
              32.270825
            ],
            [
              -110.892498,
              32.27091
            ],
            [
              -110.892438,
              32.268521
            ],
            [
              -110.89239,
              32.265351
            ],
            [
              -110.892432,
              32.262484
            ],
            [
              -110.892463,
              32.261474
            ],
            [
              -110.892475,
              32.259677
            ],
            [
              -110.892537,
              32.257876
            ],
            [
              -110.892577,
              32.25607
            ],
            [
              -110.892667,
              32.250636
            ],
            [
              -110.884052,
              32.250672
            ],
            [
              -110.875339,
              32.250675
            ],
            [
              -110.875359,
              32.249266
            ],
            [
              -110.875436,
              32.247733
            ],
            [
              -110.875415,
              32.24672
            ],
            [
              -110.875426,
              32.245845
            ],
            [
              -110.875504,
              32.243457
            ],
            [
              -110.873127,
              32.243466
            ],
            [
              -110.863891,
              32.243364
            ],
            [
              -110.862316,
              32.243396
            ],
            [
              -110.859644,
              32.24339
            ],
            [
              -110.857755,
              32.243338
            ],
            [
              -110.857483,
              32.243126
            ],
            [
              -110.85792,
              32.242136
            ],
            [
              -110.857979,
              32.240593
            ],
            [
              -110.857902,
              32.239691
            ],
            [
              -110.857863,
              32.238876
            ],
            [
              -110.857905,
              32.237905
            ],
            [
              -110.857897,
              32.235876
            ],
            [
              -110.857931,
              32.233177
            ],
            [
              -110.857967,
              32.232445
            ],
            [
              -110.857998,
              32.230753
            ],
            [
              -110.857948,
              32.228901
            ],
            [
              -110.857971,
              32.225661
            ],
            [
              -110.857929,
              32.223593
            ],
            [
              -110.857957,
              32.218081
            ],
            [
              -110.857992,
              32.21734
            ],
            [
              -110.857961,
              32.216922
            ],
            [
              -110.857977,
              32.215747
            ],
            [
              -110.857958,
              32.213358
            ],
            [
              -110.857973,
              32.212415
            ],
            [
              -110.858005,
              32.21166
            ],
            [
              -110.857989,
              32.210655
            ],
            [
              -110.858003,
              32.210214
            ],
            [
              -110.857973,
              32.209294
            ],
            [
              -110.857983,
              32.206761
            ],
            [
              -110.857952,
              32.203374
            ],
            [
              -110.857964,
              32.202595
            ],
            [
              -110.857953,
              32.200996
            ],
            [
              -110.857984,
              32.200231
            ],
            [
              -110.857957,
              32.198732
            ],
            [
              -110.85796,
              32.1968
            ],
            [
              -110.857945,
              32.196043
            ],
            [
              -110.857963,
              32.195623
            ],
            [
              -110.857946,
              32.193288
            ],
            [
              -110.858018,
              32.192199
            ],
            [
              -110.857936,
              32.191993
            ],
            [
              -110.853715,
              32.192045
            ],
            [
              -110.853203,
              32.191994
            ],
            [
              -110.849435,
              32.191932
            ],
            [
              -110.844472,
              32.191904
            ],
            [
              -110.840971,
              32.191941
            ],
            [
              -110.837112,
              32.191931
            ],
            [
              -110.837139,
              32.193328
            ],
            [
              -110.83712,
              32.19507
            ],
            [
              -110.837142,
              32.195887
            ],
            [
              -110.837206,
              32.196217
            ],
            [
              -110.837285,
              32.196504
            ],
            [
              -110.837383,
              32.196684
            ],
            [
              -110.837593,
              32.196951
            ],
            [
              -110.836736,
              32.19743
            ],
            [
              -110.837119,
              32.197811
            ],
            [
              -110.837632,
              32.1982
            ],
            [
              -110.837762,
              32.198317
            ],
            [
              -110.837795,
              32.19839
            ],
            [
              -110.837847,
              32.198654
            ],
            [
              -110.838326,
              32.198665
            ],
            [
              -110.838818,
              32.198706
            ],
            [
              -110.839353,
              32.198813
            ],
            [
              -110.839684,
              32.198909
            ],
            [
              -110.840263,
              32.199036
            ],
            [
              -110.840562,
              32.199047
            ],
            [
              -110.840944,
              32.199011
            ],
            [
              -110.84098,
              32.206483
            ],
            [
              -110.836798,
              32.206413
            ],
            [
              -110.832418,
              32.206443
            ],
            [
              -110.831809,
              32.206378
            ],
            [
              -110.828567,
              32.206414
            ],
            [
              -110.826814,
              32.206413
            ],
            [
              -110.825351,
              32.206388
            ],
            [
              -110.824404,
              32.2064
            ],
            [
              -110.823757,
              32.206442
            ],
            [
              -110.820094,
              32.206459
            ],
            [
              -110.817603,
              32.206448
            ],
            [
              -110.81531,
              32.206399
            ],
            [
              -110.815281,
              32.204907
            ],
            [
              -110.815342,
              32.204076
            ],
            [
              -110.815303,
              32.201833
            ],
            [
              -110.815348,
              32.201079
            ],
            [
              -110.81531,
              32.20087
            ],
            [
              -110.815303,
              32.200594
            ],
            [
              -110.815435,
              32.200327
            ],
            [
              -110.815616,
              32.200092
            ],
            [
              -110.815847,
              32.199909
            ],
            [
              -110.816213,
              32.19968
            ],
            [
              -110.815666,
              32.198959
            ],
            [
              -110.814839,
              32.197939
            ],
            [
              -110.814606,
              32.197621
            ],
            [
              -110.814196,
              32.197175
            ],
            [
              -110.813796,
              32.196771
            ],
            [
              -110.81272,
              32.195762
            ],
            [
              -110.811839,
              32.196444
            ],
            [
              -110.811492,
              32.196677
            ],
            [
              -110.810588,
              32.197275
            ],
            [
              -110.809597,
              32.197901
            ],
            [
              -110.809409,
              32.198008
            ],
            [
              -110.809173,
              32.198112
            ],
            [
              -110.808926,
              32.198177
            ],
            [
              -110.807995,
              32.198271
            ],
            [
              -110.806712,
              32.198341
            ],
            [
              -110.806249,
              32.198458
            ],
            [
              -110.8058,
              32.19861
            ],
            [
              -110.805542,
              32.198662
            ],
            [
              -110.805,
              32.198694
            ],
            [
              -110.803933,
              32.198708
            ],
            [
              -110.802636,
              32.198683
            ],
            [
              -110.800544,
              32.198677
            ],
            [
              -110.800535,
              32.199239
            ],
            [
              -110.798075,
              32.19925
            ],
            [
              -110.797729,
              32.199116
            ],
            [
              -110.797176,
              32.199092
            ],
            [
              -110.793468,
              32.199075
            ],
            [
              -110.792285,
              32.199029
            ],
            [
              -110.789699,
              32.199023
            ],
            [
              -110.789731,
              32.199904
            ],
            [
              -110.78973,
              32.200651
            ],
            [
              -110.78971,
              32.201384
            ],
            [
              -110.789684,
              32.206323
            ],
            [
              -110.786714,
              32.206279
            ],
            [
              -110.779632,
              32.206352
            ],
            [
              -110.776057,
              32.206335
            ],
            [
              -110.77271,
              32.206344
            ],
            [
              -110.769919,
              32.206381
            ],
            [
              -110.767572,
              32.206308
            ],
            [
              -110.755671,
              32.206316
            ],
            [
              -110.755671,
              32.206515
            ],
            [
              -110.755851,
              32.206515
            ],
            [
              -110.7558,
              32.220703
            ],
            [
              -110.755838,
              32.220703
            ],
            [
              -110.755837,
              32.220771
            ],
            [
              -110.755908,
              32.220771
            ],
            [
              -110.755908,
              32.228161
            ],
            [
              -110.755407,
              32.228182
            ],
            [
              -110.753258,
              32.228175
            ],
            [
              -110.753172,
              32.235322
            ],
            [
              -110.755423,
              32.235335
            ],
            [
              -110.755423,
              32.235297
            ],
            [
              -110.755895,
              32.235297
            ],
            [
              -110.755895,
              32.235238
            ],
            [
              -110.758505,
              32.235255
            ],
            [
              -110.76845,
              32.235213
            ],
            [
              -110.768449,
              32.235355
            ],
            [
              -110.769495,
              32.235353
            ],
            [
              -110.769496,
              32.235207
            ],
            [
              -110.772712,
              32.235212
            ],
            [
              -110.772929,
              32.235229
            ],
            [
              -110.77292,
              32.239093
            ],
            [
              -110.772895,
              32.239093
            ],
            [
              -110.772894,
              32.239116
            ],
            [
              -110.766125,
              32.239076
            ],
            [
              -110.765794,
              32.239296
            ],
            [
              -110.765084,
              32.239627
            ],
            [
              -110.764543,
              32.23979
            ],
            [
              -110.764228,
              32.239783
            ],
            [
              -110.764194,
              32.242734
            ],
            [
              -110.767261,
              32.242712
            ],
            [
              -110.767089,
              32.24445
            ],
            [
              -110.769028,
              32.244481
            ],
            [
              -110.768848,
              32.246456
            ],
            [
              -110.768083,
              32.246449
            ],
            [
              -110.76804,
              32.250883
            ],
            [
              -110.764137,
              32.250883
            ],
            [
              -110.764137,
              32.250851
            ],
            [
              -110.763775,
              32.25085
            ],
            [
              -110.763775,
              32.250888
            ],
            [
              -110.762587,
              32.250888
            ],
            [
              -110.762587,
              32.250862
            ],
            [
              -110.762224,
              32.250862
            ],
            [
              -110.76186,
              32.250863
            ],
            [
              -110.76186,
              32.250891
            ],
            [
              -110.759344,
              32.250891
            ],
            [
              -110.759387,
              32.254624
            ],
            [
              -110.757232,
              32.254632
            ],
            [
              -110.757243,
              32.255621
            ],
            [
              -110.754945,
              32.25563
            ],
            [
              -110.75497,
              32.258395
            ],
            [
              -110.759454,
              32.258398
            ],
            [
              -110.759466,
              32.258239
            ]
          ]
        ]
      }
    },
    {
      "type": "Feature",
      "properties": {
        "placeFips": "0477000",
        "city": "Tucson",
        "state": "AZ",
        "boundaryType": "ward",
        "district": "1",
        "name": "Lane Santa Cruz"
      },
      "geometry": {
        "type": "Polygon",
        "coordinates": [
          [
            [
              -111.033231,
              32.276114
            ],
            [
              -111.035306,
              32.276135
            ],
            [
              -111.037404,
              32.276106
            ],
            [
              -111.037437,
              32.272542
            ],
            [
              -111.037415,
              32.27016
            ],
            [
              -111.037426,
              32.268906
            ],
            [
              -111.037271,
              32.268907
            ],
            [
              -111.037295,
              32.26553
            ],
            [
              -111.037271,
              32.265491
            ],
            [
              -111.03722,
              32.265471
            ],
            [
              -111.035966,
              32.265465
            ],
            [
              -111.036114,
              32.265305
            ],
            [
              -111.035876,
              32.265211
            ],
            [
              -111.035656,
              32.26509
            ],
            [
              -111.035457,
              32.264944
            ],
            [
              -111.035283,
              32.264777
            ],
            [
              -111.033171,
              32.261826
            ],
            [
              -111.032987,
              32.261632
            ],
            [
              -111.032749,
              32.261419
            ],
            [
              -111.032466,
              32.261211
            ],
            [
              -111.032265,
              32.261087
            ],
            [
              -111.031944,
              32.260923
            ],
            [
              -111.031489,
              32.26075
            ],
            [
              -111.031132,
              32.260656
            ],
            [
              -111.030642,
              32.26058
            ],
            [
              -111.030269,
              32.260561
            ],
            [
              -111.029772,
              32.260587
            ],
            [
              -111.029283,
              32.26067
            ],
            [
              -111.028916,
              32.260772
            ],
            [
              -111.028992,
              32.254334
            ],
            [
              -111.029014,
              32.250495
            ],
            [
              -111.031149,
              32.250491
            ],
            [
              -111.031149,
              32.25053
            ],
            [
              -111.033066,
              32.250538
            ],
            [
              -111.033066,
              32.250486
            ],
            [
              -111.033551,
              32.25046
            ],
            [
              -111.034123,
              32.250368
            ],
            [
              -111.034542,
              32.250254
            ],
            [
              -111.035251,
              32.250009
            ],
            [
              -111.035944,
              32.249857
            ],
            [
              -111.035995,
              32.2498
            ],
            [
              -111.036083,
              32.2493
            ],
            [
              -111.036241,
              32.248821
            ],
            [
              -111.037329,
              32.246441
            ],
            [
              -111.037576,
              32.245821
            ],
            [
              -111.03765,
              32.245491
            ],
            [
              -111.037669,
              32.245172
            ],
            [
              -111.037655,
              32.244758
            ],
            [
              -111.037606,
              32.244399
            ],
            [
              -111.037538,
              32.244052
            ],
            [
              -111.03743,
              32.243753
            ],
            [
              -111.037403,
              32.243321
            ],
            [
              -111.037403,
              32.241512
            ],
            [
              -111.037497,
              32.241512
            ],
            [
              -111.037494,
              32.239674
            ],
            [
              -111.037396,
              32.239673
            ],
            [
              -111.037397,
              32.237698
            ],
            [
              -111.037373,
              32.236581
            ],
            [
              -111.037268,
              32.235985
            ],
            [
              -111.037523,
              32.235985
            ],
            [
              -111.037435,
              32.222716
            ],
            [
              -111.040315,
              32.222713
            ],
            [
              -111.040337,
              32.225087
            ],
            [
              -111.03959,
              32.225087
            ],
            [
              -111.039615,
              32.227924
            ],
            [
              -111.040025,
              32.228317
            ],
            [
              -111.040382,
              32.228612
            ],
            [
              -111.041183,
              32.228689
            ],
            [
              -111.041504,
              32.228699
            ],
            [
              -111.041723,
              32.228679
            ],
            [
              -111.041704,
              32.225084
            ],
            [
              -111.043818,
              32.225082
            ],
            [
              -111.043814,
              32.223253
            ],
            [
              -111.041693,
              32.223255
            ],
            [
              -111.041683,
              32.221417
            ],
            [
              -111.045946,
              32.221437
            ],
            [
              -111.045946,
              32.219401
            ],
            [
              -111.044867,
              32.219508
            ],
            [
              -111.044921,
              32.216007
            ],
            [
              -111.045753,
              32.215926
            ],
            [
              -111.046495,
              32.215927
            ],
            [
              -111.04644,
              32.216782
            ],
            [
              -111.046585,
              32.216776
            ],
            [
              -111.046729,
              32.216791
            ],
            [
              -111.046922,
              32.216847
            ],
            [
              -111.047047,
              32.216909
            ],
            [
              -111.047234,
              32.217064
            ],
            [
              -111.04747,
              32.217406
            ],
            [
              -111.047525,
              32.217454
            ],
            [
              -111.047597,
              32.217482
            ],
            [
              -111.048195,
              32.217602
            ],
            [
              -111.048904,
              32.217647
            ],
            [
              -111.049276,
              32.217842
            ],
            [
              -111.049986,
              32.218099
            ],
            [
              -111.050093,
              32.218124
            ],
            [
              -111.050233,
              32.218119
            ],
            [
              -111.050362,
              32.218075
            ],
            [
              -111.05076,
              32.217784
            ],
            [
              -111.051848,
              32.217173
            ],
            [
              -111.052286,
              32.216983
            ],
            [
              -111.052995,
              32.216855
            ],
            [
              -111.053055,
              32.216826
            ],
            [
              -111.053295,
              32.216307
            ],
            [
              -111.053076,
              32.216145
            ],
            [
              -111.052809,
              32.215913
            ],
            [
              -111.052703,
              32.215867
            ],
            [
              -111.052524,
              32.215842
            ],
            [
              -111.052479,
              32.215811
            ],
            [
              -111.052458,
              32.215765
            ],
            [
              -111.0527,
              32.215085
            ],
            [
              -111.052837,
              32.214502
            ],
            [
              -111.052841,
              32.214389
            ],
            [
              -111.052823,
              32.214296
            ],
            [
              -111.052787,
              32.214207
            ],
            [
              -111.052722,
              32.214108
            ],
            [
              -111.054464,
              32.214105
            ],
            [
              -111.054463,
              32.206801
            ],
            [
              -111.058736,
              32.206796
            ],
            [
              -111.058753,
              32.203112
            ],
            [
              -111.054479,
              32.203098
            ],
            [
              -111.054494,
              32.199509
            ],
            [
              -111.046021,
              32.199519
            ],
            [
              -111.046099,
              32.192197
            ],
            [
              -111.04595,
              32.184893
            ],
            [
              -111.037967,
              32.184991
            ],
            [
              -111.036817,
              32.18498
            ],
            [
              -111.028865,
              32.185083
            ],
            [
              -111.028865,
              32.185128
            ],
            [
              -111.015967,
              32.18513
            ],
            [
              -111.015916,
              32.177857
            ],
            [
              -111.014912,
              32.177985
            ],
            [
              -111.013904,
              32.178086
            ],
            [
              -111.012894,
              32.178159
            ],
            [
              -111.011879,
              32.178204
            ],
            [
              -111.011883,
              32.177744
            ],
            [
              -111.011629,
              32.17774
            ],
            [
              -111.011647,
              32.17417
            ],
            [
              -111.007366,
              32.174189
            ],
            [
              -111.00313,
              32.174179
            ],
            [
              -111.002314,
              32.174198
            ],
            [
              -111.002729,
              32.172824
            ],
            [
              -111.002895,
              32.172417
            ],
            [
              -111.003087,
              32.172033
            ],
            [
              -111.004006,
              32.170502
            ],
            [
              -111.004146,
              32.170293
            ],
            [
              -111.004824,
              32.169478
            ],
            [
              -111.005154,
              32.169818
            ],
            [
              -111.005211,
              32.16991
            ],
            [
              -111.005224,
              32.169975
            ],
            [
              -111.00523,
              32.170514
            ],
            [
              -111.011667,
              32.170453
            ],
            [
              -111.011685,
              32.16685
            ],
            [
              -111.008668,
              32.16683
            ],
            [
              -111.008665,
              32.166661
            ],
            [
              -111.008357,
              32.166763
            ],
            [
              -111.007652,
              32.166768
            ],
            [
              -111.007561,
              32.166729
            ],
            [
              -111.007521,
              32.166655
            ],
            [
              -111.007525,
              32.16605
            ],
            [
              -111.007355,
              32.166049
            ],
            [
              -111.00732,
              32.166083
            ],
            [
              -111.006442,
              32.166404
            ],
            [
              -111.005956,
              32.166406
            ],
            [
              -111.006337,
              32.16321
            ],
            [
              -111.006336,
              32.163031
            ],
            [
              -111.007404,
              32.163036
            ],
            [
              -111.007401,
              32.161343
            ],
            [
              -111.00793,
              32.161341
            ],
            [
              -111.007924,
              32.159759
            ],
            [
              -111.008459,
              32.159759
            ],
            [
              -111.008459,
              32.159717
            ],
            [
              -111.009535,
              32.159703
            ],
            [
              -111.009535,
              32.159562
            ],
            [
              -111.009476,
              32.159166
            ],
            [
              -111.009473,
              32.158473
            ],
            [
              -111.007097,
              32.158466
            ],
            [
              -111.00807,
              32.154253
            ],
            [
              -111.008219,
              32.153769
            ],
            [
              -111.008438,
              32.153304
            ],
            [
              -111.008669,
              32.152935
            ],
            [
              -111.008954,
              32.152575
            ],
            [
              -111.009319,
              32.152215
            ],
            [
              -111.009723,
              32.151887
            ],
            [
              -111.010012,
              32.151688
            ],
            [
              -111.010317,
              32.151505
            ],
            [
              -111.010878,
              32.151208
            ],
            [
              -111.011257,
              32.150966
            ],
            [
              -111.011608,
              32.150693
            ],
            [
              -111.012138,
              32.15018
            ],
            [
              -111.012378,
              32.149824
            ],
            [
              -111.012607,
              32.149373
            ],
            [
              -111.012759,
              32.148935
            ],
            [
              -111.012835,
              32.14859
            ],
            [
              -111.011592,
              32.148592
            ],
            [
              -111.011743,
              32.134106
            ],
            [
              -111.011777,
              32.127808
            ],
            [
              -111.007608,
              32.127791
            ],
            [
              -111.0076,
              32.128719
            ],
            [
              -111.007683,
              32.12872
            ],
            [
              -111.007679,
              32.128982
            ],
            [
              -111.007695,
              32.129212
            ],
            [
              -111.007679,
              32.131801
            ],
            [
              -111.005367,
              32.131782
            ],
            [
              -111.005371,
              32.131185
            ],
            [
              -111.003052,
              32.131172
            ],
            [
              -111.003066,
              32.129632
            ],
            [
              -111.00309,
              32.129262
            ],
            [
              -111.003119,
              32.129083
            ],
            [
              -111.003167,
              32.128912
            ],
            [
              -111.003376,
              32.128385
            ],
            [
              -111.003407,
              32.128126
            ],
            [
              -111.003364,
              32.127868
            ],
            [
              -111.003092,
              32.127255
            ],
            [
              -111.00303,
              32.126964
            ],
            [
              -111.003011,
              32.123057
            ],
            [
              -111.007054,
              32.123083
            ],
            [
              -111.006933,
              32.121547
            ],
            [
              -111.005242,
              32.121455
            ],
            [
              -111.005074,
              32.119711
            ],
            [
              -111.004647,
              32.119705
            ],
            [
              -111.003846,
              32.119634
            ],
            [
              -111.003193,
              32.119612
            ],
            [
              -111.003194,
              32.119329
            ],
            [
              -110.99471,
              32.119309
            ],
            [
              -110.960754,
              32.119526
            ],
            [
              -110.96065,
              32.120213
            ],
            [
              -110.960687,
              32.120587
            ],
            [
              -110.96075,
              32.120844
            ],
            [
              -110.960824,
              32.121367
            ],
            [
              -110.960849,
              32.121668
            ],
            [
              -110.960892,
              32.123166
            ],
            [
              -110.961134,
              32.128639
            ],
            [
              -110.961278,
              32.130416
            ],
            [
              -110.961309,
              32.130975
            ],
            [
              -110.9613,
              32.132229
            ],
            [
              -110.961397,
              32.134026
            ],
            [
              -110.963823,
              32.134041
            ],
            [
              -110.966864,
              32.133964
            ],
            [
              -110.967971,
              32.133964
            ],
            [
              -110.969186,
              32.133998
            ],
            [
              -110.969211,
              32.13633
            ],
            [
              -110.969201,
              32.138756
            ],
            [
              -110.970626,
              32.138805
            ],
            [
              -110.97334,
              32.138809
            ],
            [
              -110.973332,
              32.139604
            ],
            [
              -110.974801,
              32.139604
            ],
            [
              -110.977171,
              32.139662
            ],
            [
              -110.977658,
              32.139645
            ],
            [
              -110.977661,
              32.142643
            ],
            [
              -110.977584,
              32.145026
            ],
            [
              -110.977547,
              32.148688
            ],
            [
              -110.977538,
              32.150179
            ],
            [
              -110.977555,
              32.15143
            ],
            [
              -110.977553,
              32.152347
            ],
            [
              -110.977531,
              32.153224
            ],
            [
              -110.97753,
              32.162209
            ],
            [
              -110.977501,
              32.163245
            ],
            [
              -110.971316,
              32.163292
            ],
            [
              -110.969183,
              32.163288
            ],
            [
              -110.96807,
              32.163417
            ],
            [
              -110.968166,
              32.165127
            ],
            [
              -110.968217,
              32.171337
            ],
            [
              -110.968249,
              32.17786
            ],
            [
              -110.967238,
              32.177907
            ],
            [
              -110.965838,
              32.177885
            ],
            [
              -110.962887,
              32.177894
            ],
            [
              -110.961641,
              32.177948
            ],
            [
              -110.961606,
              32.185915
            ],
            [
              -110.961595,
              32.185957
            ],
            [
              -110.963319,
              32.186423
            ],
            [
              -110.963317,
              32.186206
            ],
            [
              -110.963836,
              32.186321
            ],
            [
              -110.965368,
              32.186742
            ],
            [
              -110.96605,
              32.186891
            ],
            [
              -110.966642,
              32.18735
            ],
            [
              -110.967347,
              32.187694
            ],
            [
              -110.9674,
              32.187668
            ],
            [
              -110.967465,
              32.187679
            ],
            [
              -110.967501,
              32.187714
            ],
            [
              -110.967507,
              32.187759
            ],
            [
              -110.970515,
              32.187761
            ],
            [
              -110.97124,
              32.188065
            ],
            [
              -110.972435,
              32.188802
            ],
            [
              -110.972492,
              32.188802
            ],
            [
              -110.97284,
              32.188692
            ],
            [
              -110.973183,
              32.188536
            ],
            [
              -110.977549,
              32.188513
            ],
            [
              -110.977585,
              32.198987
            ],
            [
              -110.977585,
              32.199367
            ],
            [
              -110.977549,
              32.199368
            ],
            [
              -110.977568,
              32.200414
            ],
            [
              -110.977589,
              32.200613
            ],
            [
              -110.977597,
              32.203157
            ],
            [
              -110.977703,
              32.203157
            ],
            [
              -110.960913,
              32.203241
            ],
            [
              -110.960905,
              32.203714
            ],
            [
              -110.960939,
              32.206851
            ],
            [
              -110.965418,
              32.206825
            ],
            [
              -110.966189,
              32.206807
            ],
            [
              -110.968478,
              32.206842
            ],
            [
              -110.970009,
              32.206785
            ],
            [
              -110.97236,
              32.206793
            ],
            [
              -110.974649,
              32.206762
            ],
            [
              -110.976218,
              32.206769
            ],
            [
              -110.977648,
              32.20674
            ],
            [
              -110.977631,
              32.206897
            ],
            [
              -110.977669,
              32.211996
            ],
            [
              -110.976278,
              32.212073
            ],
            [
              -110.975429,
              32.211977
            ],
            [
              -110.973897,
              32.212021
            ],
            [
              -110.972377,
              32.212012
            ],
            [
              -110.969308,
              32.212034
            ],
            [
              -110.968574,
              32.21207
            ],
            [
              -110.969597,
              32.21323
            ],
            [
              -110.969676,
              32.213342
            ],
            [
              -110.969734,
              32.213474
            ],
            [
              -110.969768,
              32.213612
            ],
            [
              -110.970758,
              32.219075
            ],
            [
              -110.971123,
              32.22101
            ],
            [
              -110.97125,
              32.221899
            ],
            [
              -110.971666,
              32.224328
            ],
            [
              -110.971734,
              32.225166
            ],
            [
              -110.971729,
              32.226383
            ],
            [
              -110.971752,
              32.228942
            ],
            [
              -110.971744,
              32.230301
            ],
            [
              -110.971771,
              32.232936
            ],
            [
              -110.970237,
              32.23294
            ],
            [
              -110.97025,
              32.234222
            ],
            [
              -110.969497,
              32.234232
            ],
            [
              -110.968671,
              32.234219
            ],
            [
              -110.968704,
              32.235872
            ],
            [
              -110.970248,
              32.235842
            ],
            [
              -110.973312,
              32.235836
            ],
            [
              -110.974878,
              32.235815
            ],
            [
              -110.976387,
              32.235772
            ],
            [
              -110.977211,
              32.23579
            ],
            [
              -110.977896,
              32.235827
            ],
            [
              -110.980817,
              32.235717
            ],
            [
              -110.983968,
              32.235781
            ],
            [
              -110.984376,
              32.236596
            ],
            [
              -110.98479,
              32.23788
            ],
            [
              -110.985481,
              32.239691
            ],
            [
              -110.985766,
              32.240528
            ],
            [
              -110.985977,
              32.241065
            ],
            [
              -110.986426,
              32.241968
            ],
            [
              -110.986606,
              32.242278
            ],
            [
              -110.987112,
              32.243054
            ],
            [
              -110.987564,
              32.243684
            ],
            [
              -110.98626,
              32.243642
            ],
            [
              -110.988474,
              32.246418
            ],
            [
              -110.990806,
              32.249194
            ],
            [
              -110.991725,
              32.250331
            ],
            [
              -110.993014,
              32.25034
            ],
            [
              -110.993609,
              32.250375
            ],
            [
              -110.995433,
              32.250401
            ],
            [
              -111.000555,
              32.250534
            ],
            [
              -111.002291,
              32.250531
            ],
            [
              -111.008192,
              32.250595
            ],
            [
              -111.01096,
              32.250669
            ],
            [
              -111.013529,
              32.250707
            ],
            [
              -111.014056,
              32.25173
            ],
            [
              -111.015116,
              32.253578
            ],
            [
              -111.016017,
              32.254973
            ],
            [
              -111.016643,
              32.255844
            ],
            [
              -111.017404,
              32.256988
            ],
            [
              -111.017801,
              32.257727
            ],
            [
              -111.018641,
              32.259465
            ],
            [
              -111.019409,
              32.260721
            ],
            [
              -111.020127,
              32.261723
            ],
            [
              -111.021856,
              32.26433
            ],
            [
              -111.02368,
              32.267001
            ],
            [
              -111.023835,
              32.267262
            ],
            [
              -111.02514,
              32.270086
            ],
            [
              -111.025267,
              32.270331
            ],
            [
              -111.025506,
              32.270677
            ],
            [
              -111.026017,
              32.271271
            ],
            [
              -111.026662,
              32.271956
            ],
            [
              -111.028287,
              32.273796
            ],
            [
              -111.029374,
              32.274987
            ],
            [
              -111.03091,
              32.27628
            ],
            [
              -111.031283,
              32.27664
            ],
            [
              -111.032677,
              32.278183
            ],
            [
              -111.033145,
              32.278723
            ],
            [
              -111.033131,
              32.278536
            ],
            [
              -111.033173,
              32.276114
            ],
            [
              -111.033231,
              32.276114
            ]
          ]
        ]
      }
    },
    {
      "type": "Feature",
      "properties": {
        "placeFips": "0477000",
        "city": "Tucson",
        "state": "AZ",
        "boundaryType": "ward",
        "district": "5",
        "name": "Selina Barajas"
      },
      "geometry": {
        "type": "MultiPolygon",
        "coordinates": [
          [
            [
              [
                -110.880038,
                32.07593
              ],
              [
                -110.892442,
                32.075923
              ],
              [
                -110.892461,
                32.074107
              ],
              [
                -110.892542,
                32.073195
              ],
              [
                -110.892653,
                32.072567
              ],
              [
                -110.89308,
                32.070761
              ],
              [
                -110.893076,
                32.075924
              ],
              [
                -110.900673,
                32.075937
              ],
              [
                -110.900648,
                32.083083
              ],
              [
                -110.896443,
                32.083058
              ],
              [
                -110.896372,
                32.090387
              ],
              [
                -110.909067,
                32.090566
              ],
              [
                -110.909191,
                32.10489
              ],
              [
                -110.921255,
                32.104939
              ],
              [
                -110.915259,
                32.099733
              ],
              [
                -110.91995,
                32.095898
              ],
              [
                -110.92629,
                32.10137
              ],
              [
                -110.931145,
                32.105358
              ],
              [
                -110.936862,
                32.105341
              ],
              [
                -110.937735,
                32.106086
              ],
              [
                -110.936659,
                32.106999
              ],
              [
                -110.941246,
                32.110917
              ],
              [
                -110.959554,
                32.110928
              ],
              [
                -110.959333,
                32.106424
              ],
              [
                -110.956192,
                32.106431
              ],
              [
                -110.956216,
                32.105462
              ],
              [
                -110.959285,
                32.105455
              ],
              [
                -110.958464,
                32.092354
              ],
              [
                -110.958237,
                32.092361
              ],
              [
                -110.958081,
                32.089869
              ],
              [
                -110.95641,
                32.089869
              ],
              [
                -110.956317,
                32.089892
              ],
              [
                -110.956311,
                32.08307
              ],
              [
                -110.956722,
                32.083063
              ],
              [
                -110.956557,
                32.080964
              ],
              [
                -110.956297,
                32.080882
              ],
              [
                -110.956514,
                32.080231
              ],
              [
                -110.958049,
                32.080193
              ],
              [
                -110.957812,
                32.076526
              ],
              [
                -110.957813,
                32.076288
              ],
              [
                -110.95773,
                32.076233
              ],
              [
                -110.957728,
                32.077221
              ],
              [
                -110.956174,
                32.07722
              ],
              [
                -110.956112,
                32.07567
              ],
              [
                -110.950414,
                32.075671
              ],
              [
                -110.944532,
                32.075641
              ],
              [
                -110.944531,
                32.075652
              ],
              [
                -110.938504,
                32.075666
              ],
              [
                -110.927483,
                32.075666
              ],
              [
                -110.927506,
                32.066679
              ],
              [
                -110.927503,
                32.059515
              ],
              [
                -110.944911,
                32.059731
              ],
              [
                -110.953288,
                32.059657
              ],
              [
                -110.953226,
                32.055406
              ],
              [
                -110.950984,
                32.048831
              ],
              [
                -110.948957,
                32.048837
              ],
              [
                -110.94896,
                32.047313
              ],
              [
                -110.948986,
                32.046851
              ],
              [
                -110.948907,
                32.045246
              ],
              [
                -110.944684,
                32.045273
              ],
              [
                -110.944625,
                32.030664
              ],
              [
                -110.944648,
                32.023358
              ],
              [
                -110.940505,
                32.023354
              ],
              [
                -110.940497,
                32.020217
              ],
              [
                -110.940433,
                32.019533
              ],
              [
                -110.940341,
                32.01608
              ],
              [
                -110.927457,
                32.016062
              ],
              [
                -110.92756,
                32.001506
              ],
              [
                -110.910377,
                32.001278
              ],
              [
                -110.893291,
                32.001292
              ],
              [
                -110.876186,
                32.001245
              ],
              [
                -110.859122,
                32.001244
              ],
              [
                -110.85914,
                31.99054
              ],
              [
                -110.841806,
                31.990573
              ],
              [
                -110.825109,
                31.990558
              ],
              [
                -110.823615,
                31.990584
              ],
              [
                -110.808291,
                31.990603
              ],
              [
                -110.78957,
                31.9906
              ],
              [
                -110.78957,
                31.990394
              ],
              [
                -110.785331,
                31.990362
              ],
              [
                -110.785322,
                31.990444
              ],
              [
                -110.776825,
                31.990379
              ],
              [
                -110.776825,
                31.990297
              ],
              [
                -110.772306,
                31.990269
              ],
              [
                -110.772316,
                31.99086
              ],
              [
                -110.772342,
                31.991204
              ],
              [
                -110.772396,
                31.991546
              ],
              [
                -110.772478,
                31.991884
              ],
              [
                -110.772586,
                31.992217
              ],
              [
                -110.772798,
                31.992702
              ],
              [
                -110.772971,
                31.993014
              ],
              [
                -110.77327,
                31.993489
              ],
              [
                -110.77351,
                31.993988
              ],
              [
                -110.773635,
                31.994332
              ],
              [
                -110.773731,
                31.994682
              ],
              [
                -110.773798,
                31.995037
              ],
              [
                -110.773836,
                31.995396
              ],
              [
                -110.773779,
                32.0231
              ],
              [
                -110.778328,
                32.023159
              ],
              [
                -110.778356,
                32.019661
              ],
              [
                -110.790744,
                32.01979
              ],
              [
                -110.790743,
                32.019857
              ],
              [
                -110.791071,
                32.019861
              ],
              [
                -110.791072,
                32.019584
              ],
              [
                -110.808145,
                32.019608
              ],
              [
                -110.808096,
                32.034112
              ],
              [
                -110.825144,
                32.034194
              ],
              [
                -110.842157,
                32.034156
              ],
              [
                -110.842119,
                32.045078
              ],
              [
                -110.84634,
                32.045082
              ],
              [
                -110.846318,
                32.041436
              ],
              [
                -110.854811,
                32.041451
              ],
              [
                -110.854801,
                32.044925
              ],
              [
                -110.859156,
                32.044929
              ],
              [
                -110.859024,
                32.034296
              ],
              [
                -110.859058,
                32.030542
              ],
              [
                -110.876321,
                32.030539
              ],
              [
                -110.893397,
                32.030561
              ],
              [
                -110.910502,
                32.030715
              ],
              [
                -110.910423,
                32.045116
              ],
              [
                -110.910278,
                32.061468
              ],
              [
                -110.893338,
                32.061376
              ],
              [
                -110.893348,
                32.059554
              ],
              [
                -110.876662,
                32.059562
              ],
              [
                -110.876396,
                32.075933
              ],
              [
                -110.880038,
                32.07593
              ]
            ]
          ],
          [
            [
              [
                -110.769806,
                32.059068
              ],
              [
                -110.773651,
                32.06161
              ],
              [
                -110.774771,
                32.060328
              ],
              [
                -110.775285,
                32.059608
              ],
              [
                -110.775649,
                32.058901
              ],
              [
                -110.775756,
                32.058643
              ],
              [
                -110.775987,
                32.057874
              ],
              [
                -110.77607,
                32.057406
              ],
              [
                -110.77608,
                32.057062
              ],
              [
                -110.776065,
                32.056655
              ],
              [
                -110.775977,
                32.056042
              ],
              [
                -110.775894,
                32.05574
              ],
              [
                -110.775648,
                32.055747
              ],
              [
                -110.775444,
                32.055217
              ],
              [
                -110.775131,
                32.054647
              ],
              [
                -110.774887,
                32.054292
              ],
              [
                -110.774429,
                32.053699
              ],
              [
                -110.774049,
                32.053054
              ],
              [
                -110.773833,
                32.05257
              ],
              [
                -110.77365,
                32.051955
              ],
              [
                -110.773572,
                32.051344
              ],
              [
                -110.773559,
                32.048524
              ],
              [
                -110.773618,
                32.034135
              ],
              [
                -110.756992,
                32.034066
              ],
              [
                -110.756995,
                32.033866
              ],
              [
                -110.74023,
                32.033769
              ],
              [
                -110.730964,
                32.033826
              ],
              [
                -110.733024,
                32.034981
              ],
              [
                -110.744026,
                32.04239
              ],
              [
                -110.748977,
                32.045687
              ],
              [
                -110.750921,
                32.046927
              ],
              [
                -110.753056,
                32.048314
              ],
              [
                -110.756794,
                32.050633
              ],
              [
                -110.769806,
                32.059068
              ]
            ]
          ],
          [
            [
              [
                -110.854674,
                32.092729
              ],
              [
                -110.854672,
                32.092865
              ],
              [
                -110.858286,
                32.092916
              ],
              [
                -110.858303,
                32.090358
              ],
              [
                -110.858026,
                32.090354
              ],
              [
                -110.875006,
                32.090262
              ],
              [
                -110.874914,
                32.075522
              ],
              [
                -110.875755,
                32.075524
              ],
              [
                -110.876016,
                32.059563
              ],
              [
                -110.858719,
                32.059349
              ],
              [
                -110.85864,
                32.07001
              ],
              [
                -110.858013,
                32.075326
              ],
              [
                -110.858014,
                32.075675
              ],
              [
                -110.842931,
                32.075774
              ],
              [
                -110.829948,
                32.07578
              ],
              [
                -110.806998,
                32.075613
              ],
              [
                -110.806984,
                32.079815
              ],
              [
                -110.806925,
                32.080204
              ],
              [
                -110.806782,
                32.080618
              ],
              [
                -110.806527,
                32.08105
              ],
              [
                -110.804844,
                32.083032
              ],
              [
                -110.804654,
                32.083765
              ],
              [
                -110.806932,
                32.08395
              ],
              [
                -110.806932,
                32.083923
              ],
              [
                -110.807573,
                32.08396
              ],
              [
                -110.80926,
                32.084375
              ],
              [
                -110.818425,
                32.090082
              ],
              [
                -110.820119,
                32.090098
              ],
              [
                -110.82393,
                32.090088
              ],
              [
                -110.837838,
                32.090139
              ],
              [
                -110.84123,
                32.090138
              ],
              [
                -110.854705,
                32.090315
              ],
              [
                -110.854674,
                32.092729
              ]
            ]
          ],
          [
            [
              [
                -110.893122,
                32.149014
              ],
              [
                -110.895018,
                32.149016
              ],
              [
                -110.895013,
                32.148452
              ],
              [
                -110.896238,
                32.148425
              ],
              [
                -110.89545,
                32.147517
              ],
              [
                -110.89511,
                32.147089
              ],
              [
                -110.893997,
                32.145443
              ],
              [
                -110.893599,
                32.144793
              ],
              [
                -110.893195,
                32.144084
              ],
              [
                -110.892805,
                32.143338
              ],
              [
                -110.892428,
                32.142548
              ],
              [
                -110.892091,
                32.141904
              ],
              [
                -110.891994,
                32.135635
              ],
              [
                -110.891939,
                32.13548
              ],
              [
                -110.891882,
                32.135242
              ],
              [
                -110.891776,
                32.134648
              ],
              [
                -110.891722,
                32.134178
              ],
              [
                -110.892218,
                32.134182
              ],
              [
                -110.892259,
                32.119328
              ],
              [
                -110.892017,
                32.119328
              ],
              [
                -110.892085,
                32.10485
              ],
              [
                -110.892407,
                32.104851
              ],
              [
                -110.892427,
                32.097557
              ],
              [
                -110.891367,
                32.097546
              ],
              [
                -110.87503,
                32.097551
              ],
              [
                -110.875054,
                32.104821
              ],
              [
                -110.858206,
                32.105178
              ],
              [
                -110.857722,
                32.105176
              ],
              [
                -110.842087,
                32.104716
              ],
              [
                -110.845822,
                32.107044
              ],
              [
                -110.848078,
                32.108481
              ],
              [
                -110.852747,
                32.111387
              ],
              [
                -110.853637,
                32.111971
              ],
              [
                -110.857951,
                32.114654
              ],
              [
                -110.857964,
                32.119943
              ],
              [
                -110.857995,
                32.121692
              ],
              [
                -110.857936,
                32.134079
              ],
              [
                -110.857962,
                32.141343
              ],
              [
                -110.858197,
                32.141348
              ],
              [
                -110.858197,
                32.141445
              ],
              [
                -110.858116,
                32.141445
              ],
              [
                -110.858116,
                32.141568
              ],
              [
                -110.873341,
                32.141649
              ],
              [
                -110.874994,
                32.14161
              ],
              [
                -110.874961,
                32.138827
              ],
              [
                -110.87848,
                32.140824
              ],
              [
                -110.878865,
                32.140459
              ],
              [
                -110.879189,
                32.14009
              ],
              [
                -110.879476,
                32.1397
              ],
              [
                -110.879722,
                32.139291
              ],
              [
                -110.879927,
                32.138865
              ],
              [
                -110.880301,
                32.137886
              ],
              [
                -110.881112,
                32.138076
              ],
              [
                -110.881869,
                32.138303
              ],
              [
                -110.882606,
                32.138573
              ],
              [
                -110.88332,
                32.138885
              ],
              [
                -110.884008,
                32.139237
              ],
              [
                -110.884666,
                32.139628
              ],
              [
                -110.885291,
                32.140056
              ],
              [
                -110.885885,
                32.140523
              ],
              [
                -110.886432,
                32.141016
              ],
              [
                -110.886943,
                32.141543
              ],
              [
                -110.887182,
                32.141817
              ],
              [
                -110.887628,
                32.142385
              ],
              [
                -110.888026,
                32.142978
              ],
              [
                -110.890043,
                32.14643
              ],
              [
                -110.890302,
                32.146803
              ],
              [
                -110.89059,
                32.14716
              ],
              [
                -110.891073,
                32.147663
              ],
              [
                -110.891396,
                32.147949
              ],
              [
                -110.891704,
                32.148192
              ],
              [
                -110.892193,
                32.148527
              ],
              [
                -110.892748,
                32.148533
              ],
              [
                -110.892745,
                32.148824
              ],
              [
                -110.893122,
                32.149014
              ]
            ]
          ],
          [
            [
              [
                -110.907254,
                32.165493
              ],
              [
                -110.907268,
                32.16604
              ],
              [
                -110.907866,
                32.166041
              ],
              [
                -110.907931,
                32.166007
              ],
              [
                -110.907945,
                32.165974
              ],
              [
                -110.907943,
                32.164665
              ],
              [
                -110.907815,
                32.164665
              ],
              [
                -110.907805,
                32.163427
              ],
              [
                -110.908073,
                32.162914
              ],
              [
                -110.908028,
                32.160545
              ],
              [
                -110.907967,
                32.160063
              ],
              [
                -110.907897,
                32.159745
              ],
              [
                -110.907797,
                32.15941
              ],
              [
                -110.907662,
                32.159062
              ],
              [
                -110.9075,
                32.158723
              ],
              [
                -110.907204,
                32.158234
              ],
              [
                -110.906974,
                32.157924
              ],
              [
                -110.906719,
                32.157628
              ],
              [
                -110.90644,
                32.157349
              ],
              [
                -110.906153,
                32.157097
              ],
              [
                -110.905727,
                32.156784
              ],
              [
                -110.905422,
                32.156597
              ],
              [
                -110.896428,
                32.151542
              ],
              [
                -110.892196,
                32.149203
              ],
              [
                -110.89219,
                32.149758
              ],
              [
                -110.892425,
                32.150014
              ],
              [
                -110.892311,
                32.159414
              ],
              [
                -110.892287,
                32.163028
              ],
              [
                -110.896321,
                32.16305
              ],
              [
                -110.896327,
                32.163275
              ],
              [
                -110.900105,
                32.163285
              ],
              [
                -110.900117,
                32.164644
              ],
              [
                -110.900908,
                32.164651
              ],
              [
                -110.900917,
                32.165336
              ],
              [
                -110.901567,
                32.165338
              ],
              [
                -110.901565,
                32.165231
              ],
              [
                -110.902181,
                32.165224
              ],
              [
                -110.902181,
                32.165558
              ],
              [
                -110.902986,
                32.165563
              ],
              [
                -110.902966,
                32.164648
              ],
              [
                -110.903778,
                32.164654
              ],
              [
                -110.903784,
                32.164929
              ],
              [
                -110.905005,
                32.164935
              ],
              [
                -110.905013,
                32.164652
              ],
              [
                -110.906528,
                32.164648
              ],
              [
                -110.906548,
                32.165488
              ],
              [
                -110.907254,
                32.165493
              ]
            ]
          ],
          [
            [
              [
                -110.90828,
                32.177107
              ],
              [
                -110.908406,
                32.177113
              ],
              [
                -110.908379,
                32.176175
              ],
              [
                -110.906939,
                32.176176
              ],
              [
                -110.906928,
                32.176887
              ],
              [
                -110.908281,
                32.176889
              ],
              [
                -110.90828,
                32.177107
              ]
            ]
          ],
          [
            [
              [
                -110.939476,
                32.221429
              ],
              [
                -110.939478,
                32.221497
              ],
              [
                -110.940919,
                32.22144
              ],
              [
                -110.942401,
                32.221478
              ],
              [
                -110.945162,
                32.221414
              ],
              [
                -110.948066,
                32.221403
              ],
              [
                -110.949505,
                32.221413
              ],
              [
                -110.950986,
                32.221469
              ],
              [
                -110.953225,
                32.221374
              ],
              [
                -110.954772,
                32.221356
              ],
              [
                -110.956322,
                32.221346
              ],
              [
                -110.9579,
                32.221383
              ],
              [
                -110.95942,
                32.221356
              ],
              [
                -110.960634,
                32.221379
              ],
              [
                -110.960937,
                32.221329
              ],
              [
                -110.965519,
                32.221226
              ],
              [
                -110.965538,
                32.221215
              ],
              [
                -110.965488,
                32.221195
              ],
              [
                -110.965241,
                32.221187
              ],
              [
                -110.96511,
                32.221166
              ],
              [
                -110.964601,
                32.220987
              ],
              [
                -110.96448,
                32.220934
              ],
              [
                -110.964048,
                32.220603
              ],
              [
                -110.963975,
                32.218671
              ],
              [
                -110.963978,
                32.217291
              ],
              [
                -110.96394,
                32.214678
              ],
              [
                -110.960916,
                32.214697
              ],
              [
                -110.96089,
                32.212057
              ],
              [
                -110.961627,
                32.212079
              ],
              [
                -110.966236,
                32.212044
              ],
              [
                -110.967751,
                32.212074
              ],
              [
                -110.968531,
                32.212074
              ],
              [
                -110.969308,
                32.212034
              ],
              [
                -110.972377,
                32.212012
              ],
              [
                -110.973897,
                32.212021
              ],
              [
                -110.975429,
                32.211977
              ],
              [
                -110.976278,
                32.212073
              ],
              [
                -110.977669,
                32.211996
              ],
              [
                -110.977631,
                32.206897
              ],
              [
                -110.977648,
                32.20674
              ],
              [
                -110.976218,
                32.206769
              ],
              [
                -110.974649,
                32.206762
              ],
              [
                -110.97236,
                32.206793
              ],
              [
                -110.970009,
                32.206785
              ],
              [
                -110.968478,
                32.206842
              ],
              [
                -110.966189,
                32.206807
              ],
              [
                -110.965418,
                32.206825
              ],
              [
                -110.960939,
                32.206851
              ],
              [
                -110.960905,
                32.203714
              ],
              [
                -110.960913,
                32.203241
              ],
              [
                -110.960889,
                32.203198
              ],
              [
                -110.960861,
                32.202771
              ],
              [
                -110.960912,
                32.202608
              ],
              [
                -110.960888,
                32.199725
              ],
              [
                -110.960939,
                32.199491
              ],
              [
                -110.960934,
                32.197139
              ],
              [
                -110.960983,
                32.196642
              ],
              [
                -110.961057,
                32.196109
              ],
              [
                -110.961504,
                32.193623
              ],
              [
                -110.961628,
                32.19234
              ],
              [
                -110.961639,
                32.190739
              ],
              [
                -110.961595,
                32.185957
              ],
              [
                -110.961606,
                32.185915
              ],
              [
                -110.961641,
                32.177948
              ],
              [
                -110.962887,
                32.177894
              ],
              [
                -110.965838,
                32.177885
              ],
              [
                -110.967238,
                32.177907
              ],
              [
                -110.968249,
                32.17786
              ],
              [
                -110.968217,
                32.171337
              ],
              [
                -110.968166,
                32.165127
              ],
              [
                -110.96807,
                32.163417
              ],
              [
                -110.969183,
                32.163288
              ],
              [
                -110.971316,
                32.163292
              ],
              [
                -110.977501,
                32.163245
              ],
              [
                -110.97753,
                32.162209
              ],
              [
                -110.977531,
                32.153224
              ],
              [
                -110.977553,
                32.152347
              ],
              [
                -110.977555,
                32.15143
              ],
              [
                -110.977538,
                32.150179
              ],
              [
                -110.977547,
                32.148688
              ],
              [
                -110.977584,
                32.145026
              ],
              [
                -110.977661,
                32.142643
              ],
              [
                -110.977658,
                32.139645
              ],
              [
                -110.977171,
                32.139662
              ],
              [
                -110.974801,
                32.139604
              ],
              [
                -110.973332,
                32.139604
              ],
              [
                -110.97334,
                32.138809
              ],
              [
                -110.970626,
                32.138805
              ],
              [
                -110.969201,
                32.138756
              ],
              [
                -110.969211,
                32.13633
              ],
              [
                -110.969186,
                32.133998
              ],
              [
                -110.967971,
                32.133964
              ],
              [
                -110.966864,
                32.133964
              ],
              [
                -110.963823,
                32.134041
              ],
              [
                -110.961397,
                32.134026
              ],
              [
                -110.9613,
                32.132229
              ],
              [
                -110.961309,
                32.130975
              ],
              [
                -110.961278,
                32.130416
              ],
              [
                -110.961134,
                32.128639
              ],
              [
                -110.960892,
                32.123166
              ],
              [
                -110.960849,
                32.121668
              ],
              [
                -110.960824,
                32.121367
              ],
              [
                -110.96075,
                32.120844
              ],
              [
                -110.960687,
                32.120587
              ],
              [
                -110.96065,
                32.120213
              ],
              [
                -110.960752,
                32.11954
              ],
              [
                -110.940041,
                32.119554
              ],
              [
                -110.926199,
                32.108729
              ],
              [
                -110.909162,
                32.108566
              ],
              [
                -110.909082,
                32.118073
              ],
              [
                -110.907276,
                32.11804
              ],
              [
                -110.902515,
                32.113907
              ],
              [
                -110.900663,
                32.113881
              ],
              [
                -110.900679,
                32.119354
              ],
              [
                -110.895103,
                32.119257
              ],
              [
                -110.895103,
                32.119377
              ],
              [
                -110.893067,
                32.119345
              ],
              [
                -110.892888,
                32.13462
              ],
              [
                -110.896307,
                32.134623
              ],
              [
                -110.896311,
                32.134651
              ],
              [
                -110.901046,
                32.137622
              ],
              [
                -110.901211,
                32.137691
              ],
              [
                -110.901228,
                32.140464
              ],
              [
                -110.905809,
                32.140434
              ],
              [
                -110.905806,
                32.142784
              ],
              [
                -110.903426,
                32.142799
              ],
              [
                -110.908184,
                32.145792
              ],
              [
                -110.907718,
                32.146189
              ],
              [
                -110.908691,
                32.146804
              ],
              [
                -110.908671,
                32.147362
              ],
              [
                -110.909023,
                32.147503
              ],
              [
                -110.909008,
                32.152372
              ],
              [
                -110.908903,
                32.152372
              ],
              [
                -110.908903,
                32.152545
              ],
              [
                -110.909091,
                32.152545
              ],
              [
                -110.909084,
                32.154317
              ],
              [
                -110.909482,
                32.15437
              ],
              [
                -110.909901,
                32.154373
              ],
              [
                -110.912646,
                32.15609
              ],
              [
                -110.916053,
                32.156105
              ],
              [
                -110.91606,
                32.155812
              ],
              [
                -110.916453,
                32.155653
              ],
              [
                -110.916145,
                32.154982
              ],
              [
                -110.916081,
                32.154766
              ],
              [
                -110.917252,
                32.153404
              ],
              [
                -110.916522,
                32.152946
              ],
              [
                -110.917261,
                32.152094
              ],
              [
                -110.912465,
                32.149087
              ],
              [
                -110.911844,
                32.148639
              ],
              [
                -110.910904,
                32.14803
              ],
              [
                -110.9095,
                32.147167
              ],
              [
                -110.909501,
                32.145858
              ],
              [
                -110.909532,
                32.145813
              ],
              [
                -110.909571,
                32.145801
              ],
              [
                -110.90962,
                32.145813
              ],
              [
                -110.910158,
                32.146155
              ],
              [
                -110.911473,
                32.14615
              ],
              [
                -110.911476,
                32.145145
              ],
              [
                -110.912549,
                32.145136
              ],
              [
                -110.912541,
                32.141551
              ],
              [
                -110.926212,
                32.141469
              ],
              [
                -110.926319,
                32.148806
              ],
              [
                -110.926296,
                32.163198
              ],
              [
                -110.926321,
                32.167553
              ],
              [
                -110.921953,
                32.165104
              ],
              [
                -110.921951,
                32.166918
              ],
              [
                -110.917388,
                32.166907
              ],
              [
                -110.917383,
                32.168736
              ],
              [
                -110.920813,
                32.168721
              ],
              [
                -110.920813,
                32.169896
              ],
              [
                -110.921299,
                32.169899
              ],
              [
                -110.921311,
                32.170737
              ],
              [
                -110.926338,
                32.170741
              ],
              [
                -110.92643,
                32.183575
              ],
              [
                -110.923632,
                32.183583
              ],
              [
                -110.923182,
                32.183654
              ],
              [
                -110.922974,
                32.183715
              ],
              [
                -110.922703,
                32.183834
              ],
              [
                -110.922475,
                32.183974
              ],
              [
                -110.922273,
                32.184139
              ],
              [
                -110.918707,
                32.187726
              ],
              [
                -110.918527,
                32.187865
              ],
              [
                -110.918323,
                32.187977
              ],
              [
                -110.918097,
                32.188059
              ],
              [
                -110.9179,
                32.188105
              ],
              [
                -110.91795,
                32.191201
              ],
              [
                -110.920919,
                32.19254
              ],
              [
                -110.918775,
                32.19255
              ],
              [
                -110.918903,
                32.192632
              ],
              [
                -110.913558,
                32.192687
              ],
              [
                -110.910712,
                32.194328
              ],
              [
                -110.910349,
                32.194651
              ],
              [
                -110.910169,
                32.194857
              ],
              [
                -110.909965,
                32.195154
              ],
              [
                -110.909804,
                32.195473
              ],
              [
                -110.909677,
                32.195864
              ],
              [
                -110.909622,
                32.196203
              ],
              [
                -110.909316,
                32.196201
              ],
              [
                -110.90935,
                32.197507
              ],
              [
                -110.909457,
                32.199495
              ],
              [
                -110.90949,
                32.201723
              ],
              [
                -110.909474,
                32.202834
              ],
              [
                -110.909523,
                32.203868
              ],
              [
                -110.909571,
                32.205436
              ],
              [
                -110.909554,
                32.207048
              ],
              [
                -110.913597,
                32.207028
              ],
              [
                -110.918033,
                32.207036
              ],
              [
                -110.920268,
                32.207003
              ],
              [
                -110.922333,
                32.206987
              ],
              [
                -110.922466,
                32.206997
              ],
              [
                -110.926684,
                32.206933
              ],
              [
                -110.926626,
                32.20784
              ],
              [
                -110.926625,
                32.214234
              ],
              [
                -110.930886,
                32.214101
              ],
              [
                -110.930908,
                32.213355
              ],
              [
                -110.930903,
                32.212385
              ],
              [
                -110.935095,
                32.212387
              ],
              [
                -110.935082,
                32.214197
              ],
              [
                -110.93526,
                32.214218
              ],
              [
                -110.936736,
                32.214228
              ],
              [
                -110.936946,
                32.214153
              ],
              [
                -110.939424,
                32.214153
              ],
              [
                -110.939476,
                32.221429
              ]
            ]
          ]
        ]
      }
    },
    {
      "type": "Feature",
      "properties": {
        "placeFips": "0477000",
        "city": "Tucson",
        "state": "AZ",
        "boundaryType": "ward",
        "district": "4",
        "name": "Nikki Lee"
      },
      "geometry": {
        "type": "MultiPolygon",
        "coordinates": [
          [
            [
              [
                -110.755671,
                32.206316
              ],
              [
                -110.767572,
                32.206308
              ],
              [
                -110.769919,
                32.206381
              ],
              [
                -110.77271,
                32.206344
              ],
              [
                -110.776057,
                32.206335
              ],
              [
                -110.779632,
                32.206352
              ],
              [
                -110.786714,
                32.206279
              ],
              [
                -110.789684,
                32.206323
              ],
              [
                -110.78971,
                32.201384
              ],
              [
                -110.78973,
                32.200651
              ],
              [
                -110.789731,
                32.199904
              ],
              [
                -110.789699,
                32.199023
              ],
              [
                -110.792285,
                32.199029
              ],
              [
                -110.793468,
                32.199075
              ],
              [
                -110.797176,
                32.199092
              ],
              [
                -110.797729,
                32.199116
              ],
              [
                -110.798075,
                32.19925
              ],
              [
                -110.800535,
                32.199239
              ],
              [
                -110.800544,
                32.198677
              ],
              [
                -110.802636,
                32.198683
              ],
              [
                -110.803933,
                32.198708
              ],
              [
                -110.805,
                32.198694
              ],
              [
                -110.805542,
                32.198662
              ],
              [
                -110.8058,
                32.19861
              ],
              [
                -110.806249,
                32.198458
              ],
              [
                -110.806712,
                32.198341
              ],
              [
                -110.807995,
                32.198271
              ],
              [
                -110.808926,
                32.198177
              ],
              [
                -110.809173,
                32.198112
              ],
              [
                -110.809409,
                32.198008
              ],
              [
                -110.809597,
                32.197901
              ],
              [
                -110.810588,
                32.197275
              ],
              [
                -110.811492,
                32.196677
              ],
              [
                -110.811839,
                32.196444
              ],
              [
                -110.81272,
                32.195762
              ],
              [
                -110.813796,
                32.196771
              ],
              [
                -110.814196,
                32.197175
              ],
              [
                -110.814606,
                32.197621
              ],
              [
                -110.814839,
                32.197939
              ],
              [
                -110.815666,
                32.198959
              ],
              [
                -110.816213,
                32.19968
              ],
              [
                -110.815847,
                32.199909
              ],
              [
                -110.815616,
                32.200092
              ],
              [
                -110.815435,
                32.200327
              ],
              [
                -110.815303,
                32.200594
              ],
              [
                -110.81531,
                32.20087
              ],
              [
                -110.815348,
                32.201079
              ],
              [
                -110.815303,
                32.201833
              ],
              [
                -110.815342,
                32.204076
              ],
              [
                -110.815281,
                32.204907
              ],
              [
                -110.81531,
                32.206399
              ],
              [
                -110.817603,
                32.206448
              ],
              [
                -110.820094,
                32.206459
              ],
              [
                -110.823757,
                32.206442
              ],
              [
                -110.824404,
                32.2064
              ],
              [
                -110.825351,
                32.206388
              ],
              [
                -110.826814,
                32.206413
              ],
              [
                -110.828567,
                32.206414
              ],
              [
                -110.831809,
                32.206378
              ],
              [
                -110.832418,
                32.206443
              ],
              [
                -110.836798,
                32.206413
              ],
              [
                -110.84098,
                32.206483
              ],
              [
                -110.840944,
                32.199011
              ],
              [
                -110.840562,
                32.199047
              ],
              [
                -110.840263,
                32.199036
              ],
              [
                -110.839684,
                32.198909
              ],
              [
                -110.839353,
                32.198813
              ],
              [
                -110.838818,
                32.198706
              ],
              [
                -110.838326,
                32.198665
              ],
              [
                -110.837847,
                32.198654
              ],
              [
                -110.837795,
                32.19839
              ],
              [
                -110.837762,
                32.198317
              ],
              [
                -110.837632,
                32.1982
              ],
              [
                -110.837119,
                32.197811
              ],
              [
                -110.836736,
                32.19743
              ],
              [
                -110.837593,
                32.196951
              ],
              [
                -110.837383,
                32.196684
              ],
              [
                -110.837285,
                32.196504
              ],
              [
                -110.837206,
                32.196217
              ],
              [
                -110.837142,
                32.195887
              ],
              [
                -110.83712,
                32.19507
              ],
              [
                -110.837139,
                32.193328
              ],
              [
                -110.837112,
                32.191931
              ],
              [
                -110.840971,
                32.191941
              ],
              [
                -110.844472,
                32.191904
              ],
              [
                -110.849435,
                32.191932
              ],
              [
                -110.853203,
                32.191994
              ],
              [
                -110.853715,
                32.192045
              ],
              [
                -110.857936,
                32.191993
              ],
              [
                -110.858018,
                32.192199
              ],
              [
                -110.857946,
                32.193288
              ],
              [
                -110.857963,
                32.195623
              ],
              [
                -110.857945,
                32.196043
              ],
              [
                -110.85796,
                32.1968
              ],
              [
                -110.857957,
                32.198732
              ],
              [
                -110.85798,
                32.199713
              ],
              [
                -110.870827,
                32.199694
              ],
              [
                -110.873371,
                32.199703
              ],
              [
                -110.875109,
                32.199638
              ],
              [
                -110.875109,
                32.203666
              ],
              [
                -110.875084,
                32.205196
              ],
              [
                -110.875105,
                32.206892
              ],
              [
                -110.883692,
                32.206913
              ],
              [
                -110.892297,
                32.206981
              ],
              [
                -110.89234,
                32.205255
              ],
              [
                -110.892355,
                32.201426
              ],
              [
                -110.892376,
                32.200624
              ],
              [
                -110.892363,
                32.199777
              ],
              [
                -110.892512,
                32.195317
              ],
              [
                -110.894124,
                32.195332
              ],
              [
                -110.894948,
                32.195309
              ],
              [
                -110.895945,
                32.195236
              ],
              [
                -110.896203,
                32.195196
              ],
              [
                -110.909171,
                32.195151
              ],
              [
                -110.909119,
                32.192597
              ],
              [
                -110.909202,
                32.192595
              ],
              [
                -110.909145,
                32.188341
              ],
              [
                -110.908981,
                32.186289
              ],
              [
                -110.908916,
                32.186289
              ],
              [
                -110.908855,
                32.185954
              ],
              [
                -110.908757,
                32.185696
              ],
              [
                -110.908397,
                32.184551
              ],
              [
                -110.908402,
                32.184187
              ],
              [
                -110.908368,
                32.183366
              ],
              [
                -110.908285,
                32.180045
              ],
              [
                -110.90827,
                32.178027
              ],
              [
                -110.907147,
                32.178018
              ],
              [
                -110.90714,
                32.177103
              ],
              [
                -110.90828,
                32.177111
              ],
              [
                -110.908281,
                32.176889
              ],
              [
                -110.906928,
                32.176887
              ],
              [
                -110.906939,
                32.176176
              ],
              [
                -110.90502,
                32.176177
              ],
              [
                -110.905008,
                32.174312
              ],
              [
                -110.902889,
                32.17429
              ],
              [
                -110.902881,
                32.172393
              ],
              [
                -110.900755,
                32.172433
              ],
              [
                -110.900734,
                32.170552
              ],
              [
                -110.898823,
                32.170546
              ],
              [
                -110.898792,
                32.169155
              ],
              [
                -110.897363,
                32.169148
              ],
              [
                -110.897346,
                32.167555
              ],
              [
                -110.896389,
                32.167551
              ],
              [
                -110.896321,
                32.16305
              ],
              [
                -110.892287,
                32.163028
              ],
              [
                -110.892276,
                32.16325
              ],
              [
                -110.892046,
                32.163248
              ],
              [
                -110.892043,
                32.163045
              ],
              [
                -110.890978,
                32.163044
              ],
              [
                -110.890997,
                32.161275
              ],
              [
                -110.888865,
                32.161269
              ],
              [
                -110.888882,
                32.159577
              ],
              [
                -110.886742,
                32.159569
              ],
              [
                -110.886767,
                32.157705
              ],
              [
                -110.884632,
                32.15769
              ],
              [
                -110.884647,
                32.155989
              ],
              [
                -110.883482,
                32.155978
              ],
              [
                -110.883498,
                32.15411
              ],
              [
                -110.881439,
                32.154079
              ],
              [
                -110.881471,
                32.152379
              ],
              [
                -110.879241,
                32.152349
              ],
              [
                -110.879253,
                32.150475
              ],
              [
                -110.877207,
                32.150415
              ],
              [
                -110.877216,
                32.148698
              ],
              [
                -110.875078,
                32.148657
              ],
              [
                -110.874998,
                32.141972
              ],
              [
                -110.874658,
                32.141782
              ],
              [
                -110.874996,
                32.141782
              ],
              [
                -110.874997,
                32.141609
              ],
              [
                -110.873341,
                32.141649
              ],
              [
                -110.858116,
                32.141568
              ],
              [
                -110.8581,
                32.148557
              ],
              [
                -110.858067,
                32.148557
              ],
              [
                -110.858063,
                32.149924
              ],
              [
                -110.855976,
                32.149909
              ],
              [
                -110.855976,
                32.150066
              ],
              [
                -110.853491,
                32.150018
              ],
              [
                -110.851909,
                32.14985
              ],
              [
                -110.851931,
                32.148552
              ],
              [
                -110.849219,
                32.148517
              ],
              [
                -110.848248,
                32.148366
              ],
              [
                -110.847569,
                32.148357
              ],
              [
                -110.84419,
                32.14628
              ],
              [
                -110.844204,
                32.144674
              ],
              [
                -110.843136,
                32.144655
              ],
              [
                -110.843132,
                32.14563
              ],
              [
                -110.841018,
                32.14433
              ],
              [
                -110.841022,
                32.140937
              ],
              [
                -110.843147,
                32.141005
              ],
              [
                -110.84316,
                32.139758
              ],
              [
                -110.845189,
                32.139794
              ],
              [
                -110.845204,
                32.137359
              ],
              [
                -110.841738,
                32.137321
              ],
              [
                -110.841532,
                32.137268
              ],
              [
                -110.841127,
                32.13726
              ],
              [
                -110.841133,
                32.134197
              ],
              [
                -110.84057,
                32.134168
              ],
              [
                -110.840651,
                32.133572
              ],
              [
                -110.835182,
                32.132931
              ],
              [
                -110.835023,
                32.13249
              ],
              [
                -110.834806,
                32.132056
              ],
              [
                -110.834542,
                32.131648
              ],
              [
                -110.83423,
                32.131265
              ],
              [
                -110.833873,
                32.130911
              ],
              [
                -110.833581,
                32.13067
              ],
              [
                -110.83319,
                32.130397
              ],
              [
                -110.832734,
                32.130138
              ],
              [
                -110.832843,
                32.129836
              ],
              [
                -110.832998,
                32.130073
              ],
              [
                -110.833199,
                32.130283
              ],
              [
                -110.833441,
                32.13046
              ],
              [
                -110.833715,
                32.130599
              ],
              [
                -110.834013,
                32.130694
              ],
              [
                -110.834326,
                32.130745
              ],
              [
                -110.83495,
                32.130753
              ],
              [
                -110.835262,
                32.13073
              ],
              [
                -110.835416,
                32.130702
              ],
              [
                -110.835711,
                32.130612
              ],
              [
                -110.835983,
                32.13048
              ],
              [
                -110.836225,
                32.130311
              ],
              [
                -110.83643,
                32.130109
              ],
              [
                -110.836519,
                32.129993
              ],
              [
                -110.836659,
                32.129744
              ],
              [
                -110.836708,
                32.129613
              ],
              [
                -110.836766,
                32.129341
              ],
              [
                -110.836773,
                32.129203
              ],
              [
                -110.836761,
                32.120686
              ],
              [
                -110.836775,
                32.118021
              ],
              [
                -110.836757,
                32.118011
              ],
              [
                -110.836757,
                32.11798
              ],
              [
                -110.833655,
                32.116232
              ],
              [
                -110.832491,
                32.115545
              ],
              [
                -110.832495,
                32.119175
              ],
              [
                -110.832415,
                32.126489
              ],
              [
                -110.832496,
                32.128905
              ],
              [
                -110.832058,
                32.130079
              ],
              [
                -110.831934,
                32.130077
              ],
              [
                -110.830911,
                32.132787
              ],
              [
                -110.823826,
                32.132776
              ],
              [
                -110.823982,
                32.119153
              ],
              [
                -110.823967,
                32.110776
              ],
              [
                -110.817228,
                32.107102
              ],
              [
                -110.812884,
                32.10469
              ],
              [
                -110.814092,
                32.104692
              ],
              [
                -110.809969,
                32.102317
              ],
              [
                -110.809984,
                32.101052
              ],
              [
                -110.810111,
                32.096342
              ],
              [
                -110.80949,
                32.096328
              ],
              [
                -110.809508,
                32.095562
              ],
              [
                -110.807291,
                32.095561
              ],
              [
                -110.807289,
                32.095686
              ],
              [
                -110.805132,
                32.0957
              ],
              [
                -110.804807,
                32.095387
              ],
              [
                -110.804442,
                32.095353
              ],
              [
                -110.804449,
                32.091308
              ],
              [
                -110.804489,
                32.084568
              ],
              [
                -110.80451,
                32.084284
              ],
              [
                -110.804564,
                32.084025
              ],
              [
                -110.804654,
                32.083765
              ],
              [
                -110.804844,
                32.083032
              ],
              [
                -110.806527,
                32.08105
              ],
              [
                -110.806782,
                32.080618
              ],
              [
                -110.806925,
                32.080204
              ],
              [
                -110.806984,
                32.079815
              ],
              [
                -110.806998,
                32.075613
              ],
              [
                -110.829948,
                32.07578
              ],
              [
                -110.842931,
                32.075774
              ],
              [
                -110.858014,
                32.075675
              ],
              [
                -110.858013,
                32.075326
              ],
              [
                -110.85864,
                32.07001
              ],
              [
                -110.858719,
                32.059349
              ],
              [
                -110.858442,
                32.059348
              ],
              [
                -110.858521,
                32.048727
              ],
              [
                -110.842096,
                32.048677
              ],
              [
                -110.842091,
                32.045078
              ],
              [
                -110.842119,
                32.045078
              ],
              [
                -110.842157,
                32.034156
              ],
              [
                -110.825144,
                32.034194
              ],
              [
                -110.808096,
                32.034112
              ],
              [
                -110.808025,
                32.048602
              ],
              [
                -110.799553,
                32.04864
              ],
              [
                -110.799521,
                32.05584
              ],
              [
                -110.791142,
                32.055785
              ],
              [
                -110.790729,
                32.055849
              ],
              [
                -110.77611,
                32.05572
              ],
              [
                -110.775891,
                32.055733
              ],
              [
                -110.775977,
                32.056042
              ],
              [
                -110.776065,
                32.056655
              ],
              [
                -110.77608,
                32.057062
              ],
              [
                -110.77607,
                32.057406
              ],
              [
                -110.775987,
                32.057874
              ],
              [
                -110.775756,
                32.058643
              ],
              [
                -110.775649,
                32.058901
              ],
              [
                -110.77537,
                32.059454
              ],
              [
                -110.775285,
                32.059608
              ],
              [
                -110.77501,
                32.060001
              ],
              [
                -110.774771,
                32.060328
              ],
              [
                -110.773651,
                32.06161
              ],
              [
                -110.769806,
                32.059068
              ],
              [
                -110.756794,
                32.050633
              ],
              [
                -110.753056,
                32.048314
              ],
              [
                -110.750921,
                32.046927
              ],
              [
                -110.748977,
                32.045687
              ],
              [
                -110.744026,
                32.04239
              ],
              [
                -110.733024,
                32.034981
              ],
              [
                -110.730964,
                32.033826
              ],
              [
                -110.725487,
                32.03386
              ],
              [
                -110.723248,
                32.032398
              ],
              [
                -110.723247,
                32.032353
              ],
              [
                -110.721006,
                32.030715
              ],
              [
                -110.719937,
                32.030408
              ],
              [
                -110.719807,
                32.030325
              ],
              [
                -110.719669,
                32.030285
              ],
              [
                -110.71857,
                32.033675
              ],
              [
                -110.7189,
                32.033674
              ],
              [
                -110.718833,
                32.03388
              ],
              [
                -110.718924,
                32.03388
              ],
              [
                -110.718859,
                32.034108
              ],
              [
                -110.70626,
                32.034089
              ],
              [
                -110.706209,
                32.04011
              ],
              [
                -110.707404,
                32.041074
              ],
              [
                -110.71635,
                32.041084
              ],
              [
                -110.716336,
                32.04111
              ],
              [
                -110.719021,
                32.041493
              ],
              [
                -110.719019,
                32.043315
              ],
              [
                -110.715401,
                32.042813
              ],
              [
                -110.715098,
                32.042692
              ],
              [
                -110.714713,
                32.043386
              ],
              [
                -110.714725,
                32.044048
              ],
              [
                -110.714686,
                32.047327
              ],
              [
                -110.715958,
                32.048344
              ],
              [
                -110.723192,
                32.048342
              ],
              [
                -110.723178,
                32.051787
              ],
              [
                -110.727412,
                32.05182
              ],
              [
                -110.7274,
                32.055427
              ],
              [
                -110.735916,
                32.055497
              ],
              [
                -110.735904,
                32.059071
              ],
              [
                -110.739857,
                32.059037
              ],
              [
                -110.739849,
                32.062718
              ],
              [
                -110.740091,
                32.062718
              ],
              [
                -110.741902,
                32.062919
              ],
              [
                -110.748707,
                32.062939
              ],
              [
                -110.748678,
                32.066461
              ],
              [
                -110.752992,
                32.066514
              ],
              [
                -110.752953,
                32.070119
              ],
              [
                -110.75677,
                32.070159
              ],
              [
                -110.756766,
                32.07221
              ],
              [
                -110.759403,
                32.073734
              ],
              [
                -110.764701,
                32.073787
              ],
              [
                -110.764646,
                32.070117
              ],
              [
                -110.763172,
                32.070091
              ],
              [
                -110.763121,
                32.066472
              ],
              [
                -110.765312,
                32.066505
              ],
              [
                -110.76529,
                32.070128
              ],
              [
                -110.765345,
                32.073794
              ],
              [
                -110.772998,
                32.07387
              ],
              [
                -110.773024,
                32.075644
              ],
              [
                -110.77299,
                32.082701
              ],
              [
                -110.768474,
                32.082706
              ],
              [
                -110.768478,
                32.079467
              ],
              [
                -110.764197,
                32.077054
              ],
              [
                -110.764214,
                32.075541
              ],
              [
                -110.760034,
                32.075554
              ],
              [
                -110.759668,
                32.075551
              ],
              [
                -110.759521,
                32.075471
              ],
              [
                -110.756638,
                32.075478
              ],
              [
                -110.748642,
                32.075437
              ],
              [
                -110.748648,
                32.073587
              ],
              [
                -110.744376,
                32.073585
              ],
              [
                -110.744368,
                32.075417
              ],
              [
                -110.740027,
                32.075397
              ],
              [
                -110.740055,
                32.069936
              ],
              [
                -110.735826,
                32.069906
              ],
              [
                -110.735838,
                32.066353
              ],
              [
                -110.731645,
                32.066345
              ],
              [
                -110.731646,
                32.062743
              ],
              [
                -110.723132,
                32.062734
              ],
              [
                -110.723108,
                32.06284
              ],
              [
                -110.722784,
                32.062285
              ],
              [
                -110.721494,
                32.062727
              ],
              [
                -110.72117,
                32.062813
              ],
              [
                -110.72084,
                32.062871
              ],
              [
                -110.720393,
                32.062905
              ],
              [
                -110.717833,
                32.06288
              ],
              [
                -110.717571,
                32.062869
              ],
              [
                -110.717243,
                32.062829
              ],
              [
                -110.715864,
                32.062539
              ],
              [
                -110.715554,
                32.062494
              ],
              [
                -110.715286,
                32.062478
              ],
              [
                -110.718882,
                32.07036
              ],
              [
                -110.718903,
                32.075312
              ],
              [
                -110.721538,
                32.075332
              ],
              [
                -110.721442,
                32.097047
              ],
              [
                -110.730037,
                32.097134
              ],
              [
                -110.729966,
                32.104305
              ],
              [
                -110.729956,
                32.107937
              ],
              [
                -110.734201,
                32.107958
              ],
              [
                -110.734083,
                32.118981
              ],
              [
                -110.738657,
                32.119045
              ],
              [
                -110.738619,
                32.126212
              ],
              [
                -110.742845,
                32.126257
              ],
              [
                -110.742839,
                32.126676
              ],
              [
                -110.744886,
                32.12589
              ],
              [
                -110.744836,
                32.125819
              ],
              [
                -110.745328,
                32.125562
              ],
              [
                -110.745794,
                32.125239
              ],
              [
                -110.745865,
                32.125297
              ],
              [
                -110.746109,
                32.125088
              ],
              [
                -110.746341,
                32.124857
              ],
              [
                -110.746538,
                32.124629
              ],
              [
                -110.746725,
                32.124374
              ],
              [
                -110.74796,
                32.122484
              ],
              [
                -110.747862,
                32.122436
              ],
              [
                -110.748646,
                32.121235
              ],
              [
                -110.748745,
                32.121282
              ],
              [
                -110.748912,
                32.121028
              ],
              [
                -110.749099,
                32.120784
              ],
              [
                -110.749303,
                32.120552
              ],
              [
                -110.749596,
                32.120267
              ],
              [
                -110.750037,
                32.119917
              ],
              [
                -110.750081,
                32.119863
              ],
              [
                -110.750105,
                32.119784
              ],
              [
                -110.750081,
                32.119683
              ],
              [
                -110.750037,
                32.119629
              ],
              [
                -110.749914,
                32.119542
              ],
              [
                -110.749774,
                32.119463
              ],
              [
                -110.749568,
                32.119379
              ],
              [
                -110.749356,
                32.119323
              ],
              [
                -110.74919,
                32.119298
              ],
              [
                -110.749175,
                32.118897
              ],
              [
                -110.755593,
                32.118955
              ],
              [
                -110.7697,
                32.118807
              ],
              [
                -110.772357,
                32.118794
              ],
              [
                -110.772359,
                32.119
              ],
              [
                -110.772278,
                32.119004
              ],
              [
                -110.77228,
                32.119206
              ],
              [
                -110.755537,
                32.119367
              ],
              [
                -110.753135,
                32.119341
              ],
              [
                -110.752902,
                32.119352
              ],
              [
                -110.752287,
                32.119431
              ],
              [
                -110.752301,
                32.119484
              ],
              [
                -110.751714,
                32.11963
              ],
              [
                -110.751256,
                32.119798
              ],
              [
                -110.75096,
                32.119935
              ],
              [
                -110.750624,
                32.120123
              ],
              [
                -110.750652,
                32.120156
              ],
              [
                -110.750128,
                32.120532
              ],
              [
                -110.749851,
                32.120785
              ],
              [
                -110.749476,
                32.12122
              ],
              [
                -110.749268,
                32.121528
              ],
              [
                -110.749381,
                32.121582
              ],
              [
                -110.748596,
                32.122783
              ],
              [
                -110.748483,
                32.122729
              ],
              [
                -110.747128,
                32.12479
              ],
              [
                -110.746892,
                32.125081
              ],
              [
                -110.746586,
                32.125398
              ],
              [
                -110.746294,
                32.125651
              ],
              [
                -110.746015,
                32.125859
              ],
              [
                -110.746067,
                32.125913
              ],
              [
                -110.74571,
                32.12614
              ],
              [
                -110.745421,
                32.126296
              ],
              [
                -110.745096,
                32.126447
              ],
              [
                -110.744748,
                32.126585
              ],
              [
                -110.744693,
                32.126485
              ],
              [
                -110.743955,
                32.126765
              ],
              [
                -110.743929,
                32.126714
              ],
              [
                -110.742831,
                32.12713
              ],
              [
                -110.742784,
                32.129802
              ],
              [
                -110.746869,
                32.129821
              ],
              [
                -110.746891,
                32.133611
              ],
              [
                -110.746841,
                32.133611
              ],
              [
                -110.746849,
                32.137745
              ],
              [
                -110.746898,
                32.144539
              ],
              [
                -110.742645,
                32.144534
              ],
              [
                -110.742624,
                32.146347
              ],
              [
                -110.744712,
                32.148223
              ],
              [
                -110.747877,
                32.148218
              ],
              [
                -110.747834,
                32.151849
              ],
              [
                -110.738276,
                32.151881
              ],
              [
                -110.738295,
                32.15156
              ],
              [
                -110.734162,
                32.151511
              ],
              [
                -110.734228,
                32.151773
              ],
              [
                -110.734555,
                32.152548
              ],
              [
                -110.738231,
                32.152625
              ],
              [
                -110.73806,
                32.155536
              ],
              [
                -110.75093,
                32.155466
              ],
              [
                -110.750912,
                32.156855
              ],
              [
                -110.755028,
                32.156863
              ],
              [
                -110.755024,
                32.162783
              ],
              [
                -110.746509,
                32.162767
              ],
              [
                -110.746529,
                32.167158
              ],
              [
                -110.748666,
                32.167151
              ],
              [
                -110.74867,
                32.168071
              ],
              [
                -110.750811,
                32.168066
              ],
              [
                -110.750823,
                32.169945
              ],
              [
                -110.755712,
                32.169948
              ],
              [
                -110.755668,
                32.177008
              ],
              [
                -110.758588,
                32.177011
              ],
              [
                -110.758588,
                32.177134
              ],
              [
                -110.761583,
                32.177143
              ],
              [
                -110.761586,
                32.177011
              ],
              [
                -110.764186,
                32.177016
              ],
              [
                -110.764186,
                32.177138
              ],
              [
                -110.768445,
                32.177186
              ],
              [
                -110.76973,
                32.177141
              ],
              [
                -110.772954,
                32.177142
              ],
              [
                -110.772932,
                32.188182
              ],
              [
                -110.769466,
                32.188146
              ],
              [
                -110.769444,
                32.191766
              ],
              [
                -110.768405,
                32.191764
              ],
              [
                -110.768406,
                32.191681
              ],
              [
                -110.767389,
                32.19168
              ],
              [
                -110.767393,
                32.191762
              ],
              [
                -110.764252,
                32.191757
              ],
              [
                -110.764026,
                32.191615
              ],
              [
                -110.763367,
                32.19131
              ],
              [
                -110.763086,
                32.191199
              ],
              [
                -110.762948,
                32.191165
              ],
              [
                -110.762706,
                32.19114
              ],
              [
                -110.762341,
                32.191154
              ],
              [
                -110.762102,
                32.191198
              ],
              [
                -110.761929,
                32.191249
              ],
              [
                -110.761709,
                32.19134
              ],
              [
                -110.761293,
                32.191545
              ],
              [
                -110.76108,
                32.191622
              ],
              [
                -110.760859,
                32.19168
              ],
              [
                -110.76048,
                32.191731
              ],
              [
                -110.759513,
                32.191753
              ],
              [
                -110.759183,
                32.191784
              ],
              [
                -110.758856,
                32.191844
              ],
              [
                -110.758423,
                32.191972
              ],
              [
                -110.758031,
                32.192141
              ],
              [
                -110.757658,
                32.192361
              ],
              [
                -110.75732,
                32.192626
              ],
              [
                -110.756746,
                32.193154
              ],
              [
                -110.756511,
                32.193323
              ],
              [
                -110.756184,
                32.193494
              ],
              [
                -110.755754,
                32.193634
              ],
              [
                -110.755763,
                32.202708
              ],
              [
                -110.755575,
                32.202708
              ],
              [
                -110.755574,
                32.206306
              ],
              [
                -110.755671,
                32.206305
              ],
              [
                -110.755671,
                32.206316
              ]
            ]
          ],
          [
            [
              [
                -110.857962,
                32.141343
              ],
              [
                -110.857936,
                32.134079
              ],
              [
                -110.857995,
                32.121692
              ],
              [
                -110.857964,
                32.119943
              ],
              [
                -110.857951,
                32.114654
              ],
              [
                -110.853637,
                32.111971
              ],
              [
                -110.852747,
                32.111387
              ],
              [
                -110.848078,
                32.108481
              ],
              [
                -110.845822,
                32.107044
              ],
              [
                -110.842087,
                32.104716
              ],
              [
                -110.841033,
                32.104685
              ],
              [
                -110.838821,
                32.104689
              ],
              [
                -110.838711,
                32.104624
              ],
              [
                -110.838299,
                32.104337
              ],
              [
                -110.838022,
                32.104091
              ],
              [
                -110.837854,
                32.103914
              ],
              [
                -110.837563,
                32.103534
              ],
              [
                -110.836458,
                32.101864
              ],
              [
                -110.836112,
                32.101466
              ],
              [
                -110.835937,
                32.1013
              ],
              [
                -110.83566,
                32.101074
              ],
              [
                -110.823937,
                32.093712
              ],
              [
                -110.823937,
                32.093611
              ],
              [
                -110.823782,
                32.093512
              ],
              [
                -110.823764,
                32.10471
              ],
              [
                -110.823741,
                32.106619
              ],
              [
                -110.839473,
                32.115414
              ],
              [
                -110.839472,
                32.118841
              ],
              [
                -110.841482,
                32.119969
              ],
              [
                -110.841418,
                32.120593
              ],
              [
                -110.836825,
                32.118018
              ],
              [
                -110.836838,
                32.129203
              ],
              [
                -110.836824,
                32.129399
              ],
              [
                -110.836796,
                32.12954
              ],
              [
                -110.836738,
                32.129719
              ],
              [
                -110.836662,
                32.12988
              ],
              [
                -110.836555,
                32.130048
              ],
              [
                -110.836386,
                32.130245
              ],
              [
                -110.836267,
                32.130353
              ],
              [
                -110.835996,
                32.130539
              ],
              [
                -110.835659,
                32.130691
              ],
              [
                -110.835256,
                32.130787
              ],
              [
                -110.83495,
                32.130808
              ],
              [
                -110.834485,
                32.130807
              ],
              [
                -110.834179,
                32.130783
              ],
              [
                -110.834028,
                32.130755
              ],
              [
                -110.833738,
                32.130669
              ],
              [
                -110.833601,
                32.130611
              ],
              [
                -110.833903,
                32.130858
              ],
              [
                -110.834148,
                32.13109
              ],
              [
                -110.834374,
                32.131337
              ],
              [
                -110.83458,
                32.131596
              ],
              [
                -110.834765,
                32.131866
              ],
              [
                -110.835001,
                32.132289
              ],
              [
                -110.835129,
                32.132582
              ],
              [
                -110.835234,
                32.132882
              ],
              [
                -110.841154,
                32.133575
              ],
              [
                -110.841131,
                32.133733
              ],
              [
                -110.849577,
                32.133966
              ],
              [
                -110.849558,
                32.135776
              ],
              [
                -110.849561,
                32.137579
              ],
              [
                -110.853821,
                32.137677
              ],
              [
                -110.853815,
                32.141269
              ],
              [
                -110.857962,
                32.141343
              ]
            ]
          ]
        ]
      }
    }
  ]
}
